
{
 "id":1068,
 "title":"Medullary sponge kidney",
 "views":
 [

  {
   "id":"root",
   "type":"table",
   "sections":
   [

    {
     "cells":
     [

      {
       "target":"highlights",
       "title":"Highlights & Basics",
       "type":"flex0"}      ]},

    {
     "cells":
     [

      {
       "target":"tx_options",
       "title":"Treatment Options",
       "type":"flex0"},

      {
       "target":"tx_approach",
       "title":"Treatment Approach",
       "type":"flex0"},

      {
       "target":"hxexam",
       "title":"History & Exam",
       "type":"flex0"},

      {
       "target":"tests",
       "title":"Tests",
       "type":"flex0"},

      {
       "target":"differentials",
       "title":"Differential Diagnosis",
       "type":"flex0"},

      {
       "target":"diag_approach",
       "title":"Diagnostic Approach",
       "type":"flex0"},

      {
       "target":"followup",
       "title":"Follow-up",
       "type":"flex0"},

      {
       "target":"complications",
       "title":"Complications",
       "type":"flex0"},

      {
       "target":"guidelines",
       "title":"Society Guidelines",
       "type":"flex0"}      ]}    ]},

  {
   "id":"highlights",
   "title":"Medullary sponge kidney",
   "html":"<div class=\"cell\"><div class=\"cellBlock\"><div class=\"cellTitle\">Key Highlights</div><div class=\"cellBody\"><ul><li>Rare, developmental abnormality characterized by ectatic (dilatory) or cystic malformations in the medullary collecting ducts of the kidney resulting in medullary cysts.</li><li>Most patients are asymptomatic and the condition may be diagnosed based on incidental findings following radiologic investigation for other reasons.</li><li>May be present in 3% to 25% of patients with renal stones.</li><li>May present with flank pain, recurrent urinary tract infections (UTIs), hematuria (gross and microscopic), nephrolithiasis, and nephrocalcinosis.</li><li>No specific treatment, and for many patients the condition is normally benign. For patients with symptoms, treatment focuses on treating UTI, removing kidney stones, and preventing recurrent infections and stones.</li></ul></div><div class=\"cellTitle\">Definition</div><div class=\"cellBody\"><P>Medullary sponge kidney (MSK) is a rare, developmental abnormality that can occur in 1 or both kidneys, characterized by ectatic or cystic malformations in the medullary collecting ducts. The medullary cysts can range from 1 to 7 mm in diameter. Their presence gives the medulla a sponge-like appearance. Most patients are asymptomatic.</P></div><div class=\"cellTitle\">Classification</div><div class=\"cellBody\"><h3>Radiologic guide to classification<a href=\"epoc://current?article=1\">[1]</a> </h3><P>There is no formal classification system for medullary sponge kidney (MSK), but it can be classified by radiologic findings.</P><ul><li>Group I: patients with MSK on urogram but stone-free</li><li>Group II: patients with nephrocalcinosis (small calcium deposits in the kidneys), urinary infections, and hematuria</li><li>Group III: patients with nephrolithiasis (renal stones).</li></ul><h3>Grading system based on intravenous urography findings<a href=\"epoc://current?article=2\">[2]</a> </h3><P>The following criteria for classification have been proposed, but they are not generally used:</P><ul><li>Grade 1: unilateral involvement of 1 renal papilla (location where medullary collecting ducts converge)</li><li>Grade 2: bilateral involvement of only 1 papilla in each kidney</li><li>Grade 3: unilateral involvement of more than 1 papilla</li><li>Grade 4: bilateral involvement of at least 1 papilla.</li></ul></div><div class=\"cellTitle\">Epidemiology</div><div class=\"cellBody\"><P>The exact prevalence of medullary sponge kidney (MSK) in the general population is unknown. Most patients remain asymptomatic, and the condition can be an incidental finding on radiologic investigations for other reasons. One study estimated the prevalence to be 5/100,000 population.<a href=\"epoc://current?article=14\">[14]</a> In patients examined with intravenous urography (IVU), the prevalence was estimated to be about 0.5% to 1%.<a href=\"epoc://current?article=15\">[15]</a> Other studies have estimated the prevalence to be about 3% to 5% in patients with recurrent calcium nephrolithiasis and 20% to 25% in patients who are calcium stone formers.<a href=\"epoc://current?article=16\">[16]</a> <a href=\"epoc://current?article=17\">[17]</a> <a href=\"epoc://current?article=18\">[18]</a> <a href=\"epoc://current?article=19\">[19]</a> </P><P>Some studies have suggested MSK is more common in women, whereas others have found no difference between the genders.<a href=\"epoc://current?article=17\">[17]</a> While it is a developmental disorder, it is often not diagnosed until the third decade of life.<a href=\"epoc://current?article=2\">[2]</a> The disease most often presents in the 30- to 50-year age group. Epidemiologic studies have not shown any evidence that the prevalence is higher in certain ethnic or racial groups.</P><P>The differences in estimated prevalences are thought to be due to differences in the interpretation of radiologic findings and the characteristics of the populations studied. Furthermore, noncontrast computed tomography (CT) scan has replaced IVU as the diagnostic standard for renal stones, and this will probably lead to a decrease in the detection rate of MSK in the future.</P></div><div class=\"cellTitle\">Etiology</div><div class=\"cellBody\"><P>The pathogenesis of medullary sponge kidney (MSK) is unknown. MSK may occur with other congenital defects such as hemihypertrophy (enlargement of one side of the body), Beckwith-Wiedemann syndrome (congenital disease), Caroli disease (fibropolycystic liver disease), congenital hepatic fibrosis, autosomal dominant polycystic kidney disease, and Ehlers-Danlos syndrome (connective tissue disorder).<a href=\"epoc://current?article=3\">[3]</a> <a href=\"epoc://current?article=4\">[4]</a> <a href=\"epoc://current?article=8\">[8]</a> <a href=\"epoc://current?article=9\">[9]</a> <a href=\"epoc://current?article=10\">[10]</a> In addition, Wilms tumor (chromosome 11p13) has been described in patients with both MSK and hemihypertrophy, and with both MSK and Beckwith-Wiedemann syndrome (chromosome 11p15).</P><P>The association with multiple other congenital disorders suggests that MSK is a developmental disorder of renal embryogenesis.<a href=\"epoc://current?article=20\">[20]</a> MSK may be caused by a disruption of the ureteric-bud/metanephric-blastema interface. One study demonstrated that 8 of 55 MSK patients, analyzed by direct DNA sequencing, had alleles containing variant sequences in the gene for glial cell-derived neurotrophic factor (GDNF).<a href=\"epoc://current?article=21\">[21]</a> Two mutations occurred in the 8 patients in a putative binding domain for a transcription factor. A case-control study showed that the alleles were associated with MSK. GDNF is the ligand for RET, a proto-oncogene. Both RET and GDNF are critical in renal development, required for ureter and collecting-duct formation and for normal nephrogenesis, morphogenesis, and kidney growth. The RET-GDNF complex therefore appears to be a plausible cause of MSK.<a href=\"epoc://current?article=22\">[22]</a> Mutations in RET have not been sought, but not found, in MSK. The same investigators also studied renal papillary cells of a patient with MSK who was heterozygous for a GDNF gene mutation.<a href=\"epoc://current?article=23\">[23]</a> Calcium phosphate deposits formed in only the MSK cultures and not in cells from healthy control patients. The MSK cells expressed osteocalcin and osteonectin, suggesting an osteoblast-like phenotype. Compared with control cells, GDNF was down-regulated in the MSK cells. Knocking down GDNF-expression in another kidney cell line also promoted calcium phosphate deposition when cells were incubated with calcifying medium.</P><P>In one study of MSK patients and family members, an autosomal-dominant pattern of inheritance was demonstrated in 27 of 50 MSK patients. In those 27, 73% (59 out of 81) of their first- and second-degree relatives (of both sexes) were diagnosed with MSK. The diagnosis in relatives was made by intravenous urography in 40, ultrasound in 14, and inferred in 5 deceased patients by a history of multiple calculi.<a href=\"epoc://current?article=24\">[24]</a> Affected relatives seem to have milder forms of MSK by biochemical profiles. In some, there may be mutations of the RET oncogene, which is important for normal kidney development. This gene may also play a role in parathyroid cell proliferation and development of the liver excretory system.<a href=\"epoc://current?article=4\">[4]</a> <a href=\"epoc://current?article=7\">[7]</a> </P><P>Distal renal tubular acidosis has been found in several studies of MSK patients.<a href=\"epoc://current?article=25\">[25]</a> <a href=\"epoc://current?article=26\">[26]</a> <a href=\"epoc://current?article=27\">[27]</a> Two cases with renal tubular acidosis associated with mutations in H+ -ATPase genes have been reported.<a href=\"epoc://current?article=28\">[28]</a> However, some studies have not found overt distal renal tubular acidosis in any of their MSK patients.<a href=\"epoc://current?article=29\">[29]</a> Distal renal tubular acidosis and hypocitraturia may contribute to stone formation.<a href=\"epoc://current?article=25\">[25]</a> <a href=\"epoc://current?article=29\">[29]</a> Distal renal tubular acidosis leads to low urine citrate (an inhibitor of calcium crystallization) and an alkaline urine pH, both of which favor calcium phosphate stone formation. In addition to tubular abnormalities, there may be mild defects in urinary concentration.<a href=\"epoc://current?article=25\">[25]</a> <a href=\"epoc://current?article=30\">[30]</a> Hyperparathyroidism in some MSK patients was once thought to cause renal stones. However, nephrolithiasis has been shown to occur before hyperparathyroidism.<a href=\"epoc://current?article=5\">[5]</a> <a href=\"epoc://current?article=6\">[6]</a> <a href=\"epoc://current?article=7\">[7]</a> </P></div><div class=\"cellTitle\">Authors / Peer Reviewers</div><div class=\"cellBody\"><ul><li>Michael J. Choi, MD</li><li>David S. Goldfarb, MD</li><li>Khashayar Sakhaee, MD</li><li>Eric N. Taylor, MD, MSc</li></ul></div><br><b class=\"last-updated display-none\">Last Updated: 2018-11-30</b><div style=\"display: none\" class=\"last-updated\"><div class=\"last-updated-label\">Last Updated</div><div class=\"last-updated-date\">2018-11-30</div></div></div></div>",
   "type":"web"},

  {
   "id":"tx_options",
   "sections":
   [

    {
     "headerText":"Acute",
     "cells":
     [

      {
       "target":"tx-0",
       "title":"with urinary tract infection (UTI)",
       "type":"flex0"},

      {
       "target":"tx-1",
       "title":"with nephrolithiasis",
       "type":"flex0"}      ]}    ],
   "type":"table"},

  {
   "id":"tx_approach",
   "title":"Medullary sponge kidney",
   "html":"<div class=\"cell\"><div class=\"cellBlock\"><div class=\"cellBody\"><P>There is no specific treatment for medullary sponge kidney (MSK). Many patients have no symptoms, and the condition is normally benign. For patients with symptoms, treatment of MSK focuses on treating urinary tract infection (UTI), removing kidney stones, and preventing recurrent infections and stones. Hematuria is usually secondary to UTIs or stones, and the underlying causes should be investigated and treated.</P></div><div class=\"cellTitle\">With UTI</div><div class=\"cellBody\"><P>These patients require a routine course of antibiotics. Quinolones are typically the first-line choice. However, trimethoprim/sulfamethoxazole may be used first-line in patients without evidence of complicated UTI and with consideration to local resistance patterns.</P><P>The recommended treatment duration is 14 days. However, patients with uncomplicated UTI may require only a 7-day course of antibiotics. If asymptomatic nonobstructing stones are present, stone removal may be associated with more successful eradication of infection.</P></div><div class=\"cellTitle\">With nephrolithiasis (renal stones)</div><div class=\"cellBody\"><P>Patients presenting with renal colic, renal stones, and MSK are managed in the same way as those without MSK.<a href=\"epoc://current?article=42\">[42]</a> The urologic management of obstructing stones is not reviewed here. As endo-urologic practice evolves, the use of ureteroscopy and percutaneous nephrostolithotomy is supplanting extracorporeal shock wave lithotripsy.<a href=\"epoc://current?article=43\">[43]</a> </P><P>Prevention of recurrent stones may not be possible with the anatomic abnormality of MSK. However, risk factors identified through 24-hour urine stone risk profiles may be used to direct diet modification and medication.<a href=\"epoc://current?article=39\">[39]</a> <a href=\"epoc://current?article=44\">[44]</a> <a href=\"epoc://current?article=45\">[45]</a> <a href=\"epoc://current?article=46\">[46]</a> <a href=\"epoc://current?article=47\">[47]</a> One retrospective study showed potassium citrate not only increased urine citrate but decreased hypercalciuria in patients with metabolic stone risk factors, but the mechanisms were unclear.<a href=\"epoc://current?article=47\">[47]</a> </P><P>Fluid intake should be increased to more than 2 L/day to keep urine output high and reduce risk of both renal stones and UTI.<a href=\"epoc://current?article=48\">[48]</a> Thiazide diuretics may be used in patients with evidence of nephrocalcinosis to reduce hypercalciuria and stone formation.<a href=\"epoc://current?article=49\">[49]</a> <a href=\"epoc://current?article=50\">[50]</a> </P><P>If there is an infected stone, a long course of antibiotics is necessary with stone removal.</P></div></div></div>",
   "type":"web"},

  {
   "id":"hxexam_details",
   "sections":
   [

    {
     "type":"table",
     "headerText":"Strong",
     "cells":
     [

      {
       "title":"hemihypertrophy",
       "type":"flex0",
       "targetHTML":"<div class=\"cell\"><div class=\"cellBlock\"><div class=\"cellBody\"><P>Medullary sponge kidney (MSK) may occur with congenital defects such as hemihypertrophy (enlargement of one side of the body).</P></div></div></div>"},

      {
       "title":"Beckwith-Wiedemann syndrome",
       "type":"flex0",
       "targetHTML":"<div class=\"cell\"><div class=\"cellBlock\"><div class=\"cellBody\"><P>MSK may occur with other congenital defects such as Beckwith-Wiedemann syndrome (congenital overgrowth).</P></div></div></div>"},

      {
       "title":"Caroli disease",
       "type":"flex0",
       "targetHTML":"<div class=\"cell\"><div class=\"cellBlock\"><div class=\"cellBody\"><P>MSK may occur with other congenital defects such as Caroli disease (fibropolycystic liver disease).</P></div></div></div>"},

      {
       "title":"congenital hepatic fibrosis",
       "type":"flex0",
       "targetHTML":"<div class=\"cell\"><div class=\"cellBlock\"><div class=\"cellBody\"><P>MSK may occur with other congenital defects such as congenital hepatic fibrosis.</P></div></div></div>"},

      {
       "title":"Ehlers-Danlos syndrome",
       "type":"flex0",
       "targetHTML":"<div class=\"cell\"><div class=\"cellBlock\"><div class=\"cellBody\"><P>MSK may occur with other congenital defects such as Ehlers-Danlos syndrome (connective tissue disorder).</P></div></div></div>"},

      {
       "title":"family history of polycystic kidney disease",
       "type":"flex0",
       "targetHTML":"<div class=\"cell\"><div class=\"cellBlock\"><div class=\"cellBody\"><P>MSK may occur with other congenital defects such as autosomal dominant polycystic kidney disease.</P></div></div></div>"},

      {
       "title":"chronic kidney disease",
       "type":"flex0",
       "targetHTML":"<div class=\"cell\"><div class=\"cellBlock\"><div class=\"cellBody\"><P>MSK may occur with kidney disease thought to be due to recurrent and/or infected stones.</P></div></div></div>"}      ]},

    {
     "type":"table",
     "headerText":"Weak",
     "cells":
     [

      {
       "title":"hypercalciuria",
       "type":"flex0",
       "targetHTML":"<div class=\"cell\"><div class=\"cellBlock\"><div class=\"cellBody\"><P>Some studies have found hypercalciuria in most MSK patients,<a href=\"epoc://current?article=32\">[32]</a> whereas others have found it in a few.<a href=\"epoc://current?article=29\">[29]</a> Other studies found similar frequencies of hypercalciuria in stone formers with and without MSK.<a href=\"epoc://current?article=17\">[17]</a><a href=\"epoc://current?article=19\">[19]</a><a href=\"epoc://current?article=33\">[33]</a></P></div></div></div>"},

      {
       "title":"female gender",
       "type":"flex0",
       "targetHTML":"<div class=\"cell\"><div class=\"cellBlock\"><div class=\"cellBody\"><P>Some studies have suggested MSK is more common in women, whereas others have found no difference between the genders.<a href=\"epoc://current?article=17\">[17]</a></P></div></div></div>"},

      {
       "title":"hyperparathyroidism",
       "type":"flex0",
       "targetHTML":"<div class=\"cell\"><div class=\"cellBlock\"><div class=\"cellBody\"><P>MSK may be associated with primary hyperparathyroidism.<a href=\"epoc://current?article=5\">[5]</a><a href=\"epoc://current?article=6\">[6]</a><a href=\"epoc://current?article=7\">[7]</a><a href=\"epoc://current?article=8\">[8]</a><a href=\"epoc://current?article=9\">[9]</a><a href=\"epoc://current?article=10\">[10]</a> However, the hyperparathyroidism seems to follow MSK.</P></div></div></div>"}      ]}    ],
   "type":"table"},

  {
   "id":"p-hxexam_factor-other_0",
   "title":"Medullary sponge kidney",
   "html":"<html><div class=\"cell\"><div class=\"cellBlock\"><div class=\"cellBody\"><P>Reported incidence of medullary sponge kidney (MSK) in recurrent stone formers is variable, ranging from 3% to 20%.<a href=\"epoc://current?article=39\">[39]</a> </P></div></div></div></html>",
   "type":"web"},

  {
   "id":"p-hxexam_factor-other_1",
   "title":"Medullary sponge kidney",
   "html":"<html><div class=\"cell\"><div class=\"cellBlock\"><div class=\"cellBody\"><P>Patients may present with flank pain from nephrolithiasis or pyelonephritis due to infected stones. Some patients have chronic severe pain.</P></div></div></div></html>",
   "type":"web"},

  {
   "id":"p-hxexam_factor-other_2",
   "title":"Medullary sponge kidney",
   "html":"<html><div class=\"cell\"><div class=\"cellBlock\"><div class=\"cellBody\"><P>Microscopic or gross hematuria is commonly found.</P><P>May be due to nephrolithiasis or infection.</P></div></div></div></html>",
   "type":"web"},

  {
   "id":"p-hxexam_factor-other_3",
   "title":"Medullary sponge kidney",
   "html":"<html><div class=\"cell\"><div class=\"cellBlock\"><div class=\"cellBody\"><P>May be due to nephrolithiasis or pyelonephritis.</P></div></div></div></html>",
   "type":"web"},

  {
   "id":"p-hxexam_factor-other_4",
   "title":"Medullary sponge kidney",
   "html":"<html><div class=\"cell\"><div class=\"cellBlock\"><div class=\"cellBody\"><P>Patients with MSK often have history of recurrent urinary tract infections (UTIs).</P><P>May present with symptoms of UTI such as painful urination.</P></div></div></div></html>",
   "type":"web"},

  {
   "id":"p-hxexam_factor-other_5",
   "title":"Medullary sponge kidney",
   "html":"<html><div class=\"cell\"><div class=\"cellBlock\"><div class=\"cellBody\"><P>Patients with MSK often have history of recurrent UTIs.</P><P>May present with symptoms of UTI such as urinary urgency.</P></div></div></div></html>",
   "type":"web"},

  {
   "id":"p-hxexam_factor-other_6",
   "title":"Medullary sponge kidney",
   "html":"<html><div class=\"cell\"><div class=\"cellBlock\"><div class=\"cellBody\"><P>Patients with MSK often have history of recurrent UTIs.</P><P>May present with symptoms of UTI such as increased frequency of urination.</P></div></div></div></html>",
   "type":"web"},

  {
   "id":"p-hxexam_factor-other_7",
   "title":"Medullary sponge kidney",
   "html":"<html><div class=\"cell\"><div class=\"cellBlock\"><div class=\"cellBody\"><P>As stones pass through the ureter, pain may radiate toward the groin.</P></div></div></div></html>",
   "type":"web"},

  {
   "id":"hxexam",
   "sections":
   [

    {
     "headerText":"Risk Factors",
     "cells":
     [

      {
       "target":"hxexam_details",
       "title":"Details",
       "type":"flex0"}      ]},

    {
     "dividerType":"divider0",
     "headers":
     [

      {
       "title":"Other Diagnostic Factors"},

      {
       "title":"common",
       "type":"header1"}      ],
     "cells":
     [

      {
       "title":"previous nephrolithiasis",
       "target":"p-hxexam_factor-other_0",
       "type":"flex0"},

      {
       "title":"flank pain",
       "target":"p-hxexam_factor-other_1",
       "type":"flex0"},

      {
       "title":"hematuria",
       "target":"p-hxexam_factor-other_2",
       "type":"flex0"},

      {
       "title":"costovertebral angle tenderness",
       "target":"p-hxexam_factor-other_3",
       "type":"flex0"},

      {
       "title":"dysuria ",
       "target":"p-hxexam_factor-other_4",
       "type":"flex0"},

      {
       "title":"urinary urgency",
       "target":"p-hxexam_factor-other_5",
       "type":"flex0"},

      {
       "title":"increased frequency of urination",
       "target":"p-hxexam_factor-other_6",
       "type":"flex0"}      ]},

    {
     "headers":
     [

      {
       "title":"uncommon",
       "type":"header1"}      ],
     "cells":
     [

      {
       "title":"groin pain",
       "target":"p-hxexam_factor-other_7",
       "type":"flex0"}      ]}    ],
   "type":"table"},

  {
   "id":"p-test-t_0",
   "title":"urinalysis",
   "html":"<html><div class=\"cell\"><div class=\"cellBlock\"><div class=\"cellTitle\">Result</div><div class=\"cellBody\">may be normal; dipstick positive for leukocytes, nitrates, blood; microscopic analysis positive for WBCs, RBCs, or bacteria; alkaline pH</div><div class=\"cellTitle\">Test Details</div><div class=\"cellBody\"><li>Microscopic hematuria may be seen.</li><li>Pyuria is seen with urinary tract infection (UTI).</li><li>Urine pH may be alkaline with distal renal tubular acidosis (dRTA) or struvite stones (magnesium ammonium phosphate) associated with UTI.</li><li>Urine pH ≥6.3 and a normal anion gap metabolic acidosis is diagnostic for distal renal tubular acidosis.</li></div></div></div></html>",
   "type":"web"},

  {
   "id":"p-test-t_1",
   "title":"urine culture",
   "html":"<html><div class=\"cell\"><div class=\"cellBlock\"><div class=\"cellTitle\">Result</div><div class=\"cellBody\">positive or may be sterile</div><div class=\"cellTitle\">Test Details</div><div class=\"cellBody\"><li>Properly collected clean-catch urine specimens can be cultured to identify causative agent and determine microbial sensitivity.</li><li>Specificity and sensitivity is high.</li></div></div></div></html>",
   "type":"web"},

  {
   "id":"p-test-t_2",
   "title":"BUN and creatinine",
   "html":"<html><div class=\"cell\"><div class=\"cellBlock\"><div class=\"cellTitle\">Result</div><div class=\"cellBody\">elevated if estimated glomerular filtration rate is reduced</div><div class=\"cellTitle\">Test Details</div><div class=\"cellBody\"><li>Patients may rarely have elevated BUN and serum creatinine from obstructive stones or recurrent pyelonephritis.</li></div></div></div></html>",
   "type":"web"},

  {
   "id":"p-test-t_3",
   "title":"serum electrolytes",
   "html":"<html><div class=\"cell\"><div class=\"cellBlock\"><div class=\"cellTitle\">Result</div><div class=\"cellBody\">may be normal or abnormal</div><div class=\"cellTitle\">Test Details</div><div class=\"cellBody\"><li>Including calcium, chloride, potassium, phosphate, magnesium, phosphorus, and uric acid.</li></div></div></div></html>",
   "type":"web"},

  {
   "id":"p-test-t_4",
   "title":"abdominal radiography",
   "html":"<html><div class=\"cell\"><div class=\"cellBlock\"><div class=\"cellTitle\">Result</div><div class=\"cellBody\">medullary calcification may be present or absent</div><div class=\"cellTitle\">Test Details</div><div class=\"cellBody\"><li>May be ordered for nonspecific abdominal pain.</li><li>Less sensitive and less specific than intravenous urography (IVU), but is inexpensive and fast and requires less radiation. In a patient known to have previous radiopaque stones seen on plain radiograph, it is a diagnostic test of good predictive value.</li><li>May show nephrocalcinosis in ≥1 papillae; also, renal stones may be observed in the calyces, pelvis, or ureter.<a href=\"epoc://current?article=2\">[2]</a> </li></div></div></div></html>",
   "type":"web"},

  {
   "id":"p-test-t_5",
   "title":"renal ultrasound",
   "html":"<html><div class=\"cell\"><div class=\"cellBlock\"><div class=\"cellTitle\">Result</div><div class=\"cellBody\">papillary densities observed irrespective of presence of medullary calcification</div><div class=\"cellTitle\">Test Details</div><div class=\"cellBody\"><li>May be ordered for nonspecific abdominal pain, or if urinary tract obstruction is suspected.</li><li>Not as sensitive as intravenous urography (IVU) for medullary sponge kidney (MSK).</li></div></div></div></html>",
   "type":"web"},

  {
   "id":"p-test-t_6",
   "title":"intravenous urography (IVU)",
   "html":"<html><div class=\"cell\"><div class=\"cellBlock\"><div class=\"cellTitle\">Result</div><div class=\"cellBody\">discrete linear papillary densities (\"papillary blush\" or \"paintbrush\" pattern); medullary nephrocalcinosis may be present or absent</div><div class=\"cellTitle\">Test Details</div><div class=\"cellBody\"><li>Ordered if MSK suspected.</li><li>Changes are diagnostic for MSK.</li><li>Has for the most part been replaced by noncontrast CT scan (the new diagnostic standard) for evaluation and diagnosis of renal stones.</li><li>Typically, most have bilateral involvement, although may be limited to a single papilla.</li><li>Study quality and radiologist interpretation affect sensitivity and specificity.</li></div></div></div></html>",
   "type":"web"},

  {
   "id":"p-test-t_7",
   "title":"noncontrast CT scan",
   "html":"<html><div class=\"cell\"><div class=\"cellBlock\"><div class=\"cellTitle\">Result</div><div class=\"cellBody\">medullary calcification may present or absent</div><div class=\"cellTitle\">Test Details</div><div class=\"cellBody\"><li>Test of choice for kidney stones.</li><li>Not as sensitive as intravenous urography (IVU) for MSK.</li></div></div></div></html>",
   "type":"web"},

  {
   "id":"p-test-t_8",
   "title":"CT urogram",
   "html":"<html><div class=\"cell\"><div class=\"cellBlock\"><div class=\"cellTitle\">Result</div><div class=\"cellBody\">calcification may be seen within urinary tract</div><div class=\"cellTitle\">Test Details</div><div class=\"cellBody\"><li>Urologists order this test for hematuria, which may incidentally diagnose MSK.<a class=\"inlineImage\" href=\"epoc://current?view=p-images-i_3\">Image</a><a href=\"epoc://current?article=35\">[35]</a> </li><li>Multidetector-row CT scan is performed with intravenous contrast media. It provides images of contrast-filled renal collecting systems, ureters, and bladder.<a href=\"epoc://current?article=36\">[36]</a> </li></div></div></div></html>",
   "type":"web"},

  {
   "id":"p-test-t_9",
   "title":"24-hour urine monitoring",
   "html":"<html><div class=\"cell\"><div class=\"cellBlock\"><div class=\"cellTitle\">Result</div><div class=\"cellBody\">increased or decreased values for urinary risk factors</div><div class=\"cellTitle\">Test Details</div><div class=\"cellBody\"><li>Used in recurrent renal stone patients to determine underlying metabolic causes or etiologies for nephrolithiasis.</li><li>Urine parameters evaluated include: volume, pH, calcium, oxalate, citrate, uric acid, phosphate, sodium, potassium, magnesium, ammonium, chloride, sulfate or urea nitrogen, and creatinine. Supersaturations for stone-forming crystals is calculated.</li><li>Patients with recurrent renal stones should have subsequent periodic 24-hour urine monitoring or after dietary or medication modifications.</li><li>Nephrocalcinosis was reported in 15% of stone formers with MSK and 3% of stone formers without MSK.<a href=\"epoc://current?article=17\">[17]</a> </li></div></div></div></html>",
   "type":"web"},

  {
   "id":"p-test-t_10",
   "title":"stone analysis",
   "html":"<html><div class=\"cell\"><div class=\"cellBlock\"><div class=\"cellTitle\">Result</div><div class=\"cellBody\">stone composition</div><div class=\"cellTitle\">Test Details</div><div class=\"cellBody\"><li>Provides information on chemical composition and etiology.</li><li>Stones are analyzed after extraction during surgery or after being expelled by patient.</li><li>Should be done by x-ray crystallography or infra-red spectroscopy, not by chemical analysis.</li></div></div></div></html>",
   "type":"web"},

  {
   "id":"tests",
   "sections":
   [

    {
     "headerText":"Initial Tests",
     "cells":
     [

      {
       "target":"p-test-t_0",
       "title":"urinalysis",
       "type":"flex0"},

      {
       "target":"p-test-t_1",
       "title":"urine culture",
       "type":"flex0"},

      {
       "target":"p-test-t_2",
       "title":"BUN and creatinine",
       "type":"flex0"},

      {
       "target":"p-test-t_3",
       "title":"serum electrolytes",
       "type":"flex0"},

      {
       "target":"p-test-t_4",
       "title":"abdominal radiography",
       "type":"flex0"},

      {
       "target":"p-test-t_5",
       "title":"renal ultrasound",
       "type":"flex0"},

      {
       "target":"p-test-t_6",
       "title":"intravenous urography (IVU)",
       "type":"flex0"},

      {
       "target":"p-test-t_7",
       "title":"noncontrast CT scan",
       "type":"flex0"},

      {
       "target":"p-test-t_8",
       "title":"CT urogram",
       "type":"flex0"}      ]},

    {
     "headerText":"Other Tests to Consider",
     "cells":
     [

      {
       "target":"p-test-t_9",
       "title":"24-hour urine monitoring",
       "type":"flex0"},

      {
       "target":"p-test-t_10",
       "title":"stone analysis",
       "type":"flex0"}      ]}    ],
   "type":"table"},

  {
   "id":"differentials",
   "sections":
   [

    {
     "cells":
     [

      {
       "title":"Distal renal tubular acidosis",
       "type":"flex0",
       "targetHTML":"<div class=\"cell\"><div class=\"cellBlock\"><div class=\"cellTitle\">Signs/Sx</div><div class=\"cellBody\"><ul><li>Rarely symptomatic, but patients may have a history of renal calculi or nephrocalcinosis.</li></ul></div><div class=\"cellTitle\">Tests</div><div class=\"cellBody\"><ul><li>Urine pH ≥6.3 on urinalysis with normal anion gap metabolic acidosis is indicative of distal renal tubular acidosis (dRTA). However, dRTA can occur in medullary sponge kidney (MSK).</li><li>Serum bicarbonate is the most sensitive and specific test for most forms of RTA. The finding of low serum bicarbonate concentration is the usual starting point for investigating metabolic acidosis.</li></ul></div><a href=\"epoc://dx/monograph/239\"><b class=\"view-dx-monograph\">View Dx Monograph</b></a></div></div>"},

      {
       "title":"Renal papillary necrosis",
       "type":"flex0",
       "targetHTML":"<div class=\"cell\"><div class=\"cellBlock\"><div class=\"cellTitle\">Signs/Sx</div><div class=\"cellBody\"><ul><li>Nocturia, polyuria; hematuria, flank pain, pyelonephritis. Rarely renal dysfunction.</li></ul></div><div class=\"cellTitle\">Tests</div><div class=\"cellBody\"><ul><li>Passage of sloughed tissue in urine.</li><li>Increased serum creatinine reflecting chronic kidney disease may be seen.</li><li>Low specific gravity on urinalysis or low urine osmolality during water deprivation.</li></ul></div></div></div>"},

      {
       "title":"Tuberculosis of kidney",
       "type":"flex0",
       "targetHTML":"<div class=\"cell\"><div class=\"cellBlock\"><div class=\"cellTitle\">Signs/Sx</div><div class=\"cellBody\"><ul><li>History of tuberculosis.</li><li>History of both upper and lower tract collecting system involvement.</li></ul></div><div class=\"cellTitle\">Tests</div><div class=\"cellBody\"><ul><li>Positive urine mycobacterial culture, positive tuberculosis skin test.</li><li>Intravenous urography shows calyceal blunting, papillary necrosis ureteral strictures, and bladder, vas deferens, seminal vesicle, or prostate calcifications.</li></ul></div><a href=\"epoc://dx/monograph/166\"><b class=\"view-dx-monograph\">View Dx Monograph</b></a></div></div>"},

      {
       "title":"Polycystic kidney disease",
       "type":"flex0",
       "targetHTML":"<div class=\"cell\"><div class=\"cellBlock\"><div class=\"cellTitle\">Signs/Sx</div><div class=\"cellBody\"><ul><li>Patients may have hypertension, which is not classically seen with MSK.</li><li>Progressive chronic kidney disease may be present, whereas this is extremely rare for MSK.</li></ul></div><div class=\"cellTitle\">Tests</div><div class=\"cellBody\"><ul><li>Polycystin 1 or 2 gene mutation.</li><li>Cortical cysts seen on CT or ultrasound.</li><li>BUN and creatinine may be elevated.</li></ul></div><a href=\"epoc://dx/monograph/481\"><b class=\"view-dx-monograph\">View Dx Monograph</b></a></div></div>"}      ]}    ],
   "type":"table"},

  {
   "id":"diag_approach",
   "title":"Medullary sponge kidney",
   "html":"<div class=\"cell\"><div class=\"cellBlock\"><div class=\"cellBody\"><P>Most patients are asymptomatic, and medullary sponge kidney (MSK) may be diagnosed based on incidental findings following radiologic investigation for other reasons. When symptoms are present, they are related to urinary tract infection (UTI) or renal stones.</P></div><div class=\"cellTitle\">History</div><div class=\"cellBody\"><P>For patients with symptoms, flank pain, hematuria (microscopic or gross), recurrent UTI, recurrent renal stones, and nephrocalcinosis are well-described presentations of MSK. Chronic severe pain is a rare presentation in some patients.<a href=\"epoc://current?article=34\">[34]</a> The disorder is more common among patients with hemihypertrophy, Beckwith-Wiedemann syndrome, Caroli disease, congenital hepatic fibrosis, Ehlers-Danlos syndrome, family history of polycystic kidney disease, and chronic kidney disease.</P></div><div class=\"cellTitle\">Physical exam</div><div class=\"cellBody\"><P>With the exception of patients with complications, such as renal stones or UTI, the physical exam is usually unremarkable. Costovertebral angle tenderness and ipsilateral groin pain may be signs of nephrolithiasis. Associated fever, tachycardia, and hypotension might indicate an obstructing stone with infection, warranting emergency referral to urology.</P></div><div class=\"cellTitle\">Imaging</div><div class=\"cellBody\"><P>MSK tends to be diagnosed based on incidental findings following radiologic investigation for other reasons such as renal stones, infection, or colic. However, if MSK is suspected, intravenous urography (IVU) will confirm the diagnosis.</P><P>Plain abdominal radiograph</P><ul><li>This may be ordered for nonspecific abdominal pain. It is less sensitive and less specific than IVU. However, it is inexpensive and fast, and requires less radiation. In a patient known to have previous radiopaque stones seen on a plain radiograph, it is a diagnostic test of good predictive value for MSK. It may show nephrocalcinosis in 1 or several papillae; also, renal stones may be observed in the calyces, pelvis, or ureter.<a href=\"epoc://current?article=2\">[2]</a> </li></ul><P>Ultrasound</P><ul><li>This may be ordered for nonspecific abdominal pain, or if urinary tract obstruction is suspected. This is less sensitive and less specific than IVU but more sensitive than plain x-rays, but will usually show no more than nephrocalcinosis that might suggest MSK.</li></ul><P>IVU</P><ul><li>This test may be ordered first when MSK is strongly suspected because of recurrent stones, or, if surgery is planned for complex stones. It is the principal method for diagnosing MSK. This will show dilated collecting tubules that may or may not have nephrolithiasis. Contrast pools within the dilated, ectatic tubules within the tips of the papilla lead to the appearance of a \"papillary blush\" or \"paintbrush\" pattern. Most cases usually have bilateral involvement, although the disorder may be limited to a single papilla. The minimal degree of involvement to make the diagnosis is not established. Medullary nephrocalcinosis may be present or absent.</li></ul><P>Noncontrast computed tomography (CT)</P><ul><li>This is the diagnostic standard method for detecting renal stones. Unfortunately, noncontrast CT is not likely to detect MSK. If noncontrast CT is performed for renal colic, MSK will not be diagnosed.</li></ul><P>CT urogram</P><ul><li>Patients may have a CT urogram as a first test for the evaluation of hematuria that incidentally makes the diagnosis of MSK.<a href=\"epoc://current?article=35\">[35]</a> Multidetector-row CT scan is performed with intravenous contrast media. It provides images of contrast-filled renal collecting systems, ureters, and the bladder.<a href=\"epoc://current?article=36\">[36]</a><a class=\"inlineImage\" href=\"epoc://current?view=p-images-i_1\">Image</a></li></ul></div><div class=\"cellTitle\">Laboratory tests</div><div class=\"cellBody\"><P>Urinalysis, serum electrolytes, BUN/creatinine (to assess renal function), calcium, phosphorus, uric acid, and complete blood count (CBC) should be ordered in the workup for nephrolithiasis, UTI, or pyelonephritis. Urinalysis may reveal microscopic hematuria with or without stones and pyuria (urine containing pus) with UTI. An elevated white blood cell (WBC) count may indicate infection (pyelonephritis). Urine culture will confirm infection. Stone risk profiles help determine metabolic risk factors for calcium stones such as hypocitraturia, hyperoxaluria, hypercalciuria, or elevated urine pH. Analysis of stone composition provides information for preventive management.</P></div><div class=\"cellTitle\">Pathology assessment at time of percutaneous nephrostolithotomy for stone removal</div><div class=\"cellBody\"><P>One study described the findings of patients with MSK who underwent percutaneous nephrostolithotomy (PCNL) for stone removal.<a href=\"epoc://current?article=31\">[31]</a> The endoscopic appearance was of papillary malformation, either segmental or diffuse. The affected papillae were enlarged and \"billowy\", due to enlarged inner medullary collecting ducts (IMCD), with small, mobile stones in place. Also noted was dilation of Bellini ducts, occasionally plugged by calcium precipitates. Whether most urologists can reliably recognize this appearance as that of MSK during urologic procedures has not been determined.</P><P>Older literature on the pathology of kidneys removed from patients with radiographically demonstrated MSK reported that the renal papillae included undifferentiated interstitial cells, with dilated inner medullary collecting ducts containing abnormal multilayered epithelium.<a href=\"epoc://current?article=37\">[37]</a> <a href=\"epoc://current?article=38\">[38]</a> These findings would not be demonstrated by percutaneous kidney biopsy as performed in diagnosing glomerular lesions, but have been shown by papillary biopsies obtained at the time of PCNL for stone removal.<a href=\"epoc://current?article=31\">[31]</a> As in those older reports based on samples taken at nephrectomy, there were multilayered hyperplastic epithelia in undilated inner medullary collecting ducts, single layered epithelia in dilated collecting ducts, and primitive interstitial cells that resembled embryonic cells. The authors concluded, however, that while papillary biopsy was definitive, it was not practical or necessary for clinical diagnosis.<a class=\"inlineImage\" href=\"epoc://current?view=p-images-i_2\">Image</a></P></div></div></div>",
   "type":"web"},

  {
   "id":"followup",
   "title":"Medullary sponge kidney",
   "html":"<div class=\"cell\"><div class=\"cellBlock\"><div class=\"cellTitle\">Prognosis</div><div class=\"cellBody\"><div class=\"cellBody\"><P>The natural history of medullary sponge kidney (MSK) is thought to be benign. Many patients remain asymptomatic for life. However, for some patients renal stones or infection may complicate the condition. Patients with urinary tract infections (UTIs) may have recurrences, and those with nephrolithiasis may have recurrent stones because of the anatomic abnormality in MSK, as well as other risk factors. Hematuria as a result of stones may persist. Patients with complications may require repeated admissions to the hospital, urologic procedures, and, rarely, nephrectomy, and may have chronic kidney disease or end-stage renal disease.</P></div></div><div class=\"cellTitle\">Monitoring</div><div class=\"cellBody\"><P>Patients with medullary sponge kidney (MSK) and nephrolithiasis should be followed up in the same way as patients with stones and no MSK. Metabolic abnormalities contributing to stone formation may be detected in the 24-hour urine stone risk profiles and may be modified by diet or medications. Dietary modifications may be suggested in an attempt to prevent future calculi. No studies on dietary or medical therapy have been performed specifically on patients with MSK given the rarity of this condition. The only randomized controlled trial of a diet successful for prevention of stones in patients with hypercalciuria consisted of significantly restricting sodium (to limit calcium excretion), restricting animal protein, restricting oxalate, and increasing dietary calcium to at least 1200 mg daily. This diet decreased stone recurrence by nearly 50% compared with the control group, which was dietary calcium and oxalate restriction alone.<a href=\"epoc://current?article=46\">[46]</a> Thiazide diuretics decrease stone recurrence in hypercalciuric patients.<a href=\"epoc://current?article=49\">[49]</a> <a href=\"epoc://current?article=50\">[50]</a> Thiazides and diet have not been compared for their relative success or adherence. Patients with hyperoxaluria should avoid both high-oxalate foods and severe dietary calcium restriction (may be inadvertent in low-cholesterol diets, lactose intolerance, and kosher diets), which will decrease binding of oxalate in the gastrointestinal tract, promoting hyperoxaluria and increased stone formation. Successful studies of diet for hyperoxaluria are still lacking; increasing dietary calcium may be more important than restricting dietary oxalate intake. Hypocitraturic patients may be treated with potassium citrate. This therapy has been shown in a randomized controlled trial to decrease calcium stone recurrence in hypocitraturia.<a href=\"epoc://current?article=44\">[44]</a> Citrate supplementation may be successful even if hypocitraturia is not present and may be useful when adherence to higher fluid intake or dietary restrictions has failed. Hyperuricosuric patients with calcium stones may be treated with dietary purine restriction and allopurinol or febuxostat if urine uric acid &gt;800 mg/day.<a href=\"epoc://current?article=45\">[45]</a> Patients with distal renal tubular acidosis have impairment in acid excretion, leading to metabolic acidosis with alkaline urine, which predisposes to calcium phosphate stone formation. Hypercalciuria should be addressed with salt restriction and thiazides, and hypocitraturia, with potassium citrate.</P><P>Periodic monitoring with 24-hour urinary profiles should initially be more frequent if metabolic abnormalities are detected. Dietary and medication interventions should be followed by 24-hour urinary profiles 4 to 12 weeks after the intervention to determine whether metabolic abnormalities have improved. After stabilization of metabolic abnormalities, annual follow-up with a 24-hour urinary profile is advised.</P><P>In asymptomatic patients, annual radiologic follow-up is recommended to monitor stone formation. Patients with urinary tract infections and/or gross hematuria are usually symptomatic when they have recurrences and do not require scheduled follow-up. Ultrasound is usually preferred for screening purposes, although noncontrast computed tomography is more sensitive and specific.</P></div><div class=\"cellTitle\">Patient Instructions</div><div class=\"cellBody\"><P>Patients with symptoms of kidney stones (flank pain projecting to the groin area, with or without blood in the urine) or of a urinary tract infection (burning or pain on urination, cloudy or foul-smelling urine, feeling of more frequent urinating, and small volumes of urine) should contact their physician. The patients should be instructed to go to the emergency department if they experience fever, chills, dizziness, nausea, vomiting, or severe pain.<a href=\"https://www.niddk.nih.gov/health-information/kidney-disease/children/medullary-sponge-kidney\">NIDDK: medullary sponge kidney</a> </P><P>To prevent kidney stones, patients should be instructed to have enough fluid intake for a urine volume of more than 2 L/day. This prescription would usually be up to 3 L/day, with more required during hot seasons or in hot climates. Patients should be informed that 24-hour urinary profiles may be required to determine whether other risk factors are contributing to kidney stones. Dietary changes or medications may be recommended to try to prevent stone formation.</P></div></div></div>",
   "type":"web"},

  {
   "id":"complications",
   "sections":
   [

    {
     "headerText":"High Likelihood",
     "cells":
     [

      {
       "title":"urinary tract infection (UTI) in men",
       "type":"flex0",
       "targetHTML":"<div class=\"cell\"><div class=\"cellBlock\"><div class=\"cellBody\"><P>UTIs are thought to be more common in patients with medullary sponge kidney (MSK).<a href=\"epoc://current?article=17\">[17]</a></P><P>Etiology is attributed to urinary stasis and infection of kidney stones.</P><P>Diagnosis is by symptoms, urinalysis, and urine culture.</P><P>Infected stones require urologic intervention.</P><A href=\"epoc://dx/monograph/76\"><B class=\"view-dx-monograph\">View Dx monograph</B></A></div></div></div>"},

      {
       "title":"urinary tract infection in women",
       "type":"flex0",
       "targetHTML":"<div class=\"cell\"><div class=\"cellBlock\"><div class=\"cellBody\"><P>UTIs are thought to be more common in patients with MSK.<a href=\"epoc://current?article=17\">[17]</a></P><P>Etiology is attributed to urinary stasis and infection of kidney stones.</P><P>Diagnosis is by symptoms, urinalysis, and urine culture.</P><P>Infected stones require urologic intervention.</P><A href=\"epoc://dx/monograph/77\"><B class=\"view-dx-monograph\">View Dx monograph</B></A></div></div></div>"},

      {
       "title":"pyelonephritis",
       "type":"flex0",
       "targetHTML":"<div class=\"cell\"><div class=\"cellBlock\"><div class=\"cellBody\"><P>The main goals of treatment are infection control and symptom reduction. The decision whether to treat the patient empirically and whether to admit the patient for intravenous antibiotic treatment should be based on patients' symptoms and comorbidities.</P><A href=\"epoc://dx/monograph/551\"><B class=\"view-dx-monograph\">View Dx monograph</B></A></div></div></div>"},

      {
       "title":"hematuria",
       "type":"flex0",
       "targetHTML":"<div class=\"cell\"><div class=\"cellBlock\"><div class=\"cellBody\"><P>Can occur with or without stones.</P><P>Etiology is thought to be due to crystalluria, infection, or stones.</P><P>Diagnosis is by symptoms of gross hematuria or by urinalysis for microscopic hematuria.</P><P>Treatment of infection and metabolic risk factors for stones may decrease recurrence.</P><A href=\"epoc://dx/monograph/315\"><B class=\"view-dx-monograph\">View Dx monograph</B></A></div></div></div>"}      ]},

    {
     "headerText":"Medium Likelihood",
     "cells":
     [

      {
       "title":"reduced bone mineral density",
       "type":"flex0",
       "targetHTML":"<div class=\"cell\"><div class=\"cellBlock\"><div class=\"cellBody\"><P>Osteopenia is common, and osteoporosis less so, in patients with MSK and stones with hypercalciuria. Potassium citrate supplementation is associated with an increase in bone mineral density after 12 months.<a href=\"epoc://current?article=39\">[39]</a><a href=\"epoc://current?article=47\">[47]</a></P></div></div></div>"}      ]},

    {
     "headerText":"Low Likelihood",
     "cells":
     [

      {
       "title":"thiazide treatment-related hypokalemia",
       "type":"flex0",
       "targetHTML":"<div class=\"cell\"><div class=\"cellBlock\"><div class=\"cellBody\"><P>May occur with thiazide diuretic treatment for hypercalciuria unresponsive to salt restriction.</P><P>Diagnosis is by electrolyte panel after starting the diuretic, and treatment is with either increased dietary potassium intake or potassium supplements.</P><P>Hypokalemia may lead to decreased urinary citrate, which may increase stone formation. Therefore, potassium citrate is the preferred supplement, but even potassium chloride will increase urine citrate, albeit not as much.</P></div></div></div>"},

      {
       "title":"potassium citrate treatment-related stone formation",
       "type":"flex0",
       "targetHTML":"<div class=\"cell\"><div class=\"cellBlock\"><div class=\"cellBody\"><P>Potassium citrate may be supplemented for both calcium oxalate and calcium phosphate stone formers if urinary citrate is too low.</P><P>Oversupplementation with potassium citrate may lead to urine pH &gt;6.5, which favors calcium phosphate stone formation.</P><P>Whether increasing pH overcomes the inhibitory effect of citrate is unknown. This concern may be alleviated if thiazides are used to reduce urinary calcium.</P></div></div></div>"}      ]}    ],
   "type":"table"},

  {
   "id":"guidelines",
   "title":"Medullary sponge kidney",
   "html":"<div class=\"cell\"><div class=\"cellBlock\"><div class=\"cellTitle\">Diagnostic Guidelines</div><div class=\"cellBody\"><p><h4>Medical management of kidney stones: AUA guideline<a href=\"epoc://current?article=40\">[40]</a> </h4><p><a href=\"https://www.auanet.org/guidelines\">View Society Guidelines</a></p><p><small><b>Published by: </b>American Urological Association</small><br><small><b>Published: </b>2014</small></p><p><small><b>Summary</b><br><P>References cover clinical management of renal stone disease and provide information on diagnostic procedures, both medical and urologic.</P></small></p></p><hr><p><h4>Guidelines on urolithiasis<a href=\"epoc://current?article=41\">[41]</a> </h4><p><a href=\"http://uroweb.org/individual-guidelines/non-oncology-guidelines/\">View Society Guidelines</a></p><p><small><b>Published by: </b>European Association of Urology</small><br><small><b>Published: </b>2018</small></p><p><small><b>Summary</b><br><P>Covers clinical management of renal stone disease and provides information on diagnostic procedures.</P></small></p></p><hr></div><br><div class=\"cellTitle\">Treatment Guidelines</div><div class=\"cellBody\"><p><h4>Surgical management of stones: AUA/Endourological Society guideline<a href=\"epoc://current?article=51\">[51]</a> </h4><p><a href=\"http://www.auanet.org/guidelines\">View Society Guidelines</a></p><p><small><b>Published by: </b>American Urological Association/Endourological Society</small><br><small><b>Published: </b>2016</small></p><p><small><b>Summary</b><br><P>Guideline statements make recommendations for the surgical management of renal and ureteral stones, including treatment options if medical expulsive therapy is not appropriate or successful.</P></small></p></p><hr><p><h4>Medical management of kidney stones: AUA guideline<a href=\"epoc://current?article=40\">[40]</a> </h4><p><a href=\"https://www.auanet.org/guidelines\">View Society Guidelines</a></p><p><small><b>Published by: </b>American Urological Association</small><br><small><b>Published: </b>2014</small></p><p><small><b>Summary</b><br><P>Guideline statements make recommendations on the use of a screening evaluation for first-time and recurrent stone formers, the appropriate initiation of a metabolic evaluation, and the initiation and follow-up of medication and dietary measures in specific patients.</P></small></p></p><hr><p><h4>Guidelines on urolithiasis<a href=\"epoc://current?article=41\">[41]</a> </h4><p><a href=\"http://uroweb.org/individual-guidelines/non-oncology-guidelines/\">View Society Guidelines</a></p><p><small><b>Published by: </b>European Association of Urology</small><br><small><b>Published: </b>2018</small></p><p><small><b>Summary</b><br><P>Covers clinical management of renal stone disease and provides information on the rational treatment of acute stone colic, stone expulsive treatment, and the modern principles of stone removal. Includes risk stratification for bleeding and suggested therapies for antithrombotic therapy in stone removal.</P></small></p></p><hr><p><h4>Guidelines on interventional treatment for urolithiasis<a href=\"epoc://current?article=52\">[52]</a> </h4><p><a href=\"http://www.ncbi.nlm.nih.gov/pubmed/26344917\">View Society Guidelines</a></p><p><small><b>Published by: </b>European Association of Urology</small><br><small><b>Published: </b>2016</small></p><p><small><b>Summary</b><br><P>Treatment decisions regarding urologic treatment of obstructing stones are made based on stone size, location, and composition, and on patient preference and local urologic expertise. Endourologic procedures such as ureteroscopy and percutaneous nephrostolithotomy are becoming more frequent procedures compared with extracorporeal shock wave lithotripsy.</P></small></p></p><hr></div></div></div>",
   "type":"web"},

  {
   "id":"p-tx-c_0",
   "title":"ignoreme",
   "html":"<html><div class=\"cell\"><div class=\"cellBlock\"><div class=\"cellTitle\">Primary Options</div><div class=\"cellBody\"><UL class=\"tx-options\"><LI><span><A href=\"epoc://rx/monograph/860\">levofloxacin</A>: 500 mg orally once daily<BR></span></LI><LI><span><A href=\"epoc://rx/monograph/501\">ciprofloxacin</A>: 500 mg orally twice daily<BR></span></LI></UL></div><div class=\"cellTitle\">Secondary Options</div><div class=\"cellBody\"><UL class=\"tx-options\"><LI><span><A href=\"epoc://rx/monograph/79\">sulfamethoxazole/trimethoprim</A>: 160 mg orally twice daily<a class=\"moreinfo\" href=\"epoc://current?view=p-more_info-0_2_0\"> [more info] </a><BR></span></LI></UL></div><div class=\"cellTitle\">Tertiary Options</div><div class=\"cellBody\"><UL class=\"tx-options\"><LI><span><A href=\"epoc://rx/monograph/263\">nitrofurantoin</A>: 100 mg orally four times daily<BR></span></LI><LI><span><A href=\"epoc://rx/monograph/419\">amoxicillin/clavulanate</A>: 500 mg orally three times daily; or 875 mg orally twice daily<a class=\"moreinfo\" href=\"epoc://current?view=p-more_info-0_4_0\"> [more info] </a><BR></span></LI><LI><span><A href=\"epoc://rx/monograph/6\">cephalexin</A>: 500 mg orally four times daily<BR></span></LI></UL></div><div class=\"cellTitle\">Comments</div><div class=\"cellBody\"><ul><li>Quinolones are typically the first-line choice. However, trimethoprim/sulfamethoxazole may be used first-line in patients without evidence of complicated UTI and with consideration to local resistance patterns.</li><li>Antibiotic dosing may need to be altered based on the patient's renal status.</li><li>Recommended treatment duration is 14 days, but patients with uncomplicated UTI may require only a 7-day course of antibiotics.</li></ul></div></div></div></html>",
   "type":"web"},

  {
   "id":"tx-0",
   "sections":
   [

    {
     "cells":
     [

      {
       "target":"p-tx-c_0",
       "title":"oral antibiotic therapy",
       "flag":"1st",
       "type":"flex1"}      ]}    ],
   "type":"table"},

  {
   "id":"p-tx-c_1",
   "title":"ignoreme",
   "html":"<html><div class=\"cell\"><div class=\"cellBlock\"><div class=\"cellTitle\">Comments</div><div class=\"cellBody\"><ul><li>Patients with renal stones and medullary sponge kidney (MSK) are managed in the same way as those without MSK.<a href=\"epoc://current?article=42\">[42]</a> </li><li>Recurrent stones may not be preventable with the anatomic abnormality of MSK. However, risk factors identified through 24-hour urine stone risk profiles may be used to direct diet modification and medication.<a href=\"epoc://current?article=44\">[44]</a> <a href=\"epoc://current?article=45\">[45]</a> <a href=\"epoc://current?article=46\">[46]</a> </li><li>One retrospective study showed potassium citrate not only increased urine citrate but decreased hypercalciuria in patients with metabolic stone risk factors.<a href=\"epoc://current?article=47\">[47]</a> </li><li>Fluid intake should be increased to &gt;2 L/day to keep urine output high and reduce risk of both renal stones and UTI.<a href=\"epoc://current?article=48\">[48]</a> </li></ul></div></div></div></html>",
   "type":"web"},

  {
   "id":"p-tx-c_2",
   "title":"ignoreme",
   "html":"<html><div class=\"cell\"><div class=\"cellBlock\"><div class=\"cellTitle\">Comments</div><div class=\"cellBody\"><ul><li>Underlying cause for renal stones should be investigated and treated. If required, stones should be removed.</li></ul></div></div></div></html>",
   "type":"web"},

  {
   "id":"p-tx-c_3",
   "title":"ignoreme",
   "html":"<html><div class=\"cell\"><div class=\"cellBlock\"><div class=\"cellTitle\">Primary Options</div><div class=\"cellBody\"><UL class=\"tx-options\"><LI><span><A href=\"epoc://rx/monograph/222\">hydrochlorothiazide</A>: 12.5 to 50 mg/day orally given in 2 divided doses<BR></span></LI><LI><span><A href=\"epoc://rx/monograph/179\">chlorthalidone</A>: 12.5 to 50 mg/day orally<BR></span></LI></UL></div><div class=\"cellTitle\">Comments</div><div class=\"cellBody\"><ul><li>May be used in patients with evidence of nephrocalcinosis to reduce hypercalciuria and stone formation.<a href=\"epoc://current?article=49\">[49]</a> <a href=\"epoc://current?article=50\">[50]</a> </li></ul></div></div></div></html>",
   "type":"web"},

  {
   "id":"p-tx-c_4",
   "title":"ignoreme",
   "html":"<html><div class=\"cell\"><div class=\"cellBlock\"><div class=\"cellTitle\">Primary Options</div><div class=\"cellBody\"><UL class=\"tx-options\"><LI><span><A href=\"epoc://rx/monograph/860\">levofloxacin</A>: 500 mg orally once daily<BR></span></LI><LI><span><A href=\"epoc://rx/monograph/501\">ciprofloxacin</A>: 500 mg orally twice daily<BR></span></LI></UL></div><div class=\"cellTitle\">Secondary Options</div><div class=\"cellBody\"><UL class=\"tx-options\"><LI><span><A href=\"epoc://rx/monograph/79\">sulfamethoxazole/trimethoprim</A>: 160 mg orally twice daily<a class=\"moreinfo\" href=\"epoc://current?view=p-more_info-4_2_0\"> [more info] </a><BR></span></LI></UL></div><div class=\"cellTitle\">Tertiary Options</div><div class=\"cellBody\"><UL class=\"tx-options\"><LI><span><A href=\"epoc://rx/monograph/263\">nitrofurantoin</A>: 100 mg orally four times daily<BR></span></LI><LI><span><A href=\"epoc://rx/monograph/419\">amoxicillin/clavulanate</A>: 500 mg orally three times daily; or 875 mg orally twice daily<a class=\"moreinfo\" href=\"epoc://current?view=p-more_info-4_4_0\"> [more info] </a><BR></span></LI><LI><span><A href=\"epoc://rx/monograph/6\">cephalexin</A>: 500 mg orally four times daily<BR></span></LI></UL></div><div class=\"cellTitle\">Comments</div><div class=\"cellBody\"><ul><li>If there is an infected stone a longer course of antibiotics is often necessary, along with stone removal.</li><li>Treatment course: 10-14 days.</li></ul></div></div></div></html>",
   "type":"web"},

  {
   "id":"tx-1",
   "sections":
   [

    {
     "cells":
     [

      {
       "target":"p-tx-c_1",
       "title":"hydration and dietary modification",
       "flag":"1st",
       "type":"flex1"},

      {
       "target":"p-tx-c_2",
       "title":"treatment of underlying cause",
       "flag":"plus",
       "type":"flex1"},

      {
       "target":"p-tx-c_3",
       "title":"thiazide diuretics",
       "flag":"adj.",
       "type":"flex1"},

      {
       "target":"p-tx-c_4",
       "title":"oral antibiotic therapy",
       "flag":"adj.",
       "type":"flex1"}      ]}    ],
   "type":"table"},

  {
   "id":"p-more_info-0_2_0",
   "title":"More Info",
   "html":"<html><div class=\"cell\"><div class=\"cellBlock\"><div class=\"cellTitle\">More Info</div><div class=\"cellBody\">Dose refers to trimethoprim component.</div></div></div></html>",
   "type":"web"},

  {
   "id":"p-more_info-0_4_0",
   "title":"More Info",
   "html":"<html><div class=\"cell\"><div class=\"cellBlock\"><div class=\"cellTitle\">More Info</div><div class=\"cellBody\">Dose refers to amoxicillin component.</div></div></div></html>",
   "type":"web"},

  {
   "id":"p-more_info-4_2_0",
   "title":"More Info",
   "html":"<html><div class=\"cell\"><div class=\"cellBlock\"><div class=\"cellTitle\">More Info</div><div class=\"cellBody\">Dose refers to trimethoprim component.</div></div></div></html>",
   "type":"web"},

  {
   "id":"p-more_info-4_4_0",
   "title":"More Info",
   "html":"<html><div class=\"cell\"><div class=\"cellBlock\"><div class=\"cellTitle\">More Info</div><div class=\"cellBody\">Dose refers to amoxicillin component.</div></div></div></html>",
   "type":"web"},

  {
   "id":"p-images-i_1",
   "title":"Images",
   "type":"image",
   "image_refs":
   [
0    ]},

  {
   "id":"p-images-i_2",
   "title":"Images",
   "type":"image",
   "image_refs":
   [
1    ]},

  {
   "id":"p-images-i_3",
   "title":"Images",
   "type":"image",
   "image_refs":
   [
0    ]}  ],
 "citations":
 {
  "articles":
  [

   {
    "id":1,
    "key_article":true,
    "ref_article":true,
    "html":"Pyrah LN. Medullary sponge kidney. J Urol. 1966 Mar;95(3):274-83.<a href=\"http://www.ncbi.nlm.nih.gov/pubmed/5905991\"> [Abstract]</a>"},

   {
    "id":2,
    "key_article":true,
    "ref_article":true,
    "html":"Forster JA, Taylor J, Browning AJ, et al. A review of the natural progression of medullary sponge kidney and a novel grading system based on intravenous urography findings. Urol Int. 2007;78(3):264-9.<a href=\"http://www.ncbi.nlm.nih.gov/pubmed/17406139\"> [Abstract]</a>"},

   {
    "id":3,
    "key_article":false,
    "ref_article":true,
    "html":"Chesney RW, Kaufman R, Stapleton FB, et al. Association of medullary sponge kidney and medullary dysplasia in Beckwith-Wiedemann syndrome. J Pediatr. 1989 Nov;115(5 Pt 1):761-4.<a href=\"http://www.ncbi.nlm.nih.gov/pubmed/2809912\"> [Abstract]</a>"},

   {
    "id":4,
    "key_article":false,
    "ref_article":true,
    "html":"Diouf B, Ka EH, Calender A, et al. Association of medullary sponge kidney disease and multiple endocrine neoplasia type IIA due to RET gene mutation: is there a causal relationship? Nephrol Dial Transplant. 2000 Dec;15(12):2062-3.<a href=\"http://www.ncbi.nlm.nih.gov/pubmed/11096158\"> [Abstract]</a><a href=\"http://ndt.oxfordjournals.org/content/15/12/2062.full\"> [Full Text]</a>"},

   {
    "id":5,
    "key_article":false,
    "ref_article":true,
    "html":"Maschio G, Tessitore N, D'Angelo A, et al. Medullary sponge kidney and hyperparathyroidism: a puzzling association. Am J Nephrol. 1982;2(2):77-84.<a href=\"http://www.ncbi.nlm.nih.gov/pubmed/7180904\"> [Abstract]</a>"},

   {
    "id":6,
    "key_article":false,
    "ref_article":true,
    "html":"Dlabal PW, Jordan RM, Dorfman SG. Medullary sponge kidney and renal-leak hypercalciuria: a link to the development of parathyroid adenoma? JAMA. 1979 Apr 6;241(14):1490-1.<a href=\"http://www.ncbi.nlm.nih.gov/pubmed/430689\"> [Abstract]</a>"},

   {
    "id":7,
    "key_article":true,
    "ref_article":true,
    "html":"Gambaro G, Feltrin GP, Lupo A, et al. Medullary sponge kidney (Lenarduzzi-Cacchi-Ricci disease): a Padua Medical School discovery in the 1930s. Kidney Int. 2006 Feb;69(4):663-70.<a href=\"http://www.ncbi.nlm.nih.gov/pubmed/16395272\"> [Abstract]</a>"},

   {
    "id":8,
    "key_article":false,
    "ref_article":true,
    "html":"Cobben JM, Breuning MH, Schoots C, et al. Congenital hepatic fibrosis in autosomal-dominant polycystic kidney disease. Kidney Int. 1990 Nov;38(5):880-5.<a href=\"http://www.ncbi.nlm.nih.gov/pubmed/2266672\"> [Abstract]</a>"},

   {
    "id":9,
    "key_article":false,
    "ref_article":true,
    "html":"Jordon D, Harpaz N, Thung SN. Caroli's disease and adult polycystic kidney disease: a rarely recognized association. Liver. 1989 Feb;9(1):30-5.<a href=\"http://www.ncbi.nlm.nih.gov/pubmed/2921938\"> [Abstract]</a>"},

   {
    "id":10,
    "key_article":false,
    "ref_article":true,
    "html":"Torres VE, Erickson SB, Smith LH, et al. The association of nephrolithiasis and autosomal dominant polycystic kidney disease. Am J Kidney Dis. 1988 Apr;11(4):318-25.<a href=\"http://www.ncbi.nlm.nih.gov/pubmed/3354568\"> [Abstract]</a>"},

   {
    "id":11,
    "key_article":false,
    "ref_article":true,
    "html":"Pesce C, Colombo B, Nicolini E, et al. Medullary sponge kidney with severe renal function impairment: a case report [in Italian]. Pediatria Med Chir. 1995 Jan-Feb;17(1):65-7.<a href=\"http://www.ncbi.nlm.nih.gov/pubmed/7739931\"> [Abstract]</a>"},

   {
    "id":12,
    "key_article":false,
    "ref_article":true,
    "html":"Kinoshita H. Clinical studies on medullary sponge kidney evaluated from urolithiasis [in Japanese]. Nippon Hinyokika Gakkai Zasshi. 1990 Mar;81(3):372-9.<a href=\"http://www.ncbi.nlm.nih.gov/pubmed/2359214\"> [Abstract]</a>"},

   {
    "id":13,
    "key_article":false,
    "ref_article":true,
    "html":"Jungers P, Joly D, Barbey F, et al. ESRD caused by nephrolithiasis: prevalence, mechanisms, and prevention. Am J Kidney Dis. 2004 Nov;44(5):799-805.<a href=\"http://www.ncbi.nlm.nih.gov/pubmed/15492945\"> [Abstract]</a>"},

   {
    "id":14,
    "key_article":false,
    "ref_article":true,
    "html":"Mayall GF. The incidence of medullary sponge kidney. Clin Radiol. 1970 Apr;21(2):171-4.<a href=\"http://www.ncbi.nlm.nih.gov/pubmed/5420265\"> [Abstract]</a>"},

   {
    "id":15,
    "key_article":false,
    "ref_article":true,
    "html":"Palubinskas AJ. Medullary sponge kidney. Radiology. 1961 Jun;76:911-9.<a href=\"http://www.ncbi.nlm.nih.gov/pubmed/13732350\"> [Abstract]</a>"},

   {
    "id":16,
    "key_article":false,
    "ref_article":true,
    "html":"Cameron JS. Medullary sponge kidney. In: Davison AM, Cameron JS, Grunfeld J-P, et al, eds. Oxford textbook of clinical nephrology, vol 3. 3rd ed. Oxford, UK: Oxford University Press; 2495-501."},

   {
    "id":17,
    "key_article":true,
    "ref_article":true,
    "html":"Parks JH, Coe FL, Strauss AL. Calcium nephrolithiasis and medullary sponge kidney in women. N Engl J Med. 1982 May 6;306(18):1088-91.<a href=\"http://www.ncbi.nlm.nih.gov/pubmed/7070404\"> [Abstract]</a>"},

   {
    "id":18,
    "key_article":false,
    "ref_article":true,
    "html":"Yendt ER, Jarzylo S, Finnis WA, et al. Medullary sponge kidney (tubular ectasia) in calcium urolithiasis. In: Smith LH, Robertson WG, Finlayson B, eds. Urolithiasis: clinical and basic research. New York, NY: Plenum; 1981:105-12."},

   {
    "id":19,
    "key_article":false,
    "ref_article":true,
    "html":"Jungers P, Lacour E, Daudon M. Nephrolithiasis in patients with medullary sponge kidney. In: Borghi L, Meschi T, Briganti A, et al, eds. Proceedings of the 8th European Symposium on Urolithiasis. Parma, Italy: Editoriale Bios; 1999:589-91."},

   {
    "id":20,
    "key_article":false,
    "ref_article":true,
    "html":"Ria P, Fabris A, Dalla Gassa A, et al. New non-renal congenital disorders associated with medullary sponge kidney (MSK) support the pathogenic role of GDNF and point to the diagnosis of MSK in recurrent stone formers. Urolithiasis. 2017 Aug;45(4):359-62.<a href=\"http://www.ncbi.nlm.nih.gov/pubmed/27573101\"> [Abstract]</a>"},

   {
    "id":21,
    "key_article":false,
    "ref_article":true,
    "html":"Torregrossa R, Anglani F, Fabris A, et al. Identification of GDNF gene sequence variations in patients with medullary sponge kidney disease. Clin J Am Soc Nephrol. 2010 Jul;5(7):1205-10.<a href=\"http://www.ncbi.nlm.nih.gov/pubmed/20448065\"> [Abstract]</a>"},

   {
    "id":22,
    "key_article":false,
    "ref_article":true,
    "html":"Little M, Georgas K, Pennisi D, et al. Kidney development: two tales of tubulogenesis. Curr Top Dev Biol. 2010;90:193-229.<a href=\"http://www.ncbi.nlm.nih.gov/pubmed/20691850\"> [Abstract]</a>"},

   {
    "id":23,
    "key_article":false,
    "ref_article":true,
    "html":"Mezzabotta F, Cristofaro R, Ceol M, et al. Spontaneous calcification process in primary renal cells from a medullary sponge kidney patient harbouring a GDNF mutation. J Cell Mol Med. 2015 Apr;19(4):889-902.<a href=\"http://www.ncbi.nlm.nih.gov/pubmed/25692823\"> [Abstract]</a><a href=\"http://onlinelibrary.wiley.com/doi/10.1111/jcmm.12514/full\"> [Full Text]</a>"},

   {
    "id":24,
    "key_article":false,
    "ref_article":true,
    "html":"Fabris A, Lupo A, Ferraro PM, et al. Familial clustering of medullary sponge kidney is autosomal dominant with reduced penetrance and variable expressivity. Kidney Int. 2013 Feb;83(2):272-7.<a href=\"http://www.ncbi.nlm.nih.gov/pubmed/23223172\"> [Abstract]</a><a href=\"http://www.kidney-international.org/article/S0085-2538(15)55726-8/fulltext\"> [Full Text]</a>"},

   {
    "id":25,
    "key_article":false,
    "ref_article":true,
    "html":"Higashihara E, Nutahara K, Tago K, et al. Medullary sponge kidney and renal acidification defect. Kidney Int. 1984 Feb;25(2):453-9.<a href=\"http://www.ncbi.nlm.nih.gov/pubmed/6727141\"> [Abstract]</a><a href=\"https://www.kidney-international.org/article/S0085-2538(15)33147-1/pdf\"> [Full Text]</a>"},

   {
    "id":26,
    "key_article":false,
    "ref_article":true,
    "html":"Lahme S, Bichler K-H, Lang F, et al. Metabolic evaluation of patients suffering from medullary sponge kidney. In: Borghi L, Meschi T, Briganti A, et al, eds. Proceedings of the 8th European Symposium on Urolithiasis. Parma, Italy: Editoriale Bios; 1999:599-601."},

   {
    "id":27,
    "key_article":false,
    "ref_article":true,
    "html":"Osther PJ, Mathiasen H, Hansen AB, et al. Urinary acidification and urinary excretion of calcium and citrate in women with bilateral medullary sponge kidney. Urol Int. 1994;52(3):126-30.<a href=\"http://www.ncbi.nlm.nih.gov/pubmed/8203049\"> [Abstract]</a>"},

   {
    "id":28,
    "key_article":false,
    "ref_article":true,
    "html":"Carboni I, Andreucci E, Caruso MR, et al. Medullary sponge kidney associated with primary distal renal tubular acidosis and mutations of the H+-ATPase genes. Nephrol Dial Transplant. 2009 Sep;24(9):2734-8.<a href=\"http://www.ncbi.nlm.nih.gov/pubmed/19364879\"> [Abstract]</a><a href=\"http://ndt.oxfordjournals.org/content/24/9/2734.long\"> [Full Text]</a>"},

   {
    "id":29,
    "key_article":true,
    "ref_article":true,
    "html":"Yagisawa T, Kobayashi C, Hayashi T, et al. Contributory metabolic factors in the development of nephrolithiasis in patients with medullary sponge kidney. Am J Kidney Dis. 2001 Jun;37(6):1140-3.<a href=\"http://www.ncbi.nlm.nih.gov/pubmed/11382681\"> [Abstract]</a>"},

   {
    "id":30,
    "key_article":false,
    "ref_article":true,
    "html":"Pabico RC, Mckenna BA, Freeman RB. Renal tubular dysfunction in patients with cystic disease of the kidneys. Urology. 1998 May;51(5A suppl):156-60.<a href=\"http://www.ncbi.nlm.nih.gov/pubmed/9610573\"> [Abstract]</a>"},

   {
    "id":31,
    "key_article":false,
    "ref_article":true,
    "html":"Evan AP, Worcester EM, Williams JC Jr, et al. Biopsy proven medullary sponge kidney: clinical findings, histopathology, and role of osteogenesis in stone and plaque formation. Anat Rec (Hoboken). 2015 May;298(5):865-77.<a href=\"http://www.ncbi.nlm.nih.gov/pubmed/25615853\"> [Abstract]</a>"},

   {
    "id":32,
    "key_article":false,
    "ref_article":true,
    "html":"O'Neill M, Breslau NA, Pak CY. Metabolic evaluation of nephrolithiasis in patients with medullary sponge kidney. JAMA. 1981 Mar 27;245(12):1233-6.<a href=\"http://www.ncbi.nlm.nih.gov/pubmed/7206112\"> [Abstract]</a>"},

   {
    "id":33,
    "key_article":false,
    "ref_article":true,
    "html":"McPhail EF, Gettman MT, Patterson DE, et al. Nephrolithiasis in medullary sponge kidney: evaluation of clinical and metabolic features. Urology. 2012 Feb;79(2):277-81.<a href=\"http://www.ncbi.nlm.nih.gov/pubmed/22014971\"> [Abstract]</a>"},

   {
    "id":34,
    "key_article":false,
    "ref_article":true,
    "html":"Gambaro G, Goldfarb DS, Baccaro R, et al. Chronic pain in medullary sponge kidney: a rare and never described clinical presentation. J Nephrol. 2018 Aug;31(4):537-42.<a href=\"http://www.ncbi.nlm.nih.gov/pubmed/29468561\"> [Abstract]</a>"},

   {
    "id":35,
    "key_article":true,
    "ref_article":true,
    "html":"Maw AM, Megibow AJ, Grasso M, et al. Diagnosis of medullary sponge kidney by computed tomographic urography. Am J Kidney Dis. 2007 Jul;50(1):146-50.<a href=\"http://www.ncbi.nlm.nih.gov/pubmed/17591535\"> [Abstract]</a>"},

   {
    "id":36,
    "key_article":false,
    "ref_article":true,
    "html":"Koraishy FM, Ngo TT, Israel GM, et al. CT urography for the diagnosis of medullary sponge kidney. Am J Nephrol. 2014;39(2):165-70.<a href=\"http://www.ncbi.nlm.nih.gov/pubmed/24531190\"> [Abstract]</a><a href=\"http://www.karger.com/Article/FullText/358496\"> [Full Text]</a>"},

   {
    "id":37,
    "key_article":false,
    "ref_article":true,
    "html":"Ekstrom T, Engfeldt B, Lagergren C, et al. Medullary sponge kidney: a roentgenologic, clinical, histopathological and biophysical study. Stockholm: Almquist and Wiksell; 1959."},

   {
    "id":38,
    "key_article":false,
    "ref_article":true,
    "html":"Darmady EM, MacIver AG. Renal cystic disease. In: Crowford T, ed. Renal pathology. London: Butterworth and Co.; 1980:93-121."},

   {
    "id":39,
    "key_article":false,
    "ref_article":true,
    "html":"Fabris A, Bernich P, Abaterusso C, et al. Bone disease in medullary sponge kidney and effect of potassium citrate treatment. Clin J Am Soc Nephrol. 2009 Dec;4(12):1974-9.<a href=\"http://www.ncbi.nlm.nih.gov/pubmed/19808216\"> [Abstract]</a>"},

   {
    "id":40,
    "key_article":false,
    "ref_article":true,
    "html":"Pearle MS, Goldfarb DS, Assimos DG, et al; American Urological Association. Medical management of kidney stones: AUA guideline. J Urol. 2014 Aug;192(2):316-24.<a href=\"http://www.ncbi.nlm.nih.gov/pubmed/24857648\"> [Abstract]</a><a href=\"http://www.auanet.org/guidelines/stone-disease-medical-(2014)\"> [Full Text]</a>"},

   {
    "id":41,
    "key_article":false,
    "ref_article":true,
    "html":"Türk C, Neisius A, Petrik A, et al. EAU guidelines on urolithiasis. 2018 [internet publication].<a href=\"http://uroweb.org/guideline/urolithiasis/\"> [Full Text]</a>"},

   {
    "id":42,
    "key_article":false,
    "ref_article":true,
    "html":"Nakada SY, Erturk E, Monaghan J, et al. Role of extracorporeal shock-wave lithotripsy in treatment of urolithiasis in patients with medullary sponge kidney. Urology. 1993 Apr;41(4):331-3.<a href=\"http://www.ncbi.nlm.nih.gov/pubmed/8470317\"> [Abstract]</a>"},

   {
    "id":43,
    "key_article":false,
    "ref_article":true,
    "html":"Ordon M, Urbach D, Mamdani M, et al. The surgical management of kidney stone disease: a population based time series analysis. J Urol. 2014 Nov;192(5):1450-6.<a href=\"http://www.ncbi.nlm.nih.gov/pubmed/24866599\"> [Abstract]</a>"},

   {
    "id":44,
    "key_article":false,
    "ref_article":true,
    "html":"Barcelo P, Wuhl O, Servitge E, et al. Randomized double-blind study of potassium citrate in idiopathic hypocitraturic calcium nephrolithiasis. J Urol. 1993 Dec;150(6):1761-4.<a href=\"http://www.ncbi.nlm.nih.gov/pubmed/8230497\"> [Abstract]</a>"},

   {
    "id":45,
    "key_article":false,
    "ref_article":true,
    "html":"Ettinger B, Tang A, Citron JT, et al. Randomized trial of allopurinol in the prevention of calcium oxalate calculi. N Engl J Med. 1986 Nov 27;315(22):1386-9.<a href=\"http://www.ncbi.nlm.nih.gov/pubmed/3534570\"> [Abstract]</a>"},

   {
    "id":46,
    "key_article":false,
    "ref_article":true,
    "html":"Borghi L, Schianchi T, Meschi T, et al. Comparison of two diets for the prevention of recurrent stones in idiopathic hypercalciuria. N Engl J Med. 2002 Jan 10;346(2):77-84.<a href=\"http://www.ncbi.nlm.nih.gov/pubmed/11784873\"> [Abstract]</a><a href=\"https://www.nejm.org/doi/full/10.1056/NEJMoa010369\"> [Full Text]</a>"},

   {
    "id":47,
    "key_article":false,
    "ref_article":true,
    "html":"Fabris A, Lupo A, Bernich P, et al. Long-term treatment with potassium citrate and renal stones in medullary sponge kidney. Clin J Am Soc Nephrol. 2010 Sep;5(9):1663-8.<a href=\"http://www.ncbi.nlm.nih.gov/pubmed/20576821\"> [Abstract]</a>"},

   {
    "id":48,
    "key_article":false,
    "ref_article":true,
    "html":"Borghi L, Meschi T, Amato F, et al. Urinary volume, water and recurrences in idiopathic calcium nephrolithiasis: a 5-year randomized prospective study. 1996 Mar;155(3):839-43.<a href=\"http://www.ncbi.nlm.nih.gov/pubmed/8583588\"> [Abstract]</a>"},

   {
    "id":49,
    "key_article":false,
    "ref_article":true,
    "html":"Laerum E, Larsen S. Thiazide prophylaxis of urolithiasis: a double-blind study in general practice. Acta Med Scand. 1984;215(4):383-9.<a href=\"http://www.ncbi.nlm.nih.gov/pubmed/6375276\"> [Abstract]</a>"},

   {
    "id":50,
    "key_article":false,
    "ref_article":true,
    "html":"Finkielstein VA, Goldfarb DS. Strategies for preventing calcium oxalate stones. CMAJ. 2006 May 9;174(10):1407-9.<a href=\"http://www.ncbi.nlm.nih.gov/pubmed/16682705\"> [Abstract]</a><a href=\"http://www.cmaj.ca/content/174/10/1407.full\"> [Full Text]</a>"},

   {
    "id":51,
    "key_article":false,
    "ref_article":true,
    "html":"Assimos D, Krambeck A, Miller NL, et al. Surgical management of stones: American Urological Association/Endourological Society Guideline, part I. J Urol. 2016 Oct;196(4):1153-60.<a href=\"http://www.ncbi.nlm.nih.gov/pubmed/27238616\"> [Abstract]</a><a href=\"http://www.auanet.org/guidelines/stone-disease-surgical-(2016)\"> [Full Text]</a>"},

   {
    "id":52,
    "key_article":false,
    "ref_article":true,
    "html":"Türk C, Petřík A, Sarica K, et al. EAU guidelines on interventional treatment for urolithiasis. Eur Urol. 2016 Mar;69(3):475-82.<a href=\"http://www.ncbi.nlm.nih.gov/pubmed/26344917\"> [Abstract]</a>"}   ],
  "online_refs":
  [

   {
    "id":1,
    "title":"NIDDK: medullary sponge kidney",
    "url":"https://www.niddk.nih.gov/health-information/kidney-disease/children/medullary-sponge-kidney"}   ]},
 "media":
 [

  {
   "file":"1068-1-hlight.jpg",
   "thumb":"1068-1-hlight-tn.jpg",
   "caption":"Computed tomography (CT) urogram showing papillary blush with calculi within dilated collecting tubules (arrows)",
   "hilight":"true",
   "iline":"false",
   "auth":"false",
   "source":"From Maw AM, et al. Am J Kidney Dis. 2007 Jul;50(1):146-50, with permission"},

  {
   "file":"1068-2.jpg",
   "thumb":"1068-2-tn.jpg",
   "caption":"Endoscopic images of renal papilla from medullary sponge kidney (MSK) stone formers. The affected papillae are characterized by a rounding of contours and enlargement, which creates a billowy appearance (a and b). As part of the general rounding of contours, the papillary tips are blunted. These papillae also show sites of white (panel a, arrowhead) and yellow (a, arrows) plaque, and dilated opening of ducts of Bellini with (c, double arrow) and without deposits (a, asterisk). An occasional calyceal stone is noted (c). The unaffected papillae possess a normal morphology as seen in the compound papillum in (d) and single papillum in (e) (case 5); note numerous sites of white plaque (arrowheads) and an attached stone (double arrowhead). The unique morphology of affected papillae of MSK patients can be characteristic of all papillae (diffuse pattern) of a kidney or only some of the papillae (segmental pattern)",
   "hilight":"false",
   "iline":"false",
   "auth":"false",
   "source":"From Evan AP, et al. Anat Rec. 2015 May;298(5):865-77, with permission "}  ]}