
{
 "id":1073,
 "title":"HIV overview",
 "views":
 [

  {
   "id":"root",
   "type":"table",
   "sections":
   [

    {
     "cells":
     [

      {
       "target":"summary",
       "title":"Summary",
       "type":"flex0"}      ]},

    {
     "cells":
     [

      {
       "target":"subtopics",
       "title":"Specific Topics",
       "type":"flex0"}      ]}    ]},

  {
   "id":"summary",
   "html":"<div class=\"cell\"><div class=\"cellBlock\"><div class=\"cellBody\"><P>Human immunodeficiency virus (HIV) is a retrovirus that destroys CD4 T cells and is the etiologic agent of acquired immunodeficiency syndrome (AIDS). HIV is divided into 2 types, both of which cause AIDS: HIV 1, responsible for the global epidemic; and HIV 2, less pathogenic and restricted mostly to West Africa. AIDS, which usually develops over 10 to 15 years of HIV infection (median 11 years), is a constellation of opportunistic and other infections, conditions, or malignancies.<a href=\"epoc://current?article=1\">[1]</a> <a href=\"epoc://current?article=2\">[2]</a> Without effective antiretroviral treatment, these will occur as a result of increasing immune depletion over time.<a href=\"epoc://current?article=3\">[3]</a> </P></div><div class=\"cellTitle\">Authors / Peer Reviewers</div><div class=\"cellBody\"><ul><li>Editorial Team</li></ul><BR><B class=\"last-updated display-none\">Last Updated: 2020-03-03</B><div style=\"display: none\" class=\"last-updated\"><div class=\"last-updated-label\">Last Updated</div><div class=\"last-updated-date\">2020-03-03</div></div></div></div></div>",
   "type":"web"},

  {
   "id":"subtopics",
   "sections":
   [

    {
     "cells":
     [

      {
       "title":"HIV infection",
       "type":"flex0",
       "targetHTML":"<div class=\"cell\"><div class=\"cellBlock\"><div class=\"cellBody\"><P>HIV infection is a pandemic infectious disease whose impact on societies is without precedent. It is caused by a retrovirus that infects and replicates in human lymphocytes and macrophages, eroding the integrity of the human immune system over a number of years, culminating in immune deficiency and a susceptibility to a series of opportunistic and other infections as well as the development of certain malignancies.</P><A href=\"epoc://dx/monograph/555\"><B class=\"view-dx-monograph\">View Dx monograph</B></A></div></div></div>"},

      {
       "title":"HIV infection in pregnancy",
       "type":"flex0",
       "targetHTML":"<div class=\"cell\"><div class=\"cellBlock\"><div class=\"cellBody\"><P>Pregnancy in women living with HIV is complicated not only by HIV infection itself but also by the medical and psychosocial comorbidities associated with HIV. HIV infection in pregnancy poses a threat to maternal immune health and can lead to perinatal transmission of HIV in utero, intrapartum, or through breastfeeding postnatally.</P><A href=\"epoc://dx/monograph/556\"><B class=\"view-dx-monograph\">View Dx monograph</B></A></div></div></div>"},

      {
       "title":"Post-exposure HIV prophylaxis",
       "type":"flex0",
       "targetHTML":"<div class=\"cell\"><div class=\"cellBlock\"><div class=\"cellBody\"><P>The administration of antiretroviral therapy to HIV-negative people who may have been occupationally or sexually exposed to HIV. Once exposed to HIV, there may be a brief period before the infection is established, during which antiretroviral therapy may successfully prevent viral replication.</P><A href=\"epoc://dx/monograph/1109\"><B class=\"view-dx-monograph\">View Dx monograph</B></A></div></div></div>"},

      {
       "title":"HIV-related opportunistic infections",
       "type":"flex0",
       "targetHTML":"<div class=\"cell\"><div class=\"cellBlock\"><div class=\"cellBody\"><P>Clinical syndromes that arise as a consequence of impaired immunity in advanced stages of HIV infection. These illnesses tend to occur most often in patients who have untreated HIV infection or who fail to benefit from antiretroviral therapy. Tuberculosis, Pneumocystis jirovecii pneumonia, candidiasis, cryptococcosis, toxoplasmosis, cytomegalovirus infection, mycobacterium avium complex (MAC) infections, Herpes simplex&nbsp;infection, and cryptosporidiosis are among the HIV-related opportunistic infections often encountered in clinical practice.</P><A href=\"epoc://dx/monograph/899\"><B class=\"view-dx-monograph\">View Dx monograph</B></A></div></div></div>"},

      {
       "title":"Pneumocystis jirovecii pneumonia",
       "type":"flex0",
       "targetHTML":"<div class=\"cell\"><div class=\"cellBlock\"><div class=\"cellBody\"><P>The most common AIDS-defining opportunistic infection. It is an infection of the lung caused by the fungal organism&nbsp;Pneumocystis jirovecii (formerly known as Pneumocystis carinii). It typically causes clinical disease in severely immunocompromised patients, such as HIV-positive patients with CD4 cell counts &lt;200 cells/microliter, bone marrow transplant patients, solid-organ transplant patients, or patients on chronic immunosuppressive therapy.</P><A href=\"epoc://dx/monograph/19\"><B class=\"view-dx-monograph\">View Dx monograph</B></A></div></div></div>"},

      {
       "title":"Pulmonary tuberculosis",
       "type":"flex0",
       "targetHTML":"<div class=\"cell\"><div class=\"cellBlock\"><div class=\"cellBody\"><P>One of the most common causes of death among patients with AIDS worldwide. It is an infectious disease caused by&nbsp;Mycobacterium tuberculosis. In many cases, M tuberculosis becomes dormant before it progresses to active tuberculosis. It most commonly involves the lungs and is communicable in this form, but may affect almost any organ system including the lymph nodes, central nervous system, liver, bones, genitourinary tract, and gastrointestinal tract.</P><A href=\"epoc://dx/monograph/165\"><B class=\"view-dx-monograph\">View Dx monograph</B></A></div></div></div>"},

      {
       "title":"Mycobacterium avium-intracellulare",
       "type":"flex0",
       "targetHTML":"<div class=\"cell\"><div class=\"cellBlock\"><div class=\"cellBody\"><P>Mycobacterium avium-intracellulare (MAI), also known as mycobacterium avium complex (MAC), consists of 2 mycobacterium species,&nbsp;M avium and M intracellulare. It traditionally causes 3 disease syndromes: pulmonary disease, cervical lymphadenitis, and disseminated disease. People living with HIV with a CD4 count &lt;50 cells/microliter are at increased risk of infection.</P><A href=\"epoc://dx/monograph/559\"><B class=\"view-dx-monograph\">View Dx monograph</B></A></div></div></div>"},

      {
       "title":"Toxoplasmosis",
       "type":"flex0",
       "targetHTML":"<div class=\"cell\"><div class=\"cellBlock\"><div class=\"cellBody\"><P>Caused by the protozoan parasite&nbsp;Toxoplasma gondii. People living with HIV with CD4 counts &lt;50 cells/microliter are at greatest risk. Cats are the definitive hosts for the parasite. Humans are intermediate hosts, and become infected by ingesting uncooked meat infected with tissue cysts (bradyzoites), from ingestion of other food or water contaminated with oocysts, or by transplacental spread of tachyzoites. Infection in humans is lifelong and often asymptomatic, unless a patient becomes immunosuppressed.</P><A href=\"epoc://dx/monograph/557\"><B class=\"view-dx-monograph\">View Dx monograph</B></A></div></div></div>"},

      {
       "title":"Cryptococcosis",
       "type":"flex0",
       "targetHTML":"<div class=\"cell\"><div class=\"cellBlock\"><div class=\"cellBody\"><P>Caused by&nbsp;Cryptococcus species. Cryptococcus neoformans var. grubii and Cryptococcus neoformans cause morbidity and mortality, especially in immunosuppressed populations, such as those with HIV. Patients with compromised cell-mediated immunity are at higher risk of acquiring cryptococcosis, particularly those with CD4 cell counts &lt;100 cells/microliter.</P><A href=\"epoc://dx/monograph/917\"><B class=\"view-dx-monograph\">View Dx monograph</B></A></div></div></div>"},

      {
       "title":"Cytomegalovirus infection",
       "type":"flex0",
       "targetHTML":"<div class=\"cell\"><div class=\"cellBlock\"><div class=\"cellBody\"><P>Cytomegalovirus (CMV) is a ubiquitous beta-herpes virus that infects the majority of humans. Primary infection in individuals with normal immune function is usually asymptomatic. After primary infection, CMV establishes a state of lifelong latency in various host cells, with periodic subclinical reactivations that are controlled by a functioning immune system. When reactivation occurs in patients with severely compromised immune function (transplant patients, or patients with AIDS with a CD4 count &lt;50 cells/microliter), uncontrolled CMV replication often ensues, which leads to the clinical manifestations characterized by fever, bone marrow suppression, and tissue-invasive disease.</P><A href=\"epoc://dx/monograph/560\"><B class=\"view-dx-monograph\">View Dx monograph</B></A></div></div></div>"},

      {
       "title":"Oral candidiasis",
       "type":"flex0",
       "targetHTML":"<div class=\"cell\"><div class=\"cellBlock\"><div class=\"cellBody\"><P>One of the most diagnosed opportunistic infections among people living with HIV. It involves a local infection of oral tissues by yeasts of the genus&nbsp;Candida, mostly C albicans. Although Candida are considered normal flora in the gastrointestinal and genitourinary tracts in humans, they are capable of local infection of mucus membranes (oropharyngeal candidiasis, oesophagitis, vulvovaginitis), focal invasion (endophthalmitis, meningitis, endocarditis), and dissemination (candidemia).</P><A href=\"epoc://dx/monograph/106\"><B class=\"view-dx-monograph\">View Dx monograph</B></A></div></div></div>"},

      {
       "title":"Kaposi sarcoma",
       "type":"flex0",
       "targetHTML":"<div class=\"cell\"><div class=\"cellBlock\"><div class=\"cellBody\"><P>The most common neoplasm arising in HIV-infected people. It is a low-grade vasoformative neoplasm associated with human herpesvirus-8 or Kaposi sarcoma herpesvirus infection. Lesions frequently involve mucocutaneous sites, but may become more extensive to involve the lymph nodes and visceral organs. Skin lesions evolve from an early patch, to a plaque, and later to ulcerating tumor nodules.</P><A href=\"epoc://dx/monograph/1031\"><B class=\"view-dx-monograph\">View Dx monograph</B></A></div></div></div>"},

      {
       "title":"Evaluation of dermatologic disorders in HIV",
       "type":"flex0",
       "targetHTML":"<div class=\"cell\"><div class=\"cellBlock\"><div class=\"cellBody\"><P>Cutaneous manifestations often reflect immune status and may offer insight into the long-term prognosis of HIV-infected patients. The etiologies of different diseases involving the entire spectrum of skin and HIV vary, but a useful etiologic distinction to note is that some skin diseases are fairly specific to HIV (e.g., Kaposi sarcoma, oral hairy leukoplakia, papular pruritic eruption of HIV, HIV photodermatitis), and other skin diseases may appear in non-HIV-infected populations but have altered presentation with HIV.</P><A href=\"epoc://dx/monograph/855\"><B class=\"view-dx-monograph\">View Dx monograph</B></A></div></div></div>"},

      {
       "title":"Evaluation of HIV-related mental status changes",
       "type":"flex0",
       "targetHTML":"<div class=\"cell\"><div class=\"cellBlock\"><div class=\"cellBody\"><P>Causes of altered mental status in HIV infection include both acutely presenting conditions (which often represent HIV-related opportunistic infection or associated systemic illness) and more progressive neurocognitive disease or psychological comorbidity. Neuropsychological issues arise as a direct effect of HIV infection: for example, as part of a spectrum of HIV-associated neurocognitive disorders or as a psychiatric comorbidity (e.g., depression or alcohol/substance abuse).</P><A href=\"epoc://dx/monograph/900\"><B class=\"view-dx-monograph\">View Dx monograph</B></A></div></div></div>"}      ]}    ],
   "type":"table"}  ],
 "citations":
 {
  "articles":
  [

   {
    "id":1,
    "key_article":false,
    "ref_article":true,
    "html":"Centers for Disease Control and Prevention. 2015 sexually transmitted diseases treatment guidelines. 2015 [internet publication].<a href=\"https://www.cdc.gov/std/tg2015/default.htm\"> [Full Text]</a>"},

   {
    "id":2,
    "key_article":false,
    "ref_article":true,
    "html":"World Health Organization. HIV/AIDS. Nov 2017 [internet publication].<a href=\"https://www.who.int/features/qa/71/en/\"> [Full Text]</a>"},

   {
    "id":3,
    "key_article":true,
    "ref_article":true,
    "html":"U.S. Department of Health and Human Services. Panel on Antiretroviral Guidelines for Adults and Adolescents. Guidelines for the use of antiretroviral agents in adults and adolescents with HIV. Dec 2019 [internet publication].<a href=\"https://aidsinfo.nih.gov/guidelines/html/1/adult-and-adolescent-arv/0\"> [Full Text]</a>"}   ]},
 "media":
 [
  ]}