
{
 "id":294,
 "title":"Hepatic encephalopathy",
 "views":
 [

  {
   "id":"root",
   "type":"table",
   "sections":
   [

    {
     "cells":
     [

      {
       "target":"highlights",
       "title":"Highlights & Basics",
       "type":"flex0"}      ]},

    {
     "cells":
     [

      {
       "target":"tx_options",
       "title":"Treatment Options",
       "type":"flex0"},

      {
       "target":"tx_emerging",
       "title":"Emerging Treatments",
       "type":"flex0"},

      {
       "target":"tx_approach",
       "title":"Treatment Approach",
       "type":"flex0"},

      {
       "target":"hxexam",
       "title":"History & Exam",
       "type":"flex0"},

      {
       "target":"tests",
       "title":"Tests",
       "type":"flex0"},

      {
       "target":"differentials",
       "title":"Differential Diagnosis",
       "type":"flex0"},

      {
       "target":"diag_approach",
       "title":"Diagnostic Approach",
       "type":"flex0"},

      {
       "target":"followup",
       "title":"Follow-up",
       "type":"flex0"},

      {
       "target":"prevention",
       "title":"Prevention",
       "type":"flex0"},

      {
       "target":"complications",
       "title":"Complications",
       "type":"flex0"},

      {
       "target":"guidelines",
       "title":"Society Guidelines",
       "type":"flex0"}      ]}    ]},

  {
   "id":"highlights",
   "title":"Hepatic encephalopathy",
   "html":"<div class=\"cell\"><div class=\"cellBlock\"><div class=\"cellTitle\">Key Highlights</div><div class=\"cellBody\"><ul><li>A neuropsychiatric syndrome caused by acute or chronic hepatic insufficiency.</li><li>Symptoms vary in severity from a mild alteration in mental state to coma but are often reversible with treatment.</li><li>Causation is thought to be multifactorial, resulting in brain exposure to ammonia that has bypassed the liver through portosystemic shunting.</li><li>Diagnosis is based on reported neurologic deficits combined with laboratory abnormalities showing severe liver dysfunction.</li><li>Treatment approaches include providing supportive care (such as preventing aspiration), correcting precipitating factors, and reducing gastrointestinal production of ammonia.</li></ul></div><div class=\"cellTitle\">Definition</div><div class=\"cellBody\"><P>Hepatic encephalopathy (HE) is a brain dysfunction caused by liver insufficiency and/or portosystemic shunt. It manifests as a wide spectrum of neurologic or psychiatric abnormalities ranging from subclinical alterations to coma.<a href=\"epoc://current?article=1\">[1]</a> </P><P>This topic discusses HE in patients with cirrhosis. For a discussion of HE in acute liver failure, see our Acute liver failure topic.</P></div><div class=\"cellTitle\">Classification</div><div class=\"cellBody\"><h3>West Haven criteria<a href=\"epoc://current?article=1\">[1]</a> </h3><P>Guidelines representing the position of both the American Association for the Study of Liver Diseases and the European Association for the Study of the Liver outline a four-factor classification system for hepatic encephalopathy (HE).</P><P>1) Underlying disease</P><ul><li>Type A: HE associated with acute liver failure</li><li>Type B: HE associated predominantly with portosystemic bypass or shunting</li><li>Type C: HE associated with cirrhosis</li></ul><P>2) Grade of HE manifestations and clinical description</P><ul><li>Unimpaired: no encephalopathy at all, no history of HE</li><li>Minimal (covert): psychometric or neuropsychological alterations of tests exploring psychomotor speed/executive functions or neurophysiological alterations without clinical evidence of mental change</li><li>Grade 1 (covert): trivial lack of awareness, euphoria or anxiety, shortened attention span, impairment of addition or subtraction, altered sleep rhythm</li><li>Grade 2 (overt): lethargy or apathy, disorientation for time, obvious personality change, inappropriate behavior, dyspraxia, asterixis</li><li>Grade 3 (overt): somnolence to semistupor, responsive to stimuli, confused, gross disorientation, bizarre behavior</li><li>Grade 4 (overt): coma</li></ul><P>3) Time</P><ul><li>Episodic HE</li><li>Recurrent HE (within intervals of 6 months or less)</li><li>Persistent HE (behavioral alterations that are always present and are interspersed with episodes of overt HE)</li></ul><P>4) Existence of precipitating factors; HE is either:</P><ul><li>Nonprecipitated</li><li>Precipitated (can be identified in nearly all bouts of episodic HE type C)</li></ul><P>See our Acute liver failure topic for discussion on the management of type A hepatic encephalopathy.</P></div><div class=\"cellTitle\">Epidemiology</div><div class=\"cellBody\"><P>Because no definitive test exists, and clinical signs can be subtle, the reported incidence and prevalence of hepatic encephalopathy (HE) varies. Approximately 11% of patients with cirrhosis have overt HE at the time of cirrhosis diagnosis.<a href=\"epoc://current?article=2\">[2]</a> About 30% to 40% of patients with cirrhosis have an episode of overt HE during their illness. After an episode of overt HE, there is a 40% risk of recurrence within the next year.<a href=\"epoc://current?article=3\">[3]</a> </P></div><div class=\"cellTitle\">Etiology</div><div class=\"cellBody\"><P>Hepatic encephalopathy (HE) likely reflects a combination of metabolic encephalopathy, brain atrophy, and/or brain edema rather than a single clinical entity. The exact mechanisms causing brain dysfunction in patients with liver failure are not well understood.</P><P>Ammonia has been implicated as a neurotoxin in the pathogenesis of the disease, as ammonia levels are significantly increased in patients with chronic liver failure.<a href=\"epoc://current?article=4\">[4]</a> However, a lack of strong correlation between serum ammonia levels and the degree of encephalopathy in individual patients suggests that other factors are also likely to play a part in its development.</P><P>For patients with chronic liver disease, precipitating factors may include gastrointestinal bleeding, infection, use of sedatives/tranquilizers, hypokalemia, alkalosis, increased protein intake, and constipation.</P><P>Gastrointestinal bleeding and increased protein intake lead to increased ammonia production. Hypokalemia is often accompanied by the movement of extracellular hydrogen ions into cells to maintain electrical neutrality. The subsequent metabolic alkalosis is thought to promote the conversion of ammonium ions (NH4+), charged particles that do not cross the blood-brain barrier, into un-ionized ammonia (NH3), which can cross the blood-brain barrier, thus promoting the disease. In these patients, precipitating causes should be quickly identified and treated.</P></div><div class=\"cellTitle\">Authors / Peer Reviewers</div><div class=\"cellBody\"><ul><li>Jasmohan S. Bajaj, MD, FAASLD, FACG, AGAF, FRCP (London), MS</li><li>Sammy Saab, MD, MPH, AGAF</li><li>Jorge A. Marrero, MD</li></ul></div><br><b class=\"last-updated display-none\">Last Updated: 2020-04-07</b><div style=\"display: none\" class=\"last-updated\"><div class=\"last-updated-label\">Last Updated</div><div class=\"last-updated-date\">2020-04-07</div></div></div></div>",
   "type":"web"},

  {
   "id":"tx_options",
   "sections":
   [

    {
     "headerText":"Acute",
     "cells":
     [

      {
       "target":"tx-0",
       "title":"all patients",
       "type":"flex0"}      ]},

    {
     "headerText":"Ongoing",
     "cells":
     [

      {
       "target":"tx-4",
       "title":"previous/recurrent episode",
       "type":"flex0"}      ]}    ],
   "type":"table"},

  {
   "id":"tx_emerging",
   "title":"Hepatic encephalopathy",
   "html":"<div class=\"cell\"><div class=\"cellBlock\"><div class=\"cellTitle\">Polyethylene glycol</div><div class=\"cellBody\">Evidence from randomized controlled trials suggests that polyethylene glycol and lactulose may be similarly efficacious for the management of acute hepatic encephalopathy (HE).<a href=\"epoc://current?article=34\">[34]</a> <a href=\"epoc://current?article=35\">[35]</a> Further studies are needed before this treatment can be recommended routinely. </div><div class=\"cellTitle\">Extracorporeal albumin dialysis</div><div class=\"cellBody\">Extracorporeal albumin dialysis (ECAD) is an artificial liver support system that dialyzes blood against an albumin-enriched dialysate to remove albumin-bound toxins, in addition to bilirubin, aromatic amino acids, and water-soluble substances. Randomized controlled trials of ECAD have reported improvements in HE and 30-day survival compared with usual care.<a href=\"epoc://current?article=36\">[36]</a> <a href=\"epoc://current?article=37\">[37]</a> This therapy is investigational and not widely available. </div><div class=\"cellTitle\">Probiotics</div><div class=\"cellBody\">A Cochrane review found that probiotics probably improve recovery from HE, but give rise to little or no difference in all-cause mortality compared with placebo or no intervention.<a href=\"epoc://current?article=38\">[38]</a> The review was unable to determine whether probiotics are more effective than lactulose for hepatic encephalopathy. Included studies were at high risk for systematic error and random error (i.e., of low quality).<a href=\"epoc://current?article=38\">[38]</a>&nbsp;</div><div class=\"cellTitle\">Fecal microbiota transplant</div><div class=\"cellBody\">Patients with HE have an altered gut microbiome, with a reduction in beneficial bacteria and an increase in potentially pathogenic bacteria. One open-label randomized trial (n = 20) compared fecal microbiota transplantation with usual care.<a href=\"epoc://current?article=39\">[39]</a> The donor material was rich in Lachnospiraceae and Ruminococcaceae: these bacteria produce short-chain fatty acids that contribute to normal intestinal barrier function. There were fewer hospitalizations in the fecal microbiota transplant group than in the usual care group, particularly for portal hypertensive complications. The fecal microbiota transplant group demonstrated an improvement in cognitive function scores from baseline following transplant. There was no increase in bacterial infections in the fecal microbiota transplant group. A phase 1 clinical trial has reported that fecal microbiota is safe and well-tolerated in patients with recurrent HE and is associated with improved duodenal mucosal bacterial diversity.<a href=\"epoc://current?article=40\">[40]</a> </div><div class=\"cellTitle\">L-ornithine phenylacetate</div><div class=\"cellBody\">Ammonia scavengers, such as L-ornithine phenylacetate (OPA), provide an alternative pathway to urea for waste nitrogen excretion. L-ornithine acts as a substrate for glutamine synthesis from ammonia and the resulting glutamine is conjugated and excreted as phenylacetylglutamine in the urine.<a href=\"epoc://current?article=41\">[41]</a> A small open-label study reported that OPA is safe and well-tolerated in patients with decompensated cirrhosis. Plasma ammonia decreased and urinary phenylacetate excretion increased in the treatment group.<a href=\"epoc://current?article=42\">[42]</a> A Cochrane review concluded that there is currently insufficient evidence to determine the effects of ammonia scavengers on the prevention and treatment of hepatic encephalopathy in adults with cirrhosis.<a href=\"epoc://current?article=43\">[43]</a> </div><div class=\"cellTitle\">Glycerol phenylbutyrate</div><div class=\"cellBody\">Glycerol phenylbutyrate (GPB), another ammonia scavenger, is converted to phenylacetate in vivo and binds to glutamine to form phenylacetylglutamine. A phase 2 study reported a reduction in HE events and readmission to hospital among patients taking GPB compared with those taking placebo. However, the effect was lost when GPB was administered with rifaximin.<a href=\"epoc://current?article=44\">[44]</a> A Cochrane review concluded that there is currently insufficient evidence to determine the effects of ammonia scavengers on the prevention and treatment of hepatic encephalopathy in adults with cirrhosis.<a href=\"epoc://current?article=43\">[43]</a> </div></div></div>",
   "type":"web"},

  {
   "id":"tx_approach",
   "title":"Hepatic encephalopathy",
   "html":"<div class=\"cell\"><div class=\"cellBlock\"><div class=\"cellBody\"><P>The primary objectives of treatment are to:<a href=\"epoc://current?article=1\">[1]</a> </P><ul><li>Provide supportive care</li><li>Exclude other causes of altered mental status</li><li>Identify and correct precipitating factors</li><li>Reduce the nitrogenous load from the gut</li><li>Assess the need for long-term therapy.</li></ul></div><div class=\"cellTitle\">Supportive care</div><div class=\"cellBody\"><P>This involves frequently monitoring the patient's neurologic and mental status. Comatose patients should be admitted to intensive care and their airway protected to avoid aspiration. Intracranial pressure monitoring may be needed for patients with significant intracerebral edema.</P></div><div class=\"cellTitle\">Identifying and correcting precipitating factors</div><div class=\"cellBody\"><P>Precipitating factors should be actively sought and treated. Nearly all cases of episodic hepatic encephalopathy (HE) are precipitated.<a href=\"epoc://current?article=1\">[1]</a> </P><P>Precipitating factors include hypovolemia, gastrointestinal bleeding, infections, electrolyte disturbances (hypokalemia, hyponatremia) and renal failure, sedative or opioid ingestion, hypoxia, hypoglycemia, excessive dietary protein intake, constipation, acute hepatic or portal vein thrombosis, and recent placement of a transjugular intrahepatic portosystemic shunt (TIPS).<a href=\"epoc://current?article=1\">[1]</a> <a href=\"epoc://current?article=12\">[12]</a> <a href=\"epoc://current?article=13\">[13]</a> <a href=\"epoc://current?article=14\">[14]</a> Occasionally TIPS must be occluded if the condition cannot otherwise be managed.</P></div><div class=\"cellTitle\">Reducing nitrogenous load</div><div class=\"cellBody\"><P>Diet</P><P>Decreasing the patient's protein intake has been hypothesized to reduce intestinal ammonia production, but it may also worsen pre-existing protein-caloric malnutrition in patients with cirrhosis. One randomized controlled trial (RCT) found no difference between moderate and aggressive protein restriction;<a href=\"epoc://current?article=22\">[22]</a> another RCT found no increased risk of HE with a normal protein diet compared with a low protein diet.<a href=\"epoc://current?article=23\">[23]</a> </P><P>Patients may require a short-term protein-restricted diet after HE is diagnosed but should not continue protein restriction indefinitely, because malnutrition and sarcopenia are risk factors for hepatic encephalopathy. The recommended daily protein intake is 1.2 to 1.5 g/kg/day.<a href=\"epoc://current?article=1\">[1]</a>&nbsp;There is no advantage to parenteral nutrition in patients with cirrhosis.</P><P>Nonabsorbable disaccharides</P><P>The nitrogenous load from the gut can be reduced by treatment with either nonabsorbable disaccharides (e.g., lactulose) or antibiotics. Colonic cleansing also helps to reduce gut ammonia and, subsequently, blood ammonia levels.</P><P>Although the mainstay of therapy, the exact mechanism of action of nonabsorbable disaccharides, such as lactulose (a laxative), is not clear. Lactulose is degraded by intestinal bacteria into lactic acid and other organic acids. Acidification of the gut lumen favors the conversion of ammonium ions to ammonia, aiding passage of ammonia from tissues to lumen. Acidification also inhibits ammonia-producing coliform bacteria. Side effects such as diarrhea, abdominal discomfort, and flatulence limit compliance.</P><P>Meta-analysis suggests a beneficial effect of nonabsorbable disaccharides on mortality compared with placebo or no intervention.<a href=\"epoc://current?article=24\">[24]</a> Lactulose is recommended first-line for the management of episodic overt HE.<a href=\"epoc://current?article=1\">[1]</a> </P><P>Antibiotics</P><P>Rifaximin has a broad spectrum of antimicrobial activity, including gram-positive, gram-negative, and anaerobic enteric bacteria.<a href=\"epoc://current?article=25\">[25]</a> Very little is absorbed systemically following oral administration; most of the dose remains in the gastrointestinal tract. In HE, antibiotics are thought to reduce production of ammonia and other neurotoxins in the gastrointestinal tract.</P><P>Rifaximin should be considered in patients with persistent symptoms despite treatment with lactulose or those who cannot tolerate lactulose.<a href=\"epoc://current?article=26\">[26]</a> It is recommended as add-on therapy for episodic overt HE.<a href=\"epoc://current?article=1\">[1]</a>&nbsp;Rifaximin is typically added to, rather than substituted for, lactulose.</P><P>One systematic review and meta-analysis reported that rifaximin has a beneficial effect on mortality and full recovery from hepatic encephalopathy compared with placebo, nonabsorbable disaccharides, or other antibiotics.<a href=\"epoc://current?article=27\">[27]</a> Another meta-analysis found that the addition of rifaximin to lactulose decreases mortality and improves clinical efficacy compared with lactulose alone.<a href=\"epoc://current?article=28\">[28]</a> </P><P>Rifaxamin is usually better tolerated than lactulose. In one retrospective study of 145 patients treated for HE, only 31% of patients reported taking more than 75% of their prescribed doses of lactulose, whereas 92% of patients reported taking more than 75% of their prescribed doses of rifaximin.<a href=\"epoc://current?article=29\">[29]</a> </P><P>Trials comparing rifaximin with neomycin reported that asterixis and ammonia levels improved more quickly with rifaximin. Both groups showed similar improvement in mental status.<a href=\"epoc://current?article=25\">[25]</a> </P></div><div class=\"cellTitle\">Long-term therapy</div><div class=\"cellBody\"><P>Care should be taken to help patients with chronic liver disease avoid recurrent events.&nbsp;Measures include:</P><ul><li>Avoiding psychoactive medications where possible</li><li>Prophylaxis of spontaneous bacterial peritonitis if indicated</li><li>Avoiding constipation</li><li>Prophylaxis against gastrointestinal bleeding.</li></ul><P>Prophylactic treatment with lactulose is recommended for preventing recurrence of HE in patients with cirrhosis.<a href=\"epoc://current?article=1\">[1]</a> <a href=\"epoc://current?article=3\">[3]</a> Lactulose should be given chronically to patients (who are tolerant to lactulose) with cirrhosis/portal hypertension and a previous or recurrent episode of HE.</P><P>Rifaximin effectively prevents recurrence of HE and is a recommended add-on therapy to lactulose for patients with episodic HE.<a href=\"epoc://current?article=1\">[1]</a>&nbsp;In a randomized controlled trial, a 6-month course of rifaximin decreased the risk of relapse and hospitalization due to HE in patients with recurrent HE.<a href=\"epoc://current?article=31\">[31]</a> A systematic review and meta-analysis found that rifaximin had a beneficial effect on secondary prevention of HE, full recovery from HE, and mortality.<a href=\"epoc://current?article=27\">[27]</a> </P><P>Liver transplant</P><P>Appropriate candidates should be referred to liver transplant centers after a first episode of encephalopathy. The most commonly used prognostic model for estimating disease severity and listing for transplant is the Model for End-stage Liver Disease (MELD) score. A score of ≥15 is an appropriate indicator for referral for transplant evaluation.<a href=\"epoc://current?article=32\">[32]</a> <a href=\"epoc://current?article=33\">[33]</a> </P></div></div></div>",
   "type":"web"},

  {
   "id":"hxexam_details",
   "sections":
   [

    {
     "type":"table",
     "headerText":"Strong",
     "cells":
     [

      {
       "title":"hypovolemia",
       "type":"flex0",
       "targetHTML":"<div class=\"cell\"><div class=\"cellBlock\"><div class=\"cellBody\"><P>May precipitate episodic HE.<a href=\"epoc://current?article=12\">[12]</a><a href=\"epoc://current?article=13\">[13]</a></P></div></div></div>"},

      {
       "title":"gastrointestinal bleeding",
       "type":"flex0",
       "targetHTML":"<div class=\"cell\"><div class=\"cellBlock\"><div class=\"cellBody\"><P>May precipitate episodic HE.<a href=\"epoc://current?article=12\">[12]</a><a href=\"epoc://current?article=13\">[13]</a></P></div></div></div>"},

      {
       "title":"constipation",
       "type":"flex0",
       "targetHTML":"<div class=\"cell\"><div class=\"cellBlock\"><div class=\"cellBody\"><P>May precipitate episodic HE.<a href=\"epoc://current?article=12\">[12]</a> The mechanism is thought to be increased absorption of nitrogenous compounds from the gut.</P></div></div></div>"},

      {
       "title":"excessive protein intake",
       "type":"flex0",
       "targetHTML":"<div class=\"cell\"><div class=\"cellBlock\"><div class=\"cellBody\"><P>May precipitate episodic HE.<a href=\"epoc://current?article=12\">[12]</a> The mechanism is thought to be increased absorption of nitrogenous compounds from the gut.</P></div></div></div>"},

      {
       "title":"hypokalemia",
       "type":"flex0",
       "targetHTML":"<div class=\"cell\"><div class=\"cellBlock\"><div class=\"cellBody\"><P>May precipitate episodic HE.<a href=\"epoc://current?article=12\">[12]</a><a href=\"epoc://current?article=13\">[13]</a></P></div></div></div>"},

      {
       "title":"hyponatremia",
       "type":"flex0",
       "targetHTML":"<div class=\"cell\"><div class=\"cellBlock\"><div class=\"cellBody\"><P>Independent risk factor for HE in patients with cirrhosis.<a href=\"epoc://current?article=1\">[1]</a><a href=\"epoc://current?article=14\">[14]</a></P></div></div></div>"},

      {
       "title":"metabolic alkalosis",
       "type":"flex0",
       "targetHTML":"<div class=\"cell\"><div class=\"cellBlock\"><div class=\"cellBody\"><P>May precipitate episodic HE.<a href=\"epoc://current?article=12\">[12]</a><a href=\"epoc://current?article=13\">[13]</a></P></div></div></div>"},

      {
       "title":"hypoxia",
       "type":"flex0",
       "targetHTML":"<div class=\"cell\"><div class=\"cellBlock\"><div class=\"cellBody\"><P>May precipitate episodic HE.<a href=\"epoc://current?article=12\">[12]</a><a href=\"epoc://current?article=13\">[13]</a></P></div></div></div>"},

      {
       "title":"sedative use",
       "type":"flex0",
       "targetHTML":"<div class=\"cell\"><div class=\"cellBlock\"><div class=\"cellBody\"><P>May precipitate episodic HE.<a href=\"epoc://current?article=12\">[12]</a><a href=\"epoc://current?article=13\">[13]</a></P></div></div></div>"},

      {
       "title":"hypoglycemia",
       "type":"flex0",
       "targetHTML":"<div class=\"cell\"><div class=\"cellBlock\"><div class=\"cellBody\"><P>May precipitate episodic HE.<a href=\"epoc://current?article=12\">[12]</a><a href=\"epoc://current?article=13\">[13]</a></P></div></div></div>"},

      {
       "title":"infection",
       "type":"flex0",
       "targetHTML":"<div class=\"cell\"><div class=\"cellBlock\"><div class=\"cellBody\"><P>May precipitate episodic HE.<a href=\"epoc://current?article=12\">[12]</a><a href=\"epoc://current?article=13\">[13]</a></P></div></div></div>"},

      {
       "title":"hepatic or portal vein thrombosis",
       "type":"flex0",
       "targetHTML":"<div class=\"cell\"><div class=\"cellBlock\"><div class=\"cellBody\"><P>May precipitate episodic HE.<a href=\"epoc://current?article=12\">[12]</a><a href=\"epoc://current?article=13\">[13]</a></P></div></div></div>"},

      {
       "title":"portacaval shunt",
       "type":"flex0",
       "targetHTML":"<div class=\"cell\"><div class=\"cellBlock\"><div class=\"cellBody\"><P>Incidence of the disease has been reported to be approximately 30% after transjugular intrahepatic portosystemic shunt (TIPS).<a href=\"epoc://current?article=15\">[15]</a></P><P>Older patients (&gt;65 years), those with more advanced liver disease, and those with prior episodes of HE may be at higher risk for developing HE after TIPS.</P></div></div></div>"},

      {
       "title":"renal impairment",
       "type":"flex0",
       "targetHTML":"<div class=\"cell\"><div class=\"cellBlock\"><div class=\"cellBody\"><P>Patients with cirrhosis and renal impairment have a higher risk of HE.<a href=\"epoc://current?article=16\">[16]</a></P></div></div></div>"}      ]}    ],
   "type":"table"},

  {
   "id":"p-hxexam_factor-key_0",
   "title":"Hepatic encephalopathy",
   "html":"<html><div class=\"cell\"><div class=\"cellBlock\"><div class=\"cellBody\"><P>Patients may experience euphoria or depression.</P></div></div></div></html>",
   "type":"web"},

  {
   "id":"p-hxexam_factor-key_1",
   "title":"Hepatic encephalopathy",
   "html":"<html><div class=\"cell\"><div class=\"cellBlock\"><div class=\"cellBody\"><P>Patients may have sleep disturbances such as insomnia or hypersomnia.</P></div></div></div></html>",
   "type":"web"},

  {
   "id":"p-hxexam_factor-key_2",
   "title":"Hepatic encephalopathy",
   "html":"<html><div class=\"cell\"><div class=\"cellBlock\"><div class=\"cellBody\"><P>Patients may have motor disturbances such as ataxia, and extrapyramidal symptoms such as muscle rigidity, bradykinesia, hypokinesia, slow monotonous speech, and parkinsonian-like tremor.<a href=\"epoc://current?article=1\">[1]</a> </P></div></div></div></html>",
   "type":"web"},

  {
   "id":"p-hxexam_factor-key_3",
   "title":"Hepatic encephalopathy",
   "html":"<html><div class=\"cell\"><div class=\"cellBlock\"><div class=\"cellBody\"><P>Patients may have somnolence and confusion, which may be followed by unconsciousness or coma. Hyperreflexia, nystagmus, and clonus may be present in rare cases.</P></div></div></div></html>",
   "type":"web"},

  {
   "id":"p-hxexam_factor-other_4",
   "title":"Hepatic encephalopathy",
   "html":"<html><div class=\"cell\"><div class=\"cellBlock\"><div class=\"cellBody\"><P>Negative myoclonus, detected by extending the arms, dorsiflexing the wrist, and spreading the fingers. Not specific for HE.</P></div></div></div></html>",
   "type":"web"},

  {
   "id":"p-hxexam_factor-other_5",
   "title":"Hepatic encephalopathy",
   "html":"<html><div class=\"cell\"><div class=\"cellBlock\"><div class=\"cellBody\"><P>Physical exam findings consistent with chronic liver disease may also be present.</P></div></div></div></html>",
   "type":"web"},

  {
   "id":"p-hxexam_factor-other_6",
   "title":"Hepatic encephalopathy",
   "html":"<html><div class=\"cell\"><div class=\"cellBlock\"><div class=\"cellBody\"><P>Physical exam findings consistent with chronic liver disease may also be present.</P></div></div></div></html>",
   "type":"web"},

  {
   "id":"p-hxexam_factor-other_7",
   "title":"Hepatic encephalopathy",
   "html":"<html><div class=\"cell\"><div class=\"cellBlock\"><div class=\"cellBody\"><P>Physical exam findings consistent with chronic liver disease may also be present.</P></div></div></div></html>",
   "type":"web"},

  {
   "id":"p-hxexam_factor-other_8",
   "title":"Hepatic encephalopathy",
   "html":"<html><div class=\"cell\"><div class=\"cellBlock\"><div class=\"cellBody\"><P>Physical exam findings consistent with chronic liver disease may also be present.</P></div></div></div></html>",
   "type":"web"},

  {
   "id":"p-hxexam_factor-other_9",
   "title":"Hepatic encephalopathy",
   "html":"<html><div class=\"cell\"><div class=\"cellBlock\"><div class=\"cellBody\"><P>An enlarged liver may be seen in early viral hepatitis.</P></div></div></div></html>",
   "type":"web"},

  {
   "id":"p-hxexam_factor-other_10",
   "title":"Hepatic encephalopathy",
   "html":"<html><div class=\"cell\"><div class=\"cellBlock\"><div class=\"cellBody\"><P>Physical exam findings consistent with chronic liver disease may also be present.</P></div></div></div></html>",
   "type":"web"},

  {
   "id":"hxexam",
   "sections":
   [

    {
     "headerText":"Risk Factors",
     "cells":
     [

      {
       "target":"hxexam_details",
       "title":"Details",
       "type":"flex0"}      ]},

    {
     "dividerType":"divider0",
     "headers":
     [

      {
       "title":"Key Diagnostic Factors"},

      {
       "title":"common",
       "type":"header1"}      ],
     "cells":
     [

      {
       "title":"mood disturbances",
       "target":"p-hxexam_factor-key_0",
       "type":"flex0"},

      {
       "title":"sleep disturbances",
       "target":"p-hxexam_factor-key_1",
       "type":"flex0"},

      {
       "title":"motor disturbances",
       "target":"p-hxexam_factor-key_2",
       "type":"flex0"},

      {
       "title":"advanced neurologic deficits",
       "target":"p-hxexam_factor-key_3",
       "type":"flex0"}      ]},

    {
     "dividerType":"divider0",
     "headers":
     [

      {
       "title":"Other Diagnostic Factors"},

      {
       "title":"common",
       "type":"header1"}      ],
     "cells":
     [

      {
       "title":"asterixis",
       "target":"p-hxexam_factor-other_4",
       "type":"flex0"},

      {
       "title":"spider angiomata",
       "target":"p-hxexam_factor-other_5",
       "type":"flex0"},

      {
       "title":"palmar erythema ",
       "target":"p-hxexam_factor-other_6",
       "type":"flex0"},

      {
       "title":"peripheral edema",
       "target":"p-hxexam_factor-other_7",
       "type":"flex0"},

      {
       "title":"jaundice",
       "target":"p-hxexam_factor-other_8",
       "type":"flex0"},

      {
       "title":"hepatomegaly",
       "target":"p-hxexam_factor-other_9",
       "type":"flex0"},

      {
       "title":"ascites",
       "target":"p-hxexam_factor-other_10",
       "type":"flex0"}      ]}    ],
   "type":"table"},

  {
   "id":"p-test-t_0",
   "title":"liver tests",
   "html":"<html><div class=\"cell\"><div class=\"cellBlock\"><div class=\"cellTitle\">Result</div><div class=\"cellBody\">abnormal</div><div class=\"cellTitle\">Test Details</div><div class=\"cellBody\"><li>Result depends on presence and type of hepatic dysfunction.</li></div></div></div></html>",
   "type":"web"},

  {
   "id":"p-test-t_1",
   "title":"serum glucose",
   "html":"<html><div class=\"cell\"><div class=\"cellBlock\"><div class=\"cellTitle\">Result</div><div class=\"cellBody\">normal</div><div class=\"cellTitle\">Test Details</div><div class=\"cellBody\"><li>Serum glucose should be normal in patients with hepatic encephalopathy. Hypoglycemia should be excluded because it can be treated.</li></div></div></div></html>",
   "type":"web"},

  {
   "id":"p-test-t_2",
   "title":"coagulation profile",
   "html":"<html><div class=\"cell\"><div class=\"cellBlock\"><div class=\"cellTitle\">Result</div><div class=\"cellBody\">elevated prothrombin time</div></div></div></html>",
   "type":"web"},

  {
   "id":"p-test-t_3",
   "title":"serum electrolytes",
   "html":"<html><div class=\"cell\"><div class=\"cellBlock\"><div class=\"cellTitle\">Result</div><div class=\"cellBody\">normal or hyponatremia or hypokalemia</div><div class=\"cellTitle\">Test Details</div><div class=\"cellBody\"><li>Hyponatremia is common in patients with cirrhosis. Hypokalemia can precipitate hepatic encephalopathy.</li></div></div></div></html>",
   "type":"web"},

  {
   "id":"p-test-t_4",
   "title":"BUN and creatinine",
   "html":"<html><div class=\"cell\"><div class=\"cellBlock\"><div class=\"cellTitle\">Result</div><div class=\"cellBody\">normal or elevated</div><div class=\"cellTitle\">Test Details</div><div class=\"cellBody\"><li>BUN is raised if there is a history of upper gastrointestinal bleeding. Patients with cirrhosis and renal impairment are at higher risk of HE.</li></div></div></div></html>",
   "type":"web"},

  {
   "id":"p-test-t_5",
   "title":"arterial or venous blood gas",
   "html":"<html><div class=\"cell\"><div class=\"cellBlock\"><div class=\"cellTitle\">Result</div><div class=\"cellBody\">normal or metabolic alkalosis</div><div class=\"cellTitle\">Test Details</div><div class=\"cellBody\"><li>Metabolic alkalosis may precipitate HE.</li></div></div></div></html>",
   "type":"web"},

  {
   "id":"p-test-t_6",
   "title":"CBC",
   "html":"<html><div class=\"cell\"><div class=\"cellBlock\"><div class=\"cellTitle\">Result</div><div class=\"cellBody\">normal or leukocytosis or thrombocytosis</div><div class=\"cellTitle\">Test Details</div><div class=\"cellBody\"><li>Elevated white cell count and thrombocytosis may indicate infection.</li></div></div></div></html>",
   "type":"web"},

  {
   "id":"p-test-t_7",
   "title":"urine culture",
   "html":"<html><div class=\"cell\"><div class=\"cellBlock\"><div class=\"cellTitle\">Result</div><div class=\"cellBody\">may be positive</div><div class=\"cellTitle\">Test Details</div><div class=\"cellBody\"><li>Routine culture of urine can identify potential precipitating causes such as urinary tract infection.</li></div></div></div></html>",
   "type":"web"},

  {
   "id":"p-test-t_8",
   "title":"blood culture",
   "html":"<html><div class=\"cell\"><div class=\"cellBlock\"><div class=\"cellTitle\">Result</div><div class=\"cellBody\">may be positive</div><div class=\"cellTitle\">Test Details</div><div class=\"cellBody\"><li>Routine culture of blood can identify potential precipitating causes such as bacteremia and spontaneous bacterial peritonitis.</li></div></div></div></html>",
   "type":"web"},

  {
   "id":"p-test-t_9",
   "title":"urine toxin screen",
   "html":"<html><div class=\"cell\"><div class=\"cellBlock\"><div class=\"cellTitle\">Result</div><div class=\"cellBody\">may be positive for toxins</div><div class=\"cellTitle\">Test Details</div><div class=\"cellBody\"><li>Carried out to investigate use of opioids or sedatives.</li></div></div></div></html>",
   "type":"web"},

  {
   "id":"p-test-t_10",
   "title":"ultrasonography",
   "html":"<html><div class=\"cell\"><div class=\"cellBlock\"><div class=\"cellTitle\">Result</div><div class=\"cellBody\">may show thrombosis of portal or hepatic vein</div><div class=\"cellTitle\">Test Details</div><div class=\"cellBody\"><li>Rules out acute thrombosis of the portal or hepatic vein as precipitating factor.</li><li>An upper-quadrant ultrasound should be considered in all patients with unexplained acute decompensation.</li></div></div></div></html>",
   "type":"web"},

  {
   "id":"p-test-t_11",
   "title":"head CT scan",
   "html":"<html><div class=\"cell\"><div class=\"cellBlock\"><div class=\"cellTitle\">Result</div><div class=\"cellBody\">absence of other causes and presence of edema</div><div class=\"cellTitle\">Test Details</div><div class=\"cellBody\"><li>A head CT scan can be carried out in all patients with a first episode of HE and in patients with focal neurologic deficits to exclude other causes, such as occult subdural hematoma.</li><li>CT scan may also demonstrate evidence of cerebral edema.</li><li>The yield is low in patients with cirrhosis and recurrent hepatic encephalopathy.<a href=\"epoc://current?article=17\">[17]</a> </li></div></div></div></html>",
   "type":"web"},

  {
   "id":"p-test-t_12",
   "title":"EEG",
   "html":"<html><div class=\"cell\"><div class=\"cellBlock\"><div class=\"cellTitle\">Result</div><div class=\"cellBody\">decrease in brain wave frequency and amplitude</div><div class=\"cellTitle\">Test Details</div><div class=\"cellBody\"><li>An EEG may help in diagnosing mild HE and in excluding occult seizure activity in comatose patients.<a href=\"epoc://current?article=19\">[19]</a> HE may be associated with a decrease in brain wave frequency and amplitude.</li></div></div></div></html>",
   "type":"web"},

  {
   "id":"p-test-t_13",
   "title":"ammonia level",
   "html":"<html><div class=\"cell\"><div class=\"cellBlock\"><div class=\"cellTitle\">Result</div><div class=\"cellBody\">hyperammonemia</div><div class=\"cellTitle\">Test Details</div><div class=\"cellBody\"><li>Utility of ammonia levels is limited. High ammonia levels do not have diagnostic, staging, or prognostic value for patients with hepatic encephalopathy. Monitoring ammonia trends may be helpful in monitoring therapy, but it is not required to make a diagnosis. The diagnosis of HE should be reconsidered if the ammonia level is measured and is within the normal range.<a href=\"epoc://current?article=1\">[1]</a> </li></div></div></div></html>",
   "type":"web"},

  {
   "id":"p-test-t_14",
   "title":"lumbar puncture",
   "html":"<html><div class=\"cell\"><div class=\"cellBlock\"><div class=\"cellTitle\">Result</div><div class=\"cellBody\">normal cell count and protein levels</div><div class=\"cellTitle\">Test Details</div><div class=\"cellBody\"><li>Lumbar puncture may be considered when there is concern for meningitis or other central nervous system process. In hepatic encephalopathy, results should be normal.</li></div></div></div></html>",
   "type":"web"},

  {
   "id":"p-test-t_15",
   "title":"abdominal paracentesis",
   "html":"<html><div class=\"cell\"><div class=\"cellBlock\"><div class=\"cellTitle\">Result</div><div class=\"cellBody\">normal peritoneal fluid neutrophil count; elevated if spontaneous bacterial peritonitis is present</div><div class=\"cellTitle\">Test Details</div><div class=\"cellBody\"><li>In patients with ascites, a diagnostic paracentesis should be performed to rule out spontaneous bacterial peritonitis, which may precipitate HE.</li></div></div></div></html>",
   "type":"web"},

  {
   "id":"tests",
   "sections":
   [

    {
     "headerText":"Initial Tests",
     "cells":
     [

      {
       "target":"p-test-t_0",
       "title":"liver tests",
       "type":"flex0"},

      {
       "target":"p-test-t_1",
       "title":"serum glucose",
       "type":"flex0"},

      {
       "target":"p-test-t_2",
       "title":"coagulation profile",
       "type":"flex0"},

      {
       "target":"p-test-t_3",
       "title":"serum electrolytes",
       "type":"flex0"},

      {
       "target":"p-test-t_4",
       "title":"BUN and creatinine",
       "type":"flex0"},

      {
       "target":"p-test-t_5",
       "title":"arterial or venous blood gas",
       "type":"flex0"},

      {
       "target":"p-test-t_6",
       "title":"CBC",
       "type":"flex0"},

      {
       "target":"p-test-t_7",
       "title":"urine culture",
       "type":"flex0"},

      {
       "target":"p-test-t_8",
       "title":"blood culture",
       "type":"flex0"},

      {
       "target":"p-test-t_9",
       "title":"urine toxin screen",
       "type":"flex0"},

      {
       "target":"p-test-t_10",
       "title":"ultrasonography",
       "type":"flex0"},

      {
       "target":"p-test-t_11",
       "title":"head CT scan",
       "type":"flex0"}      ]},

    {
     "headerText":"Other Tests to Consider",
     "cells":
     [

      {
       "target":"p-test-t_12",
       "title":"EEG",
       "type":"flex0"},

      {
       "target":"p-test-t_13",
       "title":"ammonia level",
       "type":"flex0"},

      {
       "target":"p-test-t_14",
       "title":"lumbar puncture",
       "type":"flex0"},

      {
       "target":"p-test-t_15",
       "title":"abdominal paracentesis",
       "type":"flex0"}      ]}    ],
   "type":"table"},

  {
   "id":"differentials",
   "sections":
   [

    {
     "cells":
     [

      {
       "title":"Brain tumors",
       "type":"flex0",
       "targetHTML":"<div class=\"cell\"><div class=\"cellBlock\"><div class=\"cellTitle\">Signs/Sx</div><div class=\"cellBody\"><ul><li>Focal neurologic signs.</li></ul></div><div class=\"cellTitle\">Tests</div><div class=\"cellBody\"><ul><li>Head CT scan may show space-occupying lesion.</li></ul></div><a href=\"epoc://dx/monograph/262\"><b class=\"view-dx-monograph\">View Dx Monograph</b></a></div></div>"},

      {
       "title":"Subdural hematoma",
       "type":"flex0",
       "targetHTML":"<div class=\"cell\"><div class=\"cellBlock\"><div class=\"cellTitle\">Signs/Sx</div><div class=\"cellBody\"><ul><li>History of trauma, focal neurologic signs.</li></ul></div><div class=\"cellTitle\">Tests</div><div class=\"cellBody\"><ul><li>Head CT scan may show hemorrhage.</li></ul></div><a href=\"epoc://dx/monograph/416\"><b class=\"view-dx-monograph\">View Dx Monograph</b></a></div></div>"},

      {
       "title":"Acute stroke",
       "type":"flex0",
       "targetHTML":"<div class=\"cell\"><div class=\"cellBlock\"><div class=\"cellTitle\">Signs/Sx</div><div class=\"cellBody\"><ul><li>Neurologic exam may show focal neurologic deficits in HE, but these are more common in stroke.</li></ul></div><div class=\"cellTitle\">Tests</div><div class=\"cellBody\"><ul><li>Head CT scan may show hemorrhage or infarct.</li></ul></div><a href=\"epoc://dx/monograph/1080\"><b class=\"view-dx-monograph\">View Dx Monograph</b></a></div></div>"},

      {
       "title":"Meningitis",
       "type":"flex0",
       "targetHTML":"<div class=\"cell\"><div class=\"cellBlock\"><div class=\"cellTitle\">Signs/Sx</div><div class=\"cellBody\"><ul><li>Headache, photophobia, neck stiffness, nausea, fever.</li></ul></div><div class=\"cellTitle\">Tests</div><div class=\"cellBody\"><ul><li>Lumbar puncture may show cloudy cerebrospinal fluid with increased white blood cells and protein, and reduced glucose in meningococcal meningitis.</li><li>Organisms may be found on Gram stain and culture.</li><li>MRI may show meningeal enhancement.</li></ul></div><a href=\"epoc://dx/monograph/111\"><b class=\"view-dx-monograph\">View Dx Monograph</b></a></div></div>"},

      {
       "title":"Encephalitis",
       "type":"flex0",
       "targetHTML":"<div class=\"cell\"><div class=\"cellBlock\"><div class=\"cellTitle\">Signs/Sx</div><div class=\"cellBody\"><ul><li>Patient may have fever, headache, or history of infection (e.g., measles).</li></ul></div><div class=\"cellTitle\">Tests</div><div class=\"cellBody\"><ul><li>Temporal lobe involvement on MRI is highly suggestive of herpes simplex virus encephalitis.</li><li>Cerebrospinal fluid may be normal or show lymphocytes.</li></ul></div><a href=\"epoc://dx/monograph/436\"><b class=\"view-dx-monograph\">View Dx Monograph</b></a></div></div>"},

      {
       "title":"Uremia",
       "type":"flex0",
       "targetHTML":"<div class=\"cell\"><div class=\"cellBlock\"><div class=\"cellTitle\">Signs/Sx</div><div class=\"cellBody\"><ul><li>History of renal disease or failure, fatigue, weakness.</li><li>Pallor, edema, hypertension, dyspnea, leg cramps, asterixis, and peripheral neuropathy may be present.</li></ul></div><div class=\"cellTitle\">Tests</div><div class=\"cellBody\"><ul><li>Elevated serum BUN and creatinine are consistent with renal dysfunction and uremia.</li></ul></div></div></div>"},

      {
       "title":"Hypoglycemia",
       "type":"flex0",
       "targetHTML":"<div class=\"cell\"><div class=\"cellBlock\"><div class=\"cellTitle\">Signs/Sx</div><div class=\"cellBody\"><ul><li>Hypoglycemia is more common in older patients with diabetes or those attempting tight glycemic control.</li><li>Differentiating features include signs of autonomic overactivity, sweating, tachycardia, and coma.</li></ul></div><div class=\"cellTitle\">Tests</div><div class=\"cellBody\"><ul><li>Serum glucose should be measured, as hypoglycemia can cause metabolic encephalopathy.</li></ul></div></div></div>"},

      {
       "title":"Hyperglycemia",
       "type":"flex0",
       "targetHTML":"<div class=\"cell\"><div class=\"cellBlock\"><div class=\"cellTitle\">Signs/Sx</div><div class=\"cellBody\"><ul><li>Diabetic ketoacidosis (DKA) may be preceded by polyuria, nausea, and confusion. Patients may have fruity, acetone breath; tachycardia; and abdominal pain.</li><li>Hyperosmolar hyperglycemic state (HHS) may occur in absence of ketones and may also cause metabolic encephalopathy.</li></ul></div><div class=\"cellTitle\">Tests</div><div class=\"cellBody\"><ul><li>Serum glucose should be measured, as hyperglycemia can cause metabolic encephalopathy.</li><li>Blood and urine ketones are elevated and venous pH is reduced in patients with DKA.</li><li>Serum osmolality is elevated in patients with HHS.</li></ul></div></div></div>"},

      {
       "title":"Hypercarbia",
       "type":"flex0",
       "targetHTML":"<div class=\"cell\"><div class=\"cellBlock\"><div class=\"cellTitle\">Signs/Sx</div><div class=\"cellBody\"><ul><li>Signs of chronic respiratory failure.</li></ul></div><div class=\"cellTitle\">Tests</div><div class=\"cellBody\"><ul><li>The normal level of PaCO₂ is generally accepted to be between 35 and 45 mmHg.</li><li>High levels can cause mental status changes.</li></ul></div></div></div>"},

      {
       "title":"Benzodiazepine overdose",
       "type":"flex0",
       "targetHTML":"<div class=\"cell\"><div class=\"cellBlock\"><div class=\"cellTitle\">Signs/Sx</div><div class=\"cellBody\"><ul><li>History of depression and suicidality may be present.</li></ul></div><div class=\"cellTitle\">Tests</div><div class=\"cellBody\"><ul><li>Trial of flumazenil in selected patients may diagnose benzodiazepine overdose.</li></ul></div><a href=\"epoc://dx/monograph/343\"><b class=\"view-dx-monograph\">View Dx Monograph</b></a></div></div>"},

      {
       "title":"Tricyclic antidepressant overdose",
       "type":"flex0",
       "targetHTML":"<div class=\"cell\"><div class=\"cellBlock\"><div class=\"cellTitle\">Signs/Sx</div><div class=\"cellBody\"><ul><li>Tachycardia, hypotension may be present.</li></ul></div><div class=\"cellTitle\">Tests</div><div class=\"cellBody\"><ul><li>ECG shows terminal 40-ms rightward axis deviation, seen as an R-wave deflection in aVR or an S-wave in lead I or aVL.</li></ul></div><a href=\"epoc://dx/monograph/342\"><b class=\"view-dx-monograph\">View Dx Monograph</b></a></div></div>"},

      {
       "title":"Opioid overdose",
       "type":"flex0",
       "targetHTML":"<div class=\"cell\"><div class=\"cellBlock\"><div class=\"cellTitle\">Signs/Sx</div><div class=\"cellBody\"><ul><li>History of opioid dependence. Bradypnea, miosis. May be signs of intravenous drug use such as fresh needle marks or old track marks.</li></ul></div><div class=\"cellTitle\">Tests</div><div class=\"cellBody\"><ul><li>Dramatic improvement in consciousness level following naloxone administration.</li></ul></div><a href=\"epoc://dx/monograph/339\"><b class=\"view-dx-monograph\">View Dx Monograph</b></a></div></div>"},

      {
       "title":"Wernicke encephalopathy",
       "type":"flex0",
       "targetHTML":"<div class=\"cell\"><div class=\"cellBlock\"><div class=\"cellTitle\">Signs/Sx</div><div class=\"cellBody\"><ul><li>Characterized by encephalopathy, oculomotor dysfunction (nystagmus, gaze palsy), and gait ataxia.</li></ul></div><div class=\"cellTitle\">Tests</div><div class=\"cellBody\"><ul><li>MRI typically shows bilateral, symmetrical T2 and fluid attenuation inversion recovery (FLAIR) hyperintensities in the thalami, mamillary bodies, tectal plate, and periaqueductal area.<a href=\"epoc://current?article=20\">[20]</a></li></ul></div><a href=\"epoc://dx/monograph/405\"><b class=\"view-dx-monograph\">View Dx Monograph</b></a></div></div>"},

      {
       "title":"Spontaneous bacterial peritonitis",
       "type":"flex0",
       "targetHTML":"<div class=\"cell\"><div class=\"cellBlock\"><div class=\"cellTitle\">Signs/Sx</div><div class=\"cellBody\"><ul><li>Abdominal pain or tenderness, fever, nausea/vomiting, diarrhea, GI bleed</li></ul></div><div class=\"cellTitle\">Tests</div><div class=\"cellBody\"><ul><li>Diagnostic paracentesis should be performed in all hospitalized patients with cirrhosis and ascites. An absolute peritoneal fluid neutrophil count (ANC) &gt;250 cells/mm³ is the accepted criterion for the diagnosis for spontaneous bacterial peritonitis.</li></ul></div><a href=\"epoc://dx/monograph/793\"><b class=\"view-dx-monograph\">View Dx Monograph</b></a></div></div>"}      ]}    ],
   "type":"table"},

  {
   "id":"diag_approach",
   "title":"Hepatic encephalopathy",
   "html":"<div class=\"cell\"><div class=\"cellBlock\"><div class=\"cellBody\"><P>This condition is a diagnosis of exclusion and the manifestations may be subtle. A high index of suspicion for hepatic encephalopathy (HE) as a possible diagnosis should be maintained in any patient with acute or chronic hepatic dysfunction.</P><P>In patients with chronic liver disease, a precipitating factor may be causing the development of HE, such as hypovolemia, gastrointestinal bleeding, infection, electrolyte disturbance (hypokalemia, hyponatremia) and renal failure, sedative or opioid ingestion, hypoxia, hypoglycemia, excessive dietary protein intake, constipation, acute hepatic or portal vein thrombosis, or recent placement of a transjugular intrahepatic portosystemic shunt (TIPS).<a href=\"epoc://current?article=1\">[1]</a> <a href=\"epoc://current?article=12\">[12]</a> <a href=\"epoc://current?article=13\">[13]</a> <a href=\"epoc://current?article=14\">[14]</a> </P><P>The diagnosis and staging of HE is based on clinical examination. Investigations are necessary to exclude other causes of mental status alteration.<a href=\"epoc://current?article=1\">[1]</a> These include infection, electrolyte abnormalities (sodium, calcium, and potassium), glucose abnormalities, hypoxemia, uremia, toxin exposures (alcohol or sedative medications), and primary central nervous system abnormalities, such as bleeding or infection.</P></div><div class=\"cellTitle\">History</div><div class=\"cellBody\"><P>If possible, a full history should be taken to establish whether there is a precipitating cause or other cause of mental state alteration. It may be necessary to take a collateral history from a caregiver, relative, or friend.</P><P>Patients may describe symptoms of sleep disturbance (particularly excessive daytime sleepiness); personality changes such as apathy, irritability, and disinhibition; mood changes including euphoria and anxiety; and shortened attention span. As the condition progresses, patients become disoriented in space and time. They may become acutely confused, behave inappropriately, or demonstrate obvious personality change. Motor disturbances such as asterixis and dyspraxia develop. Somnolence, gross confusion, and bizarre behavior may be followed by unconsciousness or coma.<a href=\"epoc://current?article=1\">[1]</a> </P><P>Patients should be asked whether they have had any previous episodes of HE. After an episode of overt (grade 2, 3, or 4) hepatic encephalopathy, there is a 40% risk of recurrence within the next year.<a href=\"epoc://current?article=1\">[1]</a> </P></div><div class=\"cellTitle\">Exam</div><div class=\"cellBody\"><P>A full physical exam should be carried out to look for signs of precipitating factors and other causes of mental state alteration. Physical findings of cirrhosis include jaundice, ascites, palmar erythema, edema, and spider telangiectasias. An enlarged liver may be seen in early viral hepatitis. Jaundice may be present.</P><P>Altered reflexes and nystagmus also may be present.&nbsp;Hyperreflexia and a positive Babinski sign may occur. Extrapyramidal symptoms such as muscle rigidity, bradykinesia, hypokinesia, slow monotonous speech, and parkinsonian-like tremor are common.<a href=\"epoc://current?article=1\">[1]</a> </P><P>Asterixis is often present.<a href=\"epoc://current?article=1\">[1]</a> </P><P>Some patients may not express mental (cognitive and behavioral) and motor signs of HE. Others express both mental and motor signs, but these do not develop in parallel, making staging HE a challenge.</P></div><div class=\"cellTitle\">Initial investigations</div><div class=\"cellBody\"><P>Serum electrolytes, liver tests, blood urea nitrogen (BUN) and creatinine, complete blood count, serum glucose, arterial or venous blood gas, coagulation profile, urine toxin screen, urine culture, and blood cultures should be ordered.</P><P>Imaging studies</P><P>A chest x-ray and head computed tomography (CT) scan may help to rule out other diagnoses. While head CT or magnetic resonance imaging may detect brain edema, these changes are neither sensitive nor specific for HE. A head CT scan can be carried out in all patients with a first episode of HE and in patients with focal neurologic deficits to exclude other causes, such as occult subdural hematoma. CT scan may also demonstrate evidence of cerebral edema. The yield is low in patients with cirrhosis and recurrent hepatic encephalopathy.<a href=\"epoc://current?article=17\">[17]</a> </P><P>An upper-quadrant ultrasound should be considered in all patients with unexplained acute decompensation, as acute portal or hepatic vein thrombosis can be the cause.</P></div><div class=\"cellTitle\">Other investigations</div><div class=\"cellBody\"><P>Utility of ammonia levels is limited. High ammonia levels do not have diagnostic, staging, or prognostic value for patients with hepatic encephalopathy. Monitoring ammonia trends may be helpful in monitoring therapy, but it is not required to make a diagnosis.<a href=\"epoc://current?article=1\">[1]</a> <a href=\"epoc://current?article=18\">[18]</a> The diagnosis of HE should be reconsidered if the ammonia level is measured and is within the normal range.</P><P>An EEG may help in diagnosing mild HE and in excluding occult seizure activity in comatose patients.<a href=\"epoc://current?article=19\">[19]</a> HE may be associated with a decrease in brain wave frequency and amplitude.</P><P>In patients with ascites, a diagnostic paracentesis should also be performed to rule out spontaneous bacterial peritonitis, which may precipitate HE.</P><P>Lumbar puncture might be considered to exclude meningitis as a cause of altered mental status.</P></div></div></div>",
   "type":"web"},

  {
   "id":"followup",
   "title":"Hepatic encephalopathy",
   "html":"<div class=\"cell\"><div class=\"cellBlock\"><div class=\"cellTitle\">Prognosis</div><div class=\"cellBody\"><div class=\"cellBody\"><P>Although some forms of this condition are reversible, overall, the development of overt hepatic encephalopathy (HE) portends a poor prognosis. In one retrospective study of 111 cirrhotic patients, an episode of overt HE was associated with 42% 1-year survival and 23% 3-year survival.<a href=\"epoc://current?article=45\">[45]</a> For patients at grade IV (coma) when encephalopathy develops, mortality has been reported as 80%. Similarly, a second retrospective study of 494 patients with end-stage liver disease noted that an episode of overt HE was associated with as much as a 3.9-fold increased risk of death (P &lt;0.01).<a href=\"epoc://current?article=46\">[46]</a> Even after an episode of overt HE resolves, residual cognitive impairment can be detected.<a href=\"epoc://current?article=47\">[47]</a> </P><P>An episode of HE has a significant impact on a patient's employment and finances. Patients who have had an episode of HE are less likely to be working, are more likely to decrease their hours of work, and feel worse off financially than patients who have cirrhosis but have not had HE.<a href=\"epoc://current?article=48\">[48]</a> HE places a significant burden on caregivers, who report a significant impact on their own health and schedule and a sense of entrapment.<a href=\"epoc://current?article=48\">[48]</a> </P></div></div><div class=\"cellTitle\">Monitoring</div><div class=\"cellBody\"><P>Patients with profound altered mental status, obtundation, and concern for inability to protect the airway should be monitored in the intensive care unit. All patients with cirrhosis and an episode of hepatic encephalopathy (HE) should be referred to a gastroenterologist. Outpatients should be monitored every 3 months. A neurologist should be consulted in an acute episode of HE if a nonmetabolic cause of altered mental status is suspected or if there is an abnormality on neuroimaging.</P></div><div class=\"cellTitle\">Patient Instructions</div><div class=\"cellBody\"><P>Patients with cirrhosis should be advised to avoid factors that precipitate the development of hepatic encephalopathy (HE) such as sedative use, constipation, and hypoglycemic or hypoxic states. They should also be advised to seek medical attention if they have any gastrointestinal bleeding, develop an infection, or feel ill.</P><P>Patients should be instructed to avoid opioids, alcohol, and benzodiazepines.</P><P>There is no evidence to support the recommendation to restrict protein intake in patients with HE.</P><P>Caregiver discussions</P><P>Caregivers should be counseled about early signs and symptoms of HE and what to do if these occur. HE places a considerable burden on caregivers, who report a significant impact on their own health and schedule and a sense of entrapment.<a href=\"epoc://current?article=48\">[48]</a> Caregivers may benefit from discussions about financial support, respite care availability, and local support groups.</P></div></div></div>",
   "type":"web"},

  {
   "id":"prevention",
   "title":"Hepatic encephalopathy",
   "html":"<div class=\"cell\"><div class=\"cellBlock\"><div class=\"cellTitle\">Prevention</div><div class=\"cellBody\"><h4>Secondary Prevention</h4><P>Prophylactic treatment with lactulose has been shown to be effective for preventing recurrence of hepatic encephalopathy (HE) in patients with cirrhosis.<a href=\"epoc://current?article=1\">[1]</a> <a href=\"epoc://current?article=3\">[3]</a> Lactulose should be given chronically to patients (who are tolerant to lactulose) with cirrhosis/portal hypertension and a previous or recurrent episodes of HE.</P><P>Patients should be counseled on how to titrate lactulose to achieve their target number of bowel movements per day. One study reported that failure to adequately titrate lactulose was one of the most common reasons for preventable readmissions to hospital.<a href=\"epoc://current?article=53\">[53]</a> </P><P>Rifaximin is used for secondary prevention of HE. A systematic review and meta-analysis found that rifaximin had a beneficial effect on secondary prevention of HE, full recovery from HE, and mortality.<a href=\"epoc://current?article=27\">[27]</a> Guidelines recommend rifaximin as an add-on therapy to lactulose for prevention of overt HE recurrence.<a href=\"epoc://current?article=1\">[1]</a> </P></div></div></div>",
   "type":"web"},

  {
   "id":"complications",
   "sections":
   [

    {
     "headerText":"High Likelihood",
     "cells":
     [

      {
       "title":"readmission to hospital",
       "type":"flex0",
       "targetHTML":"<div class=\"cell\"><div class=\"cellBlock\"><div class=\"cellBody\"><P>Overt hepatic encephalopathy is strongly associated with readmission to hospital within 30 and 90 days.<a href=\"epoc://current?article=51\">[51]</a></P></div></div></div>"}      ]},

    {
     "headerText":"Medium Likelihood",
     "cells":
     [

      {
       "title":"falls",
       "type":"flex0",
       "targetHTML":"<div class=\"cell\"><div class=\"cellBlock\"><div class=\"cellBody\"><P>Hepatic encephalopathy increases the risk of falls. In a study of patients with cirrhosis who attended the emergency department after a fall, HE was associated with severe injury (including intracranial hemorrhage, skull fracture, and pelvic fracture).<a href=\"epoc://current?article=50\">[50]</a></P></div></div></div>"}      ]},

    {
     "headerText":"Low Likelihood",
     "cells":
     [

      {
       "title":"aspiration pneumonia",
       "type":"flex0",
       "targetHTML":"<div class=\"cell\"><div class=\"cellBlock\"><div class=\"cellBody\"><P>Patients may be unable to protect their airway, possibly due to altered mental status.</P><P>Head of the bed should be maintained at 30° to help prevent aspiration and protect airway. Intubation should be performed if needed.</P><P>Inflammation may be due either to chemical pneumonitis or to bacterial infection (typically anaerobic).</P><P>Antibiotic therapy should be directed at anaerobes (particularly in patients with poor dentition). Typically, ampicillin-sulbactam or clindamycin is given in this setting.</P><A href=\"epoc://dx/monograph/21\"><B class=\"view-dx-monograph\">View Dx monograph</B></A></div></div></div>"},

      {
       "title":"neurologic deficits",
       "type":"flex0",
       "targetHTML":"<div class=\"cell\"><div class=\"cellBlock\"><div class=\"cellBody\"><P>Some patients have long-term persistent and nonreversible neurologic deficits, including increased muscle tone, dysarthria or apraxia, dementia, parkinsonism, or myelopathy. Loss of employment or driving, and inability to perform self-care are also complications, particularly if episodes recur.</P></div></div></div>"},

      {
       "title":"persistent cognitive impairment",
       "type":"flex0",
       "targetHTML":"<div class=\"cell\"><div class=\"cellBlock\"><div class=\"cellBody\"><P>Persistent impairment of working memory, response inhibition, and learning occurs after an episode of overt HE, even after alertness and orientation return to normal.<a href=\"epoc://current?article=48\">[48]</a> The number of hospitalizations for overt HE correlates with the severity of residual impairment.<a href=\"epoc://current?article=47\">[47]</a> Patients with recent overt HE on treatment have impaired performance in driving simulations and increased fatigue while driving.<a href=\"epoc://current?article=49\">[49]</a></P></div></div></div>"},

      {
       "title":"cerebral edema",
       "type":"flex0",
       "targetHTML":"<div class=\"cell\"><div class=\"cellBlock\"><div class=\"cellBody\"><P>Unlike in acute liver failure, where cerebral edema is common, in HE without acute liver failure this is an extremely rare complication.<a href=\"epoc://current?article=52\">[52]</a></P></div></div></div>"}      ]}    ],
   "type":"table"},

  {
   "id":"guidelines",
   "title":"Hepatic encephalopathy",
   "html":"<div class=\"cell\"><div class=\"cellBlock\"><div class=\"cellTitle\">Diagnostic Guidelines</div><div class=\"cellBody\"><p><h4>Hepatic encephalopathy in chronic liver disease<a href=\"epoc://current?article=1\">[1]</a> </h4><p><a href=\"https://www.aasld.org/publications/practice-guidelines\">View Society Guidelines</a></p><p><small><b>Published by: </b>American Association for the Study of Liver Disease; European Association for the Study of the Liver</small><br><small><b>Published: </b>2014</small></p><p><small><b>Summary</b><br><P>Recommendations for diagnosis and staging of HE.</P></small></p></p><hr><p><h4>Neuropsychological assessment of hepatic encephalopathy<a href=\"epoc://current?article=21\">[21]</a> </h4><p><a href=\"https://onlinelibrary.wiley.com/doi/full/10.1111/j.1478-3231.2009.02009.x\">View Society Guidelines</a></p><p><small><b>Published by: </b>International Society on Hepatic Encephalopathy and Nitrogen Metabolism</small><br><small><b>Published: </b>2009</small></p><p><small><b>Summary</b><br><P>Recommendations for a standardized approach for neuropsychological assessment of patients with liver disease who are at risk of minimal hepatic encephalopathy.</P></small></p></p><hr></div><br><div class=\"cellTitle\">Treatment Guidelines</div><div class=\"cellBody\"><p><h4>Hepatic encephalopathy in chronic liver disease<a href=\"epoc://current?article=1\">[1]</a> </h4><p><a href=\"https://www.aasld.org/publications/practice-guidelines\">View Society Guidelines</a></p><p><small><b>Published by: </b>American Association for the Study of Liver Disease; European Association for the Study of the Liver</small><br><small><b>Published: </b>2014</small></p><p><small><b>Summary</b><br><P>Recommendations for treatment of HE.</P></small></p></p><hr></div></div></div>",
   "type":"web"},

  {
   "id":"p-tx-c_0",
   "title":"ignoreme",
   "html":"<html><div class=\"cell\"><div class=\"cellBlock\"><div class=\"cellTitle\">Comments</div><div class=\"cellBody\"><ul><li>Supportive care involves frequently monitoring the patient's neurologic and mental status. Comatose patients should be admitted to intensive care and their airway protected to avoid aspiration. Intracranial pressure monitoring may be needed for patients with significant intracerebral edema.</li><li>If precipitating factors have been identified through the history and physical exam, these need to be corrected. Precipitating factors include hypovolemia, gastrointestinal bleeding, infections, electrolyte disturbances (hypokalemia, hyponatremia) and renal failure, sedative or opioid ingestion, hypoxia, hypoglycemia, excessive dietary protein intake, constipation, acute hepatic or portal vein thrombosis, and recent placement of a transjugular intrahepatic portosystemic shunt (TIPS).<a href=\"epoc://current?article=1\">[1]</a> <a href=\"epoc://current?article=12\">[12]</a> <a href=\"epoc://current?article=13\">[13]</a> <a href=\"epoc://current?article=14\">[14]</a> Occasionally TIPS must be occluded if the condition cannot otherwise be managed.</li><li>Patients may require a short-term protein-restricted diet after HE is diagnosed but should not continue protein restriction indefinitely, because malnutrition and sarcopenia are risk factors for hepatic encephalopathy. The recommended daily protein intake is 1.2 to 1.5 g/kg/day.<a href=\"epoc://current?article=1\">[1]</a> </li></ul></div></div></div></html>",
   "type":"web"},

  {
   "id":"p-tx-c_1",
   "title":"ignoreme",
   "html":"<html><div class=\"cell\"><div class=\"cellBlock\"><div class=\"cellTitle\">Primary Options</div><div class=\"cellBody\"><UL class=\"tx-options\"><LI><span><A href=\"epoc://rx/monograph/317\">lactulose</A>: 20-30 g (30-45 mL) orally every 1-2 hours until laxative effect, then titrate dose to produce 2-3 loose stools per day; 300 mL diluted with 700 mL water and given as rectal enema, retain for 30-60 minutes, may be repeated every 4-6 hours<BR></span></LI></UL></div><div class=\"cellTitle\">Comments</div><div class=\"cellBody\"><ul><li>Lactulose is recommended first-line for the management of episodic overt HE.<a href=\"epoc://current?article=1\">[1]</a> </li><li>Meta-analysis suggests a beneficial effect of nonabsorbable disaccharides (lactulose, lactitol) on mortality compared with placebo or no intervention.<a href=\"epoc://current?article=24\">[24]</a> </li><li>Rectal enema may be used if the patient is in coma or impending coma. The patient should be switched to oral therapy as soon as possible.</li></ul></div></div></div></html>",
   "type":"web"},

  {
   "id":"p-tx-c_2",
   "title":"ignoreme",
   "html":"<html><div class=\"cell\"><div class=\"cellBlock\"><div class=\"cellTitle\">Comments</div><div class=\"cellBody\"><ul><li>Supportive care involves frequently monitoring the patient's neurologic and mental status. Comatose patients should be admitted to intensive care and their airway protected to avoid aspiration. Intracranial pressure monitoring may be needed for patients with significant intracerebral edema.</li><li>If precipitating factors have been identified through the history and physical exam, these need to be corrected. Precipitating factors include hypovolemia, gastrointestinal bleeding, infections, electrolyte disturbances (hypokalemia, hyponatremia) and renal failure, sedative or opioid ingestion, hypoxia, hypoglycemia, excessive dietary protein intake, constipation, acute hepatic or portal vein thrombosis, and recent placement of a transjugular intrahepatic portosystemic shunt (TIPS).<a href=\"epoc://current?article=1\">[1]</a> <a href=\"epoc://current?article=12\">[12]</a> <a href=\"epoc://current?article=13\">[13]</a> <a href=\"epoc://current?article=14\">[14]</a> Occasionally TIPS must be occluded if the condition cannot otherwise be managed.</li></ul></div></div></div></html>",
   "type":"web"},

  {
   "id":"p-tx-c_3",
   "title":"ignoreme",
   "html":"<html><div class=\"cell\"><div class=\"cellBlock\"><div class=\"cellTitle\">Primary Options</div><div class=\"cellBody\"><UL class=\"tx-options\"><LI><span><A href=\"epoc://rx/monograph/3713\">rifaximin</A>: 550 mg orally twice daily<BR></span></LI><LI><span><A href=\"epoc://rx/monograph/3713\">rifaximin</A>: 550 mg orally twice daily <B>and</B><BR></span><span><A href=\"epoc://rx/monograph/317\">lactulose</A>: 20-30 g (30-45 mL) orally every 1-2 hours until laxative effect, then titrate dose to produce 2-3 loose stools per day; 300 mL diluted with 700 mL water and given as rectal enema, retain for 30-60 minutes, may be repeated every 4-6 hours<BR></span></LI></UL></div><div class=\"cellTitle\">Comments</div><div class=\"cellBody\"><ul><li>Rifaximin should be considered in patients with persistent symptoms despite treatment with lactulose or those who cannot tolerate lactulose.<a href=\"epoc://current?article=26\">[26]</a> It is recommended as add-on therapy for episodic overt HE.<a href=\"epoc://current?article=1\">[1]</a>&nbsp;Rifaximin is typically added to, rather than substituted for, lactulose.</li><li>One systematic review and meta-analysis reported that rifaximin has a beneficial effect on mortality and full recovery from hepatic encephalopathy compared with placebo, nonabsorbable disaccharides, or other antibiotics.<a href=\"epoc://current?article=27\">[27]</a> Another meta-analysis found that the addition of rifaximin to lactulose decreases mortality and improves clinical efficacy compared with lactulose alone.<a href=\"epoc://current?article=28\">[28]</a> </li><li>Rifaximin is usually better tolerated than lactulose.<a href=\"epoc://current?article=29\">[29]</a> </li><li>Rectal enema of lactulose may be used if the patient is in coma or impending coma. The patient should be switched to oral therapy as soon as possible.</li></ul></div></div></div></html>",
   "type":"web"},

  {
   "id":"tx-0",
   "sections":
   [

    {
     "cells":
     [

      {
       "target":"p-tx-c_0",
       "title":"supportive care + reversal of precipitating factors",
       "flag":"1st",
       "type":"flex1"},

      {
       "target":"p-tx-c_1",
       "title":"lactulose",
       "flag":"plus",
       "type":"flex1"}      ]},

    {
     "cells":
     [

      {
       "target":"p-tx-c_2",
       "title":"supportive care + reversal of precipitating factors",
       "flag":"2nd",
       "type":"flex1"},

      {
       "target":"p-tx-c_3",
       "title":"rifaximin ± lactulose",
       "flag":"plus",
       "type":"flex1"}      ]}    ],
   "type":"table"},

  {
   "id":"p-tx-c_4",
   "title":"ignoreme",
   "html":"<html><div class=\"cell\"><div class=\"cellBlock\"><div class=\"cellTitle\">Primary Options</div><div class=\"cellBody\"><UL class=\"tx-options\"><LI><span><A href=\"epoc://rx/monograph/317\">lactulose</A>: 20-30 g (30-45 mL) orally every 1-2 hours until laxative effect, then titrate dose to produce 2-3 loose stools per day<BR></span></LI></UL></div><div class=\"cellTitle\">Comments</div><div class=\"cellBody\"><ul><li>Prophylactic treatment with lactulose is recommended for preventing recurrence of HE in patients with cirrhosis.<a href=\"epoc://current?article=1\">[1]</a> <a href=\"epoc://current?article=3\">[3]</a> </li><li>Lactulose should be given chronically to patients (who are tolerant to lactulose) with cirrhosis/portal hypertension and a previous or recurrent episode of HE.</li><li>Patients should be instructed to avoid opioids, alcohol, and benzodiazepines. There is no evidence to support the recommendation to restrict protein intake in patients with HE.</li></ul></div></div></div></html>",
   "type":"web"},

  {
   "id":"p-tx-c_5",
   "title":"ignoreme",
   "html":"<html><div class=\"cell\"><div class=\"cellBlock\"><div class=\"cellTitle\">Primary Options</div><div class=\"cellBody\"><UL class=\"tx-options\"><LI><span><A href=\"epoc://rx/monograph/3713\">rifaximin</A>: 550 mg orally twice daily<BR></span></LI></UL></div><div class=\"cellTitle\">Comments</div><div class=\"cellBody\"><ul><li>Rifaximin effectively prevents recurrence of HE and is a recommended add-on therapy to lactulose for patients with episodic HE.<a href=\"epoc://current?article=1\">[1]</a> </li><li>In a randomized controlled trial, a 6-month course of rifaximin decreased the risk of relapse and hospitalization due to HE in patients with recurrent HE.<a href=\"epoc://current?article=31\">[31]</a>&nbsp;A systematic review and meta-analysis found that rifaximin had a beneficial effect on secondary prevention of HE, full recovery from HE, and mortality.<a href=\"epoc://current?article=27\">[27]</a> </li></ul></div></div></div></html>",
   "type":"web"},

  {
   "id":"p-tx-c_6",
   "title":"ignoreme",
   "html":"<html><div class=\"cell\"><div class=\"cellBlock\"><div class=\"cellTitle\">Comments</div><div class=\"cellBody\"><ul><li>The development of HE carries a poor prognosis, and appropriate candidates should be referred to liver transplant centers after a first episode of encephalopathy. The most commonly used prognostic model for estimating disease severity and listing for transplant is the Model for End-stage Liver Disease (MELD) score. A score of ≥15 is an appropriate indicator for referral for transplant evaluation.<a href=\"epoc://current?article=32\">[32]</a> <a href=\"epoc://current?article=33\">[33]</a> </li></ul></div></div></div></html>",
   "type":"web"},

  {
   "id":"tx-4",
   "sections":
   [

    {
     "cells":
     [

      {
       "target":"p-tx-c_4",
       "title":"lactulose",
       "flag":"1st",
       "type":"flex1"},

      {
       "target":"p-tx-c_5",
       "title":"rifaximin",
       "flag":"adj.",
       "type":"flex1"},

      {
       "target":"p-tx-c_6",
       "title":"referral to liver transplant center",
       "flag":"adj.",
       "type":"flex1"}      ]}    ],
   "type":"table"}  ],
 "citations":
 {
  "articles":
  [

   {
    "id":1,
    "key_article":true,
    "ref_article":true,
    "html":"Vilstrup H, Amodio P, Bajaj J, et al. Hepatic encephalopathy in chronic liver disease: 2014 practice guideline by the American Association for the Study of Liver Diseases and the European Association for the Study of the Liver. Hepatology. 2014 Aug;60(2):715-35.<a href=\"http://www.ncbi.nlm.nih.gov/pubmed/25042402\"> [Abstract]</a><a href=\"https://aasldpubs.onlinelibrary.wiley.com/doi/full/10.1002/hep.27210\"> [Full Text]</a>"},

   {
    "id":2,
    "key_article":false,
    "ref_article":true,
    "html":"Jepsen P, Ott P, Andersen PK, et al. Clinical course of alcoholic liver cirrhosis: a Danish population-based cohort study. Hepatology. 2010 May;51(5):1675-82.<a href=\"http://www.ncbi.nlm.nih.gov/pubmed/20186844\"> [Abstract]</a><a href=\"https://aasldpubs.onlinelibrary.wiley.com/doi/full/10.1002/hep.23500\"> [Full Text]</a>"},

   {
    "id":3,
    "key_article":true,
    "ref_article":true,
    "html":"Sharma BC, Sharma P, Agrawal A, et al. Secondary prophylaxis of hepatic encephalopathy: an open-label randomized controlled trial of lactulose versus placebo. Gastroenterology. 2009 Sep;137(3):885-91.<a href=\"http://www.ncbi.nlm.nih.gov/pubmed/19501587\"> [Abstract]</a><a href=\"https://www.gastrojournal.org/article/S0016-5085(09)00904-4/fulltext\"> [Full Text]</a>"},

   {
    "id":4,
    "key_article":true,
    "ref_article":true,
    "html":"Tarantino G, Citro V, Esposito P, et al. Blood ammonia levels in liver cirrhosis: a clue for the presence of portosystemic collateral veins. BMC Gastroenterol. 2009 Mar 17;9:21.<a href=\"http://www.ncbi.nlm.nih.gov/pubmed/19292923\"> [Abstract]</a><a href=\"https://www.ncbi.nlm.nih.gov/pmc/articles/PMC2662872/\"> [Full Text]</a>"},

   {
    "id":5,
    "key_article":false,
    "ref_article":true,
    "html":"James JH, Ziparo V, Jeppsson B, et al. Hyperammonaemia, plasma amino acid imbalance, and blood-brain amino acid transport: a unified theory of portal-systemic encephalopathy. Lancet. 1979 Oct 13;2(8146):772-5.<a href=\"http://www.ncbi.nlm.nih.gov/pubmed/90864\"> [Abstract]</a>"},

   {
    "id":6,
    "key_article":false,
    "ref_article":true,
    "html":"Wijdicks EF. Hepatic Encephalopathy. N Engl J Med. 2016 Oct 27;375(17):1660-70.<a href=\"http://www.ncbi.nlm.nih.gov/pubmed/27783916\"> [Abstract]</a>"},

   {
    "id":7,
    "key_article":false,
    "ref_article":true,
    "html":"Raabe W. Ammonium ions abolish excitatory synaptic transmission between cerebellar neurons in primary dissociated tissue culture. J Neurophysiol. 1992 Jul;68(1):93-9.<a href=\"http://www.ncbi.nlm.nih.gov/pubmed/1325549\"> [Abstract]</a>"},

   {
    "id":8,
    "key_article":false,
    "ref_article":true,
    "html":"Schafer DF, Jones EA. Hepatic encephalopathy and the gamma-aminobutyric-acid neurotransmitter system. Lancet. 1982 Jan 2;1(8262):18-20.<a href=\"http://www.ncbi.nlm.nih.gov/pubmed/6119414\"> [Abstract]</a>"},

   {
    "id":9,
    "key_article":false,
    "ref_article":true,
    "html":"Bajaj JS, Heuman DM, Hylemon PB, et al. Altered profile of human gut microbiome is associated with cirrhosis and its complications. J Hepatol. 2014 May;60(5):940-7.<a href=\"http://www.ncbi.nlm.nih.gov/pubmed/24374295\"> [Abstract]</a><a href=\"https://www.ncbi.nlm.nih.gov/pmc/articles/PMC3995845/\"> [Full Text]</a>"},

   {
    "id":10,
    "key_article":false,
    "ref_article":true,
    "html":"Acharya C, Sahingur SE, Bajaj JS. Microbiota, cirrhosis, and the emerging oral-gut-liver axis. JCI Insight. 2017 Oct 5;2(19).<a href=\"http://www.ncbi.nlm.nih.gov/pubmed/28978799\"> [Abstract]</a><a href=\"https://www.ncbi.nlm.nih.gov/pmc/articles/PMC5841881/\"> [Full Text]</a>"},

   {
    "id":11,
    "key_article":false,
    "ref_article":true,
    "html":"Horowitz ME, Schafer DF, Molnar P, et al. Increased blood-brain transfer in a rabbit model of acute liver failure. Gastroenterology. 1983 May;84(5 Pt 1):1003-11.<a href=\"http://www.ncbi.nlm.nih.gov/pubmed/6832551\"> [Abstract]</a>"},

   {
    "id":12,
    "key_article":false,
    "ref_article":true,
    "html":"Mas A. Hepatic encephalopathy: from pathophysiology to treatment. Digestion. 2006;73 Suppl 1:86-93.<a href=\"http://www.ncbi.nlm.nih.gov/pubmed/16498256\"> [Abstract]</a>"},

   {
    "id":13,
    "key_article":false,
    "ref_article":true,
    "html":"Häussinger D, Schliess F. Pathogenetic mechanisms of hepatic encephalopathy. Gut. 2008 Aug;57(8):1156-65.<a href=\"http://www.ncbi.nlm.nih.gov/pubmed/18628377\"> [Abstract]</a>"},

   {
    "id":14,
    "key_article":false,
    "ref_article":true,
    "html":"Guevara M, Baccaro ME, Torre A, et al. Hyponatremia is a risk factor of hepatic encephalopathy in patients with cirrhosis: a prospective study with time-dependent analysis. Am J Gastroenterol. 2009 Jun;104(6):1382-9.<a href=\"http://www.ncbi.nlm.nih.gov/pubmed/19455124\"> [Abstract]</a>"},

   {
    "id":15,
    "key_article":false,
    "ref_article":true,
    "html":"Riggio O, Merlli M, Pedretti G, et al. Hepatic encephalopathy after transjugular intrahepatic portosystemic shunt. Incidence and risk factors. Dig Dis Sci. 1996 Mar;41(3):578-84.<a href=\"http://www.ncbi.nlm.nih.gov/pubmed/8617139\"> [Abstract]</a>"},

   {
    "id":16,
    "key_article":false,
    "ref_article":true,
    "html":"Kalaitzakis E, Björnsson E. Renal function and cognitive impairment in patients with liver cirrhosis. Scand J Gastroenterol. 2007 Oct;42(10):1238-44.<a href=\"http://www.ncbi.nlm.nih.gov/pubmed/17852846\"> [Abstract]</a>"},

   {
    "id":17,
    "key_article":false,
    "ref_article":true,
    "html":"Kumar S, Modi R, Bhandari BM, et al. A head CT is unnecessary in the initial evaluation of a cirrhotic patient with recurrent hepatic encephalopathy. Ann Hepatol. 2018 Aug 24;17(5):810-4.<a href=\"http://www.ncbi.nlm.nih.gov/pubmed/30145558\"> [Abstract]</a>"},

   {
    "id":18,
    "key_article":false,
    "ref_article":true,
    "html":"Stahl J. Studies of the blood ammonia in liver disease. Its diagnostic, prognostic, and therapeutic significance. Ann Intern Med. 1963 Jan;58:1-24.<a href=\"http://www.ncbi.nlm.nih.gov/pubmed/13978712\"> [Abstract]</a>"},

   {
    "id":19,
    "key_article":false,
    "ref_article":true,
    "html":"Amodio P, Gatta A. Neurophysiological investigation of hepatic encephalopathy. Metab Brain Dis. 2005 Dec;20(4):369-79.<a href=\"http://www.ncbi.nlm.nih.gov/pubmed/16382347\"> [Abstract]</a>"},

   {
    "id":20,
    "key_article":false,
    "ref_article":true,
    "html":"Manzo G, De Gennaro A, Cozzolino A, et al. MR imaging findings in alcoholic and nonalcoholic acute Wernicke's encephalopathy: a review. Biomed Res Int. 2014;2014:503596.<a href=\"http://www.ncbi.nlm.nih.gov/pubmed/25050351\"> [Abstract]</a><a href=\"https://www.ncbi.nlm.nih.gov/pmc/articles/PMC4094710/\"> [Full Text]</a>"},

   {
    "id":21,
    "key_article":true,
    "ref_article":true,
    "html":"Randolph C, Hilsabeck R, Kato A, et al. Neuropsychological assessment of hepatic encephalopathy: ISHEN practice guidelines. Liver Int. 2009 May;29(5):629-35.<a href=\"http://www.ncbi.nlm.nih.gov/pubmed/19302444\"> [Abstract]</a><a href=\"https://onlinelibrary.wiley.com/doi/full/10.1111/j.1478-3231.2009.02009.x\"> [Full Text]</a>"},

   {
    "id":22,
    "key_article":false,
    "ref_article":true,
    "html":"Horst D, Grace ND, Conn HO, et al. Comparison of dietary protein with an oral, branched chain-enriched amino acid supplement in chronic portal-systemic encephalopathy: a randomized controlled trial. Hepatology. 1984 Mar-Apr;4(2):279-87.<a href=\"http://www.ncbi.nlm.nih.gov/pubmed/6706302\"> [Abstract]</a>"},

   {
    "id":23,
    "key_article":false,
    "ref_article":true,
    "html":"Córdoba J, López-Hellín J, Planas M, et al. Normal protein diet for episodic hepatic encephalopathy: results of a randomized study. J Hepatol. 2004 Jul;41(1):38-43.<a href=\"http://www.ncbi.nlm.nih.gov/pubmed/15246205\"> [Abstract]</a>"},

   {
    "id":24,
    "key_article":false,
    "ref_article":true,
    "html":"Gluud LL, Vilstrup H, Morgan MY. Non-absorbable disaccharides versus placebo/no intervention and lactulose versus lactitol for the prevention and treatment of hepatic encephalopathy in people with cirrhosis. Cochrane Database Syst Rev. 2016 May 6;(5):CD003044.<a href=\"http://www.ncbi.nlm.nih.gov/pubmed/27153247\"> [Abstract]</a><a href=\"https://www.cochranelibrary.com/cdsr/doi/10.1002/14651858.CD003044.pub4/full\"> [Full Text]</a>"},

   {
    "id":25,
    "key_article":false,
    "ref_article":true,
    "html":"Patidar KR, Bajaj JS. Antibiotics for the treatment of hepatic encephalopathy. Metab Brain Dis. 2013 Jun;28(2):307-12.<a href=\"http://www.ncbi.nlm.nih.gov/pubmed/23389621\"> [Abstract]</a><a href=\"https://www.ncbi.nlm.nih.gov/pmc/articles/PMC3654040/\"> [Full Text]</a>"},

   {
    "id":26,
    "key_article":false,
    "ref_article":true,
    "html":"McPherson S, Thompson A; British Society of Gastroenterology. Management of hepatic encephalopathy: beyond the acute episode. December 2019 [internet publication].<a href=\"https://www.bsg.org.uk/education/web-education/difficult-clinical-scenarios/management-of-he-beyond-acute-episode.html\"> [Full Text]</a>"},

   {
    "id":27,
    "key_article":false,
    "ref_article":true,
    "html":"Kimer N, Krag A, Møller S, et al. Systematic review with meta-analysis: the effects of rifaximin in hepatic encephalopathy. Aliment Pharmacol Ther. 2014 Jul;40(2):123-32.<a href=\"http://www.ncbi.nlm.nih.gov/pubmed/24849268\"> [Abstract]</a><a href=\"https://onlinelibrary.wiley.com/doi/full/10.1111/apt.12803\"> [Full Text]</a>"},

   {
    "id":28,
    "key_article":false,
    "ref_article":true,
    "html":"Wang Z, Chu P, Wang W. Combination of rifaximin and lactulose improves clinical efficacy and mortality in patients with hepatic encephalopathy. Drug Des Devel Ther. 2019 Dec 17;13:1-11.<a href=\"http://www.ncbi.nlm.nih.gov/pubmed/30587923\"> [Abstract]</a><a href=\"https://www.ncbi.nlm.nih.gov/pmc/articles/PMC6301297/\"> [Full Text]</a>"},

   {
    "id":29,
    "key_article":false,
    "ref_article":true,
    "html":"Leevy CB, Phillips JA. Hospitalizations during the use of rifaximin versus lactulose for the treatment of hepatic encephalopathy. Dig Dis Sci. 2007 Mar;52(3):737-41.<a href=\"http://www.ncbi.nlm.nih.gov/pubmed/17245628\"> [Abstract]</a>"},

   {
    "id":30,
    "key_article":true,
    "ref_article":false,
    "html":"Sharma BC, Sharma P, Agrawal A, et al. Secondary prophylaxis of hepatic encephalopathy: an open-label randomized controlled trial of lactulose versus placebo. Gastroenterology. 2009;137:885-891.<a href=\"http://www.ncbi.nlm.nih.gov/pubmed/19501587\"> [Abstract]</a>"},

   {
    "id":31,
    "key_article":false,
    "ref_article":true,
    "html":"Bass NM, Mullen KD, Sanyal A, et al. Rifaximin treatment in hepatic encephalopathy. N Engl J Med. 2010 Mar 25;362(12):1071-81.<a href=\"http://www.ncbi.nlm.nih.gov/pubmed/20335583\"> [Abstract]</a><a href=\"https://www.nejm.org/doi/10.1056/NEJMoa0907893\"> [Full Text]</a>"},

   {
    "id":32,
    "key_article":false,
    "ref_article":true,
    "html":"Kamath PS, Wiesner RH, Malinchoc M, et al. A model to predict survival in patients with end-stage liver disease. Hepatology. 2001 Feb;33(2):464-70.<a href=\"http://www.ncbi.nlm.nih.gov/pubmed/11172350\"> [Abstract]</a><a href=\"https://aasldpubs.onlinelibrary.wiley.com/doi/epdf/10.1053/jhep.2001.22172\"> [Full Text]</a>"},

   {
    "id":33,
    "key_article":false,
    "ref_article":true,
    "html":"Biggins SW, Kim WR, Terrault NA, et al. Evidence-based incorporation of serum sodium concentration into MELD. Gastroenterology. 2006 May;130(6):1652-60.<a href=\"http://www.ncbi.nlm.nih.gov/pubmed/16697729\"> [Abstract]</a><a href=\"https://www.gastrojournal.org/article/S0016-5085(06)00272-1/fulltext\"> [Full Text]</a>"},

   {
    "id":34,
    "key_article":false,
    "ref_article":true,
    "html":"Shehata HH, Elfert AA, Abdin AA, et al. Randomized controlled trial of polyethylene glycol versus lactulose for the treatment of overt hepatic encephalopathy. Eur J Gastroenterol Hepatol. 2018 Dec;30(12):1476-81.<a href=\"http://www.ncbi.nlm.nih.gov/pubmed/30234645\"> [Abstract]</a>"},

   {
    "id":35,
    "key_article":false,
    "ref_article":true,
    "html":"Rahimi RS, Singal AG, Cuthbert JA, et al. Lactulose vs polyethylene glycol 3350 - electrolyte solution for treatment of overt hepatic encephalopathy: the HELP randomized clinical trial. JAMA Intern Med. 2014 Nov;174(11):1727-33.<a href=\"http://www.ncbi.nlm.nih.gov/pubmed/25243839\"> [Abstract]</a><a href=\"https://www.ncbi.nlm.nih.gov/pmc/articles/PMC5609454/\"> [Full Text]</a>"},

   {
    "id":36,
    "key_article":false,
    "ref_article":true,
    "html":"Hassanein TI, Tofteng F, Brown RS Jr, et al. Randomized controlled study of extracorporeal albumin dialysis for hepatic encephalopathy in advanced cirrhosis. Hepatology. 2007 Dec;46(6):1853-62.<a href=\"http://www.ncbi.nlm.nih.gov/pubmed/17975845\"> [Abstract]</a><a href=\"https://aasldpubs.onlinelibrary.wiley.com/doi/full/10.1002/hep.21930\"> [Full Text]</a>"},

   {
    "id":37,
    "key_article":false,
    "ref_article":true,
    "html":"Heemann U, Treichel U, Loock J, et al. Albumin dialysis in cirrhosis with superimposed acute liver injury: a prospective, controlled study. Hepatology. 2002 Oct;36(4 Pt 1):949-58.<a href=\"http://www.ncbi.nlm.nih.gov/pubmed/12297843\"> [Abstract]</a><a href=\"https://aasldpubs.onlinelibrary.wiley.com/doi/epdf/10.1053/jhep.2002.36130\"> [Full Text]</a>"},

   {
    "id":38,
    "key_article":false,
    "ref_article":true,
    "html":"Dalal R, McGee RG, Riordan SM, et al. Probiotics for people with hepatic encephalopathy. Cochrane Database Syst Rev. 2017 Feb 23;(2):CD008716.<a href=\"http://www.ncbi.nlm.nih.gov/pubmed/28230908\"> [Abstract]</a><a href=\"https://www.cochranelibrary.com/cdsr/doi/10.1002/14651858.CD008716.pub3/full\"> [Full Text]</a>"},

   {
    "id":39,
    "key_article":false,
    "ref_article":true,
    "html":"Bajaj JS, Kassam Z, Fagan A, et al. Fecal microbiota transplant from a rational stool donor improves hepatic encephalopathy: a randomized clinical trial. Hepatology. 2017 Dec;66(6):1727-38.<a href=\"http://www.ncbi.nlm.nih.gov/pubmed/28586116\"> [Abstract]</a><a href=\"https://www.ncbi.nlm.nih.gov/pmc/articles/PMC6102730/\"> [Full Text]</a>"},

   {
    "id":40,
    "key_article":false,
    "ref_article":true,
    "html":"Bajaj JS, Salzman NH, Acharya C, et al. Fecal microbial transplant capsules are safe in hepatic encephalopathy: a phase 1, randomized, placebo-controlled trial. Hepatology. 2019 Nov;70(5):1690-703.<a href=\"http://www.ncbi.nlm.nih.gov/pubmed/31038755\"> [Abstract]</a>"},

   {
    "id":41,
    "key_article":false,
    "ref_article":true,
    "html":"Jalan R, Wright G, Davies NA, et al. L-ornithine phenylacetate (OP): a novel treatment for hyperammonemia and hepatic encephalopathy. Med Hypotheses. 2007;69(5):1064-9.<a href=\"http://www.ncbi.nlm.nih.gov/pubmed/17467190\"> [Abstract]</a>"},

   {
    "id":42,
    "key_article":false,
    "ref_article":true,
    "html":"Ventura-Cots M, Arranz JA, Simón-Talero M, et al. Safety of ornithine phenylacetate in cirrhotic decompensated patients: an open-label, dose-escalating, single-cohort study. J Clin Gastroenterol. 2013 Nov-Dec;47(10):881-7.<a href=\"http://www.ncbi.nlm.nih.gov/pubmed/23751856\"> [Abstract]</a>"},

   {
    "id":43,
    "key_article":false,
    "ref_article":true,
    "html":"Zacharias HD, Zacharias AP, Gluud LL, et al. Pharmacotherapies that specifically target ammonia for the prevention and treatment of hepatic encephalopathy in adults with cirrhosis. Cochrane Database Syst Rev. 2019 Jun 17;(6):CD012334.<a href=\"http://www.ncbi.nlm.nih.gov/pubmed/31204790\"> [Abstract]</a><a href=\"https://www.cochranelibrary.com/cdsr/doi/10.1002/14651858.CD012334.pub2/full\"> [Full Text]</a>"},

   {
    "id":44,
    "key_article":false,
    "ref_article":true,
    "html":"Rockey DC, Vierling JM, Mantry P, et al. Randomized, double-blind, controlled study of glycerol phenylbutyrate in hepatic encephalopathy. Hepatology. 2014 Mar;59(3):1073-83.<a href=\"http://www.ncbi.nlm.nih.gov/pubmed/23847109\"> [Abstract]</a><a href=\"https://www.ncbi.nlm.nih.gov/pmc/articles/PMC4237123/\"> [Full Text]</a>"},

   {
    "id":45,
    "key_article":false,
    "ref_article":true,
    "html":"Bustamante J, Rimola A, Ventura PJ, et al. Prognostic significance of hepatic encephalopathy in patients with cirrhosis. J Hepatol. 1999 May;30(5):890-5.<a href=\"http://www.ncbi.nlm.nih.gov/pubmed/10365817\"> [Abstract]</a>"},

   {
    "id":46,
    "key_article":false,
    "ref_article":true,
    "html":"Stewart CA, Malinchoc M, Kim WR, et al. Hepatic encephalopathy as a predictor of survival in patients with end-stage liver disease. Liver Transpl. 2007 Oct;13(10):1366-71.<a href=\"http://www.ncbi.nlm.nih.gov/pubmed/17520742\"> [Abstract]</a><a href=\"https://aasldpubs.onlinelibrary.wiley.com/doi/full/10.1002/lt.21129\"> [Full Text]</a>"},

   {
    "id":47,
    "key_article":false,
    "ref_article":true,
    "html":"Bajaj JS, Schubert CM, Heuman DM, et al. Persistence of cognitive impairment after resolution of overt hepatic encephalopathy. Gastroenterology. 2010 Jun;138(7):2332-40.<a href=\"http://www.ncbi.nlm.nih.gov/pubmed/20178797\"> [Abstract]</a><a href=\"https://www.ncbi.nlm.nih.gov/pmc/articles/PMC2883684/\"> [Full Text]</a>"},

   {
    "id":48,
    "key_article":false,
    "ref_article":true,
    "html":"Bajaj JS, Wade JB, Gibson DP, et al. The multi-dimensional burden of cirrhosis and hepatic encephalopathy on patients and caregivers. Am J Gastroenterol. 2011 Sep;106(9):1646-53.<a href=\"http://www.ncbi.nlm.nih.gov/pubmed/21556040\"> [Abstract]</a><a href=\"https://www.ncbi.nlm.nih.gov/pmc/articles/PMC3989143/\"> [Full Text]</a>"},

   {
    "id":49,
    "key_article":false,
    "ref_article":true,
    "html":"Bajaj JS, Hafeezullah M, Zadvornova Y, et al. The effect of fatigue on driving skills in patients with hepatic encephalopathy. Am J Gastroenterol. 2009 Apr;104(4):898-905.<a href=\"http://www.ncbi.nlm.nih.gov/pubmed/19277025\"> [Abstract]</a>"},

   {
    "id":50,
    "key_article":false,
    "ref_article":true,
    "html":"Ezaz G, Murphy SL, Mellinger J, et al. Increased morbidity and mortality associated with falls among patients with cirrhosis. Am J Med. 2018 Jun;131(6):645-50.<a href=\"http://www.ncbi.nlm.nih.gov/pubmed/29453941\"> [Abstract]</a>"},

   {
    "id":51,
    "key_article":false,
    "ref_article":true,
    "html":"Tapper EB, Halbert B, Mellinger J. Rates of and reasons for hospital readmissions in patients with cirrhosis: a multistate population-based cohort study. Clin Gastroenterol Hepatol. 2016 Aug;14(8):1181-8.<a href=\"http://www.ncbi.nlm.nih.gov/pubmed/27085758\"> [Abstract]</a><a href=\"https://www.cghjournal.org/article/S1542-3565(16)30069-6/fulltext\"> [Full Text]</a>"},

   {
    "id":52,
    "key_article":false,
    "ref_article":true,
    "html":"Munoz SJ. Hepatic encephalopathy. Med Clin North Am. 2008 Jul;92(4):795-812.<a href=\"http://www.ncbi.nlm.nih.gov/pubmed/18570943\"> [Abstract]</a>"},

   {
    "id":53,
    "key_article":false,
    "ref_article":true,
    "html":"Volk ML, Tocco RS, Bazick J, et al. Hospital readmissions among patients with decompensated cirrhosis. Am J Gastroenterol. 2012 Feb;107(2):247-52.<a href=\"http://www.ncbi.nlm.nih.gov/pubmed/21931378\"> [Abstract]</a><a href=\"https://www.ncbi.nlm.nih.gov/pmc/articles/PMC3470789/\"> [Full Text]</a>"}   ]},
 "media":
 [
  ]}