
{
 "id":342,
 "title":"Tricyclic OD",
 "views":
 [

  {
   "id":"root",
   "type":"table",
   "sections":
   [

    {
     "cells":
     [

      {
       "target":"highlights",
       "title":"Highlights & Basics",
       "type":"flex0"}      ]},

    {
     "cells":
     [

      {
       "target":"tx_options",
       "title":"Treatment Options",
       "type":"flex0"},

      {
       "target":"tx_approach",
       "title":"Treatment Approach",
       "type":"flex0"},

      {
       "target":"hxexam",
       "title":"History & Exam",
       "type":"flex0"},

      {
       "target":"tests",
       "title":"Tests",
       "type":"flex0"},

      {
       "target":"differentials",
       "title":"Differential Diagnosis",
       "type":"flex0"},

      {
       "target":"diag_approach",
       "title":"Diagnostic Approach",
       "type":"flex0"},

      {
       "target":"followup",
       "title":"Follow-up",
       "type":"flex0"},

      {
       "target":"complications",
       "title":"Complications",
       "type":"flex0"},

      {
       "target":"guidelines",
       "title":"Society Guidelines",
       "type":"flex0"}      ]}    ]},

  {
   "id":"highlights",
   "title":"Tricyclic OD",
   "html":"<div class=\"cell\"><div class=\"cellBlock\"><div class=\"cellTitle\">Key Highlights</div><div class=\"cellBody\"><ul><li>Tricyclic antidepressants have a narrow therapeutic index and, therefore, become potent cardiovascular and central nervous system toxins in moderate doses.</li><li>Complications include effects of prolonged hypotension, cardiac arrhythmias, and seizure. Death results from cardiovascular collapse.</li><li>Best markers for suspected overdose are a history of depression, suicidality, and overdose with a sudden deterioration in mental status and vital signs.</li><li>At 1 to 2 hours after ingestion, there is a rapid decline in mental and cardiovascular status. Diagnosis established on clinical grounds and classic ECG changes (sinus tachycardia progressing to wide complex tachycardia and ventricular arrhythmias with increasing severity of intoxication).</li><li>Hypertonic sodium bicarbonate improves conduction abnormalities and hypotension.</li><li>Management of arrhythmias involves correction of acidosis, hypoxia, and electrolyte imbalance. Antiarrhythmic drugs should generally be avoided.</li><li>Hypotension usually responds to correction of hypoxia and administration of intravenous fluids and sodium bicarbonate. Treatment with vasopressors (such as norepinephrine) is controversial and should only be done in consultation with a medical toxicologist or intensive care specialist.</li><li>Benzodiazepines are the first-line treatment for seizures.</li></ul></div><div class=\"cellTitle\">Definition</div><div class=\"cellBody\"><P>An antidepressant overdose occurs when a person ingests an amount of medication that is more than a reasonable and normal dose.<a href=\"epoc://current?article=1\">[1]</a> Tricyclic antidepressants (TCAs) are the main cause of damaging antidepressant overdose because, unlike other antidepressants, they have a narrow therapeutic range and become potent cardiovascular and central nervous system toxins in moderate doses.</P></div><div class=\"cellTitle\">Classification</div><div class=\"cellBody\"><h3>TCA generation</h3><P>When compared with the first-generation TCAs, second-generation TCAs more selectively inhibit presynaptic reuptake of serotonin and dopamine.</P><P>First-generation TCAs are tertiary amines and include:</P><ul><li>Amitriptyline</li><li>Clomipramine</li><li>Doxepin</li><li>Dosulepin</li><li>Imipramine</li><li>Trimipramine.</li></ul><P>Second-generation TCAs are secondary amines and include:</P><ul><li>Desipramine</li><li>Nortriptyline</li><li>Protriptyline.</li></ul><P>Tetracyclic antidepressants are four-ringed structures and include:</P><ul><li>Amoxapine</li><li>Maprotiline.</li></ul><P>Amitriptyline and dosulepin appear to be particularly toxic in overdose, and dosulepin has been associated with an increased risk of seizures and arrhythmias.<a href=\"epoc://current?article=2\">[2]</a> <a href=\"epoc://current?article=3\">[3]</a> </P></div><div class=\"cellTitle\">Epidemiology</div><div class=\"cellBody\"><P>In the US, TCAs are among the top 25 generic substance categories associated with the largest number of reported fatalities.<a href=\"epoc://current?article=5\">[5]</a> During 2017, the American Association of Poison Control Centers' Toxic Exposure Surveillance System reported 4319 nonpharmaceutical single exposures to TCAs; 366 were classified as major exposures, 12 patients died (0.28%). Amitriptyline accounted for over half of all exposures and fatalities.<a href=\"epoc://current?article=5\">[5]</a> </P><P>A UK cohort study found that TCAs and tetracyclic antidepressants (ICD-10 code T43.0) were the tenth most common poisoning substance, accounting for 624 (2.7%) of all common poisoning events between 1998 and 2014 (n=23,326).<a href=\"epoc://current?article=6\">[6]</a> There were 3987 deaths involving TCAs in England between 1993 and 2002; however, reduced TCA-related poisoning during the same timeframe (from 8.6 per million population to 5.3 per million population) may indicate a preference for serotonin reuptake inhibitors for high-risk patients.<a href=\"epoc://current?article=7\">[7]</a> </P><P>TCAs are associated with greater risk of toxicity and overdose compared with other antidepressants. As such, use of TCAs has declined due to the availability of selective serotonin reuptake inhibitors,&nbsp;which are equally effective and less toxic.<a href=\"epoc://current?article=8\">[8]</a> Despite the introduction of safer antidepressants and the resultant decrease in the number of TCA exposures, TCA use is still prevalent; significant numbers of TCAs are still prescribed in the UK, Germany, and Taiwan.<a href=\"epoc://current?article=9\">[9]</a> <a href=\"epoc://current?article=10\">[10]</a> </P></div><div class=\"cellTitle\">Etiology</div><div class=\"cellBody\"><P>A lethal dose of TCA is often contained in a typical month's supply, with 2-week doses enough to produce considerable toxicity. Serious toxicity is rare with doses less than 20 mg/kg, but because of variations in metabolism, protein binding, and absorption, the specific amount is unlikely to predict clinical danger.<a href=\"epoc://current?article=11\">[11]</a> </P><P>TCA use has declined due to the availability of selective serotonin reuptake inhibitors (SSRIs),<a href=\"epoc://current?article=8\">[8]</a> but TCAs continue to account for most deaths attributed to antidepressant overdose each year. Amitriptyline and dosulepin appear to be particularly toxic in overdose, and dosulepin has been associated with an increased risk of seizures and arrhythmias.<a href=\"epoc://current?article=2\">[2]</a> <a href=\"epoc://current?article=3\">[3]</a> </P><P>With SSRIs, ingestion of more than 30 times the normal dose is required to elicit symptoms such as fatigue, tremor, nausea, and vomiting. At more than 75 times normal dose, serious effects can occur, including seizures, toxic ECG changes, and decreased consciousness. Most fatalities occur when SSRIs are taken in combination with other drugs or alcohol, as toxicity then increases.<a href=\"epoc://current?article=12\">[12]</a> </P><P>Features of serotonin toxicity may also occur if the patient has coingested other drugs that increase the effect of serotonin, or is taking one of these drugs therapeutically. Such drugs include SSRIs, venlafaxine, monoamine oxidase inhibitors, amphetamines, cocaine, MDMA (ecstasy), linezolid, tramadol, or triptans. The clinical features of serotonin syndrome include hyperpyrexia, impaired consciousness level or agitation, increased muscle tone, and clonus.<a href=\"epoc://current?article=13\">[13]</a> It is often associated with an elevated creatine kinase level.</P></div><div class=\"cellTitle\">Authors / Peer Reviewers</div><div class=\"cellBody\"><ul><li>Alastair Newton, MB ChB, FCEM</li><li>Edward Boyer, MD</li><li>Ruben Thanacoody, MD, FRCP(Edin)</li><li>Laurie Prescott, MD, FRCP (Lond), FRCP (Edin), FFPM, FRSE</li></ul></div><br><b class=\"last-updated display-none\">Last Updated: 2021-02-04</b><div style=\"display: none\" class=\"last-updated\"><div class=\"last-updated-label\">Last Updated</div><div class=\"last-updated-date\">2021-02-04</div></div></div></div>",
   "type":"web"},

  {
   "id":"p-p_tx-c_0",
   "sections":
   [

    {
     "type":"table",
     "cells":
     [

      {
       "target":"tx-1",
       "title":"with ingestion within 2 hours",
       "type":"flex0"},

      {
       "target":"tx-2",
       "title":"with QRS >100 milliseconds or pH <7.45",
       "type":"flex0"},

      {
       "target":"tx-3",
       "title":"with arrhythmias",
       "type":"flex0"},

      {
       "target":"tx-4",
       "title":"with hypotension",
       "type":"flex0"},

      {
       "target":"tx-6",
       "title":"with cardiac arrest",
       "type":"flex0"},

      {
       "target":"tx-7",
       "title":"with seizures",
       "type":"flex0"},

      {
       "target":"tx-0",
       "title":"not otherwise specified",
       "type":"flex0"}      ]}    ],
   "type":"table"},

  {
   "id":"tx_options",
   "sections":
   [

    {
     "headerText":"Acute",
     "cells":
     [

      {
       "target":"p-p_tx-c_0",
       "title":"suspected or confirmed TCA overdose",
       "type":"flex0"}      ]}    ],
   "type":"table"},

  {
   "id":"tx_approach",
   "title":"Tricyclic OD",
   "html":"<div class=\"cell\"><div class=\"cellBlock\"><div class=\"cellBody\"><P>The main goal for treatment of TCA overdose is to provide respiratory and cardiovascular supportive care until the absorbed medication can be metabolized and eliminated fully. Management of arrhythmias involves correction of acidosis, hypoxia, and electrolyte imbalance. Antiarrhythmic drugs should generally be avoided.</P></div><div class=\"cellTitle\">ABC</div><div class=\"cellBody\"><P>The patient should be rapidly stabilized. Assess airway, breathing, and circulation; obtain intravenous access; attach a cardiac monitor; and obtain an ECG to look for QRS prolongation.<a class=\"inlineImage\" href=\"epoc://current?view=p-images-i_3\">Image</a></P><P>In suspected or confirmed TCA overdose and QRS &gt;100 milliseconds, sodium bicarbonate boluses should be given to narrow the QRS to &lt;100 milliseconds, as long as the blood pH is not greater than 7.55.</P></div><div class=\"cellTitle\">Admission</div><div class=\"cellBody\"><P>Patients who are asymptomatic 6 or more hours after accidental ingestion of a TCA dose that is not potentially toxic can be monitored at home. All other patients should be assessed in the hospital.<a href=\"epoc://current?article=22\">[22]</a> </P><P>After initial stabilization, patients who show signs of significant toxicity (e.g., hypotension, wide complex tachycardia, and anticholinergic signs) should be admitted to the intensive care unit.</P><P>Patients at risk of developing major complications are likely to have 1 or more of the following at the time of assessment:<a href=\"epoc://current?article=23\">[23]</a> <a href=\"epoc://current?article=24\">[24]</a> </P><ul><li>Heart rate 120 bpm or greater</li><li>Glasgow Coma Scale &lt;14</li><li>QRS duration &gt;100 milliseconds</li><li>Cardiac arrhythmias or conduction defects</li><li>Seizures</li><li>Respiratory rate &lt;8 breaths/minute</li><li>Systolic blood pressure &lt;90 mmHg.</li></ul><P>A widened QRS is generally regarded as a good predictor of subsequent complications,<a href=\"epoc://current?article=25\">[25]</a> although one study has suggested that the presence of coma may be a better predictor of such complications.<a href=\"epoc://current?article=26\">[26]</a> </P><P>Patients who rapidly regain a normal mental status and whose ECG shows sinus tachycardia without QRS widening may be suitable for psychiatric assessment and discharge after gastrointestinal (GI) decontamination and a minimum observation of 6 hours.<a href=\"epoc://current?article=27\">[27]</a> </P></div><div class=\"cellTitle\">Gastric decontamination and extracorporeal procedures</div><div class=\"cellBody\"><P>For an early overdose (&lt;2 hours after ingestion), GI decontamination should be considered by administering activated charcoal, providing the airway can be protected.<a href=\"epoc://current?article=28\">[28]</a> There is no clear benefit from repeated doses of activated charcoal, but this may be considered if a slow release preparation has been ingested.</P><P>Clinical studies have not demonstrated any significant effect on outcome using orogastric lavage, and there is a risk that increased absorption of tablet matter may occur from the small intestine. In addition, orogastric lavage may increase tachycardia and hypoxia; therefore, its routine use is not recommended. Extracorporeal procedures (such as hemoperfusion, hemofiltration, and hemodialysis) are unlikely to be of benefit because of the large volume of distribution and high protein binding capacity of TCAs.<a href=\"epoc://current?article=28\">[28]</a> </P></div><div class=\"cellTitle\">Role of sodium bicarbonate in management of ECG changes and acidosis</div><div class=\"cellBody\"><P>System alkalinization and the sodium load provided by hypertonic sodium bicarbonate reduces TCA-induced cardiotoxicity. Experimental and clinical studies have shown that both alkalinization and sodium loading (with or without hyperventilation) improve ECG parameters, consciousness level, and hypotension.<a href=\"epoc://current?article=21\">[21]</a> </P><P>Sodium bicarbonate boluses should be given, followed by a continuous infusion, to narrow the QRS to &lt;100 milliseconds, aiming for a pH of 7.5 and no greater than 7.55. There is no evidence for prophylactic administration of sodium bicarbonate in the absence of cardiotoxicity or metabolic acidosis.</P><P>Boluses of hypertonic sodium bicarbonate serve 3 purposes for treating TCA overdoses:</P><ul><li>To provide enough sodium substrate to allow for greater sodium entry into the myocardial cells, despite the sodium channel blockade. The result is a narrowed QRS and improved cardiac output.</li><li>To alkalinize the blood, which decreases the affinity of the TCA for the sodium channel.</li><li>This alkalinization provides a buffer that helps to prevent, or limit, acidosis that might follow a seizure or hypoperfusion. Acidosis exacerbates cardiotoxicity by enhancing TCA binding to sodium channels.</li></ul><P>The risk of this therapy is making the patient too alkalemic (pH &gt;7.55), but the benefits generally outweigh this risk. Together, the sodium and bicarbonate seem to act synergistically to enhance their individual effects.<a href=\"epoc://current?article=29\">[29]</a> </P><P>Once narrowing of a QRS is produced by rapid sodium bicarbonate bolus, the patient should be placed on a bicarbonate infusion. This infusion will not provide enough sodium to achieve any QRS narrowing; neither does it enhance renal elimination of TCA. It does, however, alkalinize the serum and provide a buffer for any acidosis that develops, such as that which may follow a seizure. Patients on intravenous sodium bicarbonate need regular monitoring of pH and electrolytes. The patient's pH should be maintained within the range of 7.45 to 7.55, with the ideal being 7.5.</P><P>In severe overdose, the amount of sodium bicarbonate needed to maintain an adequate QRS may be too large and would cause a severe alkalemia. In these cases, hypertonic saline (3%) without bicarbonate can be used, or the patient can be allowed to become mildly hypercapnic to provide some acid buffer for further needed sodium bicarbonate boluses. In patients who cannot tolerate the volume associated with sodium bicarbonate therapy, consider a trial of hyperventilation.</P></div><div class=\"cellTitle\">Management of hypotension</div><div class=\"cellBody\"><P>Hypotension should be treated with correction of hypoxia, intravenous fluids, and bicarbonate.</P><P>Use of inotropic agents and direct-acting vasopressors (such as norepinephrine) is controversial and should only be done in consultation with a medical toxicologist and intensive care physician. Their use may cause hypoperfusion and increased acidosis which further worsens the toxicity of TCA overdose because it increases the affinity of the TCA for the sodium channel and increases the degree of sodium channel blockade. The result is wide complex rhythms with decreased cardiac output. This leads to further hypoperfusion and acidosis.</P><P>Case reports suggest refractory hypotension has been treated successfully using high-dose intravenous glucagon. Glucagon has both inotropic and chronotropic effects on myocardial tissue.<a href=\"epoc://current?article=30\">[30]</a> <a href=\"epoc://current?article=31\">[31]</a> Other reports suggest successful use of vasopressin and the vasopressin analog terlipressin (not available in the US), in catecholamine-resistant hypotension.<a href=\"epoc://current?article=32\">[32]</a> <a href=\"epoc://current?article=33\">[33]</a> </P><P>Extracorporeal circulation membrane oxygenation has also been successfully used to treat refractory hypotension.<a href=\"epoc://current?article=34\">[34]</a> <a href=\"epoc://current?article=35\">[35]</a> </P></div><div class=\"cellTitle\">Management of arrhythmias</div><div class=\"cellBody\"><P>Major arrhythmias usually occur in association with other ECG changes or in the presence of other complications, such as coma, hypotension, or seizures. However, they may also occur in patients with only minor ECG abnormalities. Arrhythmias should be treated by correcting hypoxia, acidosis, and electrolyte abnormalities. Sodium bicarbonate boluses may be effective at treating cardiac arrhythmias, even in the absence of metabolic acidosis, and this should be the first line of treatment for all arrhythmias. Antiarrhythmic drugs should generally be avoided since they may exacerbate arrhythmias.<a href=\"epoc://current?article=21\">[21]</a> </P><ul><li>Tachyarrhythmias</li></ul><P>Magnesium sulfate has been reported to treat ventricular tachycardia and ventricular fibrillation that failed to respond to other treatment.<a href=\"epoc://current?article=36\">[36]</a> <a href=\"epoc://current?article=37\">[37]</a> Magnesium infusion or atrial overdrive pacing may be of use to treat torsades de pointes. Class Ia (quinidine, disopyramide, procainamide) and Ic (flecainide, propafenone) antiarrhythmic drugs should not be used since they have the same effects of sodium blockade as TCAs. Class Ia drugs also have the potential to increase the risk of torsades de pointes. Theoretically, class Ib antiarrhythmics (such as lidocaine and phenytoin) have less effect on myocardial contractility; however, evidence of clinical benefit with lidocaine in clinical studies is limited.<a href=\"epoc://current?article=38\">[38]</a> While phenytoin may reduce conduction defects, it may also increase the frequency and duration of ventricular tachycardia, and is therefore not recommended. Class II antiarrhythmics (beta-blockers) may cause severe bradycardia and hypotension, and have been associated with cardiac arrest. Their use should be restricted to treatment of broad complex tachyarrhythmias in the context of cardiac arrest, where other treatments have been ineffective. There are no studies to support the use of class III (amiodarone) or class IV (calcium-channel blockers) antiarrhythmics.</P><ul><li>Bradyarrhythmias</li></ul><P>Sodium bicarbonate should be used to treat bradycardia or heart block. Atropine is thought to be largely ineffective since tricyclic-induced AV conduction problems usually occur distal to the AV node. Development of Mobitz type II or complete heart block may require insertion of a temporary pacing wire. In these circumstances the use of isoproterenol may be used as a temporizing measure until temporary pacing is established.</P><ul><li>Lipid emulsion</li></ul><P>Animal studies and case reports suggest that life-threatening arrhythmias that are not corrected with sodium bicarbonate may respond to infusion of lipid emulsion. Lipid emulsion may work by providing an intravascular lipid compartment into which lipid-soluble drugs may be sequestered by enhancing free fatty acid availability for cardiac metabolism, or by improving myocardial function by increasing intracellular calcium. This therapy has been used to treat life-threatening arrhythmias caused by highly lipid-soluble drugs, and it has been suggested for the management of severe TCA cardiotoxicity, although evidence of its efficacy is limited.<a href=\"epoc://current?article=39\">[39]</a> <a href=\"epoc://current?article=40\">[40]</a> <a href=\"epoc://current?article=41\">[41]</a> </P><ul><li>Cardiac arrest</li></ul><P>Cardiac arrest caused by TCAs should be treated by systemic alkalinization with sodium bicarbonate and hyperventilation. Standard cardiac resuscitation efforts should be implemented. Attempts at resuscitation should continue for at least 1 hour.</P></div><div class=\"cellTitle\">Management of coma and seizures</div><div class=\"cellBody\"><P>Changes in consciousness level can occur rapidly, and coma is strongly associated with the risk of developing further complications of toxicity. Coma is also often associated with respiratory depression requiring intubation and ventilatory support. Flumazenil should not be given to reverse benzodiazepine toxicity in mixed overdoses, since this can precipitate seizures. Seizures usually occur as an early complication and are unlikely to develop more than 12 hours post ingestion. The majority of seizures are brief and self-terminating. However, even brief seizures can cause broadening of the QRS duration and hypotension by exacerbating the cardiotoxic effects of TCA through worsening of acidosis. There is no evidence to support the use of prophylactic treatment for patients thought to be at risk of developing seizures. Seizures that are not self-terminating should be treated with benzodiazepines, followed by barbiturates or propofol, if required.<a href=\"epoc://current?article=25\">[25]</a> Phenytoin is contraindicated as it does not improve seizures and may worsen cardiac toxicity.<a href=\"epoc://current?article=42\">[42]</a> </P></div></div></div>",
   "type":"web"},

  {
   "id":"hxexam_details",
   "sections":
   [

    {
     "type":"table",
     "headerText":"Strong",
     "cells":
     [

      {
       "title":"history of depression",
       "type":"flex0",
       "targetHTML":"<div class=\"cell\"><div class=\"cellBlock\"><div class=\"cellBody\"><P>Despite their use for other conditions, a history of depression is still the most likely reason for TCA overdose.<a href=\"epoc://current?article=15\">[15]</a> Depression may lead to suicidality and must be assessed with the Scale for Suicide Ideation by Beck et al.<a href=\"epoc://current?article=16\">[16]</a></P></div></div></div>"},

      {
       "title":"obsessive-compulsive disorder",
       "type":"flex0",
       "targetHTML":"<div class=\"cell\"><div class=\"cellBlock\"><div class=\"cellBody\"><P>May lead to TCA overdose. Risk of overdose is related to the use of TCAs prescribed for the disease, rather than the underlying disease itself.</P></div></div></div>"},

      {
       "title":"chronic pain",
       "type":"flex0",
       "targetHTML":"<div class=\"cell\"><div class=\"cellBlock\"><div class=\"cellBody\"><P>May lead to TCA overdose. Risk of overdose is related to the use of TCAs prescribed for the disease, rather than the underlying disease itself.</P></div></div></div>"},

      {
       "title":"attention deficit hyperactivity disorders",
       "type":"flex0",
       "targetHTML":"<div class=\"cell\"><div class=\"cellBlock\"><div class=\"cellBody\"><P>May lead to TCA overdose. Risk of overdose is related to the use of TCAs prescribed for the disease, rather than the underlying disease itself.</P></div></div></div>"}      ]}    ],
   "type":"table"},

  {
   "id":"p-hxexam_factor-key_0",
   "title":"Tricyclic OD",
   "html":"<html><div class=\"cell\"><div class=\"cellBlock\"><div class=\"cellBody\"><P>If a patient has reduced consciousness, monitor for respiratory depression as intubation may be necessary.<a href=\"epoc://current?article=11\">[11]</a> </P></div></div></div></html>",
   "type":"web"},

  {
   "id":"p-hxexam_factor-key_1",
   "title":"Tricyclic OD",
   "html":"<html><div class=\"cell\"><div class=\"cellBlock\"><div class=\"cellBody\"><P>Sinus tachycardia is the most common rhythm in TCA overdose. Wide complex tachycardia occurs with severe TCA overdose. Its absence makes the diagnosis of severe poisoning unlikely.</P></div></div></div></html>",
   "type":"web"},

  {
   "id":"p-hxexam_factor-key_2",
   "title":"Tricyclic OD",
   "html":"<html><div class=\"cell\"><div class=\"cellBlock\"><div class=\"cellBody\"><P>As a result of alpha-1 antagonism, hypotension is quite common.<a href=\"epoc://current?article=4\">[4]</a> </P></div></div></div></html>",
   "type":"web"},

  {
   "id":"p-hxexam_factor-key_3",
   "title":"Tricyclic OD",
   "html":"<html><div class=\"cell\"><div class=\"cellBlock\"><div class=\"cellBody\"><P>Dilated pupils is part of the anticholinergic toxidrome.</P><P>Do not use physostigmine to reverse anticholinergic signs caused by TCA overdose because in rare cases it has been associated with causing asystole.<a href=\"epoc://current?article=20\">[20]</a> </P><P>Absence of anticholinergic toxidrome makes the diagnosis unlikely, although cardiovascular effects can be so prominent that these anticholinergic manifestations may be overlooked.</P></div></div></div></html>",
   "type":"web"},

  {
   "id":"p-hxexam_factor-key_4",
   "title":"Tricyclic OD",
   "html":"<html><div class=\"cell\"><div class=\"cellBlock\"><div class=\"cellBody\"><P>Part of the anticholinergic toxidrome.</P><P>Do not use physostigmine to reverse anticholinergic signs caused by TCA overdose because in rare cases it has been associated with causing asystole.<a href=\"epoc://current?article=20\">[20]</a> </P><P>Absence of anticholinergic toxidrome makes the diagnosis unlikely, although cardiovascular effects can be so prominent that these anticholinergic manifestations may be overlooked.</P></div></div></div></html>",
   "type":"web"},

  {
   "id":"p-hxexam_factor-key_5",
   "title":"Tricyclic OD",
   "html":"<html><div class=\"cell\"><div class=\"cellBlock\"><div class=\"cellBody\"><P>Changes in mental status, varying from slight drowsiness to delirium or coma, are part of the anticholinergic toxidrome.</P><P>Do not use physostigmine to reverse anticholinergic signs caused by TCA overdose because in rare cases it has been associated with causing asystole.<a href=\"epoc://current?article=20\">[20]</a> </P><P>Absence of anticholinergic toxidrome makes the diagnosis unlikely, although cardiovascular effects can be so prominent that these anticholinergic manifestations may be overlooked.</P></div></div></div></html>",
   "type":"web"},

  {
   "id":"p-hxexam_factor-key_6",
   "title":"Tricyclic OD",
   "html":"<html><div class=\"cell\"><div class=\"cellBlock\"><div class=\"cellBody\"><P>Part of the anticholinergic toxidrome.</P><P>Do not use physostigmine to reverse anticholinergic signs caused by TCA overdose because in rare cases it has been associated with causing asystole.<a href=\"epoc://current?article=20\">[20]</a> </P><P>Absence of anticholinergic toxidrome makes the diagnosis unlikely, although cardiovascular effects can be so prominent that these anticholinergic manifestations may be overlooked.</P></div></div></div></html>",
   "type":"web"},

  {
   "id":"p-hxexam_factor-key_7",
   "title":"Tricyclic OD",
   "html":"<html><div class=\"cell\"><div class=\"cellBlock\"><div class=\"cellBody\"><P>Part of the anticholinergic toxidrome.</P><P>Do not use physostigmine to reverse anticholinergic signs caused by TCA overdose because in rare cases it has been associated with causing asystole.<a href=\"epoc://current?article=20\">[20]</a> </P><P>Absence of anticholinergic toxidrome makes the diagnosis unlikely, although cardiovascular effects can be so prominent that these anticholinergic manifestations may be overlooked.</P></div></div></div></html>",
   "type":"web"},

  {
   "id":"p-hxexam_factor-key_8",
   "title":"Tricyclic OD",
   "html":"<html><div class=\"cell\"><div class=\"cellBlock\"><div class=\"cellBody\"><P>Divergent squint, internuclear ophthalmoplegic and gaze paralysis; nystagmus may also be seen.</P></div></div></div></html>",
   "type":"web"},

  {
   "id":"p-hxexam_factor-key_9",
   "title":"Tricyclic OD",
   "html":"<html><div class=\"cell\"><div class=\"cellBlock\"><div class=\"cellBody\"><P>Ataxia, myoclonic, and choreoathetoid movements may be seen. Increased muscle tone, hyperreflexia, and extensor plantar responses may occur.</P></div></div></div></html>",
   "type":"web"},

  {
   "id":"p-hxexam_factor-other_10",
   "title":"Tricyclic OD",
   "html":"<html><div class=\"cell\"><div class=\"cellBlock\"><div class=\"cellBody\"><P>The clinical features of serotonin syndrome include hyperpyrexia, impaired consciousness level or agitation, increased muscle tone, and clonus. It is often associated with an elevated creatine kinase level.<a href=\"epoc://current?article=13\">[13]</a> Features of serotonin toxicity may also occur if the patient has coingested other drugs that increase the effect of serotonin or is taking one of these drugs therapeutically. Such drugs include selective serotonin reuptake inhibitors (SSRIs), venlafaxine, monoamine oxidase inhibitors, amphetamines, cocaine, MDMA (ecstasy), linezolid, tramadol, or triptans.</P></div></div></div></html>",
   "type":"web"},

  {
   "id":"hxexam",
   "sections":
   [

    {
     "headerText":"Risk Factors",
     "cells":
     [

      {
       "target":"hxexam_details",
       "title":"Details",
       "type":"flex0"}      ]},

    {
     "dividerType":"divider0",
     "headers":
     [

      {
       "title":"Key Diagnostic Factors"},

      {
       "title":"common",
       "type":"header1"}      ],
     "cells":
     [

      {
       "title":"change in mental status",
       "target":"p-hxexam_factor-key_0",
       "type":"flex0"},

      {
       "title":"tachycardia",
       "target":"p-hxexam_factor-key_1",
       "type":"flex0"},

      {
       "title":"hypotension",
       "target":"p-hxexam_factor-key_2",
       "type":"flex0"},

      {
       "title":"mydriasis",
       "target":"p-hxexam_factor-key_3",
       "type":"flex0"},

      {
       "title":"warm, dry, flushed skin",
       "target":"p-hxexam_factor-key_4",
       "type":"flex0"},

      {
       "title":"change in mental status",
       "target":"p-hxexam_factor-key_5",
       "type":"flex0"},

      {
       "title":"decreased or absent bowel sounds",
       "target":"p-hxexam_factor-key_6",
       "type":"flex0"},

      {
       "title":"urinary retention",
       "target":"p-hxexam_factor-key_7",
       "type":"flex0"},

      {
       "title":"ophthalmic signs",
       "target":"p-hxexam_factor-key_8",
       "type":"flex0"},

      {
       "title":"neurological signs",
       "target":"p-hxexam_factor-key_9",
       "type":"flex0"}      ]},

    {
     "dividerType":"divider0",
     "headers":
     [

      {
       "title":"Other Diagnostic Factors"},

      {
       "title":"common",
       "type":"header1"}      ],
     "cells":
     [

      {
       "title":"features of serotonin syndrome",
       "target":"p-hxexam_factor-other_10",
       "type":"flex0"}      ]}    ],
   "type":"table"},

  {
   "id":"p-test-t_0",
   "title":"ECG",
   "html":"<html><div class=\"cell\"><div class=\"cellBlock\"><div class=\"cellTitle\">Result</div><div class=\"cellBody\">tachycardia; QRS prolongation &gt;100 milliseconds; terminal 40 milliseconds rightward axis deviation</div><div class=\"cellTitle\">Test Details</div><div class=\"cellBody\"><li>This should be done as soon as possible to assess for presence of QRS prolongation.<a class=\"inlineImage\" href=\"epoc://current?view=p-images-i_2\">Image</a></li><li>Any QRS duration &gt;100 milliseconds in the setting of overdose, or unknown cause of altered mental status, is suspicious for TCA overdose. However, if no QRS prolongation is found, TCA overdose is not excluded.</li><li>If QRS prolongation is found on ECG, a cardiac monitor should be attached to the patient and repeat 12-lead ECGs should be performed at least every hour for the first 6 hours.</li><li>QRS prolongation &gt;100 milliseconds indicates a 30% likelihood of seizure. When the QRS prolongs to &gt;160 milliseconds there is a 50% risk of arrhythmia.<a href=\"epoc://current?article=19\">[19]</a> </li><li>The most common ECG abnormality seen in TCA overdose is sinus tachycardia. Other ECG changes that can occur include: prolonged QTc duration, prolonged PR interval, AV block, nonspecific ST and T wave changes, downward sloping ST elevation in leads V1 to V3 with right bundle branch block (Brugada wave).<a href=\"epoc://current?article=17\">[17]</a> </li><li>It is useful to look for the presence of a terminal 40 milliseconds rightward axis shift, seen as an R-wave deflection in aVR or an S wave in I or aVL.<a href=\"epoc://current?article=18\">[18]</a> Although it may be present in any condition that causes right heart strain, such as bronchospasm or large pulmonary embolus, its absence makes the diagnosis of TCA overdose unlikely.</li></div></div></div></html>",
   "type":"web"},

  {
   "id":"p-test-t_1",
   "title":"sodium bicarbonate therapeutic trial",
   "html":"<html><div class=\"cell\"><div class=\"cellBlock\"><div class=\"cellTitle\">Result</div><div class=\"cellBody\">narrowing of QRS</div><div class=\"cellTitle\">Test Details</div><div class=\"cellBody\"><li>One to 2 mEq/kg rapid intravenous bolus should be given as soon as QRS prolongation is confirmed. If the QRS narrows after the bolus of sodium bicarbonate therapy, a cardiac monitor should be attached and a bicarbonate infusion commenced.</li><li>The ECG should be repeated each hour to look for any QRS prolongation &gt;100 milliseconds. Repeat boluses of sodium bicarbonate therapy should be given to keep the QRS at 100 milliseconds or less, as long as the pH is not greater than 7.55.</li><li>If the QRS fails to narrow after this bolus, then the presence of a sodium channel blocker is unlikely and the QRS prolongation probably has nontoxicologic causes (because sodium channel blockade is the only toxicologic explanation for QRS prolongation).</li></div></div></div></html>",
   "type":"web"},

  {
   "id":"p-test-t_2",
   "title":"ABG",
   "html":"<html><div class=\"cell\"><div class=\"cellBlock\"><div class=\"cellTitle\">Result</div><div class=\"cellBody\">metabolic acidosis</div><div class=\"cellTitle\">Test Details</div><div class=\"cellBody\"><li>Any acidosis is detrimental since it increases cardiotoxicity. Experimental and clinical studies have shown that both alkalinization and sodium loading (with either sodium bicarbonate or hypertonic saline and with or without hyperventilation) are effective at improving ECG abnormalities, consciousness level, and hypotension.<a href=\"epoc://current?article=21\">[21]</a> The patient's pH should be maintained between 7.45 and 7.55.</li></div></div></div></html>",
   "type":"web"},

  {
   "id":"p-test-t_3",
   "title":"serum TCA concentrations",
   "html":"<html><div class=\"cell\"><div class=\"cellBlock\"><div class=\"cellTitle\">Result</div><div class=\"cellBody\">presence of TCA</div><div class=\"cellTitle\">Test Details</div><div class=\"cellBody\"><li>Serum concentrations &gt;0 nanograms/mL confirm the presence of a TCA.</li><li>Although the test can confirm ingestion, it is not ordered routinely because false-positive results are common and the test has less prognostic value than the ECG.</li><li>Levels &gt;1000 nanograms/mL are associated with cardiovascular toxicity.</li><li>The test can confirm clinical suspicion, but results rarely return in a clinically useful timeframe.</li></div></div></div></html>",
   "type":"web"},

  {
   "id":"p-test-t_4",
   "title":"serum acetaminophen concentrations",
   "html":"<html><div class=\"cell\"><div class=\"cellBlock\"><div class=\"cellTitle\">Result</div><div class=\"cellBody\">may show presence of co-ingestant</div><div class=\"cellTitle\">Test Details</div><div class=\"cellBody\"><li>Polypharmacy overdose is common.</li><li>In patients unable to clearly detail what has been ingested it is important to check for co-ingestants.</li></div></div></div></html>",
   "type":"web"},

  {
   "id":"p-test-t_5",
   "title":"serum salicylate concentrations",
   "html":"<html><div class=\"cell\"><div class=\"cellBlock\"><div class=\"cellTitle\">Result</div><div class=\"cellBody\">may show presence of co-ingestant</div><div class=\"cellTitle\">Test Details</div><div class=\"cellBody\"><li>Polypharmacy overdose is common.</li><li>In patients unable to clearly detail what has been ingested it is important to check for co-ingestants.</li></div></div></div></html>",
   "type":"web"},

  {
   "id":"p-test-t_6",
   "title":"urine drug screen",
   "html":"<html><div class=\"cell\"><div class=\"cellBlock\"><div class=\"cellTitle\">Result</div><div class=\"cellBody\">presence of TCA; may show presence of co-ingestant</div><div class=\"cellTitle\">Test Details</div><div class=\"cellBody\"><li>Urine TCA screens are available more rapidly, but their clinical usefulness is limited in the management of an overdose. However, it may assist when there is a strong suspicion of a significant co-ingestion.</li></div></div></div></html>",
   "type":"web"},

  {
   "id":"tests",
   "sections":
   [

    {
     "headerText":"Initial Tests",
     "cells":
     [

      {
       "target":"p-test-t_0",
       "title":"ECG",
       "type":"flex0"},

      {
       "target":"p-test-t_1",
       "title":"sodium bicarbonate therapeutic trial",
       "type":"flex0"},

      {
       "target":"p-test-t_2",
       "title":"ABG",
       "type":"flex0"}      ]},

    {
     "headerText":"Other Tests to Consider",
     "cells":
     [

      {
       "target":"p-test-t_3",
       "title":"serum TCA concentrations",
       "type":"flex0"},

      {
       "target":"p-test-t_4",
       "title":"serum acetaminophen concentrations",
       "type":"flex0"},

      {
       "target":"p-test-t_5",
       "title":"serum salicylate concentrations",
       "type":"flex0"},

      {
       "target":"p-test-t_6",
       "title":"urine drug screen",
       "type":"flex0"}      ]}    ],
   "type":"table"},

  {
   "id":"differentials",
   "sections":
   [

    {
     "cells":
     [

      {
       "title":"Overdose of sodium channel blockers",
       "type":"flex0",
       "targetHTML":"<div class=\"cell\"><div class=\"cellBlock\"><div class=\"cellTitle\">Signs/Sx</div><div class=\"cellBody\"><ul><li>The history of suicidal overdose is often the same. History of use of sodium channel blockers: for example, class 1a antiarrhythmics (quinidine, procainamide, disopyramide), class 1c antiarrhythmics (flecainide, propafenone), lithium, and local anesthetics.</li><li>The degree of toxicity is often the only clue to the diagnosis of TCA overdose as these patients tend to be more seriously ill and decline more rapidly.</li></ul></div><div class=\"cellTitle\">Tests</div><div class=\"cellBody\"><ul><li>No specific diagnostic test. Differentiating among these sodium channel blockers is often difficult. Response to sodium bicarbonate therapy may also be similar. They may produce diagnostic ECGs that appear comparable.</li></ul></div><a href=\"epoc://dx/monograph/885\"><b class=\"view-dx-monograph\">View Dx Monograph</b></a></div></div>"},

      {
       "title":"Conditions causing right axis ECG deviation",
       "type":"flex0",
       "targetHTML":"<div class=\"cell\"><div class=\"cellBlock\"><div class=\"cellTitle\">Signs/Sx</div><div class=\"cellBody\"><ul><li>With bronchospasm or large pulmonary embolus, no anticholinergic signs are present.</li><li>Structural heart disease is not associated with anticholinergic signs either.</li></ul></div><div class=\"cellTitle\">Tests</div><div class=\"cellBody\"><ul><li>In the case of bronchospasm or a large pulmonary embolus, sinus tachycardia should be present but not QRS prolongation.</li><li>Healthy children may also have persistent right ventricular forces, which produce a similar axis shift without QRS widening.</li><li>Consider other clinical parameters to differentiate these diagnoses. In these conditions, patients do not respond to sodium bicarbonate therapy.</li></ul></div><a href=\"epoc://dx/monograph/292\"><b class=\"view-dx-monograph\">View Dx Monograph</b></a></div></div>"},

      {
       "title":"Anticholinergic overdose",
       "type":"flex0",
       "targetHTML":"<div class=\"cell\"><div class=\"cellBlock\"><div class=\"cellTitle\">Signs/Sx</div><div class=\"cellBody\"><ul><li>The signs and symptoms produced by all anticholinergic agents are similar. Examples include atropine and antihistamines (e.g., diphenhydramine), antipscyhotics, and antispasmodics. Again, a seriously ill and rapidly declining patient may be the only clue that a TCA is involved.</li></ul></div><div class=\"cellTitle\">Tests</div><div class=\"cellBody\"><ul><li>No specific diagnostic test. As with differentiating among sodium channel blockers, differentiating among potential anticholinergics becomes difficult.</li></ul></div></div></div>"}      ]}    ],
   "type":"table"},

  {
   "id":"diag_approach",
   "title":"Tricyclic OD",
   "html":"<div class=\"cell\"><div class=\"cellBlock\"><div class=\"cellBody\"><P>The difficulty in TCA overdose is that other conditions present with similar signs and symptoms. The constellation of decreased mental status, tachycardia, and hypotension may be due to sepsis, overdose of other medications (e.g., antihistamines) or substances (ethanol), or possibly a pulmonary embolus. Anticholinergic signs typical of TCA overdose may also be present in other types of overdose (e.g., diphenhydramine). After a short asymptomatic period, usually of less than 1 to 2 hours, a rapid decline follows in both mental and cardiovascular status. Some patients present in varying states of consciousness so that a history of overdose cannot be obtained.</P><P>The steps to diagnosis are, therefore, as follows: after ensuring adequate airway, breathing, and circulation, the patient should be attached to a cardiac monitor. Intravenous access should be obtained and an ECG performed as soon as the patient is initially stabilized on arrival, as this is the most helpful tool for determining the presence of TCA toxicity.</P><P>Arterial blood gas analysis should be performed if ingestion of a potentially toxic dose is suspected, to determine if the patient is acidotic. Any acidosis is detrimental since it increases cardiotoxicity.</P></div><div class=\"cellTitle\">Clinical features</div><div class=\"cellBody\"><P>Clinical features suggestive of TCA toxicity include:</P><ul><li>Anticholinergic symptoms, such as dry flushed skin, dilated pupils, absent bowel sounds, or urinary retention</li><li>Impaired consciousness level</li><li>Tachycardia</li><li>Hypotension</li><li>Arrhythmias</li><li>Seizures</li><li>Other variable clinical signs include divergent squint, internuclear ophthalmoplegic and gaze paralysis, nystagmus, and myoclonic and choreoathetoid movements. Increased muscle tone, hyperreflexia, and extensor plantar responses may occur.</li></ul><P>Features of serotonin toxicity may also occur if the patient has coingested other drugs that increase the effect of serotonin, or is taking one of these drugs therapeutically. Such drugs include selective serotonin reuptake inhibitors (SSRIs), venlafaxine, monoamine oxidase inhibitors, amphetamines, cocaine, MDMA (ecstasy), linezolid, tramadol, or triptans. The clinical features of serotonin syndrome include hyperpyrexia, impaired consciousness level or agitation, increased muscle tone, and clonus. It is often associated with an elevated creatine kinase level.<a href=\"epoc://current?article=13\">[13]</a> </P></div><div class=\"cellTitle\">Investigations</div><div class=\"cellBody\"><P>ECG features are helpful for determining the presence of TCA toxicity:<a href=\"epoc://current?article=17\">[17]</a> </P><ul><li>Sinus tachycardia is commonly seen.</li><li>QRS duration &gt;100 milliseconds is seen in TCA toxicity, but its absence does not exclude the diagnosis.</li><li>If QRS prolongation is found on ECG, a cardiac monitor should be attached to the patient and repeat 12-lead ECGs should be performed at least every hour for the first 6 hours.</li><li>Confirming the presence of a terminal 40 milliseconds rightward axis shift, seen as an R-wave deflection in aVR or an S wave in I or aVL, is useful for diagnosing TCA overdose.<a href=\"epoc://current?article=18\">[18]</a> Absence of this rightward axis shift makes the diagnosis less likely, and other causes should be considered, including overdose of other medications and nontoxicological causes.</li><li>QRS prolongation &gt;100 milliseconds indicates a 30% likelihood of seizure. When the QRS prolongs to &gt;160 milliseconds there is a 50% risk of arrhythmia.<a href=\"epoc://current?article=19\">[19]</a><a class=\"inlineImage\" href=\"epoc://current?view=p-images-i_1\">Image</a></li></ul><P>Other ECG changes that can occur in TCA poisoning include:</P><ul><li>Prolonged QTc duration</li><li>Prolonged PR interval</li><li>AV block</li><li>Non-specific ST and T wave changes</li><li>Downward sloping ST elevation in leads V1 to V3 with right bundle branch block (Brugada wave).</li></ul><P>If positive, repeat the ECG hourly to assess for any QRS prolongation secondary to sodium channel blockade. Once QRS prolongation is confirmed, rapid administration of 1 to 2 mEq/kg of sodium bicarbonate will provide enough sodium substrate to narrow the QRS duration in the setting of a sodium channel blocker. Importantly, narrowing of the QRS confirms only the presence of a sodium channel blocker (e.g., cocaine or diphenhydramine) and not specifically a TCA. Importantly, any condition that causes right heart strain, such as bronchospasm or large pulmonary embolus, may cause a similar ECG pattern.</P><P>Serum TCA levels can be obtained but are not as valuable as the ECG.<a href=\"epoc://current?article=19\">[19]</a> Also, serum TCA levels are not rapidly available and should never be used to guide management in the setting of an acute TCA overdose. Urine TCA screens are available more rapidly, but their clinical usefulness is limited in the management of an overdose. However, it may assist when there is a strong suspicion of a significant co-ingestion.</P></div></div></div>",
   "type":"web"},

  {
   "id":"followup",
   "title":"Tricyclic OD",
   "html":"<div class=\"cell\"><div class=\"cellBlock\"><div class=\"cellTitle\">Prognosis</div><div class=\"cellBody\"><div class=\"cellBody\"><P>Outcome depends on the degree of overdose as well as the comorbidities of the patient. Death occurs either from early cardiac arrest or from late refractory hypotension. Young, healthy people with mild-to-moderate overdoses tend to do extremely well when therapy is aggressive. Mortality in healthy people with large overdoses is also typically low if correctly managed, although some patients may succumb to their overdose despite appropriate therapy. Older people, and those with comorbidities affecting their cardiovascular status, often have higher morbidity and mortality even with a moderate overdose. Patients who show no significant signs of TCA overdose for at least 6 hours after arrival are expected to do well.<a href=\"epoc://current?article=11\">[11]</a> </P></div></div><div class=\"cellTitle\">Monitoring</div><div class=\"cellBody\"><P>After the patient is medically stabilized, he or she should have an inpatient psychiatric assessment to monitor danger to self, analyze the overdose motivations, and assess psychiatric symptoms. Decide upon an action and treatment plan, including medication choices. Outpatient psychiatric follow-up may be necessary.</P></div></div></div>",
   "type":"web"},

  {
   "id":"complications",
   "sections":
   [

    {
     "headerText":"High Likelihood",
     "cells":
     [

      {
       "title":"cardiac arrhythmias",
       "type":"flex0",
       "targetHTML":"<div class=\"cell\"><div class=\"cellBlock\"><div class=\"cellBody\"><P>The incidence of ventricular arrhythmias requiring therapy other than sodium bicarbonate is very low.</P><P>In most cases, antiarrhythmic drugs should be avoided and other symptoms corrected (such as hypotension, hypoxia, hypokalemia, and acidosis) as a priority. Sodium bicarbonate is the treatment of choice. If antiarrhythmics are used, avoid class IA, IC, II, and III drugs, which can increase cardiotoxicity and elongate the QT interval.<a href=\"epoc://current?article=11\">[11]</a></P><A href=\"epoc://dx/monograph/837\"><B class=\"view-dx-monograph\">View Dx monograph</B></A></div></div></div>"},

      {
       "title":"delirium",
       "type":"flex0",
       "targetHTML":"<div class=\"cell\"><div class=\"cellBlock\"><div class=\"cellBody\"><P>After an acute overdose, the vital signs and ECG findings may resolve and the patient is commonly left with a residual anticholinergic delirium. This is typically manifested by agitation, garbled speech, and disorientation with visual and/or tactile hallucinations.</P><P>This usually resolves spontaneously within 1 to 2 days; however, benzodiazepines may be of benefit for patients with severe agitation.</P><A href=\"epoc://dx/monograph/241\"><B class=\"view-dx-monograph\">View Dx monograph</B></A></div></div></div>"}      ]},

    {
     "headerText":"Medium Likelihood",
     "cells":
     [

      {
       "title":"seizure",
       "type":"flex0",
       "targetHTML":"<div class=\"cell\"><div class=\"cellBlock\"><div class=\"cellBody\"><P>In a retrospective study of one intensive care unit, 6.2% of patients had seizures.<a href=\"epoc://current?article=11\">[11]</a></P><P>Often seizures are self-limiting, so treatment is unnecessary. Correction of hypoxia and acidosis is vital.</P><P>If seizure activity persists and treatment is warranted, benzodiazepines are the treatment of choice, followed by barbiturates or propofol, if needed. Phenytoin is contraindicated as it does not improve seizures and may worsen cardiac toxicity.<a href=\"epoc://current?article=11\">[11]</a><a href=\"epoc://current?article=42\">[42]</a></P><A href=\"epoc://dx/monograph/112\"><B class=\"view-dx-monograph\">View Dx monograph</B></A></div></div></div>"},

      {
       "title":"coma",
       "type":"flex0",
       "targetHTML":"<div class=\"cell\"><div class=\"cellBlock\"><div class=\"cellBody\"><P>In patients who die from TCA overdose, 52% present with coma.<a href=\"epoc://current?article=11\">[11]</a> One retrospective study found that 17% of TCA overdoses result in coma.<a href=\"epoc://current?article=11\">[11]</a></P><P>Changes in consciousness level can occur rapidly, and coma is strongly associated with risk of developing further complications of toxicity. Coma is often associated with respiratory depression requiring intubation and ventilatory support. Flumazenil should not be given to reverse benzodiazepine toxicity in mixed overdoses since this can precipitate seizures.</P><A href=\"epoc://dx/monograph/417\"><B class=\"view-dx-monograph\">View Dx monograph</B></A></div></div></div>"}      ]},

    {
     "headerText":"Low Likelihood",
     "cells":
     [

      {
       "title":"cardiac arrest",
       "type":"flex0",
       "targetHTML":"<div class=\"cell\"><div class=\"cellBlock\"><div class=\"cellBody\"><P>After initial ingestion, effects upon the myocardium may cause potent alpha-1 receptor antagonism and profound hypotension. Combined with wide complex tachycardia, cardiovascular collapse quickly ensues in the absence of supportive measures.<a href=\"epoc://current?article=11\">[11]</a></P><P>Cardiac arrest caused by TCAs should be treated by systemic alkalinization with sodium bicarbonate and hyperventilation. Standard cardiac resuscitation efforts should be implemented. Attempts at resuscitation should continue for at least 1 hour.</P><A href=\"epoc://dx/monograph/283\"><B class=\"view-dx-monograph\">View Dx monograph</B></A></div></div></div>"}      ]}    ],
   "type":"table"},

  {
   "id":"guidelines",
   "title":"Tricyclic OD",
   "html":"<div class=\"cell\"><div class=\"cellBlock\"><div class=\"cellTitle\">Treatment Guidelines</div><div class=\"cellBody\"><p><h4>Paediatric advanced life support<a href=\"epoc://current?article=43\">[43]</a> </h4><p><a href=\"https://www.resus.org.uk/library/2015-resuscitation-guidelines\">View Society Guidelines</a></p><p><small><b>Published by: </b>Resuscitation Council (UK)</small><br><small><b>Published: </b>2015</small></p><p><small><b>Summary</b><br><P>Recommendations for pediatric life support.</P></small></p></p><hr><p><h4>Adult advanced life support<a href=\"epoc://current?article=44\">[44]</a> </h4><p><a href=\"https://www.resus.org.uk/library/2015-resuscitation-guidelines\">View Society Guidelines</a></p><p><small><b>Published by: </b>Resuscitation Council (UK)</small><br><small><b>Published: </b>2015</small></p><p><small><b>Summary</b><br><P>Recommendations for adult life support.</P></small></p></p><hr><p><h4>European Resuscitation Council guidelines for resuscitation, 2015<a href=\"epoc://current?article=45\">[45]</a> </h4><p><a href=\"https://cprguidelines.eu/\">View Society Guidelines</a></p><p><small><b>Published by: </b>European Resuscitation Council</small><br><small><b>Published: </b>2015</small></p><p><small><b>Summary</b><br><P>Recommendations regarding adult basic life support.</P></small></p></p><hr><p><h4>Guideline for the management of tricyclic antidepressant overdose<a href=\"epoc://current?article=25\">[25]</a> </h4><p><a href=\"https://emj.bmj.com/content/28/4/347.full\">View Society Guidelines</a></p><p><small><b>Published by: </b>Guidelines in Emergency Medicine Network (GEMNet)</small><br><small><b>Published: </b>2011</small></p><p><small><b>Summary</b><br><P>Management of adult patients who present to the ED following a TCA overdose.</P></small></p></p><hr></div></div></div>",
   "type":"web"},

  {
   "id":"p-tx-c_0",
   "title":"ignoreme",
   "html":"<html><div class=\"cell\"><div class=\"cellBlock\"><div class=\"cellTitle\">Comments</div><div class=\"cellBody\"><ul><li>The patient should be rapidly stabilized. Assess airway, breathing, and circulation; obtain intravenous access; attach a cardiac monitor; and obtain an ECG to look for QRS prolongation.<a class=\"inlineImage\" href=\"epoc://current?view=p-images-i_4\">Image</a></li><li>Acidosis, hypoxia, and electrolyte abnormalities should be corrected initially.</li></ul></div></div></div></html>",
   "type":"web"},

  {
   "id":"tx-0",
   "sections":
   [

    {
     "cells":
     [

      {
       "target":"p-tx-c_0",
       "title":"supportive care and monitoring",
       "flag":"1st",
       "type":"flex1"}      ]}    ],
   "type":"table"},

  {
   "id":"p-tx-p_0",
   "title":"ignoreme",
   "html":"<html><div class=\"cell\"><div class=\"cellBlock\"><div class=\"cellTitle\">Comments</div><div class=\"cellBody\"><ul><li>The patient should be rapidly stabilized. Assess airway, breathing, and circulation; obtain intravenous access; attach a cardiac monitor; and obtain an ECG to look for QRS prolongation.<a class=\"inlineImage\" href=\"epoc://current?view=p-images-i_4\">Image</a></li><li>Acidosis, hypoxia, and electrolyte abnormalities should be corrected initially.</li></ul></div></div></div></html>",
   "type":"web"},

  {
   "id":"p-tx-c_1",
   "title":"ignoreme",
   "html":"<html><div class=\"cell\"><div class=\"cellBlock\"><div class=\"cellTitle\">Primary Options</div><div class=\"cellBody\"><UL class=\"tx-options\"><LI><span><A href=\"epoc://rx/monograph/335\">charcoal, activated</A>: 1 g/kg orally as a single dose, repeat every 2-4 hours if required<BR></span></LI></UL></div><div class=\"cellTitle\">Comments</div><div class=\"cellBody\"><ul><li>The aim is to bind any free drug in the gastrointestinal tract with activated charcoal before absorption occurs.<a href=\"epoc://current?article=28\">[28]</a> </li><li>Attention to the airway is critical to avoid aspiration. Pulmonary aspiration of activated charcoal may be life-threatening.</li></ul></div></div></div></html>",
   "type":"web"},

  {
   "id":"tx-1",
   "sections":
   [

    {
     "cells":
     [

      {
       "target":"p-tx-p_0",
       "title":"supportive care and monitoring",
       "flag":"1st",
       "type":"flex1"},

      {
       "target":"p-tx-c_1",
       "title":"gastrointestinal decontamination",
       "flag":"plus",
       "type":"flex1"}      ]}    ],
   "type":"table"},

  {
   "id":"p-tx-p_0",
   "title":"ignoreme",
   "html":"<html><div class=\"cell\"><div class=\"cellBlock\"><div class=\"cellTitle\">Comments</div><div class=\"cellBody\"><ul><li>The patient should be rapidly stabilized. Assess airway, breathing, and circulation; obtain intravenous access; attach a cardiac monitor; and obtain an ECG to look for QRS prolongation.<a class=\"inlineImage\" href=\"epoc://current?view=p-images-i_4\">Image</a></li><li>Acidosis, hypoxia, and electrolyte abnormalities should be corrected initially.</li></ul></div></div></div></html>",
   "type":"web"},

  {
   "id":"p-tx-c_2",
   "title":"ignoreme",
   "html":"<html><div class=\"cell\"><div class=\"cellBlock\"><div class=\"cellTitle\">Primary Options</div><div class=\"cellBody\"><UL class=\"tx-options\"><LI><span><A href=\"epoc://rx/monograph/117\">sodium bicarbonate</A>: consult specialist for guidance on dose<BR></span></LI></UL></div><div class=\"cellTitle\">Comments</div><div class=\"cellBody\"><ul><li>Once narrowing of a QRS is produced by rapid sodium bicarbonate bolus, the patient should be placed on a bicarbonate infusion.</li><li>This infusion will not provide enough sodium to achieve any QRS narrowing; neither does it enhance renal elimination of TCA. It does, however, alkalinize the serum and provide a buffer for any acidosis that develops, such as that which may follow a seizure.</li><li>Any acidosis is detrimental because of increased affinity of the TCAs for sodium channels in an acidotic environment. The risk of this therapy is making the patient too alkalotic. Patients on intravenous sodium bicarbonate need regular monitoring of pH and electrolytes. The patient's pH should be maintained between 7.45 and 7.55 (ideal is 7.5). Two approaches that may be necessary to avoid excessive alkalemia include giving 3% sodium chloride without bicarbonate, or allowing for a small degree of permissive hypercapnia on the ventilator to allow for further bicarbonate boluses.</li></ul></div></div></div></html>",
   "type":"web"},

  {
   "id":"tx-2",
   "sections":
   [

    {
     "cells":
     [

      {
       "target":"p-tx-p_0",
       "title":"supportive care and monitoring",
       "flag":"1st",
       "type":"flex1"},

      {
       "target":"p-tx-c_2",
       "title":"sodium bicarbonate bolus followed by infusion",
       "flag":"plus",
       "type":"flex1"}      ]}    ],
   "type":"table"},

  {
   "id":"p-tx-p_0",
   "title":"ignoreme",
   "html":"<html><div class=\"cell\"><div class=\"cellBlock\"><div class=\"cellTitle\">Comments</div><div class=\"cellBody\"><ul><li>The patient should be rapidly stabilized. Assess airway, breathing, and circulation; obtain intravenous access; attach a cardiac monitor; and obtain an ECG to look for QRS prolongation.<a class=\"inlineImage\" href=\"epoc://current?view=p-images-i_4\">Image</a></li><li>Acidosis, hypoxia, and electrolyte abnormalities should be corrected initially.</li></ul></div></div></div></html>",
   "type":"web"},

  {
   "id":"p-tx-c_3",
   "title":"ignoreme",
   "html":"<html><div class=\"cell\"><div class=\"cellBlock\"><div class=\"cellTitle\">Primary Options</div><div class=\"cellBody\"><UL class=\"tx-options\"><LI><span><A href=\"epoc://rx/monograph/117\">sodium bicarbonate</A>: consult specialist for guidance on dose<BR></span></LI></UL></div><div class=\"cellTitle\">Secondary Options</div><div class=\"cellBody\"><UL class=\"tx-options\"><LI><span><A href=\"epoc://rx/monograph/107\">magnesium sulfate</A>: 2 g intravenously initially, followed by 3 mg/min infusion<BR></span></LI><LI><span><A href=\"epoc://rx/monograph/315\">lidocaine</A>: 100 mg intravenously<BR></span></LI><LI><span><A href=\"epoc://rx/monograph/105\">isoproterenol</A>: consult specialist for guidance on dose<BR></span></LI></UL></div><div class=\"cellTitle\">Tertiary Options</div><div class=\"cellBody\"><UL class=\"tx-options\"><LI><span>intravenous lipid emulsion: 1 mL/kg intravenously initially, followed by 3 mL/kg/hour infusion, maximum 500 mL<BR></span></LI></UL></div><div class=\"cellTitle\">Comments</div><div class=\"cellBody\"><ul><li>Major arrhythmias usually occur in association with other ECG changes or in the presence of other complications, such as coma, hypotension, or seizures. However, they may also occur in patients with only minor ECG abnormalities.</li><li>Sodium bicarbonate may be effective at treating both tachyarrhythmias and bradyarrhythmias, even in the absence of metabolic acidosis.<a href=\"epoc://current?article=21\">[21]</a> The incidence of ventricular arrhythmias requiring therapy other than sodium bicarbonate is very low. Antiarrhythmic drugs should generally be avoided since they may exacerbate arrhythmias.</li><li>Acidosis, hypoxia, and electrolyte abnormalities should be corrected initially. Give rapid intravenous bolus of hypertonic sodium bicarbonate, as long as arterial pH &lt;7.55. Repeat boluses of sodium bicarbonate, followed by an intravenous infusion at twice maintenance fluid requirements, may be required. The risk of this therapy is making the patient too alkalotic. Patients on intravenous sodium bicarbonate need regular monitoring of pH and electrolytes. Aim to maintain arterial pH between 7.45 and 7.55 (ideal is 7.5) and QRS duration &lt;100 milliseconds.</li><li>Consider use of magnesium sulfate for tachyarrhythmias that persist despite correction of acidosis and administration of sodium bicarbonate. Magnesium infusion or atrial overdrive pacing may also be of benefit in torsades de pointes. There is some limited clinical evidence of the benefit of lidocaine.<a href=\"epoc://current?article=38\">[38]</a> </li><li>For significant bradyarrhythmias (such as Mobitz Type II or complete heart block) that are unresponsive to treatment with sodium bicarbonate, consider use of isoproterenol (isoprenaline) as a temporary measure until temporary pacing is established. For severe life-threatening arrhythmias that are resistant to sodium bicarbonate, consider the use of intravenous lipid emulsion.<a href=\"epoc://current?article=39\">[39]</a> <a href=\"epoc://current?article=40\">[40]</a> <a href=\"epoc://current?article=41\">[41]</a> </li></ul></div></div></div></html>",
   "type":"web"},

  {
   "id":"tx-3",
   "sections":
   [

    {
     "cells":
     [

      {
       "target":"p-tx-p_0",
       "title":"supportive care and monitoring",
       "flag":"1st",
       "type":"flex1"},

      {
       "target":"p-tx-c_3",
       "title":"sodium bicarbonate plus antiarrhythmic therapy",
       "flag":"plus",
       "type":"flex1"}      ]}    ],
   "type":"table"},

  {
   "id":"p-tx-p_0",
   "title":"ignoreme",
   "html":"<html><div class=\"cell\"><div class=\"cellBlock\"><div class=\"cellTitle\">Comments</div><div class=\"cellBody\"><ul><li>The patient should be rapidly stabilized. Assess airway, breathing, and circulation; obtain intravenous access; attach a cardiac monitor; and obtain an ECG to look for QRS prolongation.<a class=\"inlineImage\" href=\"epoc://current?view=p-images-i_4\">Image</a></li><li>Acidosis, hypoxia, and electrolyte abnormalities should be corrected initially.</li></ul></div></div></div></html>",
   "type":"web"},

  {
   "id":"p-tx-c_4",
   "title":"ignoreme",
   "html":"<html><div class=\"cell\"><div class=\"cellBlock\"><div class=\"cellTitle\">Primary Options</div><div class=\"cellBody\"><UL class=\"tx-options\"><LI><span><A href=\"epoc://rx/monograph/117\">sodium bicarbonate</A>: consult specialist for guidance on dose<BR></span></LI></UL></div><div class=\"cellTitle\">Comments</div><div class=\"cellBody\"><ul><li>TCA poisoning can cause severe refractory hypotension as a result of impaired myocardial contractility, reduced cardiac output, and decreased peripheral vascular resistance. Sodium bicarbonate should be given to reduce cardiotoxicity.</li><li>Hypotension should be treated with intravenous crystalloid/colloid, initially.</li><li>Sodium bicarbonate rapid intravenous boluses may correct acidosis and improve myocardial contractility. The risk of this therapy is making the patient too alkalotic. Patients on intravenous sodium bicarbonate need regular monitoring of pH and electrolytes.</li><li>QRS duration should be aimed to be kept &lt;100 milliseconds and arterial pH between 7.45 and 7.55 (ideal is 7.5).</li><li>CVP monitoring is likely to be required in patients whose blood pressure is unresponsive to intravenous fluids and sodium bicarbonate.</li></ul></div></div></div></html>",
   "type":"web"},

  {
   "id":"p-tx-c_5",
   "title":"ignoreme",
   "html":"<html><div class=\"cell\"><div class=\"cellBlock\"><div class=\"cellTitle\">Primary Options</div><div class=\"cellBody\"><UL class=\"tx-options\"><LI><span><A href=\"epoc://rx/monograph/112\">norepinephrine</A>: 2-20 micrograms/min intravenous infusion<BR></span></LI><LI><span><A href=\"epoc://rx/monograph/1954\">phenylephrine injection</A>: 100-180 micrograms/min intravenous infusion<BR></span></LI></UL></div><div class=\"cellTitle\">Secondary Options</div><div class=\"cellBody\"><UL class=\"tx-options\"><LI><span><A href=\"epoc://rx/monograph/339\">glucagon</A>: 10 mg intravenously<BR></span></LI></UL></div><div class=\"cellTitle\">Comments</div><div class=\"cellBody\"><ul><li>Vasopressors, such as norepinephrine or phenylephrine, should only be commenced in discussion with a medical toxicologist and intensive care physician.</li><li>High-dose glucagon or terlipressin (not available in the US) can be considered, although clinical evidence is limited.<a href=\"epoc://current?article=30\">[30]</a> <a href=\"epoc://current?article=31\">[31]</a> <a href=\"epoc://current?article=32\">[32]</a> <a href=\"epoc://current?article=33\">[33]</a> </li><li>Extracorporeal membrane oxygenation can be considered for severe cases of refractory hypotension.<a href=\"epoc://current?article=34\">[34]</a> <a href=\"epoc://current?article=35\">[35]</a> </li></ul></div></div></div></html>",
   "type":"web"},

  {
   "id":"tx-4",
   "sections":
   [

    {
     "cells":
     [

      {
       "target":"p-tx-p_0",
       "title":"supportive care and monitoring",
       "flag":"1st",
       "type":"flex1"},

      {
       "target":"p-tx-c_4",
       "title":"intravenous fluids plus sodium bicarbonate ",
       "flag":"plus",
       "type":"flex1"},

      {
       "target":"p-tx-c_5",
       "title":"vasopressor or glucagon or extracorporeal membrane oxygenation",
       "flag":"adj.",
       "type":"flex1"}      ]}    ],
   "type":"table"},

  {
   "id":"p-tx-p_0",
   "title":"ignoreme",
   "html":"<html><div class=\"cell\"><div class=\"cellBlock\"><div class=\"cellTitle\">Comments</div><div class=\"cellBody\"><ul><li>The patient should be rapidly stabilized. Assess airway, breathing, and circulation; obtain intravenous access; attach a cardiac monitor; and obtain an ECG to look for QRS prolongation.<a class=\"inlineImage\" href=\"epoc://current?view=p-images-i_4\">Image</a></li><li>Acidosis, hypoxia, and electrolyte abnormalities should be corrected initially.</li></ul></div></div></div></html>",
   "type":"web"},

  {
   "id":"p-tx-c_6",
   "title":"ignoreme",
   "html":"<html><div class=\"cell\"><div class=\"cellBlock\"><div class=\"cellTitle\">Primary Options</div><div class=\"cellBody\"><UL class=\"tx-options\"><LI><span>hyperventilation <B>and</B><BR></span><span><A href=\"epoc://rx/monograph/117\">sodium bicarbonate</A>: consult specialist for guidance on dose<BR></span></LI></UL></div><div class=\"cellTitle\">Comments</div><div class=\"cellBody\"><ul><li>Cardiac arrest caused by TCAs should be treated by systemic alkalinization with sodium bicarbonate and hyperventilation.</li><li>Standard cardiac resuscitation efforts should be implemented. Attempts at resuscitation should continue for at least 1 hour.</li></ul></div></div></div></html>",
   "type":"web"},

  {
   "id":"tx-6",
   "sections":
   [

    {
     "cells":
     [

      {
       "target":"p-tx-p_0",
       "title":"supportive care and monitoring",
       "flag":"1st",
       "type":"flex1"},

      {
       "target":"p-tx-c_6",
       "title":"hyperventilation plus sodium bicarbonate",
       "flag":"plus",
       "type":"flex1"}      ]}    ],
   "type":"table"},

  {
   "id":"p-tx-p_0",
   "title":"ignoreme",
   "html":"<html><div class=\"cell\"><div class=\"cellBlock\"><div class=\"cellTitle\">Comments</div><div class=\"cellBody\"><ul><li>The patient should be rapidly stabilized. Assess airway, breathing, and circulation; obtain intravenous access; attach a cardiac monitor; and obtain an ECG to look for QRS prolongation.<a class=\"inlineImage\" href=\"epoc://current?view=p-images-i_4\">Image</a></li><li>Acidosis, hypoxia, and electrolyte abnormalities should be corrected initially.</li></ul></div></div></div></html>",
   "type":"web"},

  {
   "id":"p-tx-c_7",
   "title":"ignoreme",
   "html":"<html><div class=\"cell\"><div class=\"cellBlock\"><div class=\"cellTitle\">Primary Options</div><div class=\"cellBody\"><UL class=\"tx-options\"><LI><span><A href=\"epoc://rx/monograph/117\">sodium bicarbonate</A>: consult specialist for guidance on dose<BR></span></LI></UL></div><div class=\"cellTitle\">Secondary Options</div><div class=\"cellBody\"><UL class=\"tx-options\"><LI><span><A href=\"epoc://rx/monograph/192\">diazepam</A>: 10-20 mg intravenously<BR></span></LI><LI><span><A href=\"epoc://rx/monograph/244\">lorazepam</A>: 4 mg intravenously<BR></span></LI></UL></div><div class=\"cellTitle\">Tertiary Options</div><div class=\"cellBody\"><UL class=\"tx-options\"><LI><span><A href=\"epoc://rx/monograph/270\">phenobarbital</A>: consult specialist for guidance on dose<BR></span></LI><LI><span><A href=\"epoc://rx/monograph/1977\">propofol</A>: consult specialist for guidance on dose<BR></span></LI></UL></div><div class=\"cellTitle\">Comments</div><div class=\"cellBody\"><ul><li>Most seizures are brief and self-terminating. Even brief seizures can cause worsening of acidosis and cardiotoxicity. Acidosis, hypoxia, and electrolyte abnormalities should be corrected initially. Rapid intravenous bolus of hypertonic sodium bicarbonate should be given as long as arterial pH &lt;7.55. Repeat boluses of sodium bicarbonate, followed by an intravenous infusion at twice maintenance fluid requirements, may be required. The risk of this therapy is making the patient too alkalotic. Patients on intravenous sodium bicarbonate need regular monitoring of pH and electrolytes. Aim to maintain arterial pH between 7.45 and 7.55 (ideal is 7.5) and QRS duration &lt;100 milliseconds.<a href=\"epoc://current?article=25\">[25]</a> </li><li>Persistent seizures should be treated with a benzodiazepine, such as diazepam or lorazepam. Administration of benzodiazepines may cause further impairment of consciousness level and respiratory depression.</li><li>Consider the use of barbiturates or propofol if seizures are not controlled with benzodiazepines.</li><li>Phenytoin is contraindicated as it does not improve seizures and may worsen cardiac toxicity.<a href=\"epoc://current?article=42\">[42]</a> </li></ul></div></div></div></html>",
   "type":"web"},

  {
   "id":"tx-7",
   "sections":
   [

    {
     "cells":
     [

      {
       "target":"p-tx-p_0",
       "title":"supportive care and monitoring",
       "flag":"1st",
       "type":"flex1"},

      {
       "target":"p-tx-c_7",
       "title":"sodium bicarbonate plus benzodiazepine or barbiturate or propofol",
       "flag":"plus",
       "type":"flex1"}      ]}    ],
   "type":"table"},

  {
   "id":"p-images-i_1",
   "title":"Images",
   "type":"image",
   "image_refs":
   [
0    ]},

  {
   "id":"p-images-i_2",
   "title":"Images",
   "type":"image",
   "image_refs":
   [
0    ]},

  {
   "id":"p-images-i_3",
   "title":"Images",
   "type":"image",
   "image_refs":
   [
0    ]},

  {
   "id":"p-images-i_4",
   "title":"Images",
   "type":"image",
   "image_refs":
   [
0    ]}  ],
 "citations":
 {
  "articles":
  [

   {
    "id":1,
    "key_article":true,
    "ref_article":true,
    "html":"Henry JA, Alexander CA, Sener EK. Relative mortality from overdose of antidepressants. BMJ. 1995;310:221-224.<a href=\"http://www.ncbi.nlm.nih.gov/pubmed/7866123\"> [Abstract]</a><a href=\"http://www.bmj.com/cgi/content/full/310/6974/221\"> [Full Text]</a>"},

   {
    "id":2,
    "key_article":false,
    "ref_article":true,
    "html":"Whyte IM, Dawson AH, Buckley NA. Relative toxicity of venlafaxine and selective serotonin reuptake inhibitors in overdose compared to tricyclic antidepressants. QJM. 2003;96:369-374.<a href=\"http://www.ncbi.nlm.nih.gov/pubmed/12702786\"> [Abstract]</a><a href=\"http://qjmed.oxfordjournals.org/content/96/5/369.long\"> [Full Text]</a>"},

   {
    "id":3,
    "key_article":false,
    "ref_article":true,
    "html":"Buckley NA, Dawson AH, Whyte IM, et al. Greater toxicity in overdose of dothiepin than of other tricyclic antidepressants. Lancet. 1994;343:159-162.<a href=\"http://www.ncbi.nlm.nih.gov/pubmed/7904010\"> [Abstract]</a>"},

   {
    "id":4,
    "key_article":false,
    "ref_article":true,
    "html":"Pacher P, Ungvari Z. Selective serotonin-reuptake inhibitor antidepressants increase the risk of falls and hip fractures in elderly people by inhibiting cardiovascular ion channels. Med Hypotheses. 2001;57:469-471.<a href=\"http://www.ncbi.nlm.nih.gov/pubmed/11601871\"> [Abstract]</a>"},

   {
    "id":5,
    "key_article":false,
    "ref_article":true,
    "html":"Gummin DD, Mowry JB, Spyker DA, et al. 2017 Annual report of the American Association of Poison Control Centers' National Poison Data System (NPDS): 35th annual report. Clin Toxicol (Phila). 2018 Dec;56(12):1213-1415.<a href=\"http://www.ncbi.nlm.nih.gov/pubmed/30576252\"> [Abstract]</a><a href=\"https://www.aapcc.org/annual-reports/\"> [Full Text]</a>"},

   {
    "id":6,
    "key_article":false,
    "ref_article":true,
    "html":"Tyrrell EG, Kendrick D, Sayal K, et al. Poisoning substances taken by young people: a population-based cohort study. Br J Gen Pract. 2018 Oct;68(675):e703-10.<a href=\"http://www.ncbi.nlm.nih.gov/pubmed/30201829\"> [Abstract]</a><a href=\"https://bjgp.org/content/68/675/e703.long\"> [Full Text]</a>"},

   {
    "id":7,
    "key_article":false,
    "ref_article":true,
    "html":"Morgan OW, Griffiths C, Majeed A. Association between mortality from suicide in England and antidepressant prescribing: an ecological study. BMC Public Health. 2004 Dec 21;4:63.<a href=\"http://www.ncbi.nlm.nih.gov/pubmed/15613234\"> [Abstract]</a><a href=\"https://bmcpublichealth.biomedcentral.com/articles/10.1186/1471-2458-4-63\"> [Full Text]</a>"},

   {
    "id":8,
    "key_article":false,
    "ref_article":true,
    "html":"Stafford RS, MacDonald EA, Finkelstein SN. National patterns of medication treatment for depression, 1987 to 2001. Prim Care Companion J Clin Psychiatry. 2001 Dec;3(6):232-5.<a href=\"http://www.ncbi.nlm.nih.gov/pubmed/15014590\"> [Abstract]</a><a href=\"https://www.ncbi.nlm.nih.gov/pmc/articles/PMC181191/\"> [Full Text]</a>"},

   {
    "id":9,
    "key_article":false,
    "ref_article":true,
    "html":"Tamblyn R, Bates DW, Buckeridge DL, et al. Multinational comparison of new antidepressant use in older adults: a cohort study. BMJ Open. 2019 May 14;9(5):e027663.<a href=\"http://www.ncbi.nlm.nih.gov/pubmed/31092665\"> [Abstract]</a><a href=\"https://bmjopen.bmj.com/content/9/5/e027663.long\"> [Full Text]</a>"},

   {
    "id":10,
    "key_article":false,
    "ref_article":true,
    "html":"Bachmann CJ, Aagaard L, Burcu M, et al. Trends and patterns of antidepressant use in children and adolescents from five western countries, 2005-2012. Eur Neuropsychopharmacol. 2016 Mar;26(3):411-9.<a href=\"http://www.ncbi.nlm.nih.gov/pubmed/26970020\"> [Abstract]</a>"},

   {
    "id":11,
    "key_article":false,
    "ref_article":true,
    "html":"Kerr GW, McGuffie AC, Wilkie S. Tricyclic antidepressant overdose: a review. Emerg Med J. 2001;18:236-241.<a href=\"http://www.ncbi.nlm.nih.gov/pubmed/11435353\"> [Abstract]</a><a href=\"http://www.ncbi.nlm.nih.gov/pmc/articles/PMC1725608/pdf/v018p00236.pdf\"> [Full Text]</a>"},

   {
    "id":12,
    "key_article":false,
    "ref_article":true,
    "html":"Barbey JT, Roose SP. SSRI safety in overdose. J Clin Psychiatry. 1998;59(suppl 15):42-48.<a href=\"http://www.ncbi.nlm.nih.gov/pubmed/9786310\"> [Abstract]</a>"},

   {
    "id":13,
    "key_article":false,
    "ref_article":true,
    "html":"Boyer EW, Shannon M. The serotonin syndrome. N Engl J Med. 2005;352:1112-1120.<a href=\"http://www.ncbi.nlm.nih.gov/pubmed/15784664\"> [Abstract]</a>"},

   {
    "id":14,
    "key_article":false,
    "ref_article":true,
    "html":"DeBattista C. Antidepressant drugs. In: Trevor AJ, Katzung B, Masters S, eds. Basic and clinical pharmacology. 11th ed. New York, NY: Lange, McGraw-Hill Medical Publishing Division; 2009."},

   {
    "id":15,
    "key_article":false,
    "ref_article":true,
    "html":"Grunebaum MF, Ellis SP, Li S, et al. Antidepressants and suicide risk in the United States, 1985-1999. J Clin Psychiatry. 2004;65:1456-1462.<a href=\"http://www.ncbi.nlm.nih.gov/pubmed/15554756\"> [Abstract]</a>"},

   {
    "id":16,
    "key_article":false,
    "ref_article":true,
    "html":"Beck AT, Kovacs M, Weissman A. Assessment of suicidal intention: the Scale for Suicide Ideation. J Consult Clin Psychol. 1979;47:343-352.<a href=\"http://www.ncbi.nlm.nih.gov/pubmed/469082\"> [Abstract]</a>"},

   {
    "id":17,
    "key_article":false,
    "ref_article":true,
    "html":"Thanacoody HK, Thomas SH. Tricyclic antidepressant poisoning: cardiovascular toxicity. Toxicol Rev. 2005;24:205-214.<a href=\"http://www.ncbi.nlm.nih.gov/pubmed/16390222\"> [Abstract]</a>"},

   {
    "id":18,
    "key_article":true,
    "ref_article":true,
    "html":"Neimann JT, Bessen HA, Rothstein RJ, et al. Electrocardiographic criteria for tricyclic antidepressant cardiotoxicity. Am J Cardiol. 1986;57:1154-1159.<a href=\"http://www.ncbi.nlm.nih.gov/pubmed/3706169\"> [Abstract]</a>"},

   {
    "id":19,
    "key_article":false,
    "ref_article":true,
    "html":"Boehnert M, Lovejoy FH Jr. Value of the QRS duration versus the serum drug level in predicting seizures and ventricular arrhythmias after an acute overdose of tricyclic antidepressants. N Engl J Med. 1985;313:474-479.<a href=\"http://www.ncbi.nlm.nih.gov/pubmed/4022081\"> [Abstract]</a>"},

   {
    "id":20,
    "key_article":false,
    "ref_article":true,
    "html":"Pentel P, Peterson CD. Asystole complicating physostigmine treatment of tricyclic antidepressant overdose. Ann Emerg Med. 1980;9:588-590.<a href=\"http://www.ncbi.nlm.nih.gov/pubmed/7001962\"> [Abstract]</a>"},

   {
    "id":21,
    "key_article":false,
    "ref_article":true,
    "html":"Bradberry SM, Thanacoody HK, Watt BE, et al. Management of the cardiovascular complications of tricyclic antidepressant poisoning: role of sodium bicarbonate. Toxicol Rev. 2005;24:195-204.<a href=\"http://www.ncbi.nlm.nih.gov/pubmed/16390221\"> [Abstract]</a>"},

   {
    "id":22,
    "key_article":false,
    "ref_article":true,
    "html":"Woolf AD, Erdman AR, Nelson LS, et al. Tricyclic antidepressant poisoning: an evidence-based consensus guideline for out-of-hospital management. Clin Toxicol (Phila). 2007;45:203-233.<a href=\"http://www.ncbi.nlm.nih.gov/pubmed/17453872\"> [Abstract]</a>"},

   {
    "id":23,
    "key_article":false,
    "ref_article":true,
    "html":"Foulke GE. Identifying toxicity risk early after antidepressant overdose. Am J Emerg Med. 1995;13:123-126.<a href=\"http://www.ncbi.nlm.nih.gov/pubmed/7893291\"> [Abstract]</a>"},

   {
    "id":24,
    "key_article":false,
    "ref_article":true,
    "html":"Caravati EM, Bossart PJ. Demographic and electrocardiographic factors associated with severe tricyclic antidepressant toxicity. J Toxicol Clin Toxicol. 1991;29:31-43.<a href=\"http://www.ncbi.nlm.nih.gov/pubmed/2005664\"> [Abstract]</a>"},

   {
    "id":25,
    "key_article":true,
    "ref_article":true,
    "html":"Body R, Bartram T, Azam F, et al. Guidelines in Emergency Medicine Network (GEMNet): guideline for the management of tricyclic antidepressant overdose. Emerg Med J. 2011;28:347-368.<a href=\"http://www.ncbi.nlm.nih.gov/pubmed/21436332\"> [Abstract]</a>"},

   {
    "id":26,
    "key_article":false,
    "ref_article":true,
    "html":"Emerman CL, Connors AF Jr, Burma GM. Level of consciousness as a predictor of complications following tricyclic overdose. Ann Emerg Med. 1987;16:326-330.<a href=\"http://www.ncbi.nlm.nih.gov/pubmed/3813169\"> [Abstract]</a>"},

   {
    "id":27,
    "key_article":false,
    "ref_article":true,
    "html":"Callaham M, Kassel D. Epidemiology of fatal tricyclic antidepressant ingestion: implications for management. Ann Emerg Med. 1985;14:1-9.<a href=\"http://www.ncbi.nlm.nih.gov/pubmed/3964996\"> [Abstract]</a>"},

   {
    "id":28,
    "key_article":false,
    "ref_article":true,
    "html":"Dargan PI, Colbridge MG, Jones AL. The management of tricyclic antidepressant poisoning: the role of gut decontamination, extracorporeal procedures and fab antibody fragments. Toxicol Rev. 2005;24:187-194.<a href=\"http://www.ncbi.nlm.nih.gov/pubmed/16390220\"> [Abstract]</a>"},

   {
    "id":29,
    "key_article":false,
    "ref_article":true,
    "html":"Sasyniuk BI, Jhamandas V. Mechanism of reversal of toxic effects of amitriptyline on cardiac Purkinje fibers by sodium bicarbonate. J Pharmacol Exp Ther. 1984;231:387-394.<a href=\"http://www.ncbi.nlm.nih.gov/pubmed/6092616\"> [Abstract]</a>"},

   {
    "id":30,
    "key_article":false,
    "ref_article":true,
    "html":"Sensky PR, Olczak SA. High-dose intravenous glucagon in severe tricyclic poisoning. Postgrad Med J. 1999;75:611-612.<a href=\"http://www.ncbi.nlm.nih.gov/pubmed/10621904\"> [Abstract]</a><a href=\"http://pmj.bmj.com/content/75/888/611.long\"> [Full Text]</a>"},

   {
    "id":31,
    "key_article":false,
    "ref_article":true,
    "html":"Sener EK, Gabe S, Henry JA. Response to glucagon in imipramine overdose. J Toxicol Clin Toxicol. 1995;33:51-53.<a href=\"http://www.ncbi.nlm.nih.gov/pubmed/7837313\"> [Abstract]</a>"},

   {
    "id":32,
    "key_article":false,
    "ref_article":true,
    "html":"Zuidema X, Dünser MW, Wenzel V, et al. Terlipressin as an adjunct vasopressor in refractory hypotension after tricyclic antidepressant intoxication. Resuscitation. 2007;72:319-323.<a href=\"http://www.ncbi.nlm.nih.gov/pubmed/17123689\"> [Abstract]</a>"},

   {
    "id":33,
    "key_article":false,
    "ref_article":true,
    "html":"Barry JD, Durkovich DW, Williams SR. Vasopressin treatment for cyclic antidepressant overdose. J Emerg Med. 2006;31:65-68.<a href=\"http://www.ncbi.nlm.nih.gov/pubmed/16798158\"> [Abstract]</a>"},

   {
    "id":34,
    "key_article":false,
    "ref_article":true,
    "html":"Williams JM, Hollingshed MJ, Vasilakis A, et al. Extracorporeal circulation in the management of severe tricyclic antidepressant overdose. Am J Emerg Med. 1994;12:456-458.<a href=\"http://www.ncbi.nlm.nih.gov/pubmed/8031434\"> [Abstract]</a>"},

   {
    "id":35,
    "key_article":false,
    "ref_article":true,
    "html":"Goodwin DA, Lally KP, Null DM Jr. Extracorporeal membrane oxygenation support for cardiac dysfunction from tricyclic antidepressant overdose. Crit Care Med. 1993;21:625-627.<a href=\"http://www.ncbi.nlm.nih.gov/pubmed/8472584\"> [Abstract]</a>"},

   {
    "id":36,
    "key_article":false,
    "ref_article":true,
    "html":"Knudsen K, Abrahamsson J. Magnesium sulphate in the treatment of ventricular fibrillation in amitriptyline poisoning. Eur Heart J. 1997;18:881-882.<a href=\"http://www.ncbi.nlm.nih.gov/pubmed/9152662\"> [Abstract]</a><a href=\"http://eurheartj.oxfordjournals.org/content/18/5/881.full.pdf+html\"> [Full Text]</a>"},

   {
    "id":37,
    "key_article":false,
    "ref_article":true,
    "html":"Citak A, Soysal DD, Uçsel R, et al. Efficacy of long duration resuscitation and magnesium sulphate treatment in amitriptyline poisoning. Eur J Emerg Med. 2002;9:63-66.<a href=\"http://www.ncbi.nlm.nih.gov/pubmed/11989501\"> [Abstract]</a>"},

   {
    "id":38,
    "key_article":false,
    "ref_article":true,
    "html":"Foianini A, Wiegand TJ, Benowitz N. What is the role of lidocaine or phenytoin in tricyclic antidepressant-induced cardiotoxicity? Clin Toxicol (Phila). 2010;48:325-330.<a href=\"http://www.ncbi.nlm.nih.gov/pubmed/20507243\"> [Abstract]</a>"},

   {
    "id":39,
    "key_article":false,
    "ref_article":true,
    "html":"Cave G, Harvey M. Intravenous lipid emulsion as antidote beyond local anesthetic toxicity: a systematic review. Acad Emerg Med. 2009;16:815-824.<a href=\"http://www.ncbi.nlm.nih.gov/pubmed/19845549\"> [Abstract]</a>"},

   {
    "id":40,
    "key_article":false,
    "ref_article":true,
    "html":"Cave G, Harvey M, Graudins A. Review article: intravenous lipid emulsion as antidote: a summary of published human experience. Emerg Med Australas. 2011;23:123-141.<a href=\"http://www.ncbi.nlm.nih.gov/pubmed/21489160\"> [Abstract]</a><a href=\"http://onlinelibrary.wiley.com/doi/10.1111/j.1742-6723.2011.01398.x/full\"> [Full Text]</a>"},

   {
    "id":41,
    "key_article":false,
    "ref_article":true,
    "html":"Jamaty C, Bailey B, Larocque A, et al. Lipid emulsions in the treatment of acute poisoning: a systematic review of human and animal studies. Clin Toxicol (Phila). 2010;48:1-27.<a href=\"http://www.ncbi.nlm.nih.gov/pubmed/20095812\"> [Abstract]</a>"},

   {
    "id":42,
    "key_article":false,
    "ref_article":true,
    "html":"Callaham M, Schumaker H, Pentel P. Phenytoin prophylaxis of cardiotoxicity in experimental amitriptyline poisoning. J Pharmacol Exp Ther. 1988;245:216-220.<a href=\"http://www.ncbi.nlm.nih.gov/pubmed/3361443\"> [Abstract]</a>"},

   {
    "id":43,
    "key_article":false,
    "ref_article":true,
    "html":"Resuscitation Council (UK). Paediatric advanced life support. Mar 2015 [internet publication].<a href=\"https://www.resus.org.uk/resuscitation-guidelines/paediatric-advanced-life-support/\"> [Full Text]</a>"},

   {
    "id":44,
    "key_article":false,
    "ref_article":true,
    "html":"Resuscitation Council (UK). Adult advanced life support. Mar 2015 [internet publication]. <a href=\"https://www.resus.org.uk/resuscitation-guidelines/adult-advanced-life-support/\"> [Full Text]</a>"},

   {
    "id":45,
    "key_article":false,
    "ref_article":true,
    "html":"European Resuscitation Council. European Resuscitation Council guidelines for resuscitation, 2015. 2015 [internet publication].<a href=\"https://cprguidelines.eu/\"> [Full Text]</a>"}   ]},
 "media":
 [

  {
   "file":"342-2.jpg",
   "thumb":"342-2-tn.jpg",
   "caption":"Classic ECG changes",
   "hilight":"false",
   "iline":"false",
   "auth":"false",
   "source":"From the collection of R.S. Hoffman; used with permission"}  ]}