
{
 "id":343,
 "title":"Benzodiazepine OD",
 "views":
 [

  {
   "id":"root",
   "type":"table",
   "sections":
   [

    {
     "cells":
     [

      {
       "target":"highlights",
       "title":"Highlights & Basics",
       "type":"flex0"}      ]},

    {
     "cells":
     [

      {
       "target":"tx_options",
       "title":"Treatment Options",
       "type":"flex0"},

      {
       "target":"tx_approach",
       "title":"Treatment Approach",
       "type":"flex0"},

      {
       "target":"hxexam",
       "title":"History & Exam",
       "type":"flex0"},

      {
       "target":"tests",
       "title":"Tests",
       "type":"flex0"},

      {
       "target":"differentials",
       "title":"Differential Diagnosis",
       "type":"flex0"},

      {
       "target":"diag_approach",
       "title":"Diagnostic Approach",
       "type":"flex0"},

      {
       "target":"followup",
       "title":"Follow-up",
       "type":"flex0"},

      {
       "target":"prevention",
       "title":"Prevention",
       "type":"flex0"},

      {
       "target":"complications",
       "title":"Complications",
       "type":"flex0"},

      {
       "target":"guidelines",
       "title":"Society Guidelines",
       "type":"flex0"}      ]}    ]},

  {
   "id":"highlights",
   "title":"Benzodiazepine OD",
   "html":"<div class=\"cell\"><div class=\"cellBlock\"><div class=\"cellTitle\">Key Highlights</div><div class=\"cellBody\"><ul><li>Benzodiazepines (BZDs) are the most commonly prescribed medications for anxiety, sedation, and sleep. Overdose can be intentional in suicidal patients; accidental in combination with other central nervous system (CNS) depressants, such as alcohol and opioids, and in older people; and occasionally by medication error. Older people, who commonly have diminished drug clearance and polypharmacy, are at especially high risk of overdose.</li><li>The key feature is excessive sedation with unremarkable vital signs and anterograde amnesia. Larger doses can cause coma and respiratory depression.</li><li>Treatment of overdose is by symptom management, not by quantitative assay. Acute management consists of maintaining airway, respiration, and hemodynamic support while excluding other diagnoses. Assisted ventilation may be necessary.</li><li>Death is uncommon. Most deaths from BZD overdose are from respiratory depression as a result of mixed overdoses with BZD and other respiratory depressants, particularly alcohol and opioids.</li><li>The BZD antagonist flumazenil can be used in first-time or infrequent BZD users to reverse CNS depression. It is contraindicated in BZD-dependent patients because of the risk of provoking seizures. The risks associated with its use often outweigh the benefits.</li></ul></div><div class=\"cellTitle\">Definition</div><div class=\"cellBody\"><P>Benzodiazepine (BZD) overdose occurs when excessive amounts of BZD medications are taken. Commonly known as minor tranquilizers or sleeping pills, BZDs are prescribed for sedative, anxiolytic, hypnotic, and anticonvulsant purposes. BZDs are also widely abused. Acute overdose is characterized by excessive sedation with impaired mental status, and diminished postural stability and reflexes. Although BZDs are relatively safe medications, acute overdose may induce respiratory depression resulting in coma and uncommonly death.<a href=\"epoc://current?article=1\">[1]</a> Diagnosis is suggested by the history and by exclusion of other etiologies. Chronic overuse increases the risk of many other pathologies.</P></div><div class=\"cellTitle\">Epidemiology</div><div class=\"cellBody\"><P>Prevalence studies of BZD use vary according to the population sampled, but about 10% of the US older population use BZDs regularly, mostly for sedative and anxiolytic purposes.<a href=\"epoc://current?article=3\">[3]</a> This figure is as high as 36% for adults receiving treatment for depression in mental healthcare settings.<a href=\"epoc://current?article=4\">[4]</a> BZDs are prescribed for 30% to 74% of patients with post-traumatic stress disorder (PTSD), despite research showing that BZDs are ineffective for the prevention and management of PTSD.<a href=\"epoc://current?article=5\">[5]</a> </P><P>BZD use is higher in white people than in other ethnic groups. Twice as many females as males use BZDs. Sedatives, anxiolytics, and hypnotics are commonly prescribed for people in the sixth and seventh decades of life. Prevalence of BZD use has been reported as ranging from 3.9% in middle-aged and older adults in Brazil, to 35.9% in people ages 65 years and older in Canada.<a href=\"epoc://current?article=6\">[6]</a> <a href=\"epoc://current?article=7\">[7]</a> There is evidence to suggest that among older people, with or without Alzheimer disease, BZD use may increase risk of stroke and hip fracture.<a href=\"epoc://current?article=8\">[8]</a> <a href=\"epoc://current?article=9\">[9]</a> <a href=\"epoc://current?article=10\">[10]</a> </P><P>Nonmedical use of BZDs is highest in people ages 18 to 25 years, with rates of 0.7% to 1.9%.<a href=\"epoc://current?article=11\">[11]</a> Use is especially common in those who abuse alcohol, with up to 40% reporting inter-current or concurrent self-medication with BZDs.</P><P>With regard to illicit drug use, BZDs have largely replaced barbiturates, methaqualone, and glutethimide for sedation, anxiolysis, and inducing sleep. BZDs are preferred over older agents both medically and as recreational drugs because of the much greater safety profile and decreased risk of serious toxicity with overdose.<a href=\"epoc://current?article=11\">[11]</a> </P><P>Despite their safety, BZD overdose is now common, particularly with suicidal behavior and in conjunction with opioid abuse.<a href=\"epoc://current?article=12\">[12]</a> BZDs account for approximately 31% of fatal overdoses involving prescription drugs in the US, while 75% of these fatal overdoses also involve opioids.<a href=\"epoc://current?article=13\">[13]</a> Between 1999-2017, the rates of death due to BZD overdose increased by 830% among women ages 30 to 64 years in the US.<a href=\"epoc://current?article=14\">[14]</a> In US adolescents ages 15 to 19, drug overdose deaths involving BZDs increased from 0.1 per 100,000 to 0.6 per 100,000, during the years 2000 to 2015.<a href=\"epoc://current?article=15\">[15]</a> </P></div><div class=\"cellTitle\">Etiology</div><div class=\"cellBody\"><P>Benzodiazepines are the most commonly prescribed medications for anxiety, sedation, and sleep. Overdose can be intentional in suicidal patients; accidental in combination with other central nervous system depressants, such as alcohol and opioids, and in older people; and occasionally by medication error (patient administered or iatrogenic).</P></div><div class=\"cellTitle\">Authors / Peer Reviewers</div><div class=\"cellBody\"><ul><li>Paul M. Gahlinger, MD, PhD, MPH</li><li>Robert S. Hoffman, MD</li><li>Laurie Prescott, MD, FRCP (Lond), FRCP (Edin), FFPM, FRSE</li><li>Ruben Thanacoody, MD, FRCP (Edin)</li></ul></div><br><b class=\"last-updated display-none\">Last Updated: 2019-08-07</b><div style=\"display: none\" class=\"last-updated\"><div class=\"last-updated-label\">Last Updated</div><div class=\"last-updated-date\">2019-08-07</div></div></div></div>",
   "type":"web"},

  {
   "id":"tx_options",
   "sections":
   [

    {
     "headerText":"Acute",
     "cells":
     [

      {
       "target":"tx-0",
       "title":"all patients",
       "type":"flex0"}      ]}    ],
   "type":"table"},

  {
   "id":"tx_approach",
   "title":"Benzodiazepine OD",
   "html":"<div class=\"cell\"><div class=\"cellBlock\"><div class=\"cellBody\"><P>Most patients with pure benzodiazepine (BZD) overdose present with mild central nervous system (CNS) depression, particularly sedation with no respiratory depression. Once the diagnosis has been confirmed, they require only observation until metabolism of the BZD leads to a natural recovery.<a href=\"epoc://current?article=19\">[19]</a> </P></div><div class=\"cellTitle\">Supportive care</div><div class=\"cellBody\"><P>Clinical treatment of overdose is by symptom management. Acute management consists of maintaining airway, respiration, and hemodynamic support while excluding other diagnoses.</P><P>If there is cardiorespiratory depression, pure BZD overdose is unlikely, and treatment should be focused on cardiorespiratory and hemodynamic support, and treating other causes such as alcohol excess or opioid overdose. Assisted ventilation may be necessary.<a href=\"epoc://current?article=34\">[34]</a> </P></div><div class=\"cellTitle\">Flumazenil</div><div class=\"cellBody\"><P>Flumazenil reverses CNS depression but does not reliably reverse respiratory depression. The risks of flumazenil often outweigh the benefits.</P><P>Flumazenil can be used in patients who are first-time or infrequent BZD users where the likelihood of BZD overdose is high and there are no known contraindications. It is contraindicated in BZD-dependent patients because of the risk of provoking seizures. It should also be avoided in those patients known to be taking drugs that can increase the risk of seizures, such as tricyclic antidepressants, and where other respiratory depressants have been coingested or if the patient has an undifferentiated coma. Furthermore, flumazenil can unmask dysrhythmias in patients who have also taken a prodysrhythmic drug (e.g., tricyclic antidepressants or carbamazepine). Therefore, it should be given together with ECG monitoring if the history is vague and toxicology results are not yet available. In addition, antiseizure medication should be readily available in the event of a seizure being triggered. Flumazenil has a shorter half-life than most BZDs and so rapid resedation can occur after apparent recovery. Resedation occurs in approximately 30% of patients, increasing their risk of aspiration and death. Close monitoring is required.<a href=\"epoc://current?article=36\">[36]</a> </P></div><div class=\"cellTitle\">Gastric lavage</div><div class=\"cellBody\"><P>Most authors suggest that gastric lavage should not be employed routinely, if ever, in the management of poisoned patients because of severe risks including hypoxia, laryngospasm, and aspiration pneumonia.<a href=\"epoc://current?article=37\">[37]</a> The risks of harm from gastric lavage probably outweigh the benefits in pure BZD overdose. In mixed overdoses, if an extremely toxic substance has been ingested, gastric lavage can be undertaken with extreme care within 1 hour of ingestion.</P></div><div class=\"cellTitle\">Activated charcoal</div><div class=\"cellBody\"><P>Because BZD overdose is rarely dangerous and most patients do not present within an hour or so of overdose, activated charcoal to reduce absorption is not generally recommended.<a href=\"epoc://current?article=38\">[38]</a> </P></div></div></div>",
   "type":"web"},

  {
   "id":"hxexam_details",
   "sections":
   [

    {
     "type":"table",
     "headerText":"Strong",
     "cells":
     [

      {
       "title":"depression",
       "type":"flex0",
       "targetHTML":"<div class=\"cell\"><div class=\"cellBlock\"><div class=\"cellBody\"><P>Patients should be asked about depression or history of depression and suicidal ideation.</P></div></div></div>"},

      {
       "title":"history of illicit drug or alcohol use",
       "type":"flex0",
       "targetHTML":"<div class=\"cell\"><div class=\"cellBlock\"><div class=\"cellBody\"><P>This leaves the patient at risk of both accidental and deliberate overdose.</P><P>Many patients who are dependent on opioids also use benzodiazepines (BZDs) regularly, and this increases the risk of overdose of both drugs.<a href=\"epoc://current?article=17\">[17]</a><a href=\"epoc://current?article=18\">[18]</a> Patients who use drugs of abuse or who are dependent on alcohol often use drugs in combination, including BZDs, and may have a history of depression or suicidal attempts.</P></div></div></div>"},

      {
       "title":"drug administration error",
       "type":"flex0",
       "targetHTML":"<div class=\"cell\"><div class=\"cellBlock\"><div class=\"cellBody\"><P>Particularly common in patients who self-medicate, but also in hospital settings.<a href=\"epoc://current?article=2\">[2]</a></P></div></div></div>"},

      {
       "title":"comorbidity",
       "type":"flex0",
       "targetHTML":"<div class=\"cell\"><div class=\"cellBlock\"><div class=\"cellBody\"><P>Overdose is more likely with increasing age and decreased liver function.</P></div></div></div>"},

      {
       "title":"history of benzodiazepine (BZD) use",
       "type":"flex0",
       "targetHTML":"<div class=\"cell\"><div class=\"cellBlock\"><div class=\"cellBody\"><P>BZDs may have been prescribed for a variety of conditions such as anxiety and back pain.</P></div></div></div>"},

      {
       "title":"history of polydrug or unknown substance ingestion",
       "type":"flex0",
       "targetHTML":"<div class=\"cell\"><div class=\"cellBlock\"><div class=\"cellBody\"><P>Most common substances include alcohol, opioids, and antihistamines such as diphenhydramine.</P></div></div></div>"},

      {
       "title":"suicidal ideation or behavior",
       "type":"flex0",
       "targetHTML":"<div class=\"cell\"><div class=\"cellBlock\"><div class=\"cellBody\"><P>Recent life events, previous suicide attempts or ideation, and physical signs of previous episodes, such as slash marks, should be sought.</P></div></div></div>"},

      {
       "title":"older age",
       "type":"flex0",
       "targetHTML":"<div class=\"cell\"><div class=\"cellBlock\"><div class=\"cellBody\"><P>Older people, who commonly have diminished drug clearance and polypharmacy, are at especially high risk of overdose.</P></div></div></div>"}      ]},

    {
     "type":"table",
     "headerText":"Weak",
     "cells":
     [

      {
       "title":"drug interaction",
       "type":"flex0",
       "targetHTML":"<div class=\"cell\"><div class=\"cellBlock\"><div class=\"cellBody\"><P>Not likely except with recreational coingestions, particularly alcohol and other central nervous system depressants.<a href=\"epoc://current?article=19\">[19]</a></P></div></div></div>"},

      {
       "title":"biogenetic susceptibility",
       "type":"flex0",
       "targetHTML":"<div class=\"cell\"><div class=\"cellBlock\"><div class=\"cellBody\"><P>The risk is largely unknown, although considerable individual variation suggests possible genetic predisposition to overdose.</P></div></div></div>"}      ]}    ],
   "type":"table"},

  {
   "id":"p-hxexam_factor-key_0",
   "title":"Benzodiazepine OD",
   "html":"<html><div class=\"cell\"><div class=\"cellBlock\"><div class=\"cellBody\"><P>Impaired attention or memory, especially the loss of anterograde memory. Patient should be asked about recent events since exposure, such as who brought them to hospital and how. More subtle signs of impaired mental status include inappropriate behavior or judgment, and labile mood.</P></div></div></div></html>",
   "type":"web"},

  {
   "id":"p-hxexam_factor-key_1",
   "title":"Benzodiazepine OD",
   "html":"<html><div class=\"cell\"><div class=\"cellBlock\"><div class=\"cellBody\"><P>BZDs cause central nervous system inhibition and patients present with features similar to intoxication.</P></div></div></div></html>",
   "type":"web"},

  {
   "id":"p-hxexam_factor-key_4",
   "title":"Benzodiazepine OD",
   "html":"<html><div class=\"cell\"><div class=\"cellBlock\"><div class=\"cellBody\"><P>Large doses can cause coma.</P></div></div></div></html>",
   "type":"web"},

  {
   "id":"p-hxexam_factor-key_5",
   "title":"Benzodiazepine OD",
   "html":"<html><div class=\"cell\"><div class=\"cellBlock\"><div class=\"cellBody\"><P>Very uncommon with isolated BZD ingestion; common when combined with other agents.</P></div></div></div></html>",
   "type":"web"},

  {
   "id":"p-hxexam_factor-other_2",
   "title":"Benzodiazepine OD",
   "html":"<html><div class=\"cell\"><div class=\"cellBlock\"><div class=\"cellBody\"><P>As a central nervous system sedative, BZD overdose can produce diminished deep tendon reflexes or, less commonly, hyperreflexia from paradoxical excitation. Either response can contribute to ataxia, and is useful in assessing the central nervous system.</P></div></div></div></html>",
   "type":"web"},

  {
   "id":"p-hxexam_factor-other_3",
   "title":"Benzodiazepine OD",
   "html":"<html><div class=\"cell\"><div class=\"cellBlock\"><div class=\"cellBody\"><P>Pathological nystagmus is the result of damage to one or more components of the vestibular system, including the semicircular canal, otolith organs, and the vestibulocerebellum. While BZDs do not specifically impair the vestibular apparatus, they may cause diminished function as a result of generalized central nervous system impairment, including the vestibulocochlear nerve.<a href=\"epoc://current?article=33\">[33]</a> </P></div></div></div></html>",
   "type":"web"},

  {
   "id":"p-hxexam_factor-other_6",
   "title":"Benzodiazepine OD",
   "html":"<html><div class=\"cell\"><div class=\"cellBlock\"><div class=\"cellBody\"><P>Uncommonly, patients who have hyperactive, aggressive, or other psychiatric disorders may be excessively agitated.</P></div></div></div></html>",
   "type":"web"},

  {
   "id":"hxexam",
   "sections":
   [

    {
     "headerText":"Risk Factors",
     "cells":
     [

      {
       "target":"hxexam_details",
       "title":"Details",
       "type":"flex0"}      ]},

    {
     "dividerType":"divider0",
     "headers":
     [

      {
       "title":"Key Diagnostic Factors"},

      {
       "title":"common",
       "type":"header1"}      ],
     "cells":
     [

      {
       "title":"impaired mental status",
       "target":"p-hxexam_factor-key_0",
       "type":"flex0"},

      {
       "title":"drowsiness, slurred speech, ataxia",
       "target":"p-hxexam_factor-key_1",
       "type":"flex0"}      ]},

    {
     "headers":
     [

      {
       "title":"uncommon",
       "type":"header1"}      ],
     "cells":
     [

      {
       "title":"coma",
       "target":"p-hxexam_factor-key_4",
       "type":"flex0"},

      {
       "title":"respiratory depression",
       "target":"p-hxexam_factor-key_5",
       "type":"flex0"}      ]},

    {
     "dividerType":"divider0",
     "headers":
     [

      {
       "title":"Other Diagnostic Factors"},

      {
       "title":"common",
       "type":"header1"}      ],
     "cells":
     [

      {
       "title":"decreased deep tendon reflexes",
       "target":"p-hxexam_factor-other_2",
       "type":"flex0"}      ]},

    {
     "headers":
     [

      {
       "title":"uncommon",
       "type":"header1"}      ],
     "cells":
     [

      {
       "title":"nystagmus",
       "target":"p-hxexam_factor-other_3",
       "type":"flex0"},

      {
       "title":"paradoxical stimulation",
       "target":"p-hxexam_factor-other_6",
       "type":"flex0"}      ]}    ],
   "type":"table"},

  {
   "id":"p-test-t_0",
   "title":"pulse oximetry",
   "html":"<html><div class=\"cell\"><div class=\"cellBlock\"><div class=\"cellTitle\">Result</div><div class=\"cellBody\">normal in mild overdose</div><div class=\"cellTitle\">Test Details</div><div class=\"cellBody\"><li>Oxygen saturation should be monitored if there are any features of central nervous system (CNS) depression, as respiratory and CNS depression may coexist.</li></div></div></div></html>",
   "type":"web"},

  {
   "id":"p-test-t_1",
   "title":"CBC",
   "html":"<html><div class=\"cell\"><div class=\"cellBlock\"><div class=\"cellTitle\">Result</div><div class=\"cellBody\">normal</div><div class=\"cellTitle\">Test Details</div><div class=\"cellBody\"><li>Performed in all patients with suspected overdose as part of a basic screen.</li></div></div></div></html>",
   "type":"web"},

  {
   "id":"p-test-t_2",
   "title":"serum chemistry panel with blood glucose",
   "html":"<html><div class=\"cell\"><div class=\"cellBlock\"><div class=\"cellTitle\">Result</div><div class=\"cellBody\">normal</div><div class=\"cellTitle\">Test Details</div><div class=\"cellBody\"><li>Performed in all patients with suspected overdose as part of a basic screen.</li></div></div></div></html>",
   "type":"web"},

  {
   "id":"p-test-t_3",
   "title":"serum ethanol",
   "html":"<html><div class=\"cell\"><div class=\"cellBlock\"><div class=\"cellTitle\">Result</div><div class=\"cellBody\">elevated if coingestion with alcohol</div><div class=\"cellTitle\">Test Details</div><div class=\"cellBody\"><li>Alcohol is commonly ingested with benzodiazepine (BZD) overdose. It is also a central nervous system suppressant.</li></div></div></div></html>",
   "type":"web"},

  {
   "id":"p-test-t_4",
   "title":"urine toxicology screen",
   "html":"<html><div class=\"cell\"><div class=\"cellBlock\"><div class=\"cellTitle\">Result</div><div class=\"cellBody\">negative result with pure BZD overdose; positive result indicates coingestion of other drugs or illicit substances</div><div class=\"cellTitle\">Test Details</div><div class=\"cellBody\"><li>Necessary to exclude coingestion of other drugs or illicit substances.</li></div></div></div></html>",
   "type":"web"},

  {
   "id":"p-test-t_5",
   "title":"ECG",
   "html":"<html><div class=\"cell\"><div class=\"cellBlock\"><div class=\"cellTitle\">Result</div><div class=\"cellBody\">normal</div><div class=\"cellTitle\">Test Details</div><div class=\"cellBody\"><li>Performed in all patients with suspected overdose as part of a basic screen to exclude other causes of symptoms.</li></div></div></div></html>",
   "type":"web"},

  {
   "id":"p-test-t_6",
   "title":"flumazenil trial",
   "html":"<html><div class=\"cell\"><div class=\"cellBlock\"><div class=\"cellTitle\">Result</div><div class=\"cellBody\">resolution of symptoms confirms BZD overdose</div><div class=\"cellTitle\">Test Details</div><div class=\"cellBody\"><li>Reserved for use in first-time or infrequent BZD users presenting with central nervous system depression and suspected BZD overdose. Flumazenil can induce seizures in patients who have a history of seizures, are dependent on BZDs, or who take tricyclic antidepressants.<a href=\"epoc://current?article=31\">[31]</a> <a href=\"epoc://current?article=32\">[32]</a> It can also cause dysrhythmias in patients taking prodysrhythmic medication such as tricyclic antidepressants or carbamazepine.</li></div></div></div></html>",
   "type":"web"},

  {
   "id":"tests",
   "sections":
   [

    {
     "headerText":"Initial Tests",
     "cells":
     [

      {
       "target":"p-test-t_0",
       "title":"pulse oximetry",
       "type":"flex0"},

      {
       "target":"p-test-t_1",
       "title":"CBC",
       "type":"flex0"},

      {
       "target":"p-test-t_2",
       "title":"serum chemistry panel with blood glucose",
       "type":"flex0"},

      {
       "target":"p-test-t_3",
       "title":"serum ethanol",
       "type":"flex0"},

      {
       "target":"p-test-t_4",
       "title":"urine toxicology screen",
       "type":"flex0"},

      {
       "target":"p-test-t_5",
       "title":"ECG",
       "type":"flex0"},

      {
       "target":"p-test-t_6",
       "title":"flumazenil trial",
       "type":"flex0"}      ]}    ],
   "type":"table"},

  {
   "id":"differentials",
   "sections":
   [

    {
     "cells":
     [

      {
       "title":"Alcohol or other sedative or hypnotic drug overdose",
       "type":"flex0",
       "targetHTML":"<div class=\"cell\"><div class=\"cellBlock\"><div class=\"cellTitle\">Signs/Sx</div><div class=\"cellBody\"><ul><li>History of alternative drug or alcohol intake, bottles of pills, signs of drug use such as needle marks, smell of alcohol.</li></ul></div><div class=\"cellTitle\">Tests</div><div class=\"cellBody\"><ul><li>Elevated serum ethanol or other drug levels.</li></ul></div><a href=\"epoc://dx/monograph/986\"><b class=\"view-dx-monograph\">View Dx Monograph</b></a></div></div>"},

      {
       "title":"Hypoglycemia",
       "type":"flex0",
       "targetHTML":"<div class=\"cell\"><div class=\"cellBlock\"><div class=\"cellTitle\">Signs/Sx</div><div class=\"cellBody\"><ul><li>History of diabetes; patient may be pale and sweaty.</li></ul></div><div class=\"cellTitle\">Tests</div><div class=\"cellBody\"><ul><li>Serum glucose &lt;50 mg/dL.</li></ul></div><a href=\"epoc://dx/monograph/534\"><b class=\"view-dx-monograph\">View Dx Monograph</b></a></div></div>"},

      {
       "title":"Hyponatremia",
       "type":"flex0",
       "targetHTML":"<div class=\"cell\"><div class=\"cellBlock\"><div class=\"cellTitle\">Signs/Sx</div><div class=\"cellBody\"><ul><li>Can be a cause of coma but would not normally be confused with benzodiazepine (BZD) overdose because there is usually a history of preceding illness.</li></ul></div><div class=\"cellTitle\">Tests</div><div class=\"cellBody\"><ul><li>Serum sodium &lt;135 mEq/L.</li></ul></div><a href=\"epoc://dx/monograph/57\"><b class=\"view-dx-monograph\">View Dx Monograph</b></a></div></div>"},

      {
       "title":"Hyperosmolar coma",
       "type":"flex0",
       "targetHTML":"<div class=\"cell\"><div class=\"cellBlock\"><div class=\"cellTitle\">Signs/Sx</div><div class=\"cellBody\"><ul><li>Can be a cause of coma but would not normally be confused with BZD overdose because there is usually a history of preceding illness, such as diabetes.</li></ul></div><div class=\"cellTitle\">Tests</div><div class=\"cellBody\"><ul><li>Serum osmolality &gt;340 mOsm/kg.</li><li>Serum glucose &gt;600 mg/dL.</li></ul></div><a href=\"epoc://dx/monograph/1011\"><b class=\"view-dx-monograph\">View Dx Monograph</b></a></div></div>"},

      {
       "title":"Stroke",
       "type":"flex0",
       "targetHTML":"<div class=\"cell\"><div class=\"cellBlock\"><div class=\"cellTitle\">Signs/Sx</div><div class=\"cellBody\"><ul><li>A history of rapidly developing neurologic deficit plus focal neurologic signs on examination.</li></ul></div><div class=\"cellTitle\">Tests</div><div class=\"cellBody\"><ul><li>Brain CT or MRI shows area of ischemia or infarction.</li></ul></div><a href=\"epoc://dx/monograph/1080\"><b class=\"view-dx-monograph\">View Dx Monograph</b></a></div></div>"},

      {
       "title":"Meningitis",
       "type":"flex0",
       "targetHTML":"<div class=\"cell\"><div class=\"cellBlock\"><div class=\"cellTitle\">Signs/Sx</div><div class=\"cellBody\"><ul><li>The diagnosis of meningitis is normally suggested by a history of fever, headache, and neck stiffness, and is unlikely to be confused with BZD overdose except in the case of an undifferentiated coma.</li></ul></div><div class=\"cellTitle\">Tests</div><div class=\"cellBody\"><ul><li>CSF abnormalities such as elevated protein usually present.</li><li>Brain MRI or CT scan may reveal complications such as cerebral edema.</li></ul></div><a href=\"epoc://dx/monograph/111\"><b class=\"view-dx-monograph\">View Dx Monograph</b></a></div></div>"},

      {
       "title":"Encephalitis",
       "type":"flex0",
       "targetHTML":"<div class=\"cell\"><div class=\"cellBlock\"><div class=\"cellTitle\">Signs/Sx</div><div class=\"cellBody\"><ul><li>Serious, complex, and potentially fatal disorder with noninfectious and infectious causes. Patients usually present with acute onset of a febrile illness and altered mental status; typical features include headache, seizures, and focal neurologic signs. Encephalitis is unlikely to be confused with BZD overdose except in the case of an undifferentiated coma.</li></ul></div><div class=\"cellTitle\">Tests</div><div class=\"cellBody\"><ul><li>Findings on CSF analysis and brain MRI often reflect the underlying etiology.</li></ul></div><a href=\"epoc://dx/monograph/436\"><b class=\"view-dx-monograph\">View Dx Monograph</b></a></div></div>"},

      {
       "title":"Post-ictal state",
       "type":"flex0",
       "targetHTML":"<div class=\"cell\"><div class=\"cellBlock\"><div class=\"cellTitle\">Signs/Sx</div><div class=\"cellBody\"><ul><li>Psychomotor retardation or other central nervous system depression following seizure may be confused with BZD overdose, although a history of seizure disorder is usually present.</li></ul></div><div class=\"cellTitle\">Tests</div><div class=\"cellBody\"><ul><li>EEG may show signs of recent seizure but diagnosis is usually clinical.</li></ul></div><a href=\"epoc://dx/monograph/112\"><b class=\"view-dx-monograph\">View Dx Monograph</b></a></div></div>"}      ]}    ],
   "type":"table"},

  {
   "id":"diag_approach",
   "title":"Benzodiazepine OD",
   "html":"<div class=\"cell\"><div class=\"cellBlock\"><div class=\"cellBody\"><P>Benzodiazepine (BZD) overdose is usually determined by the patient's history, either from his or her own report, or by circumstantial evidence, such as BZD prescriptions or a history of psychiatric illness or previous overdose.</P><P>The key factors in making the diagnosis are signs and symptoms of central nervous system (CNS) inhibition, particularly drowsiness with unremarkable vital signs and no focal signs on neurologic exam.</P></div><div class=\"cellTitle\">Clinical evaluation</div><div class=\"cellBody\"><P>Ataxia and altered mental state are the most common features, but symptoms and signs may be nonspecific and highly variable. Typical signs of CNS depression include slurred speech, incoordination, unsteady gait, and impaired attention or memory, especially the loss of anterograde memory (patients should be asked about recent events since exposure, such as who brought them to hospital and how). Other physical signs may include nystagmus and decreased deep tendon reflexes. More subtle signs of impaired mental status include inappropriate behavior or judgment, and labile mood.</P><P>Overdose may also present with paradoxical stimulation, particularly in patients with psychiatric, hyperactive, or aggressive disorders.</P></div><div class=\"cellTitle\">Laboratory investigations</div><div class=\"cellBody\"><P>Initial tests to exclude other causes include a rapid bedside determination of glucose, pulse oximetry, CBC, serum chemistry panel, serum ethanol level, urine toxicology screen, and ECG. These are all normal in pure BZD overdose and any abnormalities should prompt further investigations as appropriate. CNS depression can mirror respiratory depression; therefore, patients with deteriorating levels of consciousness should be closely observed for any deterioration in oxygen saturation.</P><P>Immunoassay screening tests for BZD that are typically used in emergency care settings have many false-positive and false-negative results; thus their use should be discouraged.<a href=\"epoc://current?article=30\">[30]</a> Most screening tests for BZD detect only certain metabolites of BZD (namely, desmethyldiazepam or oxazepam); hence, many BZDs are not routinely detected. Negative screening tests do not therefore exclude BZD overdose. Furthermore, because of the long half-life of many BZDs and their metabolites, a positive screening test may fail to differentiate between BZD use at some time in the past (sometimes even weeks previously) and acute overdose.</P></div><div class=\"cellTitle\">Flumazenil trial</div><div class=\"cellBody\"><P>Reserved for use in first-time or infrequent BZD users presenting with CNS depression and suspected BZD overdose. Resolution of CNS depression following flumazenil administration confirms BZD overdose.</P><P>Flumazenil trial should not be used in patients known to be, or suspected of, taking long-term BZDs, or in patients known to be taking drugs that can increase the risk of seizures, such as tricyclic antidepressants. Flumazenil can induce seizures in patients who have a history of seizures, are dependent on BZDs, or who take tricyclic antidepressants.<a href=\"epoc://current?article=31\">[31]</a> <a href=\"epoc://current?article=32\">[32]</a> It can also cause dysrhythmias in patients taking prodysrhythmic medication such as tricyclic antidepressants or carbamazepine.</P></div></div></div>",
   "type":"web"},

  {
   "id":"followup",
   "title":"Benzodiazepine OD",
   "html":"<div class=\"cell\"><div class=\"cellBlock\"><div class=\"cellTitle\">Prognosis</div><div class=\"cellBody\"><div class=\"cellBody\"><P>Most patients make a full physical recovery after acute benzodiazepine overdose but, in many cases, the underlying psychiatric and social issues that precipitated the overdose need to be addressed. Patients who have taken an intentional overdose are at risk of future episodes of deliberate self-harm.</P><P>A greater challenge is treating long-term abuse or dependence. An extensive review of 25 clinical trials, with a total of 1666 subjects, found that cognitive behavioral therapy offers limited benefit, and there is insufficient evidence to support motivational therapy or other common approaches in treating abuse or dependence.<a href=\"epoc://current?article=41\">[41]</a> </P></div></div><div class=\"cellTitle\">Monitoring</div><div class=\"cellBody\"><P>After acute intentional overdose, patients should receive psychiatric evaluation and follow-up if necessary.</P></div><div class=\"cellTitle\">Patient Instructions</div><div class=\"cellBody\"><P>The patient should be advised to seek assistance to stop drug use if a chronic problem exists, or to decrease the dose of benzodiazepine if this is an iatrogenic or unintentional overdose.</P></div></div></div>",
   "type":"web"},

  {
   "id":"prevention",
   "title":"Benzodiazepine OD",
   "html":"<div class=\"cell\"><div class=\"cellBlock\"><div class=\"cellTitle\">Prevention</div><div class=\"cellBody\"><h4>Primary Prevention</h4><P>BZDs lead to dependence and tolerance in a short period of time. They should only be prescribed for a limited time. However, some physicians may to disregard this recommendation.</P><P>Although tolerance to BZDs is common, it does not typically result in a need for increased dosage in stable patients.<a href=\"epoc://current?article=20\">[20]</a>&nbsp;Therefore, patient requests for increasing dosage should be examined for evidence of abuse or diversion.</P><P>Since one in every ten high school seniors have reportedly taken prescription BZDs, either medically or nonmedically, prescriptions for adolescents should be monitored closely, stored safely, and disposed of properly in order to reduce BZD diversion.<a href=\"epoc://current?article=21\">[21]</a> </P><P>For outpatient treatment of BZD withdrawal, it is recommended that the drug should first be replaced with an equivalent dose of another BZD with an intermediate or long-acting effect. The dose should then be reduced weekly.<a href=\"epoc://current?article=22\">[22]</a> </P><P>While BZDs are generally intended for short-term use, the proportion of patients on long-term BZD treatment increases with age from 14.7% (18-35 years) to 31.4% (65-80 years). In all age groups, around 25% of individuals receiving BZD involved long-acting BZD use.<a href=\"epoc://current?article=23\">[23]</a> Some investigators attribute the long-term prescriptions to primary care physicians who are beleaguered by patients requesting hypnotic and anxiolytic medication, and who find it extremely difficult to persuade these patients to use nonpharmacologic approaches.<a href=\"epoc://current?article=24\">[24]</a> </P><P>The chronic use of BZDs causes numerous adverse effects, including cognitive impairments, falls, dependence, and tolerance.</P><ul><li>Chronic BZD use is associated with an increased risk of being involved in a traffic accident.<a href=\"epoc://current?article=25\">[25]</a> </li></ul><ul><li>Chronic BZD users have an increased risk (adjusted hazard ratio 3.15; 95% CI 2.37 to 4.20) of benign brain tumor compared with nonusers.<a href=\"epoc://current?article=26\">[26]</a> </li><li>Chronic obstructive pulmonary disease is present in about one third of all BZD users, who are typically also treated with medications for insomnia, anxiety, depression, and dyspnea, which greatly increases the risk of drug interactions.</li></ul><ul><li>Because BZDs are respiratory depressors, physicians should be alert for refractory dyspnea.<a href=\"epoc://current?article=27\">[27]</a> </li><li>BZD use is associated with an increased risk of Alzheimer disease.<a href=\"epoc://current?article=28\">[28]</a> </li></ul><ul><li>BZD use, particularly in the elderly, increases the risk of hip fracture; the risk increases by 60% within the first 2 weeks of use, and 80% after 1 month.</li></ul><ul><li>Patients with chronic BZD use often report a significant reduction in their quality of life with physical and emotional impairment. Overuse, in particular, reduces social functioning, and causes high levels of psychological distress.<a href=\"epoc://current?article=25\">[25]</a> </li></ul><ul><li>Further dependence or addiction is associated with higher neuroticism, introversion, and less effective coping mechanisms to adverse life events.<a href=\"epoc://current?article=29\">[29]</a> </li></ul></div></div></div>",
   "type":"web"},

  {
   "id":"complications",
   "sections":
   [

    {
     "headerText":"Low Likelihood",
     "cells":
     [

      {
       "title":"respiratory arrest",
       "type":"flex0",
       "targetHTML":"<div class=\"cell\"><div class=\"cellBlock\"><div class=\"cellBody\"><P>Can occur in the case of large overdoses or coingestion of other respiratory depressants.</P><P>Resuscitation and supportive treatment indicated.</P><P>Flumazenil should not be used in the place of respiratory support, as it does not reliably reverse benzodiazepine-induced respiratory depression.</P><A href=\"epoc://dx/monograph/853\"><B class=\"view-dx-monograph\">View Dx monograph</B></A></div></div></div>"},

      {
       "title":"coma",
       "type":"flex0",
       "targetHTML":"<div class=\"cell\"><div class=\"cellBlock\"><div class=\"cellBody\"><P>Can occur in the case of large overdoses or coingestion of other central nervous system depressants. Resuscitation and supportive treatment indicated. Other causes are eliminated by drug and alcohol screen and investigations as appropriate.</P><A href=\"epoc://dx/monograph/417\"><B class=\"view-dx-monograph\">View Dx monograph</B></A></div></div></div>"}      ]}    ],
   "type":"table"},

  {
   "id":"guidelines",
   "title":"Benzodiazepine OD",
   "html":"<div class=\"cell\"><div class=\"cellBlock\"><div class=\"cellTitle\">Treatment Guidelines</div><div class=\"cellBody\"><p><h4>Deprescribing benzodiazepine receptor agonists: evidence-based clinical practice guideline<a href=\"epoc://current?article=39\">[39]</a> </h4><p><a href=\"https://www.cfp.ca/content/64/5/339\">View Society Guidelines</a></p><p><small><b>Published by: </b>The College of Family Physicians of Canada</small><br><small><b>Published: </b>2018</small></p><p><small><b>Summary</b><br><P>A guideline to aid decision making about safely tapering and stopping treatment with benzodiazepine receptor agonists.</P></small></p></p><hr><p><h4>Self-harm in over 8s: short-term management and prevention of recurrence<a href=\"epoc://current?article=40\">[40]</a> </h4><p><a href=\"https://www.nice.org.uk/guidance\">View Society Guidelines</a></p><p><small><b>Published by: </b>National Institute for Health and Care Excellence</small><br><small><b>Published: </b>2004</small></p><p><small><b>Summary</b><br><P>This guideline covers the short-term management and prevention of self-harm. There is a section&nbsp;about the use of flumazenil in the treatment of benzodiazepine overdose.</P></small></p></p><hr></div></div></div>",
   "type":"web"},

  {
   "id":"p-tx-c_0",
   "title":"ignoreme",
   "html":"<html><div class=\"cell\"><div class=\"cellBlock\"><div class=\"cellTitle\">Comments</div><div class=\"cellBody\"><ul><li>Management of pure benzodiazepine (BZD) overdose is supportive, consisting of airway maintenance, cardiorespiratory monitoring and support, and intravenous fluids. Mixed overdose and other causes of central nervous system depression should be ruled out.</li><li>Most authors suggest that gastric lavage should not be employed routinely, if ever, in the management of poisoned patients because of the severe risks including hypoxia, laryngospasm, and aspiration pneumonia.<a href=\"epoc://current?article=37\">[37]</a> The risks of harm from gastric lavage probably outweigh the benefits in pure BZD overdose. In mixed overdoses, if an extremely toxic substance has been ingested, gastric lavage can be undertaken with extreme care within 1 hour of ingestion.</li><li>Because BZD overdose is rarely dangerous and most patients do not present within an hour or so of overdose, activated charcoal to reduce absorption is not generally recommended.<a href=\"epoc://current?article=38\">[38]</a> </li></ul></div></div></div></html>",
   "type":"web"},

  {
   "id":"p-tx-c_1",
   "title":"ignoreme",
   "html":"<html><div class=\"cell\"><div class=\"cellBlock\"><div class=\"cellTitle\">Primary Options</div><div class=\"cellBody\"><UL class=\"tx-options\"><LI><span><A href=\"epoc://rx/monograph/310\">flumazenil</A>: 0.2 mg intravenously given over 30 seconds; may give a further 0.3 mg after 30 seconds if necessary; further doses of 0.5 mg may be given at 1 minute intervals as necessary, maximum 3 mg total dose<BR></span></LI></UL></div><div class=\"cellTitle\">Comments</div><div class=\"cellBody\"><ul><li>Flumazenil, a BZD antagonist, temporarily reverses central nervous system (CNS) depression, but does not reliably reverse respiratory depression. Can be used to reverse CNS depression in first-time or infrequent BZD users where the likelihood of BZD overdose is high and there are no known contraindications.</li><li>The risks of flumazenil often outweigh the benefits. It is contraindicated in BZD-dependent patients because of the risk of provoking seizures. It should also be avoided in those patients known to be taking drugs that can increase the risk of seizures, such as tricyclic antidepressants, and where other respiratory depressants have been coingested or if the patient has an undifferentiated coma. Furthermore, flumazenil can unmask dysrhythmias in patients who have also taken a prodysrhythmic drug (e.g., tricyclic antidepressants or carbamazepine).</li><li>Flumazenil has a shorter half-life than most BZDs and so rapid resedation can occur after apparent recovery. Resedation occurs in approximately 30% of patients, increasing their risk of aspiration and death. Close monitoring is required.<a href=\"epoc://current?article=36\">[36]</a> </li><li>ECG monitoring is recommended at time of administration if history is vague and toxicology results are not yet available. In addition, antiseizure medication should be readily available in the event of a seizure being triggered.</li></ul></div></div></div></html>",
   "type":"web"},

  {
   "id":"tx-0",
   "sections":
   [

    {
     "cells":
     [

      {
       "target":"p-tx-c_0",
       "title":"supportive care",
       "flag":"1st",
       "type":"flex1"},

      {
       "target":"p-tx-c_1",
       "title":"flumazenil",
       "flag":"adj.",
       "type":"flex1"}      ]}    ],
   "type":"table"}  ],
 "citations":
 {
  "articles":
  [

   {
    "id":1,
    "key_article":false,
    "ref_article":true,
    "html":"Hojer J, Baehrendtz S. The effect of flumazenil (Ro 15-1788) in the management of self-induced benzodiazepine poisoning. A double-blind controlled study. Acta Med Scand. 1988;224(4):357-65.<a href=\"http://www.ncbi.nlm.nih.gov/pubmed/3142220\"> [Abstract]</a>"},

   {
    "id":2,
    "key_article":true,
    "ref_article":true,
    "html":"Gahlinger PM. Club drugs: MDMA, gamma-hydroxybutyrate (GHB), rohypnol, and ketamine. Am Fam Physician. 2004 Jun 1;69(11):2619-27.<a href=\"http://www.ncbi.nlm.nih.gov/pubmed/15202696\"> [Abstract]</a>"},

   {
    "id":3,
    "key_article":false,
    "ref_article":true,
    "html":"Gleason PP, Schulz R, Smith NL, et al. Correlates and prevalence of benzodiazepine use in community-dwelling elderly. J Gen Intern Med. 1998 Apr;13(4):243-50.<a href=\"http://www.ncbi.nlm.nih.gov/pubmed/9565387\"> [Abstract]</a><a href=\"http://www.ncbi.nlm.nih.gov/pmc/articles/PMC1496936/\"> [Full Text]</a>"},

   {
    "id":4,
    "key_article":false,
    "ref_article":true,
    "html":"Valenstein M, Khanujua Taylor K, Austin K, et al. Benzodiazepine use among depressed patients treated in mental health settings. Am J Psychiatry. 2004 Apr;161(4):654-61.<a href=\"http://www.ncbi.nlm.nih.gov/pubmed/15056511\"> [Abstract]</a><a href=\"http://ajp.psychiatryonline.org/doi/full/10.1176/appi.ajp.161.4.654\"> [Full Text]</a>"},

   {
    "id":5,
    "key_article":false,
    "ref_article":true,
    "html":"Guina J, Rossetter SR, DeRhodes BJ, et al. Benzodiazepines for PTSD: a systematic review and meta-analysis. J Psychiatr Pract. 2015 Jul;21(14):281-303.<a href=\"http://www.ncbi.nlm.nih.gov/pubmed/26164054\"> [Abstract]</a>"},

   {
    "id":6,
    "key_article":false,
    "ref_article":true,
    "html":"Brunoni AR, Nunes MA, Figueiredo R, et al. Patterns of benzodiazepine and antidepressant use among middle-aged adults: the Brazilian longitudinal study of adult health (ELSA-Brasil). J Affect Disord. 2013 Oct;151(1):71-7.<a href=\"http://www.ncbi.nlm.nih.gov/pubmed/23769607\"> [Abstract]</a>"},

   {
    "id":7,
    "key_article":false,
    "ref_article":true,
    "html":"Préville M, Vasiliadis HM, Bossé C, et al. Pattern of psychotropic drug use among older adults having a depression or an anxiety disorder: results from the longitudinal ESA study. Can J Psychiatry. 2011 Jun;56(6):348-57.<a href=\"http://www.ncbi.nlm.nih.gov/pubmed/21756449\"> [Abstract]</a><a href=\"http://journals.sagepub.com/doi/abs/10.1177/070674371105600606?url_ver=Z39.88-2003&amp;rfr_id=ori:rid:crossref.org&amp;rfr_dat=cr_pub%3dpubmed\"> [Full Text]</a>"},

   {
    "id":8,
    "key_article":false,
    "ref_article":true,
    "html":"Saarelainen L, Tolppanen AM, Koponen M, et al. Risk of hip fracture in benzodiazepine users with and without Alzheimer disease. J Am Med Dir Assoc. 2017 Jan;18(1):87;e15-87;e21.<a href=\"http://www.ncbi.nlm.nih.gov/pubmed/27847263\"> [Abstract]</a><a href=\"http://www.jamda.com/article/S1525-8610(16)30435-2/fulltext\"> [Full Text]</a>"},

   {
    "id":9,
    "key_article":false,
    "ref_article":true,
    "html":"Taipale H, Koponen M, Tanskanen A, et al. Use of benzodiazepines and related drugs is associated with a risk of stroke among persons with Alzheimer's disease. Int Clin Psychopharmacol. 2017 May;32(3):135-41.<a href=\"http://www.ncbi.nlm.nih.gov/pubmed/28072593\"> [Abstract]</a>"},

   {
    "id":10,
    "key_article":false,
    "ref_article":true,
    "html":"Huang WS, Muo CH, Chang SN, et al. Benzodiazepine use and risk of stroke: a retrospective population-based cohort study. Psychiatry Clin Neurosci. 2014 Apr;68(4):255-62.<a href=\"http://www.ncbi.nlm.nih.gov/pubmed/24829937\"> [Abstract]</a>"},

   {
    "id":11,
    "key_article":false,
    "ref_article":true,
    "html":"Buckley NA, Dawson AH, Whyte IM, et al. Relative toxicity of benzodiazepines in overdose. BMJ. 1995 Jan 28;310(6974):219-21.<a href=\"http://www.ncbi.nlm.nih.gov/pubmed/7866122\"> [Abstract]</a><a href=\"http://www.bmj.com/cgi/content/full/310/6974/219\"> [Full Text]</a>"},

   {
    "id":12,
    "key_article":false,
    "ref_article":true,
    "html":"Warner M, Trinidad JP, Bastian BA, et al. Drugs most frequently involved in drug overdose deaths: United States, 2010-2014. Natl Vital Stat Rep. 2016 Dec;65(10):1-15.<a href=\"http://www.ncbi.nlm.nih.gov/pubmed/27996932\"> [Abstract]</a><a href=\"https://www.cdc.gov/nchs/data/nvsr/nvsr65/nvsr65_10.pdf\"> [Full Text]</a>"},

   {
    "id":13,
    "key_article":false,
    "ref_article":true,
    "html":"Bachhuber MA, Hennessy S, Cunningham CO, et al. Increasing benzodiazepine prescriptions and overdose mortality in the United States, 1996-2013. Am J Public Health. 2016 Apr;106(4):686-8.<a href=\"http://www.ncbi.nlm.nih.gov/pubmed/26890165\"> [Abstract]</a><a href=\"https://www.ncbi.nlm.nih.gov/pmc/articles/PMC4816010/\"> [Full Text]</a>"},

   {
    "id":14,
    "key_article":false,
    "ref_article":true,
    "html":"VanHouten JP, Rudd RA, Ballesteros MF, et al. Drug overdose deaths among women aged 30-64 years - United States, 1999-2017. MMWR Morb Mortal Wkly Rep. 2019 Jan 11;68(1):1-5.<a href=\"http://www.ncbi.nlm.nih.gov/pubmed/30629574\"> [Abstract]</a><a href=\"https://www.ncbi.nlm.nih.gov/pmc/articles/PMC6342548/\"> [Full Text]</a>"},

   {
    "id":15,
    "key_article":false,
    "ref_article":true,
    "html":"Curtin SC, Tejada-Vera B, Warmer M. Drug overdose deaths among adolescents aged 15-19 in the United States: 1999-2015. NCHS Data Brief. 2017 Aug;(282):1-8.<a href=\"http://www.ncbi.nlm.nih.gov/pubmed/29155681\"> [Abstract]</a><a href=\"https://www.cdc.gov/nchs/data/databriefs/db282.pdf\"> [Full Text]</a>"},

   {
    "id":16,
    "key_article":false,
    "ref_article":true,
    "html":"Okamoto R, Itoh Y, Murata Y, et al. Reduction of group II metabotropic glutamate receptors during development of benzodiazepine dependence. Pharmacology. 2013;91(3-4):145-52.<a href=\"http://www.ncbi.nlm.nih.gov/pubmed/23392308\"> [Abstract]</a>"},

   {
    "id":17,
    "key_article":false,
    "ref_article":true,
    "html":"Backmund M, Meyer K, Henkel C, et al. Co-consumption of benzodiazepines in heroin users, methadone-substituted and codeine-substituted patients. J Addict Dis. 2005;24(4):17-29.<a href=\"http://www.ncbi.nlm.nih.gov/pubmed/16368654\"> [Abstract]</a>"},

   {
    "id":18,
    "key_article":false,
    "ref_article":true,
    "html":"Man LH, Best D, Gossop M, et al. Relationship between prescribing and risk of opiate overdose among drug users in and out of maintenance treatment. Eur Addict Res. 2004;10(1):35-40.<a href=\"http://www.ncbi.nlm.nih.gov/pubmed/14665804\"> [Abstract]</a>"},

   {
    "id":19,
    "key_article":false,
    "ref_article":true,
    "html":"Gahlinger PM. Illegal drugs: A complete guide to their history, chemistry, use and abuse. New York: Penguin (Plume); 2004."},

   {
    "id":20,
    "key_article":false,
    "ref_article":true,
    "html":"Willems IA, Gorgels WJ, Oude Voshaar RC, et al. Tolerance to benzodiazepines among long-term users in primary care. Fam Pract. 2013 Aug;30(4):404-10.<a href=\"http://www.ncbi.nlm.nih.gov/pubmed/23515374\"> [Abstract]</a><a href=\"http://fampra.oxfordjournals.org/content/30/4/404.long\"> [Full Text]</a>"},

   {
    "id":21,
    "key_article":false,
    "ref_article":true,
    "html":"McCabe SE, West BT. Medical and nonmedical use of prescription benzodiazepine anxiolytics among US high school seniors. Addict Behav. 2014 May;39(5):959-64.<a href=\"http://www.ncbi.nlm.nih.gov/pubmed/24556157\"> [Abstract]</a>"},

   {
    "id":22,
    "key_article":false,
    "ref_article":true,
    "html":"Janhsen K, Roser P, Hoffmann K. The problems of long-term treatment with benzodiazepines and related substances. Dtsch Arztebl Int. 2015 Jan 5;112(1-2):1-7.<a href=\"http://www.ncbi.nlm.nih.gov/pubmed/25613443\"> [Abstract]</a><a href=\"http://www.aerzteblatt.de/int/archive/article?id=167006\"> [Full Text]</a>"},

   {
    "id":23,
    "key_article":false,
    "ref_article":true,
    "html":"Olfson M, King M, Schoenbaum M. Benzodiazepine use in the United States. JAMA Psychiatry. 2015 Feb;72(2):136-42.<a href=\"http://www.ncbi.nlm.nih.gov/pubmed/25517224\"> [Abstract]</a>"},

   {
    "id":24,
    "key_article":false,
    "ref_article":true,
    "html":"Everitt H, McDermott L, Leydon G, et al. GPs' management strategies for patients with insomnia: a survey and qualitative interview study. Br J Gen Pract. 2014 Feb;64(619):e112-9.<a href=\"http://www.ncbi.nlm.nih.gov/pubmed/24567616\"> [Abstract]</a><a href=\"https://www.ncbi.nlm.nih.gov/pmc/articles/PMC3905408/\"> [Full Text]</a>"},

   {
    "id":25,
    "key_article":false,
    "ref_article":true,
    "html":"Lugoboni F, Mirijello A, Faccini M, et al. Quality of life in a cohort of high-dose benzodiazepine dependent patients. Drug Alcohol Depend. 2014 Sep 1;142:105-9.<a href=\"http://www.ncbi.nlm.nih.gov/pubmed/25001277\"> [Abstract]</a>"},

   {
    "id":26,
    "key_article":false,
    "ref_article":true,
    "html":"Harnod T, Lin CL, Sung FC, et al. An association between benzodiazepine use and occurrence of benign brain tumors. J Neurol Sci. 2014 Jan 15;336(1-2):8-12.<a href=\"http://www.ncbi.nlm.nih.gov/pubmed/24314718\"> [Abstract]</a><a href=\"http://www.jns-journal.com/article/S0022-510X(13)03038-4/fulltext\"> [Full Text]</a>"},

   {
    "id":27,
    "key_article":false,
    "ref_article":true,
    "html":"Vozoris NT, Fischer HD, Wang X, et al. Benzodiazepine use among older adults with chronic obstructive pulmonary disease: a population-based cohort study. Drugs Aging. 2013 Mar;30(3):183-92.<a href=\"http://www.ncbi.nlm.nih.gov/pubmed/23371396\"> [Abstract]</a>"},

   {
    "id":28,
    "key_article":false,
    "ref_article":true,
    "html":"Billioti de Gage S, Moride Y, Ducruet T, et al. Benzodiazepine use and risk of Alzheimer's disease: case-control study. BMJ. 2014 Sep 9;349:g5205.<a href=\"http://www.ncbi.nlm.nih.gov/pubmed/25208536\"> [Abstract]</a><a href=\"http://www.bmj.com/content/349/bmj.g5205.long\"> [Full Text]</a>"},

   {
    "id":29,
    "key_article":false,
    "ref_article":true,
    "html":"Konopka A, Pełka-Wysiecka J, Grzywacz A, et al. Psychosocial characteristics of benzodiazepine addicts compared to not addicted benzodiazepine users. Prog Neuropsychopharmacol Biol Psychiatry. 2013 Jan 10;40:229-35.<a href=\"http://www.ncbi.nlm.nih.gov/pubmed/22985941\"> [Abstract]</a>"},

   {
    "id":30,
    "key_article":false,
    "ref_article":true,
    "html":"Wu AH, McKay C, Broussard LA, et al. National Academy of Clinical Biochemistry laboratory medicine practice guidelines: recommendations for the use of laboratory tests to support poisoned patients who present to the emergency department. Clin Chem. 2003 Mar;49(3):357-79.<a href=\"http://www.ncbi.nlm.nih.gov/pubmed/12600948\"> [Abstract]</a><a href=\"http://www.clinchem.org/content/49/3/357.full\"> [Full Text]</a>"},

   {
    "id":31,
    "key_article":false,
    "ref_article":true,
    "html":"Haverkos GP, DiSalvo RP, Imhoff TE. Fatal seizures after flumazenil administration in a patient with mixed overdose. Ann Pharmacother. 1994 Dec;28(12):1347-9.<a href=\"http://www.ncbi.nlm.nih.gov/pubmed/7696723\"> [Abstract]</a>"},

   {
    "id":32,
    "key_article":true,
    "ref_article":true,
    "html":"Spivey WH. Flumazenil and seizures: analysis of 43 cases. Clin Ther. 1992 Mar-Apr;14(2):292-305.<a href=\"http://www.ncbi.nlm.nih.gov/pubmed/1611650\"> [Abstract]</a>"},

   {
    "id":33,
    "key_article":false,
    "ref_article":true,
    "html":"Velluti R, Pedemonte M. Differential effects of benzodiazepines on cochlear and auditory nerve responses. Electroencephalogr Clin Neurophysiol. 1986 Dec;64(6):556-62.<a href=\"http://www.ncbi.nlm.nih.gov/pubmed/2430780\"> [Abstract]</a>"},

   {
    "id":34,
    "key_article":false,
    "ref_article":true,
    "html":"Bezchlibnyk-Butler JZ, Jeffries JJ. Clinical handbook of psychotropic drugs, 16th ed. Toronto, Canada: Hogrefe &amp; Huber Publishing; 2006."},

   {
    "id":36,
    "key_article":false,
    "ref_article":true,
    "html":"Kyong YY, Park JT, Choi KH. Serial monitoring of sedation scores in benzodiazepine overdose. Am J Emerg Med. 2014 Nov;32(11):1438;e5-6.<a href=\"http://www.ncbi.nlm.nih.gov/pubmed/24908447\"> [Abstract]</a>"},

   {
    "id":37,
    "key_article":false,
    "ref_article":true,
    "html":"Vale JA, Kulig K; American Academy of Clinical Toxicology; European Association of Poisons Centres and Clinical Toxicologists. Position paper: gastric lavage. J Toxicol Clin Toxicol. 2004;42(7):933-43.<a href=\"http://www.ncbi.nlm.nih.gov/pubmed/15641639\"> [Abstract]</a>"},

   {
    "id":38,
    "key_article":false,
    "ref_article":true,
    "html":"Chyka PA, Seger D. Position statement: single-dose activated charcoal. American Academy of Clinical Toxicology; European Association of Poisons Centres and Clinical Toxicologists. J Toxicol Clin Toxicol. 1997;35(7):721-41.<a href=\"http://www.ncbi.nlm.nih.gov/pubmed/9482427\"> [Abstract]</a>"},

   {
    "id":39,
    "key_article":false,
    "ref_article":true,
    "html":"Pottie K, Thompson W, Davies S, et al. Deprescribing benzodiazepine receptor agonists: Evidence-based clinical practice guideline. Can Fam Physician. 2018 May;64(5):339-351.<a href=\"http://www.ncbi.nlm.nih.gov/pubmed/29760253\"> [Abstract]</a><a href=\"https://www.ncbi.nlm.nih.gov/pmc/articles/PMC5951648/\"> [Full Text]</a>"},

   {
    "id":40,
    "key_article":false,
    "ref_article":true,
    "html":"National Institute for Health and Care Excellence. Self-harm in over 8s: short-term management and prevention of recurrence. July 2004 [internet publication].<a href=\"https://www.nice.org.uk/guidance/CG16\"> [Full Text]</a>"},

   {
    "id":41,
    "key_article":false,
    "ref_article":true,
    "html":"Darker CD, Sweeney BP, Barry JM, et al. Psychosocial interventions for benzodiazepine harmful use, abuse or dependence. Cochrane Database Syst Rev. 2015;(5):CD009652.<a href=\"http://www.ncbi.nlm.nih.gov/pubmed/26106751\"> [Abstract]</a><a href=\"http://onlinelibrary.wiley.com/doi/10.1002/14651858.CD009652.pub2/abstract\"> [Full Text]</a>"}   ]},
 "media":
 [
  ]}