
{
 "id":353,
 "title":"Giardiasis",
 "views":
 [

  {
   "id":"root",
   "type":"table",
   "sections":
   [

    {
     "cells":
     [

      {
       "target":"highlights",
       "title":"Highlights & Basics",
       "type":"flex0"}      ]},

    {
     "cells":
     [

      {
       "target":"tx_options",
       "title":"Treatment Options",
       "type":"flex0"},

      {
       "target":"tx_approach",
       "title":"Treatment Approach",
       "type":"flex0"},

      {
       "target":"hxexam",
       "title":"History & Exam",
       "type":"flex0"},

      {
       "target":"tests",
       "title":"Tests",
       "type":"flex0"},

      {
       "target":"differentials",
       "title":"Differential Diagnosis",
       "type":"flex0"},

      {
       "target":"diag_approach",
       "title":"Diagnostic Approach",
       "type":"flex0"},

      {
       "target":"followup",
       "title":"Follow-up",
       "type":"flex0"},

      {
       "target":"prevention",
       "title":"Prevention",
       "type":"flex0"},

      {
       "target":"complications",
       "title":"Complications",
       "type":"flex0"},

      {
       "target":"guidelines",
       "title":"Society Guidelines",
       "type":"flex0"}      ]}    ]},

  {
   "id":"highlights",
   "title":"Giardiasis",
   "html":"<div class=\"cell\"><div class=\"cellBlock\"><div class=\"cellTitle\">Key Highlights</div><div class=\"cellBody\"><ul><li>Giardiasis symptoms vary from asymptomatic passage of cysts to acute self-limiting diarrhea or chronic diarrhea. Growth retardation in children has been well described.</li><li>Diagnosis is by detection of cysts or trophozoites in a stool sample.</li><li>Metronidazole or tinidazole is recommended as first-line treatment.</li><li>Transmission is via the fecal-oral route. Personal hygiene is key to prevention.</li></ul></div><div class=\"cellTitle\">Definition</div><div class=\"cellBody\"><P>Giardiasis is an enteric infection caused by a eukaryotic, flagellated, binucleated protozoan parasite called Giardia lamblia. First described in 1681, it is a major cause of diarrheal disease in human beings and other mammals.<a href=\"epoc://current?article=1\">[1]</a> <a href=\"epoc://current?article=2\">[2]</a> Children may present with weight loss and failure to thrive due to malabsorption.</P></div><div class=\"cellTitle\">Epidemiology</div><div class=\"cellBody\"><P> Giardia is one of the most commonly diagnosed intestinal parasites.<a href=\"epoc://current?article=7\">[7]</a> <a href=\"epoc://current?article=8\">[8]</a> <a href=\"epoc://current?article=9\">[9]</a> It is commonly identified in tropical and temperate regions of the world and is more prevalent in the developing world and rural areas.</P><P>Approximately 15,000 cases of Giardiawere reported in the US in 2012.<a href=\"epoc://current?article=10\">[10]</a> Campers, hunters, backpackers, travelers, and tourists to endemic areas are most likely to acquire the disease.<a href=\"epoc://current?article=11\">[11]</a> </P></div><div class=\"cellTitle\">Etiology</div><div class=\"cellBody\"><P>Several genotypes of Giardia lamblia have been discovered but only a few are host-specific to humans.<a href=\"epoc://current?article=12\">[12]</a> </P><P>There are 2 morphologic forms of G lamblia: cysts and trophozoites. Infection requires oral ingestion of cysts (fewer than 10 cysts are required to cause infection). The incubation period ranges from 3-25 days.<a href=\"epoc://current?article=13\">[13]</a> <a href=\"epoc://current?article=14\">[14]</a> <a href=\"epoc://current?article=15\">[15]</a> <a href=\"epoc://current?article=16\">[16]</a> </P><P>After ingestion of cysts, excystation occurs in the proximal small bowel where trophozoites are released. These attach to the mucosal surface of the duodenum and jejunum by using an adhesive disk on their ventral surface. Trophozoites are converted to the infectious cyst form in the small intestine.<a href=\"https://www.cdc.gov/parasites/giardia/\">CDC: parasites - Giardia</a><a class=\"inlineImage\" href=\"epoc://current?view=p-images-i_1\">Image</a></P><P>Acquisition of Giardia is by ingestion of water (or food) contaminated by cysts and by person-to-person spread through the fecal-oral route. Swallowing water while swimming, contact with recreational fresh water, drinking tap water, and eating lettuce are risk factors for developing giardiasis.<a href=\"epoc://current?article=17\">[17]</a> <a href=\"epoc://current?article=18\">[18]</a> </P><P>Common variable late-onset hypogammaglobulinemia has been associated with a high frequency of giardiasis.<a href=\"epoc://current?article=19\">[19]</a><a class=\"inlineImage\" href=\"epoc://current?view=p-images-i_2\">Image</a></P><P></P></div><div class=\"cellTitle\">Authors / Peer Reviewers</div><div class=\"cellBody\"><ul><li>Musaddiq Waheed, MD</li><li>Fida A. Khan, MD, FACP</li><li>Zana Nikolla, MD</li><li>Rodney Adam, MD</li></ul></div><br><b class=\"last-updated display-none\">Last Updated: 2019-01-11</b><div style=\"display: none\" class=\"last-updated\"><div class=\"last-updated-label\">Last Updated</div><div class=\"last-updated-date\">2019-01-11</div></div></div></div>",
   "type":"web"},

  {
   "id":"tx_options",
   "sections":
   [

    {
     "headerText":"Acute",
     "cells":
     [

      {
       "target":"tx-0",
       "title":"nonpregnant",
       "type":"flex0"},

      {
       "target":"tx-1",
       "title":"pregnant; first trimester",
       "type":"flex0"},

      {
       "target":"tx-2",
       "title":"pregnant; second or third trimester",
       "type":"flex0"}      ]},

    {
     "headerText":"Ongoing",
     "cells":
     [

      {
       "target":"tx-3",
       "title":"treatment failure or resistance",
       "type":"flex0"}      ]}    ],
   "type":"table"},

  {
   "id":"tx_approach",
   "title":"Giardiasis",
   "html":"<div class=\"cell\"><div class=\"cellBlock\"><div class=\"cellBody\"><P>Symptomatic patients and asymptomatic carriers in nonendemic areas should be treated. Treating an asymptomatic patient in an endemic area is probably of no benefit, as high recurrence rates are likely.<a href=\"epoc://current?article=62\">[62]</a> </P></div><div class=\"cellTitle\">Standard therapy</div><div class=\"cellBody\"><P>Nitroimidazoles are first-line therapy for giardiasis. Tinidazole can be offered as a single dose and has an efficacy of 90% to 98%.<a href=\"epoc://current?article=63\">[63]</a> Metronidazole is given for 7 days and has an efficacy of 80% to 95%.<a href=\"epoc://current?article=64\">[64]</a> Several other drugs including quinacrine, furazolidone, paromomycin, nitazoxanide are most commonly used for the treatment of diarrhea associated with giardiasis.<a href=\"epoc://current?article=65\">[65]</a> <a href=\"epoc://current?article=66\">[66]</a> </P></div><div class=\"cellTitle\">Intolerance of standard therapy</div><div class=\"cellBody\"><P>Some patients treated with nitroimidazoles develop significant gastrointestinal symptoms such as nausea, vomiting, metallic taste, diarrhea, dyspepsia, and dry mouth. Nitroimidazoles also have disulfiram-like effects if alcohol is consumed during treatment, and this may make them unsuitable for some patients. Nitazoxanide has been approved by the Food and Drug Administration to treat giardiasis in children older than 1 year,<a href=\"epoc://current?article=67\">[67]</a> and in some studies it has been found to be at least as effective as metronidazole in relieving symptoms in individuals with giardiasis, with efficacy ranging from 81% to 85%.<a href=\"epoc://current?article=68\">[68]</a> <a href=\"epoc://current?article=69\">[69]</a> <a href=\"epoc://current?article=70\">[70]</a> </P><P> Albendazole, a benzimidazole, has shown excellent activity in vitro against Giardia lamblia isolates.<a href=\"epoc://current?article=71\">[71]</a> It is as effective as metronidazole, especially in children, for the treatment of diarrhea associated with giardiasis.<a href=\"epoc://current?article=72\">[72]</a> </P><P>Nitroimidazoles are effective treatments for giardiasis and have the benefit that they can be given as a single dose, so remain first-line for most patients. Albendazole and nitazoxanide, while effective against giardiasis, require multiple doses. Extensive clinical experience with nitazoxanide is lacking, but it may have a role in the treatment of refractory giardiasis.</P></div><div class=\"cellTitle\">Pregnancy</div><div class=\"cellBody\"><P>No therapeutic agent combines optimal efficacy and safety in pregnancy. In the first trimester, treatment should only be given when adequate hydration and nutritional status cannot be maintained. If drug treatment is required, paromomycin, a nonabsorbed oral aminoglycoside, is the drug of choice in the first trimester, due to its limited absorption when given orally. It has shown an efficacy rate of 60% to 70%.<a href=\"epoc://current?article=73\">[73]</a> Metronidazole can be used in the second and third trimesters even though it is not approved for this indication.</P></div><div class=\"cellTitle\">Treatment failure</div><div class=\"cellBody\"><P>Treatment failures have been reported with all of the common anti-Giardia agents; however, it is important to differentiate between cure followed by reinfection, post-Giardialactose intolerance after therapy, and true drug resistance.</P><P>The first step is to send a stool sample for ova and parasites or Giardia antigen detection. Positive results should direct a careful history to assess the likelihood of reinfection, and reinfected patients should respond to the original therapeutic agent.</P><P>Treatment for reinfection should include exploration for reinfection risk factors, and advice regarding hygiene and prevention measures, in addition to the standard therapy.</P><P>Post-Giardialactose intolerance occurs in 20% to 40% of patients.<a href=\"epoc://current?article=74\">[74]</a> This syndrome may take several weeks to resolve. Thus, a trial of avoiding lactose-containing foods and liquids should be instituted if the stool is negative for G lamblia.</P><P>True treatment failure could mean infection with a drug-resistant isolate of G lamblia. Clinically resistant strains have been treated with longer repeat courses or higher doses of the original agent.<a href=\"epoc://current?article=75\">[75]</a> <a href=\"epoc://current?article=76\">[76]</a> <a href=\"epoc://current?article=77\">[77]</a> However, the most efficacious means of eradicating these infections is to use a different class of drug to avoid potential cross-resistance, such as nitazoxanide or albendazole.<a href=\"epoc://current?article=78\">[78]</a> <a href=\"epoc://current?article=79\">[79]</a> </P><P>Combination regimens using metronidazole-albendazole, metronidazole-quinacrine, or other active drugs, or giving a nitroimidazole plus quinacrine for courses of at least 2 weeks, have been shown to be successful against refractory infection.<a href=\"epoc://current?article=80\">[80]</a> <a href=\"epoc://current?article=81\">[81]</a> <a href=\"epoc://current?article=82\">[82]</a> <a href=\"epoc://current?article=83\">[83]</a> <a href=\"epoc://current?article=84\">[84]</a> Sometimes, several different combinations or approaches will be necessary to produce a cure.</P></div></div></div>",
   "type":"web"},

  {
   "id":"hxexam_details",
   "sections":
   [

    {
     "type":"table",
     "headerText":"Strong",
     "cells":
     [

      {
       "title":"contaminated water/food",
       "type":"flex0",
       "targetHTML":"<div class=\"cell\"><div class=\"cellBlock\"><div class=\"cellBody\"><P>Transmission occurs via ingestion of cysts in contaminated water or food, or through direct fecal-oral contact.<a href=\"epoc://current?article=34\">[34]</a></P></div></div></div>"},

      {
       "title":"domestic animals living in or around the house",
       "type":"flex0",
       "targetHTML":"<div class=\"cell\"><div class=\"cellBlock\"><div class=\"cellBody\"><P>Children in such households are 2-5 times more likely to be infected.<a href=\"epoc://current?article=35\">[35]</a></P></div></div></div>"}      ]},

    {
     "type":"table",
     "headerText":"Weak",
     "cells":
     [

      {
       "title":"hypogammaglobulinemia",
       "type":"flex0",
       "targetHTML":"<div class=\"cell\"><div class=\"cellBlock\"><div class=\"cellBody\"><P>Associated with a higher incidence of giardiasis, particularly in patients with immunoglobulin A deficiency.<a href=\"epoc://current?article=36\">[36]</a></P></div></div></div>"},

      {
       "title":"young age",
       "type":"flex0",
       "targetHTML":"<div class=\"cell\"><div class=\"cellBlock\"><div class=\"cellBody\"><P>Occurs in all age groups but is more common in children.</P></div></div></div>"},

      {
       "title":"male sex",
       "type":"flex0",
       "targetHTML":"<div class=\"cell\"><div class=\"cellBlock\"><div class=\"cellBody\"><P>Males have been noted to be at higher risk than females; relative risk is 1.19.<a href=\"epoc://current?article=37\">[37]</a></P></div></div></div>"},

      {
       "title":"day-care use",
       "type":"flex0",
       "targetHTML":"<div class=\"cell\"><div class=\"cellBlock\"><div class=\"cellBody\"><P>Children in day care are at increased risk of giardiasis.<a href=\"epoc://current?article=38\">[38]</a></P></div></div></div>"},

      {
       "title":"men having sex with men",
       "type":"flex0",
       "targetHTML":"<div class=\"cell\"><div class=\"cellBlock\"><div class=\"cellBody\"><P>Men who have sex with men are at increased risk of giardiasis.<a href=\"epoc://current?article=38\">[38]</a></P></div></div></div>"}      ]}    ],
   "type":"table"},

  {
   "id":"p-hxexam_factor-key_0",
   "title":"Giardiasis",
   "html":"<html><div class=\"cell\"><div class=\"cellBlock\"><div class=\"cellBody\"><P>Usually sudden in onset and may be initially watery with no mucus, pus, or gross blood. Patient may describe their stools as greasy and foul smelling.</P></div></div></div></html>",
   "type":"web"},

  {
   "id":"p-hxexam_factor-key_1",
   "title":"Giardiasis",
   "html":"<html><div class=\"cell\"><div class=\"cellBlock\"><div class=\"cellBody\"><P>Belching often has a sulfuric smell.</P></div></div></div></html>",
   "type":"web"},

  {
   "id":"p-hxexam_factor-other_2",
   "title":"Giardiasis",
   "html":"<html><div class=\"cell\"><div class=\"cellBlock\"><div class=\"cellBody\"><P>Generalized abdominal discomfort and cramps may be precipitated by eating.</P></div></div></div></html>",
   "type":"web"},

  {
   "id":"p-hxexam_factor-other_4",
   "title":"Giardiasis",
   "html":"<html><div class=\"cell\"><div class=\"cellBlock\"><div class=\"cellBody\"><P>Nonspecific symptom.</P></div></div></div></html>",
   "type":"web"},

  {
   "id":"p-hxexam_factor-other_5",
   "title":"Giardiasis",
   "html":"<html><div class=\"cell\"><div class=\"cellBlock\"><div class=\"cellBody\"><P>Due to malabsorption in chronic giardiasis.</P></div></div></div></html>",
   "type":"web"},

  {
   "id":"p-hxexam_factor-other_3",
   "title":"Giardiasis",
   "html":"<html><div class=\"cell\"><div class=\"cellBlock\"><div class=\"cellBody\"><P>Nausea and vomiting may occur.</P></div></div></div></html>",
   "type":"web"},

  {
   "id":"hxexam",
   "sections":
   [

    {
     "headerText":"Risk Factors",
     "cells":
     [

      {
       "target":"hxexam_details",
       "title":"Details",
       "type":"flex0"}      ]},

    {
     "dividerType":"divider0",
     "headers":
     [

      {
       "title":"Key Diagnostic Factors"},

      {
       "title":"common",
       "type":"header1"}      ],
     "cells":
     [

      {
       "title":"diarrhea",
       "target":"p-hxexam_factor-key_0",
       "type":"flex0"},

      {
       "title":"frequent belching",
       "target":"p-hxexam_factor-key_1",
       "type":"flex0"}      ]},

    {
     "dividerType":"divider0",
     "headers":
     [

      {
       "title":"Other Diagnostic Factors"},

      {
       "title":"common",
       "type":"header1"}      ],
     "cells":
     [

      {
       "title":"abdominal bloating and discomfort",
       "target":"p-hxexam_factor-other_2",
       "type":"flex0"},

      {
       "title":"malaise",
       "target":"p-hxexam_factor-other_4",
       "type":"flex0"},

      {
       "title":"weight loss",
       "target":"p-hxexam_factor-other_5",
       "type":"flex0"}      ]},

    {
     "headers":
     [

      {
       "title":"uncommon",
       "type":"header1"}      ],
     "cells":
     [

      {
       "title":"nausea and vomiting",
       "target":"p-hxexam_factor-other_3",
       "type":"flex0"}      ]}    ],
   "type":"table"},

  {
   "id":"p-test-t_0",
   "title":"CBC",
   "html":"<html><div class=\"cell\"><div class=\"cellBlock\"><div class=\"cellTitle\">Result</div><div class=\"cellBody\">usually normal with no eosinophilia</div><div class=\"cellTitle\">Test Details</div><div class=\"cellBody\"><li>Should be ordered as baseline and to assist with differential diagnosis.</li></div></div></div></html>",
   "type":"web"},

  {
   "id":"p-test-t_1",
   "title":"stool microscopy",
   "html":"<html><div class=\"cell\"><div class=\"cellBlock\"><div class=\"cellTitle\">Result</div><div class=\"cellBody\">presence of cysts and trophozoites</div><div class=\"cellTitle\">Test Details</div><div class=\"cellBody\"><li>This remains the most definitive investigation.</li><li>Inexpensive, but requires microscopic expertise and specialized laboratories.</li><li>Three specimens from different days should be examined.</li><li>Some authorities have issued specific guidelines for collection of stool samples.<a href=\"epoc://current?article=55\">[55]</a> <a href=\"epoc://current?article=56\">[56]</a> </li></div></div></div></html>",
   "type":"web"},

  {
   "id":"p-test-t_2",
   "title":"stool antigen detection; enzyme-linked immunosorbent assay and direct fluorescence antibody (DFA)",
   "html":"<html><div class=\"cell\"><div class=\"cellBlock\"><div class=\"cellTitle\">Result</div><div class=\"cellBody\">positive for cyst wall</div><div class=\"cellTitle\">Test Details</div><div class=\"cellBody\"><li>Cost is similar to microscopy but has better reproducibility and a more rapid return of results.</li><li>These methods in general have enhanced sensitivity and faster turnaround time than conventional stool microscopy methods. Cost and specificity are usually comparable. According to some studies DFA has the highest sensitivity.<a href=\"epoc://current?article=47\">[47]</a> <a href=\"epoc://current?article=48\">[48]</a> </li></div></div></div></html>",
   "type":"web"},

  {
   "id":"p-test-t_3",
   "title":"ImmunoCard STAT!",
   "html":"<html><div class=\"cell\"><div class=\"cellBlock\"><div class=\"cellTitle\">Result</div><div class=\"cellBody\">presence of antigen</div><div class=\"cellTitle\">Test Details</div><div class=\"cellBody\"><li>Completed in 10-12 minutes.</li><li>Differentiates between Giardia lamblia and Cryptosporidium parvum.</li></div></div></div></html>",
   "type":"web"},

  {
   "id":"p-test-t_4",
   "title":"string test (EnteroTest)",
   "html":"<html><div class=\"cell\"><div class=\"cellBlock\"><div class=\"cellTitle\">Result</div><div class=\"cellBody\">presence of trophozoites</div><div class=\"cellTitle\">Test Details</div><div class=\"cellBody\"><li>Mucus from the string is examined for trophozoites in an iodine or saline wet mount or after fixation and staining.</li></div></div></div></html>",
   "type":"web"},

  {
   "id":"p-test-t_5",
   "title":"duodenal aspirates and biopsies",
   "html":"<html><div class=\"cell\"><div class=\"cellBlock\"><div class=\"cellTitle\">Result</div><div class=\"cellBody\">presence of cysts and trophozoites</div><div class=\"cellTitle\">Test Details</div><div class=\"cellBody\"><li>Invasive test. Reserved for people with indeterminate, refractory diarrhea to rule out other potential etiologies such as celiac sprue or Crohn disease. Biopsy allows microscopic examination of small-bowel architecture.</li></div></div></div></html>",
   "type":"web"},

  {
   "id":"p-test-t_6",
   "title":"polymerase chain reaction of stool sample",
   "html":"<html><div class=\"cell\"><div class=\"cellBlock\"><div class=\"cellTitle\">Result</div><div class=\"cellBody\">positive</div><div class=\"cellTitle\">Test Details</div><div class=\"cellBody\"><li>Experimental test, not used very frequently in symptomatic patients.</li><li>Useful for water screening purposes.</li></div></div></div></html>",
   "type":"web"},

  {
   "id":"tests",
   "sections":
   [

    {
     "headerText":"Initial Tests",
     "cells":
     [

      {
       "target":"p-test-t_0",
       "title":"CBC",
       "type":"flex0"},

      {
       "target":"p-test-t_1",
       "title":"stool microscopy",
       "type":"flex0"},

      {
       "target":"p-test-t_2",
       "title":"stool antigen detection; enzyme-linked immunosorbent assay and direct fluorescence antibody (DFA)",
       "type":"flex0"},

      {
       "target":"p-test-t_3",
       "title":"ImmunoCard STAT!",
       "type":"flex0"}      ]},

    {
     "headerText":"Other Tests to Consider",
     "cells":
     [

      {
       "target":"p-test-t_4",
       "title":"string test (EnteroTest)",
       "type":"flex0"},

      {
       "target":"p-test-t_5",
       "title":"duodenal aspirates and biopsies",
       "type":"flex0"},

      {
       "target":"p-test-t_6",
       "title":"polymerase chain reaction of stool sample",
       "type":"flex0"}      ]}    ],
   "type":"table"},

  {
   "id":"differentials",
   "sections":
   [

    {
     "cells":
     [

      {
       "title":"Rotavirus gastroenteritis",
       "type":"flex0",
       "targetHTML":"<div class=\"cell\"><div class=\"cellBlock\"><div class=\"cellTitle\">Signs/Sx</div><div class=\"cellBody\"><ul><li>Common in children between the ages of 6 months and 2 years.</li><li>Results in severe dehydration and even death.</li><li>The incubation period for rotavirus disease is approximately 2 days. The disease is characterized by vomiting and watery diarrhea for 3-8 days, and fever and abdominal pain occur frequently.<a href=\"epoc://current?article=57\">[57]</a></li><li>Affected children are frequently simultaneously infected with both respiratory and gastrointestinal viruses, making interpretation of these findings more difficult.</li></ul></div><div class=\"cellTitle\">Tests</div><div class=\"cellBody\"><ul><li>Enzyme-linked immunosorbent assay and latex agglutination test on stool samples will be positive for rotavirus.</li></ul></div><a href=\"epoc://dx/monograph/794\"><b class=\"view-dx-monograph\">View Dx Monograph</b></a></div></div>"},

      {
       "title":"Functional diarrhea",
       "type":"flex0",
       "targetHTML":"<div class=\"cell\"><div class=\"cellBlock\"><div class=\"cellTitle\">Signs/Sx</div><div class=\"cellBody\"><ul><li>Defined as loose (mush) or watery stools without pain occurring in at least 75% of stools for a period of at least 3 months with symptom onset at least 6 months before diagnosis.</li><li>Does not result in weight loss.</li></ul></div><div class=\"cellTitle\">Tests</div><div class=\"cellBody\"><ul><li>This is a diagnosis of exclusion and has no definitive investigation.</li></ul></div><a href=\"epoc://dx/monograph/144\"><b class=\"view-dx-monograph\">View Dx Monograph</b></a></div></div>"},

      {
       "title":"Celiac disease",
       "type":"flex0",
       "targetHTML":"<div class=\"cell\"><div class=\"cellBlock\"><div class=\"cellTitle\">Signs/Sx</div><div class=\"cellBody\"><ul><li>Autoimmune process resulting from an inappropriate immune response to the dietary protein gluten.</li><li>Wide range of symptoms, including gas, recurring abdominal bloating and pain, chronic diarrhea or constipation; pale, foul-smelling or fatty stool, weight loss/weight gain, fatigue, unexplained anemia, behavioral changes, irritability common in children; tingling numbness in the legs (from nerve damage); bone or joint pain, muscle cramps; delayed growth in children or failure to thrive in infants; aphthous ulcers, dermatitis herpetiformis, osteoporosis (especially at a young age), iron deficiency.<a href=\"epoc://current?article=58\">[58]</a></li></ul></div><div class=\"cellTitle\">Tests</div><div class=\"cellBody\"><ul><li>Test for serum IgA tissue transglutaminase (tTG) antibodies. A positive IgA tTG result should prompt small bowel biopsy with at least 4 tissue samples to confirm the diagnosis.</li><li>Adherence to a gluten-free diet may eliminate symptoms within a few months.<a href=\"epoc://current?article=58\">[58]</a></li></ul></div><a href=\"epoc://dx/monograph/636\"><b class=\"view-dx-monograph\">View Dx Monograph</b></a></div></div>"},

      {
       "title":"Ulcerative colitis",
       "type":"flex0",
       "targetHTML":"<div class=\"cell\"><div class=\"cellBlock\"><div class=\"cellTitle\">Signs/Sx</div><div class=\"cellBody\"><ul><li>Onset between ages 15 and 40.</li><li>Almost always involves the rectum and may extend in a proximal and continuous fashion to involve other portions of the colon. Symptoms vary from intermittent rectal bleeding associated with the passage of mucus to frequent loose, bloody stools.</li></ul></div><div class=\"cellTitle\">Tests</div><div class=\"cellBody\"><ul><li>Colonoscopy and biopsy: vascular markings are lost due to engorgement of the mucosa, giving it an erythematous appearance. In addition, petechiae, exudates, touch friability, and frank hemorrhage may be present. Colonic involvement is continuous. Patients with more severe colitis may have macroulcerations, profuse bleeding, and copious exudates.</li></ul></div><a href=\"epoc://dx/monograph/43\"><b class=\"view-dx-monograph\">View Dx Monograph</b></a></div></div>"},

      {
       "title":"Crohn disease",
       "type":"flex0",
       "targetHTML":"<div class=\"cell\"><div class=\"cellBlock\"><div class=\"cellTitle\">Signs/Sx</div><div class=\"cellBody\"><ul><li>Onset between ages 15 and 40.</li><li>May involve the entire gastrointestinal tract from mouth to perianal area. Fatigue, prolonged diarrhea with abdominal pain, weight loss, and fever, with or without gross bleeding, are the hallmarks of Crohn disease.</li><li>Although hemoccult-positive stools are common in Crohn disease, gross bleeding is much less frequent.</li></ul></div><div class=\"cellTitle\">Tests</div><div class=\"cellBody\"><ul><li>Colonoscopy and biopsy: focal ulcerations adjacent to areas of normal-appearing mucosa along with polypoid mucosal changes that give a cobblestone appearance. Skip areas of involvement are typical with segments of normal-appearing bowel interrupted by large areas of obvious disease; this pattern is different from the continuous involvement in ulcerative colitis. Pseudopolyps are also often present.</li></ul></div><a href=\"epoc://dx/monograph/42\"><b class=\"view-dx-monograph\">View Dx Monograph</b></a></div></div>"},

      {
       "title":"Microscopic colitis",
       "type":"flex0",
       "targetHTML":"<div class=\"cell\"><div class=\"cellBlock\"><div class=\"cellTitle\">Signs/Sx</div><div class=\"cellBody\"><ul><li>Usually middle-aged patients presenting with chronic watery diarrhea without bleeding.</li></ul></div><div class=\"cellTitle\">Tests</div><div class=\"cellBody\"><ul><li>Colonoscopy and biopsy: diagnosis is made on histology. Classically characterized by colonic mucosal subepithelial collagen deposition with intraepithelial lymphocytic infiltration.</li></ul></div></div></div>"},

      {
       "title":"Infectious diarrhea",
       "type":"flex0",
       "targetHTML":"<div class=\"cell\"><div class=\"cellBlock\"><div class=\"cellTitle\">Signs/Sx</div><div class=\"cellBody\"><ul><li>Specific risk factors such as travel, HIV infection, use of antibiotics, and consumption of potentially contaminated drinking water.</li></ul></div><div class=\"cellTitle\">Tests</div><div class=\"cellBody\"><ul><li>Stool for ova/parasites, Clostridium difficile toxin, modified acid-fast stains, and culture.</li></ul></div></div></div>"},

      {
       "title":"Irritable bowel syndrome (IBS)",
       "type":"flex0",
       "targetHTML":"<div class=\"cell\"><div class=\"cellBlock\"><div class=\"cellTitle\">Signs/Sx</div><div class=\"cellBody\"><ul><li>IBS is a gastrointestinal syndrome characterized by chronic abdominal pain and altered bowel habits in the absence of any organic cause. Younger patients and women are more likely to be diagnosed with IBS.</li><li>Does not result in weight loss.</li></ul></div><div class=\"cellTitle\">Tests</div><div class=\"cellBody\"><ul><li>Symptom-based criteria. Diagnosis of exclusion.</li></ul></div><a href=\"epoc://dx/monograph/122\"><b class=\"view-dx-monograph\">View Dx Monograph</b></a></div></div>"}      ]}    ],
   "type":"table"},

  {
   "id":"diag_approach",
   "title":"Giardiasis",
   "html":"<div class=\"cell\"><div class=\"cellBlock\"><div class=\"cellBody\"><P>A history of contact with contaminated water, such as swallowing water while swimming, drinking untreated tap water, eating lettuce, and contact with recreational fresh water, should be noted.<a href=\"epoc://current?article=5\">[5]</a> </P></div><div class=\"cellTitle\">Clinical evaluation</div><div class=\"cellBody\"><P>Presenting symptoms include diarrhea, abdominal bloating with cramps, frequent belching with a sulfuric smell, nausea, anorexia, and fatigue. Children may present with malnourishment and failure to thrive.<a href=\"epoc://current?article=43\">[43]</a> <a href=\"epoc://current?article=44\">[44]</a> <a href=\"epoc://current?article=45\">[45]</a> If a history of chronic diarrhea coexists with recurrent respiratory tract infections, common variable immunodeficiency should be considered.</P></div><div class=\"cellTitle\">Investigations</div><div class=\"cellBody\"><P>Initial diagnosis of giardiasis is made by stool microscopy.<a href=\"epoc://current?article=46\">[46]</a> Stool samples should be examined fresh for trophozoites and cysts or placed immediately in a preservative. There is variation in fecal excretion of cysts so it is recommended that 3 specimens from different days be taken. Part of the initial workup should include a complete blood count, but this is likely to be normal with no eosinophilia.</P><P>If the stool specimen is negative or the microscopic expertise is not available, a direct fluorescence antibody (DFA) test that detects intact organisms, or enzyme-linked immunosorbent assay that detects soluble stool antigens, should be requested. When compared with ova and parasite examination, these tests are both more sensitive and specific. These methods in general have enhanced sensitivity and faster turnaround time than conventional stool microscopy methods. Cost and specificity are usually comparable. According to some studies DFA has the highest sensitivity.<a href=\"epoc://current?article=47\">[47]</a> <a href=\"epoc://current?article=48\">[48]</a> Many of the commercially available assays can detect both Giardia and Cryptosporidium species simultaneously.<a href=\"epoc://current?article=49\">[49]</a> <a href=\"epoc://current?article=50\">[50]</a> <a href=\"epoc://current?article=51\">[51]</a> </P><P>Also useful for this circumstance is the ImmunoCard STAT!, a nonenzymatic solid-phase qualitative immunochromatographic assay that detects and distinguishes between Giardia lamblia and Cryptosporidium parvum in aqueous extracts of human fecal specimens.<a href=\"epoc://current?article=52\">[52]</a> </P><P>Other tests include:</P><ul><li>String test (EnteroTest), which involves swallowing a gelatin capsule attached to a long string. The end of the string remains outside the mouth and is taped to the cheek. The capsule dissolves in the stomach and the string passes into the duodenum. The string is left in place for 4-6 hours or overnight. It is then withdrawn and the end is examined under the microscope for parasites that have become attached. The string test may be done if other methods (especially examination of stool samples and antigen tests) have failed to detect giardiasis.</li><li>Polymerase chain reaction (PCR) of stool samples detects parasite concentrations as low as 10 parasites/100 microliters of stool.<a href=\"epoc://current?article=53\">[53]</a> According to one study, application of real-time PCR improved the diagnostic yield by 18%. A single stool sample is sufficient for complete parasitologic diagnosis. However, use of PCR-based testing of stool samples for Giardia has not yet been widely standardized.<a href=\"epoc://current?article=54\">[54]</a> </li><li>Duodenal aspirate and biopsy are invasive but may be superior for detecting trophozoites and other enteric pathogens, such as microsporidia and cryptosporidia. These tests may be done when other tests have failed to reveal the diagnosis.</li></ul></div></div></div>",
   "type":"web"},

  {
   "id":"followup",
   "title":"Giardiasis",
   "html":"<div class=\"cell\"><div class=\"cellBlock\"><div class=\"cellTitle\">Prognosis</div><div class=\"cellBody\"><div class=\"cellBody\"><P>Globally, most people infected with Giardia lamblia are asymptomatic or minimally symptomatic. Less than 4% of people remain symptomatic for more than 2 weeks. Treating asymptomatic patients, particularly children, is controversial. In areas where G lamblia is endemic, treatment may not be desirable because the children are likely to become rapidly reinfected following treatment. If infection contributes to failure of growth and development, treatment may allow catch-up growth (even though reinfection may occur). One randomized controlled trial from Bangladesh showed better weight-for-age and weight-for-height Z-scores, with improvement in small intestinal mucosal function, as a result of treatment.<a href=\"epoc://current?article=87\">[87]</a> Drugs such as albendazole, which would also treat nematode infections, might be useful in these settings; however, the requirement for 5-day dosing may be difficult to complete in many situations.</P><P>Asymptomatic children in day care with excellent baseline nutrition status may not always need to be treated. However, asymptomatically infected children may excrete the organism for months, carrying it home to family members. This may initiate infection in the household and may even help maintain high levels of infection in a community. Recurrent diarrhea attributed to G lamblia in day care warrants screening and treating all the children in the day-care setting. There is evidence supporting use of lactoferrin in lowering prevalence of Giardia colonization among children.<a href=\"epoc://current?article=88\">[88]</a> </P><P> According to one study, the cure rates for adults were 78.7% when treated with mebendazole and 83.6% when treated with quinacrine.<a href=\"epoc://current?article=89\">[89]</a>Patients with chronic giardiasis, whether they are immunodeficient or not, are frequently refractory to standard drug treatment and may require longer repeat treatments, higher doses, or combination therapy.</P></div></div><div class=\"cellTitle\">Monitoring</div><div class=\"cellBody\"><P>It can be expected that parasites will be cleared from the stool in 3 to 5 days and that symptoms will resolve in 5 to 7 days. If the symptoms do not abate, the patient should be evaluated for treatment failure, lactose intolerance, or postinfectious irritable bowel syndrome. Gastroenterology consultation can be considered for selected patients. If resistance or relapse has occurred, treatment with a drug of a different class or combination therapy for at least 2 weeks should eradicate infection.</P></div><div class=\"cellTitle\">Patient Instructions</div><div class=\"cellBody\"><P>Patients should be advised that thorough hand washing after using the toilet, playing with pets, changing diapers, and preparing food is important.</P><P>They should also avoid drinking untreated water.</P><P>If patients are eating raw food, they should be advised to wash it thoroughly with treated water.</P><P>When traveling in endemic areas, patients should avoid uncooked food. Water should be boiled for 1 minute or filtered with an absolute pore size of 1 micrometer or less. Chlorination or iodination is less effective.<a href=\"epoc://current?article=93\">[93]</a> </P></div></div></div>",
   "type":"web"},

  {
   "id":"prevention",
   "title":"Giardiasis",
   "html":"<div class=\"cell\"><div class=\"cellBlock\"><div class=\"cellTitle\">Prevention</div><div class=\"cellBody\"><h4>Primary Prevention</h4><P>Strict hand washing is essential in avoiding person-to-person transmission of giardiasis. Giardia cysts can be eliminated by heating water to at least 70°C for 10 minutes. Iodine disinfection carried out for at least 8 hours is more effective than chlorine-based treatment. High-quality water-filtration units have been shown to be effective for the removal of Giardia cysts.<a href=\"epoc://current?article=39\">[39]</a> </P><P>Hygiene in children is equally important, including care with diaper disposal. In day-care centers, treatment of symptomatic children can prevent the spread of giardiasis. Breast milk contains detectable titers of secretory immunoglobulin A, which is protective for nursing infants and is particularly important in developing countries.<a href=\"epoc://current?article=40\">[40]</a> Evidence exists that interventions to improve human excreta disposal are effective in preventing diarrheal disease.<a href=\"epoc://current?article=41\">[41]</a> </P><P>There is some evidence for the efficacy and safety of probiotics such as Saccharomyces boulardii for the treatment and prevention of several types of diarrhea, including limited evidence for giardiasis-associated diarrhea.<a href=\"epoc://current?article=42\">[42]</a> </P></div></div></div>",
   "type":"web"},

  {
   "id":"complications",
   "sections":
   [

    {
     "headerText":"Medium Likelihood",
     "cells":
     [

      {
       "title":"dehydration",
       "type":"flex0",
       "targetHTML":"<div class=\"cell\"><div class=\"cellBlock\"><div class=\"cellBody\"><P>Profuse watery diarrhea can lead to profound dehydration in some situations due to parasite-induced damage to intestinal brush border and secretion of fluid due to increased permeability of small-intestinal epithelial cells.</P></div></div></div>"},

      {
       "title":"weight loss/malabsorption",
       "type":"flex0",
       "targetHTML":"<div class=\"cell\"><div class=\"cellBlock\"><div class=\"cellBody\"><P>Even in asymptomatic patients, 10% to 20% of body weight can be lost due to malabsorption of fats, sugars, carbohydrates, and vitamins.</P><P>Vitamin A, B12, and folate deficiency, hypoalbuminemia, and secondary lactase deficiency may also occur.</P><A href=\"epoc://dx/monograph/548\"><B class=\"view-dx-monograph\">View Dx monograph</B></A></div></div></div>"},

      {
       "title":"delayed growth and development",
       "type":"flex0",
       "targetHTML":"<div class=\"cell\"><div class=\"cellBlock\"><div class=\"cellBody\"><P>Conflicting reports have been obtained about the relationship of chronic giardiasis and effects on growth and development in children.<a href=\"epoc://current?article=9\">[9]</a><a href=\"epoc://current?article=90\">[90]</a><a href=\"epoc://current?article=91\">[91]</a></P></div></div></div>"}      ]},

    {
     "headerText":"Low Likelihood",
     "cells":
     [

      {
       "title":"autoimmune phenomena",
       "type":"flex0",
       "targetHTML":"<div class=\"cell\"><div class=\"cellBlock\"><div class=\"cellBody\"><P>Rash, urticaria, aphthous ulceration, retinal arteritis, uveitis, and reactive arthritis or synovitis may be seen. These are thought to be due to inflammation and induction of type 2 immune response. Delayed-type immune reaction may also play a role.</P></div></div></div>"},

      {
       "title":"distant spread",
       "type":"flex0",
       "targetHTML":"<div class=\"cell\"><div class=\"cellBlock\"><div class=\"cellBody\"><P>Spread from the duodenum to the biliary and pancreatic ducts has been reported.</P><P>Aspiration of biliary contents by endoscopic retrograde cholangiography is a helpful aid to diagnosis and therapy.</P></div></div></div>"},

      {
       "title":"vitamin A deficiency phrynoderma",
       "type":"flex0",
       "targetHTML":"<div class=\"cell\"><div class=\"cellBlock\"><div class=\"cellBody\"><P>A form of follicular hyperkeratosis associated with vitamin A and C deficiency or deficiency of essential fatty acids.<a href=\"epoc://current?article=92\">[92]</a></P><P>Requires treatment of giardiasis and appropriate nutritional support.</P></div></div></div>"}      ]}    ],
   "type":"table"},

  {
   "id":"guidelines",
   "title":"Giardiasis",
   "html":"<div class=\"cell\"><div class=\"cellBlock\"><div class=\"cellTitle\">Diagnostic Guidelines</div><div class=\"cellBody\"><p><h4>CDC yellow book: chapter 3 - infectious diseases related to travel: giardiasis<a href=\"epoc://current?article=59\">[59]</a> </h4><p><a href=\"https://wwwnc.cdc.gov/travel/yellowbook/2018/table-of-contents\">View Society Guidelines</a></p><p><small><b>Published by: </b>Centers for Disease Control and Prevention</small><br><small><b>Published: </b>2017</small></p><p><small><b>Summary</b><br><P>This chapter includes information on the diagnosis, management, and prevention of giardiasis.</P></small></p></p><hr><p><h4>Diagnosis, treatment, and prevention of acute diarrheal infections in adults<a href=\"epoc://current?article=60\">[60]</a> </h4><p><a href=\"http://gi.org/clinical-guidelines/clinical-guidelines-sortable-list/\">View Society Guidelines</a></p><p><small><b>Published by: </b>American College of Gastroenterology</small><br><small><b>Published: </b>2016</small></p><p><small><b>Summary</b><br><P>Evidence-based guidelines on the diagnosis and prevention of acute diarrheal infection in adults.</P></small></p></p><hr><p><h4>Stool testing: infectious diarrhea<a href=\"epoc://current?article=56\">[56]</a> </h4><p><a href=\"http://www.topalbertadoctors.org/cpgs/4348244\">View Society Guidelines</a></p><p><small><b>Published by: </b>Toward Optimized Practice Working Group for Microbiology</small><br><small><b>Published: </b>2014</small></p><p><small><b>Summary</b><br><P>Evidence-based guideline providing treatment recommendations for infectious diarrhea that reflect geographic and seasonal considerations in Alberta.</P></small></p></p><hr><p><h4>Infectious diarrhea: guideline for ordering stool specimens<a href=\"epoc://current?article=55\">[55]</a> </h4><p><a href=\"http://www2.gov.bc.ca/gov/content/health/practitioner-professional-resources/bc-guidelines/gastrointestinal-system\">View Society Guidelines</a></p><p><small><b>Published by: </b>Ministry of Health, British Columbia, Canada</small><br><small><b>Published: </b>2009</small></p><p><small><b>Summary</b><br><P>Guideline applies to the initial laboratory investigation of diarrhea in ambulatory patients greater than 3 years old, where an infectious agent is suspected. This guideline does not apply to immunocompromised patients or to outbreaks of infectious diarrhea.</P></small></p></p><hr><p><h4>WGO practice guideline: acute diarrhea<a href=\"epoc://current?article=61\">[61]</a> </h4><p><a href=\"http://www.worldgastroenterology.org/guidelines/global-guidelines\">View Society Guidelines</a></p><p><small><b>Published by: </b>World Gastroenterology Organisation</small><br><small><b>Published: </b>2012</small></p><p><small><b>Summary</b><br><P>A summary of information contained in systematic reviews, evidence-based guidelines, and high-quality trials on the subject of acute diarrhea. The information is appraised and configured to make the guideline as relevant and accessible as possible globally.</P></small></p></p><hr></div><br><div class=\"cellTitle\">Treatment Guidelines</div><div class=\"cellBody\"><p><h4>CDC yellow book: chapter 3 - infectious diseases related to travel: giardiasis<a href=\"epoc://current?article=59\">[59]</a> </h4><p><a href=\"https://wwwnc.cdc.gov/travel/yellowbook/2018/table-of-contents\">View Society Guidelines</a></p><p><small><b>Published by: </b>Centers for Disease Control and Prevention</small><br><small><b>Published: </b>2017</small></p><p><small><b>Summary</b><br><P>This chapter includes information on the diagnosis, management, and prevention of giardiasis.</P></small></p></p><hr><p><h4>Diagnosis, treatment, and prevention of acute diarrheal infections in adults<a href=\"epoc://current?article=60\">[60]</a> </h4><p><a href=\"http://gi.org/clinical-guidelines/clinical-guidelines-sortable-list/\">View Society Guidelines</a></p><p><small><b>Published by: </b>American College of Gastroenterology</small><br><small><b>Published: </b>2016</small></p><p><small><b>Summary</b><br><P>Evidence-based guidelines on the treatment of acute diarrheal infection in adults.</P></small></p></p><hr><p><h4>WGO practice guideline: acute diarrhea<a href=\"epoc://current?article=61\">[61]</a> </h4><p><a href=\"http://www.worldgastroenterology.org/guidelines/global-guidelines\">View Society Guidelines</a></p><p><small><b>Published by: </b>World Gastroenterology Organisation</small><br><small><b>Published: </b>2012</small></p><p><small><b>Summary</b><br><P>A summary of information contained in systematic reviews, evidence-based guidelines, and high-quality trials on the subject of acute diarrhea. The information is appraised and configured to make the guideline as relevant and accessible as possible globally.</P></small></p></p><hr></div></div></div>",
   "type":"web"},

  {
   "id":"p-tx-c_0",
   "title":"ignoreme",
   "html":"<html><div class=\"cell\"><div class=\"cellBlock\"><div class=\"cellTitle\">Primary Options</div><div class=\"cellBody\"><UL class=\"tx-options\"><LI><span><A href=\"epoc://rx/monograph/256\">metronidazole</A>: 250 mg orally three times daily for 5-7 days<BR></span></LI><LI><span><A href=\"epoc://rx/monograph/3671\">tinidazole</A>: 2 g orally as a single dose<BR></span></LI></UL></div><div class=\"cellTitle\">Secondary Options</div><div class=\"cellBody\"><UL class=\"tx-options\"><LI><span><A href=\"epoc://rx/monograph/3303\">nitazoxanide</A>: 500 mg orally twice daily for 3-7 days<BR></span></LI><LI><span><A href=\"epoc://rx/monograph/365\">albendazole</A>: 400 mg orally once daily for 5 days<BR></span></LI></UL></div><div class=\"cellTitle\">Comments</div><div class=\"cellBody\"><ul><li>Nitroimidazoles (e.g., metronidazole and tinidazole) are first choice for these patients and bind with parasite DNA causing death of the trophozoite.<a href=\"epoc://current?article=85\">[85]</a> Adverse effects include a metallic taste in the mouth and nausea.<a href=\"epoc://current?article=86\">[86]</a> </li><li>Nitazoxanide or albendazole may be used in patients intolerant to nitroimidazoles. Nitazoxanide provides broad-spectrum coverage against many intestinal protozoa and helminths, and some aerobic and anaerobic bacteria. Albendazole is a broad-spectrum anthelmintic.</li></ul></div></div></div></html>",
   "type":"web"},

  {
   "id":"tx-0",
   "sections":
   [

    {
     "cells":
     [

      {
       "target":"p-tx-c_0",
       "title":"antiprotozoal therapy",
       "flag":"1st",
       "type":"flex1"}      ]}    ],
   "type":"table"},

  {
   "id":"p-tx-c_1",
   "title":"ignoreme",
   "html":"<html><div class=\"cell\"><div class=\"cellBlock\"><div class=\"cellTitle\">Primary Options</div><div class=\"cellBody\"><UL class=\"tx-options\"><LI><span><A href=\"epoc://rx/monograph/3542\">paromomycin</A>: 30 mg/kg/day orally for 10 days<BR></span></LI></UL></div><div class=\"cellTitle\">Comments</div><div class=\"cellBody\"><ul><li>Nonabsorbable aminoglycoside with in vitro activity against Giardia lamblia. Most of the drug is excreted in feces without being metabolized. Recommended treatment during pregnancy.</li></ul></div></div></div></html>",
   "type":"web"},

  {
   "id":"tx-1",
   "sections":
   [

    {
     "cells":
     [

      {
       "target":"p-tx-c_1",
       "title":"paromomycin",
       "flag":"1st",
       "type":"flex1"}      ]}    ],
   "type":"table"},

  {
   "id":"p-tx-c_2",
   "title":"ignoreme",
   "html":"<html><div class=\"cell\"><div class=\"cellBlock\"><div class=\"cellTitle\">Primary Options</div><div class=\"cellBody\"><UL class=\"tx-options\"><LI><span><A href=\"epoc://rx/monograph/3542\">paromomycin</A>: 30 mg/kg/day orally for 10 days<BR></span></LI><LI><span><A href=\"epoc://rx/monograph/256\">metronidazole</A>: 250 mg orally three times daily for 5-7 days<BR></span></LI></UL></div><div class=\"cellTitle\">Comments</div><div class=\"cellBody\"><ul><li>Treatment should be with standard therapy using either paromomycin or metronidazole. If there have been previous episodes of infection earlier in the pregnancy, advice regarding hygiene and prevention measures should also be given.</li></ul></div></div></div></html>",
   "type":"web"},

  {
   "id":"tx-2",
   "sections":
   [

    {
     "cells":
     [

      {
       "target":"p-tx-c_2",
       "title":"antiprotozoal therapy",
       "flag":"1st",
       "type":"flex1"}      ]}    ],
   "type":"table"},

  {
   "id":"p-tx-c_3",
   "title":"ignoreme",
   "html":"<html><div class=\"cell\"><div class=\"cellBlock\"><div class=\"cellTitle\">Primary Options</div><div class=\"cellBody\"><UL class=\"tx-options\"><LI><span><A href=\"epoc://rx/monograph/256\">metronidazole</A>: 250 mg orally three times daily for 2 weeks<BR></span></LI><LI><span><A href=\"epoc://rx/monograph/3671\">tinidazole</A>: 2 g orally as a single dose for 2 weeks<BR></span></LI></UL></div><div class=\"cellTitle\">Secondary Options</div><div class=\"cellBody\"><UL class=\"tx-options\"><LI><span><A href=\"epoc://rx/monograph/3303\">nitazoxanide</A>: 500 mg orally twice daily for 2 weeks<BR></span></LI><LI><span><A href=\"epoc://rx/monograph/365\">albendazole</A>: 400 mg orally once daily for 2 weeks<BR></span></LI></UL></div><div class=\"cellTitle\">Comments</div><div class=\"cellBody\"><ul><li>True treatment failure could mean infection with a drug-resistant isolate of Giardia lamblia. Clinically resistant strains have been treated with longer repeat courses or higher doses of nitroimidazoles.<a href=\"epoc://current?article=75\">[75]</a> <a href=\"epoc://current?article=76\">[76]</a> <a href=\"epoc://current?article=77\">[77]</a> However, the most efficacious means of eradicating these infections is to use a different class of drug to avoid potential cross-resistance, such as nitazoxanide or albendazole.<a href=\"epoc://current?article=78\">[78]</a> If resistance or relapse has occurred, treatment with a drug of a different class or combination therapy for at least 2 weeks should eradicate infection.</li></ul></div></div></div></html>",
   "type":"web"},

  {
   "id":"p-tx-c_4",
   "title":"ignoreme",
   "html":"<html><div class=\"cell\"><div class=\"cellBlock\"><div class=\"cellTitle\">Primary Options</div><div class=\"cellBody\"><UL class=\"tx-options\"><LI><span><A href=\"epoc://rx/monograph/256\">metronidazole</A> <B>and</B><BR></span><span><A href=\"epoc://rx/monograph/365\">albendazole</A><BR></span></LI></UL></div><div class=\"cellTitle\">Comments</div><div class=\"cellBody\"><ul><li>Combination regimens using metronidazole-albendazole, metronidazole-quinacrine, or other active drugs, or giving a nitroimidazole plus quinacrine for courses of at least 2 weeks, have been shown to be successful against refractory infection.<a href=\"epoc://current?article=80\">[80]</a> <a href=\"epoc://current?article=81\">[81]</a> <a href=\"epoc://current?article=82\">[82]</a> <a href=\"epoc://current?article=83\">[83]</a> <a href=\"epoc://current?article=84\">[84]</a> Quinacrine is not available in the US.</li><li>Sometimes, several different combinations or approaches will be necessary to produce a cure. Consult a specialist for recommended combinations and dosing information.</li></ul></div></div></div></html>",
   "type":"web"},

  {
   "id":"tx-3",
   "sections":
   [

    {
     "cells":
     [

      {
       "target":"p-tx-c_3",
       "title":"antiprotozoal therapy",
       "flag":"1st",
       "type":"flex1"}      ]},

    {
     "cells":
     [

      {
       "target":"p-tx-c_4",
       "title":"combination regimens",
       "flag":"2nd",
       "type":"flex1"}      ]}    ],
   "type":"table"},

  {
   "id":"p-images-i_1",
   "title":"Images",
   "type":"image",
   "image_refs":
   [
0    ]},

  {
   "id":"p-images-i_2",
   "title":"Images",
   "type":"image",
   "image_refs":
   [
1    ]}  ],
 "citations":
 {
  "articles":
  [

   {
    "id":1,
    "key_article":true,
    "ref_article":true,
    "html":"Ankarklev J, Jerlström-Hultqvist J, Ringqvist E, et al. Behind the smile: cell biology and disease mechanisms of Giardia species. Nat Rev Microbiol. 2010 Jun;8(6):413-22.<a href=\"http://www.ncbi.nlm.nih.gov/pubmed/20400969\"> [Abstract]</a>"},

   {
    "id":2,
    "key_article":true,
    "ref_article":true,
    "html":"Escobedo AA, Almirall P, Robertson LJ, et al. Giardiasis: the ever-present threat of a neglected disease. Infect Disord Drug Targets. 2010 Oct;10(5):329-48.<a href=\"http://www.ncbi.nlm.nih.gov/pubmed/20701575\"> [Abstract]</a>"},

   {
    "id":3,
    "key_article":false,
    "ref_article":true,
    "html":"Rosado JL, Caamaño MC, Montoya YA, et al. Interaction of zinc or vitamin A supplementation and specific parasite infections on Mexican infants' growth: a randomized clinical trial. Eur J Clin Nutr. 2009 Oct;63(10):1176-84.<a href=\"http://www.ncbi.nlm.nih.gov/pubmed/19623197\"> [Abstract]</a>"},

   {
    "id":4,
    "key_article":false,
    "ref_article":true,
    "html":"Hill DR. Giardiasis. Issues in diagnosis and management. Infect Dis Clin North Am. 1993 Sep;7(3):503-25.<a href=\"http://www.ncbi.nlm.nih.gov/pubmed/8254157\"> [Abstract]</a>"},

   {
    "id":5,
    "key_article":false,
    "ref_article":true,
    "html":"Chenu P, Gottrand F, Turck D, et al. Intestinal disaccharidase activity in giardiasis. J Pediatr Gastroenterol Nutr. 1992 Apr;14(3):356-7.<a href=\"http://www.ncbi.nlm.nih.gov/pubmed/1619546\"> [Abstract]</a>"},

   {
    "id":6,
    "key_article":false,
    "ref_article":true,
    "html":"Layton MA, Dziedzic K, Dawes PT. Sacroiliitis in an HLA B27-negative patient following giardiasis. Br J Rheumatol. 1998 May;37(5):581-3.<a href=\"http://www.ncbi.nlm.nih.gov/pubmed/9651093\"> [Abstract]</a><a href=\"https://academic.oup.com/rheumatology/article/37/5/581/1783104\"> [Full Text]</a>"},

   {
    "id":7,
    "key_article":false,
    "ref_article":true,
    "html":"Kappus KD, Lundgren RG Jr, Juranek DD, et al. Intestinal parasitism in the United States: update on a continuing problem. Am J Trop Med Hyg. 1994 Jun;50(6):705-13.<a href=\"http://www.ncbi.nlm.nih.gov/pubmed/8024063\"> [Abstract]</a>"},

   {
    "id":8,
    "key_article":false,
    "ref_article":true,
    "html":"Farthing MJ. The molecular pathogenesis of giardiasis. J Pediatr Gastroenterol Nutr. 1997 Jan;24(1):79-88.<a href=\"http://www.ncbi.nlm.nih.gov/pubmed/9093992\"> [Abstract]</a>"},

   {
    "id":9,
    "key_article":false,
    "ref_article":true,
    "html":"Ortega YR, Adam RD. Giardia: overview and update. Clin Infect Dis. 1997 Sep;25(3):545-9.<a href=\"http://www.ncbi.nlm.nih.gov/pubmed/9314441\"> [Abstract]</a>"},

   {
    "id":10,
    "key_article":false,
    "ref_article":true,
    "html":"Painter JE, Gargano JW, Collier SA, et al; Centers for Disease Control and Prevention. Giardiasis surveillance - United States, 2011-2012. MMWR Suppl. 2015 May 1;64(3):15-25.<a href=\"http://www.ncbi.nlm.nih.gov/pubmed/25928582\"> [Abstract]</a><a href=\"https://www.cdc.gov/mmwr/preview/mmwrhtml/ss6403a2.htm\"> [Full Text]</a>"},

   {
    "id":11,
    "key_article":false,
    "ref_article":true,
    "html":"Gilman RH, Brown KH, Visvesvara GS, et al. Epidemiology and serology of Giardia lamblia in a developing country: Bangladesh. Trans R Soc Trop Med Hyg. 1985;79(4):469-73.<a href=\"http://www.ncbi.nlm.nih.gov/pubmed/4082258\"> [Abstract]</a>"},

   {
    "id":12,
    "key_article":false,
    "ref_article":true,
    "html":"Read C, Walters J, Robertson ID, et al. Correlation between genotype of Giardia duodenalis and diarrhoea. Int J Parasitol. 2002 Feb;32(2):229-31.<a href=\"http://www.ncbi.nlm.nih.gov/pubmed/11812501\"> [Abstract]</a>"},

   {
    "id":13,
    "key_article":false,
    "ref_article":true,
    "html":"Flanagan PA. Giardia - diagnosis, clinical course and epidemiology. A review. Epidemiol Infect. 1992 Aug;109(1):1-22.<a href=\"http://www.ncbi.nlm.nih.gov/pubmed/1499664\"> [Abstract]</a>"},

   {
    "id":14,
    "key_article":false,
    "ref_article":true,
    "html":"Nash TE, Herrington DA, Losonsky GA, et al. Experimental human infections with Giardia lamblia. J Infect Dis. 1987 Dec;156(6):974-84.<a href=\"http://www.ncbi.nlm.nih.gov/pubmed/3680997\"> [Abstract]</a>"},

   {
    "id":15,
    "key_article":false,
    "ref_article":true,
    "html":"Haque R, Roy S, Kabir M, et al. Giardia assemblage A infection and diarrhea in Bangladesh. J Infect Dis. 2005 Dec 15;192(12):2171-3.<a href=\"http://www.ncbi.nlm.nih.gov/pubmed/16288384\"> [Abstract]</a>"},

   {
    "id":16,
    "key_article":false,
    "ref_article":true,
    "html":"Eligio-García L, Cortes-Campos A, Jiménez-Cardoso E. Genotype of Giardia intestinalis isolates from children and dogs and its relationship to host origin. Parasitol Res. 2005 Aug;97(1):1-6.<a href=\"http://www.ncbi.nlm.nih.gov/pubmed/15940523\"> [Abstract]</a>"},

   {
    "id":17,
    "key_article":false,
    "ref_article":true,
    "html":"Stuart JM, Orr HJ, Warburton FG, et al. Risk factors for sporadic giardiasis: a case-control study in southwestern England. Emerg Infect Dis. 2003 Feb;9(2):229-33.<a href=\"http://www.ncbi.nlm.nih.gov/pubmed/12603995\"> [Abstract]</a><a href=\"https://wwwnc.cdc.gov/eid/article/9/2/01-0488_article\"> [Full Text]</a>"},

   {
    "id":18,
    "key_article":false,
    "ref_article":true,
    "html":"Mintz ED, Hudson-Wragg M, Mshar P, et al. Foodborne giardiasis in a corporate office setting. J Infect Dis. 1993 Jan;167(1):250-53.<a href=\"http://www.ncbi.nlm.nih.gov/pubmed/8418177\"> [Abstract]</a>"},

   {
    "id":19,
    "key_article":false,
    "ref_article":true,
    "html":"Ament ME, Rubin CE. Relation of giardiasis to abnormal intestinal structure and function in gastrointestinal immunodeficiency syndromes. Gastroenterology. 1972 Feb;62(2):216-26.<a href=\"http://www.ncbi.nlm.nih.gov/pubmed/4637982\"> [Abstract]</a>"},

   {
    "id":20,
    "key_article":false,
    "ref_article":true,
    "html":"Chin AC, Teoh DA, Scott KG, et al. Strain-dependent induction of enterocyte apoptosis by Giardia lamblia disrupts epithelial barrier function in a caspase-3 dependent manner. Infect Immun. 2002 Jul;70(7):3673-80.<a href=\"http://www.ncbi.nlm.nih.gov/pubmed/12065509\"> [Abstract]</a><a href=\"http://iai.asm.org/content/70/7/3673.full\"> [Full Text]</a>"},

   {
    "id":21,
    "key_article":false,
    "ref_article":true,
    "html":"Adam RD. Biology of Giardia lamblia. Clin Microbiol Rev. 2001 Jul;14(3):447-75.<a href=\"http://www.ncbi.nlm.nih.gov/pubmed/11432808\"> [Abstract]</a><a href=\"http://cmr.asm.org/content/14/3/447.full\"> [Full Text]</a>"},

   {
    "id":22,
    "key_article":true,
    "ref_article":true,
    "html":"Ali SA, Hill DR. Giardia intestinalis. Curr Opin Infect Dis. 2003 Oct;16(5):453-60.<a href=\"http://www.ncbi.nlm.nih.gov/pubmed/14501998\"> [Abstract]</a>"},

   {
    "id":23,
    "key_article":false,
    "ref_article":true,
    "html":"Oberhuber G, Kastner N, Stolte M. Giardiasis: a histologic analysis of 567 cases. Scand J Gastroenterol. 1997 Jan;32(1):48-51.<a href=\"http://www.ncbi.nlm.nih.gov/pubmed/9018766\"> [Abstract]</a>"},

   {
    "id":24,
    "key_article":false,
    "ref_article":true,
    "html":"Dagci H, Ustun S, Taner MS, et al. Protozoon infections and intestinal permeability. Acta Trop. 2002 Jan;81(1):1-5.<a href=\"http://www.ncbi.nlm.nih.gov/pubmed/11755426\"> [Abstract]</a>"},

   {
    "id":25,
    "key_article":false,
    "ref_article":true,
    "html":"Scott KG, Meddings JB, Kirk DR, et al. Intestinal infection with Giardia spp. reduces epithelial barrier function in a myosin light chain kinase-dependent fashion. Gastroenterology. 2002 Oct;123(4):1179-90.<a href=\"http://www.ncbi.nlm.nih.gov/pubmed/12360480\"> [Abstract]</a>"},

   {
    "id":26,
    "key_article":false,
    "ref_article":true,
    "html":"Eckmann L, Laurent F, Langford TD, et al. Nitric oxide production by human intestinal epithelial cells and competition for arginine as potential determinants of host defense against the lumen-dwelling pathogen Giardia lamblia. J Immunol. 2000 Feb 1;164(3):1478-87.<a href=\"http://www.ncbi.nlm.nih.gov/pubmed/10640765\"> [Abstract]</a><a href=\"http://www.jimmunol.org/content/164/3/1478.full\"> [Full Text]</a>"},

   {
    "id":27,
    "key_article":false,
    "ref_article":true,
    "html":"Potoka DA, Upperman JS, Zhang XR, et al. Peroxynitrite inhibits enterocyte proliferation and modulates Src kinase activity in vitro. Am J Physiol Gastrointest Liver Physiol. 2003 Nov;285(5):G861-9.<a href=\"http://www.ncbi.nlm.nih.gov/pubmed/12842830\"> [Abstract]</a><a href=\"http://www.physiology.org/doi/full/10.1152/ajpgi.00412.2002\"> [Full Text]</a>"},

   {
    "id":28,
    "key_article":false,
    "ref_article":true,
    "html":"Müller N, von Allmen N. Recent insights into the mucosal reactions associated with Giardia lamblia infections. Int J Parasitol. 2005 Nov;35(13):1339-47.<a href=\"http://www.ncbi.nlm.nih.gov/pubmed/16182298\"> [Abstract]</a>"},

   {
    "id":29,
    "key_article":false,
    "ref_article":true,
    "html":"Buret AG, Scott KG-E, Chin AC. Giardiasis: pathophysiology and pathogenesis. In: Olson BE, Olson ME, Wallis PM, eds. Giardia: the cosmopolitan parasite. New York, NY: CABI Pub; 2002:109-27."},

   {
    "id":30,
    "key_article":false,
    "ref_article":true,
    "html":"Gascón J. Epidemiology, etiology, and pathophysiology of traveler's diarrhea. Digestion. 2006;73 Suppl 1:102-8.<a href=\"http://www.ncbi.nlm.nih.gov/pubmed/16498258\"> [Abstract]</a>"},

   {
    "id":31,
    "key_article":false,
    "ref_article":true,
    "html":"Buret A, Hardin JA, Olson ME, et al. Pathophysiology of small intestinal malabsorption in gerbils infected with Giardia lamblia, Gastroenterology. 1992 Aug;103(2):506-13.<a href=\"http://www.ncbi.nlm.nih.gov/pubmed/1634068\"> [Abstract]</a>"},

   {
    "id":32,
    "key_article":false,
    "ref_article":true,
    "html":"Cevallos A, Carnaby S, James M, et al. Small intestinal injury in a neonatal rat model of giardiasis is strain dependent. Gastroenterology. 1995 Sep;109(3):766-73.<a href=\"http://www.ncbi.nlm.nih.gov/pubmed/7657104\"> [Abstract]</a>"},

   {
    "id":33,
    "key_article":false,
    "ref_article":true,
    "html":"Troeger H, Epple HJ, Schneider T, et al. Effect of chronic Giardia lamblia infection on epithelial transport and barrier function in human duodenum. Gut. 2007 Mar;56(3):328-35.<a href=\"http://www.ncbi.nlm.nih.gov/pubmed/16935925\"> [Abstract]</a>"},

   {
    "id":34,
    "key_article":false,
    "ref_article":true,
    "html":"Pérez PF, Minnaard J, Rouvet M, et al. Inhibition of Giardia intestinalis by extracellular factors from lactobacilli: an in vitro study. Appl Environ Microbiol. 2001 Nov;67(11):5037-42.<a href=\"http://www.ncbi.nlm.nih.gov/pubmed/11679323\"> [Abstract]</a><a href=\"http://aem.asm.org/content/67/11/5037.full\"> [Full Text]</a>"},

   {
    "id":35,
    "key_article":false,
    "ref_article":true,
    "html":"Sackey ME, Weigel MM, Armijos RX. Predictors and nutritional consequences of intestinal parasitic infections in rural Ecuadorian children. J Trop Pediatr. 2003 Feb;49(1):17-23.<a href=\"http://www.ncbi.nlm.nih.gov/pubmed/12630715\"> [Abstract]</a>"},

   {
    "id":36,
    "key_article":false,
    "ref_article":true,
    "html":"Langford TD, Housley MP, Boes M, et al. Central importance of immunoglobulin A in host defense against Giardia spp. Infect Immun. 2002 Jan;70(1):11-18.<a href=\"http://www.ncbi.nlm.nih.gov/pubmed/11748158\"> [Abstract]</a><a href=\"http://iai.asm.org/content/70/1/11.full\"> [Full Text]</a>"},

   {
    "id":37,
    "key_article":false,
    "ref_article":true,
    "html":"Laupland KB, Church DL. Population-based laboratory surveillance for Giardia sp. and Cryptosporidium sp. infections in a large Canadian health region. BMC Infect Dis. 2005 Sep 16;5:72.<a href=\"http://www.ncbi.nlm.nih.gov/pubmed/16168061\"> [Abstract]</a><a href=\"https://bmcinfectdis.biomedcentral.com/articles/10.1186/1471-2334-5-72\"> [Full Text]</a>"},

   {
    "id":38,
    "key_article":false,
    "ref_article":true,
    "html":"Centers for Disease Control and Prevention. Parasites: Giardia: sources of infection &amp; risk factors. Jul 2015 [internet publication].<a href=\"https://www.cdc.gov/parasites/giardia/infection-sources.html\"> [Full Text]</a>"},

   {
    "id":39,
    "key_article":false,
    "ref_article":true,
    "html":"Ongerth JE, Johnson RL, Macdonald SC, et al. Backcountry water treatment to prevent giardiasis. Am J Public Health. 1989 Dec;79(12):1633-7.<a href=\"http://www.ncbi.nlm.nih.gov/pubmed/2817191\"> [Abstract]</a><a href=\"http://ajph.aphapublications.org/doi/pdf/10.2105/AJPH.79.12.1633\"> [Full Text]</a>"},

   {
    "id":40,
    "key_article":false,
    "ref_article":true,
    "html":"Nayak N, Ganguly NK, Walia BN, et al. Specific secretory IgA in the milk of Giardia lamblia-infected and uninfected women. J Infect Dis. 1987 Apr;155(4):724-7.<a href=\"http://www.ncbi.nlm.nih.gov/pubmed/3819477\"> [Abstract]</a>"},

   {
    "id":41,
    "key_article":false,
    "ref_article":true,
    "html":"Clasen TF, Bostoen K, Schmidt WP, et al. Interventions to improve disposal of human excreta for preventing diarrhoea. Cochrane Database Syst Rev. 2010 Jun 16;(6):CD007180.<a href=\"http://www.ncbi.nlm.nih.gov/pubmed/20556776\"> [Abstract]</a><a href=\"https://www.cochranelibrary.com/cdsr/doi/10.1002/14651858.CD007180.pub2/full\"> [Full Text]</a>"},

   {
    "id":42,
    "key_article":false,
    "ref_article":true,
    "html":"McFarland LV. Systematic review and meta-analysis of Saccharomyces boulardii in adult patients. World J Gastroenterol. 2010 May 14;16(18):2202-22.<a href=\"http://www.ncbi.nlm.nih.gov/pubmed/20458757\"> [Abstract]</a><a href=\"http://www.wjgnet.com/1007-9327/full/v16/i18/2202.htm\"> [Full Text]</a>"},

   {
    "id":43,
    "key_article":false,
    "ref_article":true,
    "html":"Solomons NW. Giardiasis: nutritional implications. Rev Infect Dis. 1982 Jul-Aug;4(4):859-69.<a href=\"http://www.ncbi.nlm.nih.gov/pubmed/6750750\"> [Abstract]</a>"},

   {
    "id":44,
    "key_article":false,
    "ref_article":true,
    "html":"Gillon J. Clinical studies in adults presenting with giardiasis to a gastro-intestinal unit. Scott Med J. 1985 Apr;30(2):89-95.<a href=\"http://www.ncbi.nlm.nih.gov/pubmed/4012271\"> [Abstract]</a>"},

   {
    "id":45,
    "key_article":false,
    "ref_article":true,
    "html":"Welsh JD, Poley JR, Hensley J, et al. Intestinal disaccharidase and alkaline phosphatase activity in giardiasis. J Pediatr Gastroenterol Nutr. 1984;3(1):37-40.<a href=\"http://www.ncbi.nlm.nih.gov/pubmed/6420534\"> [Abstract]</a>"},

   {
    "id":46,
    "key_article":false,
    "ref_article":true,
    "html":"Arasaradnam RP, Brown S, Forbes A, et al. Guidelines for the investigation of chronic diarrhoea in adults: British Society of Gastroenterology, 3rd edition. Gut. 2018 Aug;67(8):1380-99.<a href=\"http://www.ncbi.nlm.nih.gov/pubmed/29653941\"> [Abstract]</a><a href=\"https://www.ncbi.nlm.nih.gov/pmc/articles/PMC6204957/\"> [Full Text]</a>"},

   {
    "id":47,
    "key_article":false,
    "ref_article":true,
    "html":"Garcia LS, Shimizu RY. Evaluation of nine immunoassay kits (enzyme immunoassay and direct fluorescence) for detection of Giardia lamblia and Cryptosporidium parvum in human fecal specimens. J Clin Microbiol. 1997 Jun;35(6):1526-9.<a href=\"http://www.ncbi.nlm.nih.gov/pubmed/9163474\"> [Abstract]</a><a href=\"http://jcm.asm.org/content/35/6/1526.full.pdf+html\"> [Full Text]</a>"},

   {
    "id":48,
    "key_article":false,
    "ref_article":true,
    "html":"Al FD, Kuştimur S, Ozekinci T, et al. The use of enzyme linked immunosorbent assay (ELISA) and direct fluorescent antibody (DFA) methods for diagnosis of Giardia intestinalis. Turkiye Parazitol Derg. 2006;30(4):275-8.<a href=\"http://www.ncbi.nlm.nih.gov/pubmed/17309026\"> [Abstract]</a>"},

   {
    "id":49,
    "key_article":false,
    "ref_article":true,
    "html":"Weitzel T, Dittrich S, Möhl I, et al. Evaluation of seven commercial antigen detection tests for Giardia and Cryptosporidium in stool samples. Clin Microbiol Infect. 2006 Jul;12(7):656-9.<a href=\"http://www.ncbi.nlm.nih.gov/pubmed/16774562\"> [Abstract]</a><a href=\"http://onlinelibrary.wiley.com/doi/10.1111/j.1469-0691.2006.01457.x/full\"> [Full Text]</a>"},

   {
    "id":50,
    "key_article":false,
    "ref_article":true,
    "html":"Aziz H, Beck CE, Lux MF, Hudson MJ. A comparison study of different methods used in the detection of Giardia lamblia. Clin Lab Sci. 2001 Summer;14(3):150-54.<a href=\"http://www.ncbi.nlm.nih.gov/pubmed/11517624\"> [Abstract]</a>"},

   {
    "id":51,
    "key_article":false,
    "ref_article":true,
    "html":"Aldeen WE, Hale D, Robison AJ, et al. Evaluation of a commercially available ELISA assay for detection of Giardia lamblia in fecal specimens. Diagn Microbiol Infect Dis. 1995 Feb;21(2):77-9.<a href=\"http://www.ncbi.nlm.nih.gov/pubmed/7628196\"> [Abstract]</a>"},

   {
    "id":52,
    "key_article":false,
    "ref_article":true,
    "html":"Garcia LS, Shimizu RY, Novak S, et al. Commercial assay for detection of Gardia lamblia and Cryptosporidium parvum antigens in human fecal specimens by rapid solid-phase qualitative immunochromatography. J Clin Microbiol. 2003 Jan;41(1):209-12.<a href=\"http://www.ncbi.nlm.nih.gov/pubmed/12517850\"> [Abstract]</a><a href=\"http://jcm.asm.org/content/41/1/209.full\"> [Full Text]</a>"},

   {
    "id":53,
    "key_article":false,
    "ref_article":true,
    "html":"Ghosh S, Debnath A, Sil A, et al. PCR detection of Giardia lamblia in stool: targeting intergenic spacer region of multicopy rRNA gene. Mol Cell Probes. 2000 Jun;14(3):181-9.<a href=\"http://www.ncbi.nlm.nih.gov/pubmed/10860716\"> [Abstract]</a>"},

   {
    "id":54,
    "key_article":false,
    "ref_article":true,
    "html":"Bruijnesteijn van Coppenraet LE, Wallinga JA, Ruijs GJ, et al. Parasitological diagnosis combining an internally controlled real-time PCR assay for the detection of four protozoa in stool samples with a testing algorithm for microscopy. Clin Microbiol Infect. 2009 Sep;15(9):869-74.<a href=\"http://www.ncbi.nlm.nih.gov/pubmed/19624500\"> [Abstract]</a>"},

   {
    "id":55,
    "key_article":false,
    "ref_article":true,
    "html":"Ministry of Health, British Columbia. Infectious diarrhea: guideline for ordering stool specimens. Mar 2009 [internet publication].<a href=\"https://www2.gov.bc.ca/gov/content/health/practitioner-professional-resources/bc-guidelines/infectious-diarrhea\"> [Full Text]</a>"},

   {
    "id":56,
    "key_article":false,
    "ref_article":true,
    "html":"Toward Optimized Practice (TOP) Working Group for Microbiology. Ordering stool test for investigation of suspected infectious diarrhea: clinical practice guideline. Mar 2014 [internet publication].<a href=\"http://www.topalbertadoctors.org/download/397/infectious_diarrhea_guideline.pdf?_20150416063759\"> [Full Text]</a>"},

   {
    "id":57,
    "key_article":false,
    "ref_article":true,
    "html":"Centers for Disease Control and Prevention. Rotavirus: clinical information. Aug 2016 [internet publication].<a href=\"https://www.cdc.gov/rotavirus/clinical.html\"> [Full Text]</a>"},

   {
    "id":58,
    "key_article":false,
    "ref_article":true,
    "html":"Presutti RJ, Cangemi JR, Cassidy HD, et al. Celiac disease. Am Fam Physician. 2007 Dec 15;76(12):1795-802.<a href=\"http://www.ncbi.nlm.nih.gov/pubmed/18217518\"> [Abstract]</a><a href=\"http://www.aafp.org/afp/2007/1215/p1795.html\"> [Full Text]</a>"},

   {
    "id":59,
    "key_article":false,
    "ref_article":true,
    "html":"Centers for Disease Control and Prevention. CDC yellow book: chapter 3 - infectious diseases related to travel: giardiasis. May 2017 [internet publication].<a href=\"https://wwwnc.cdc.gov/travel/yellowbook/2018/infectious-diseases-related-to-travel/giardiasis\"> [Full Text]</a>"},

   {
    "id":60,
    "key_article":false,
    "ref_article":true,
    "html":"Riddle MS, DuPont HL, Connor BA. ACG clinical guideline: diagnosis, treatment, and prevention of acute diarrheal infections in adults. Am J Gastroenterol. 2016 May;111(5):602-22.<a href=\"http://www.ncbi.nlm.nih.gov/pubmed/27068718\"> [Abstract]</a><a href=\"https://www.nature.com/articles/ajg2016126\"> [Full Text]</a>"},

   {
    "id":61,
    "key_article":false,
    "ref_article":true,
    "html":"World Gastroenterology Organisation. WGO practice guideline - acute diarrhea in adults and children: a global perspective. Feb 2012 [internet publication].<a href=\"http://www.worldgastroenterology.org/guidelines/global-guidelines/acute-diarrhea/acute-diarrhea-english\"> [Full Text]</a>"},

   {
    "id":62,
    "key_article":false,
    "ref_article":true,
    "html":"Gilman RH, Marquis GS, Miranda E, et al. Rapid reinfection by Giardia lamblia after treatment in a hyperendemic Third World community. Lancet. 1988 Feb 13;1(8581):343-5.<a href=\"http://www.ncbi.nlm.nih.gov/pubmed/2893149\"> [Abstract]</a>"},

   {
    "id":63,
    "key_article":false,
    "ref_article":true,
    "html":"Ozbilgin A, Ertan P, Yereli K, et al. Giardiasis treatment in Turkish children with a single dose of ornidazole. Scand J Infect Dis. 2002;34(12):918-20.<a href=\"http://www.ncbi.nlm.nih.gov/pubmed/12587625\"> [Abstract]</a>"},

   {
    "id":64,
    "key_article":false,
    "ref_article":true,
    "html":"Gardner TB, Hill DR. Treatment of giardiasis. Clin Microbiol Rev. 2001 Jan;14(1):114-28.<a href=\"http://www.ncbi.nlm.nih.gov/pubmed/11148005\"> [Abstract]</a>"},

   {
    "id":65,
    "key_article":false,
    "ref_article":true,
    "html":"Tian HF, Chen B, Wen JF. Giardiasis, drug resistance, and new target discovery. Infect Disord Drug Targets. 2010 Aug;10(4):295-302.<a href=\"http://www.ncbi.nlm.nih.gov/pubmed/20429862\"> [Abstract]</a>"},

   {
    "id":66,
    "key_article":true,
    "ref_article":true,
    "html":"Lalle M. Giardiasis in the post genomic era: treatment, drug resistance and novel therapeutic perspectives. Infect Disord Drug Targets. 2010 Aug;10(4):283-94.<a href=\"http://www.ncbi.nlm.nih.gov/pubmed/20429863\"> [Abstract]</a>"},

   {
    "id":67,
    "key_article":false,
    "ref_article":true,
    "html":"F-D-C Reports, Inc. Romark Alinia adult dose \"approvable\"; anti-parasitic approved for children. Pink Sheet. 2002 Dec 2;64:11."},

   {
    "id":68,
    "key_article":false,
    "ref_article":true,
    "html":"Rossignol JF, Ayoub A, Ayers MS. Treatment of diarrhea caused by Giardia intestinalis and Entamoeba histolytica or E. dispar: a randomized, double-blind, placebo-controlled study of nitazoxanide. J Infect Dis. 2001 Aug 1;184(3):381-4.<a href=\"http://www.ncbi.nlm.nih.gov/pubmed/11443569\"> [Abstract]</a><a href=\"https://academic.oup.com/jid/article/184/3/381/2191439\"> [Full Text]</a>"},

   {
    "id":69,
    "key_article":false,
    "ref_article":true,
    "html":"Ortiz JJ, Ayoub A, Gargala G, et al. Randomized clinical study of nitazoxanide compared to metronidazole in the treatment of symptomatic giardiasis in children from Northern Peru. Aliment Pharmacol Ther. 2001 Sep;15(9):1409-15.<a href=\"http://www.ncbi.nlm.nih.gov/pubmed/11552913\"> [Abstract]</a><a href=\"http://onlinelibrary.wiley.com/doi/10.1046/j.1365-2036.2001.01066.x/full\"> [Full Text]</a>"},

   {
    "id":70,
    "key_article":false,
    "ref_article":true,
    "html":"Davila-Gutierrez CE, Vasquez C, Trujillo-Hernandez B, et al. Nitazoxanide compared with quinfamide and mebendazole in the treatment of helminthic infections and intestinal protozoa in children. Am J Trop Med Hyg. 2002 Mar;66(3):251-4.<a href=\"http://www.ncbi.nlm.nih.gov/pubmed/12139216\"> [Abstract]</a>"},

   {
    "id":71,
    "key_article":false,
    "ref_article":true,
    "html":"Chan R, Chen J, York MK, et al. Evaluation of a combination rapid immunoassay for detection of Giardia and Cryptosporidium antigens. J Clin Microbiol. 2000 Jan;38(1):393-4.<a href=\"http://www.ncbi.nlm.nih.gov/pubmed/10618122\"> [Abstract]</a><a href=\"http://jcm.asm.org/content/38/1/393.full\"> [Full Text]</a>"},

   {
    "id":72,
    "key_article":false,
    "ref_article":true,
    "html":"Solaymani-Mohammadi S, Genkinger JM, Loffredo CA, et al. A meta-analysis of the effectiveness of albendazole compared with metronidazole as treatments for infections with Giardia duodenalis. PLoS Negl Trop Dis. 2010 May 11;4(5):e682.<a href=\"http://www.ncbi.nlm.nih.gov/pubmed/20485492\"> [Abstract]</a><a href=\"http://journals.plos.org/plosntds/article?id=10.1371/journal.pntd.0000682\"> [Full Text]</a>"},

   {
    "id":73,
    "key_article":false,
    "ref_article":true,
    "html":"Rotblatt MD. Giardiasis and amebiasis in pregnancy. Drug Intell Clin Pharm. 1983 Mar 1;17(3):187-8."},

   {
    "id":74,
    "key_article":false,
    "ref_article":true,
    "html":"Duncombe VM, Bolin TD, Davis AE, et al. Histopathology in giardiasis: a correlation with diarrhoea. Aust N Z J Med. 1978 Aug;8(4):392-6.<a href=\"http://www.ncbi.nlm.nih.gov/pubmed/104699\"> [Abstract]</a>"},

   {
    "id":75,
    "key_article":false,
    "ref_article":true,
    "html":"Garg BK. Furazolidone and metronidazole in the treatment of giardiasis. Indian J Pediatr. 1972 Aug;39(295):264-6.<a href=\"http://www.ncbi.nlm.nih.gov/pubmed/4644295\"> [Abstract]</a>"},

   {
    "id":76,
    "key_article":false,
    "ref_article":true,
    "html":"Meingassner JG, Heyworth PG. Intestinal and urogenital flagellates. Antibiot Chemother (1971). 1981;30:163-202.<a href=\"http://www.ncbi.nlm.nih.gov/pubmed/7259131\"> [Abstract]</a>"},

   {
    "id":77,
    "key_article":false,
    "ref_article":true,
    "html":"Murphy TV, Nelson JD. Five v ten days' therapy with furazolidone for giardiasis. Am J Dis Child. 1983 Mar;137(3):267-70.<a href=\"http://www.ncbi.nlm.nih.gov/pubmed/6823925\"> [Abstract]</a>"},

   {
    "id":78,
    "key_article":false,
    "ref_article":true,
    "html":"Gascón J, Abós R, Valls ME, et al. Mebendazole and metronidazole in giardial infections. Trans R Soc Trop Med Hyg. 1990 Sep-Oct;84(5):694.<a href=\"http://www.ncbi.nlm.nih.gov/pubmed/2278074\"> [Abstract]</a>"},

   {
    "id":79,
    "key_article":true,
    "ref_article":true,
    "html":"Lopez-Velez R, Batlle C, Jiménez C, et al. Short course combination therapy for giardiasis after nitroimidazole failure. Am J Trop Med Hyg. 2010 Jul;83(1):171-3.<a href=\"http://www.ncbi.nlm.nih.gov/pubmed/20595497\"> [Abstract]</a>"},

   {
    "id":80,
    "key_article":false,
    "ref_article":true,
    "html":"Cacopardo B, Patamia I, Bonaccorso V, et al. Synergic effect of albendazole plus metronidazole association in the treatment of metronidazole-resistant giardiasis [in Italian]. Clin Ter. 1995 Dec;146(12):761-7.<a href=\"http://www.ncbi.nlm.nih.gov/pubmed/8681495\"> [Abstract]</a>"},

   {
    "id":81,
    "key_article":false,
    "ref_article":true,
    "html":"Nash TE, Ohl CA, Thomas E, et al. Treatment of patients with refractory giardiasis. Clin Infect Dis. 2001 Jul 1;33(1):22-8.<a href=\"http://www.ncbi.nlm.nih.gov/pubmed/11389490\"> [Abstract]</a><a href=\"https://academic.oup.com/cid/article/33/1/22/316768\"> [Full Text]</a>"},

   {
    "id":82,
    "key_article":false,
    "ref_article":true,
    "html":"Popović OS, Milović V. Propranolol and metronidazole for the treatment of metronidazole-resistant giardiasis. J Clin Gastroenterol. 1990 Oct;12(5):604-5.<a href=\"http://www.ncbi.nlm.nih.gov/pubmed/2230010\"> [Abstract]</a>"},

   {
    "id":83,
    "key_article":false,
    "ref_article":true,
    "html":"Smith PD, Gillin FD, Spira WM, et al. Chronic giardiasis: studies on drug sensitivity, toxin production, and host immune response. Gastroenterology. 1982 Oct;83(4):797-803.<a href=\"http://www.ncbi.nlm.nih.gov/pubmed/7106510\"> [Abstract]</a>"},

   {
    "id":84,
    "key_article":false,
    "ref_article":true,
    "html":"Taylor GD, Wenman WM, Tyrrell DL. Combined metronidazole and quinacrine hydrochloride therapy for chronic giardiasis. CMAJ. 1987 Jun 1;136(11):1179-80.<a href=\"http://www.ncbi.nlm.nih.gov/pubmed/3567779\"> [Abstract]</a><a href=\"https://www.ncbi.nlm.nih.gov/pmc/articles/PMC1492164/pdf/cmaj00143-0045.pdf\"> [Full Text]</a>"},

   {
    "id":85,
    "key_article":false,
    "ref_article":true,
    "html":"Samuelson J. Why metronidazole is active against both bacteria and parasites. Antimicrob Agents Chemother. 1999 Jul;43(7):1533-41.<a href=\"http://www.ncbi.nlm.nih.gov/pubmed/10390199\"> [Abstract]</a><a href=\"http://aac.asm.org/content/43/7/1533.full\"> [Full Text]</a>"},

   {
    "id":86,
    "key_article":false,
    "ref_article":true,
    "html":"Gazder AJ, Banerjee M. Single-dose treatment of giardiasis in children: a comparison of tinidazole and metronidazole. Curr Med Res Opin. 1977;5(2):164-8.<a href=\"http://www.ncbi.nlm.nih.gov/pubmed/340134\"> [Abstract]</a>"},

   {
    "id":87,
    "key_article":false,
    "ref_article":true,
    "html":"Goto R, Mascie-Taylor CG, Lunn PG. Impact of anti-Giardia and anthelminthic treatment on infant growth and intestinal permeability in rural Bangladesh: a randomised double-blind controlled study. Trans R Soc Trop Med Hyg. 2009 May;103(5):520-9.<a href=\"http://www.ncbi.nlm.nih.gov/pubmed/18789466\"> [Abstract]</a>"},

   {
    "id":88,
    "key_article":false,
    "ref_article":true,
    "html":"Ochoa TJ, Chea-Woo E, Campos M, et al. Impact of lactoferrin supplementation on growth and prevalence of Giardia colonization in children. Clin Infect Dis. 2008 Jun 15;46(12):1881-3.<a href=\"http://www.ncbi.nlm.nih.gov/pubmed/18462105\"> [Abstract]</a><a href=\"https://academic.oup.com/cid/article/46/12/1881/298630\"> [Full Text]</a>"},

   {
    "id":89,
    "key_article":false,
    "ref_article":true,
    "html":"Cañete R, Escobedo AA, González ME, et al. Randomized clinical study of five days' therapy with mebendazole compared to quinacrine in the treatment of symptomatic giardiasis in children. World J Gastroenterol. 2006 Oct 21;12(39):6366-70.<a href=\"http://www.ncbi.nlm.nih.gov/pubmed/17072963\"> [Abstract]</a><a href=\"https://www.wjgnet.com/1007-9327/full/v12/i39/6366.htm\"> [Full Text]</a>"},

   {
    "id":90,
    "key_article":false,
    "ref_article":true,
    "html":"Pickering LK, Woodward WE, DuPont HL, et al. Occurrence of Giardia lamblia in children in day care. J Pediatr. 1984 Apr;104(4):522-6.<a href=\"http://www.ncbi.nlm.nih.gov/pubmed/6707812\"> [Abstract]</a>"},

   {
    "id":91,
    "key_article":false,
    "ref_article":true,
    "html":"Farthing MJ, Mata L, Urrutia JJ, et al. Natural history of Giardia infection of infants and children in rural Guatemala and its impact on physical growth. Am J Clin Nutr. 1986 Mar;43(3):395-405.<a href=\"http://www.ncbi.nlm.nih.gov/pubmed/3953479\"> [Abstract]</a>"},

   {
    "id":92,
    "key_article":false,
    "ref_article":true,
    "html":"Girard C, Dereure O, Blatiere V, et al. Vitamin a deficiency phrynoderma associated with chronic giardiasis. Pediatr Dermatol. 2006 Jul-Aug;23(4):346-9.<a href=\"http://www.ncbi.nlm.nih.gov/pubmed/16918630\"> [Abstract]</a>"},

   {
    "id":93,
    "key_article":false,
    "ref_article":true,
    "html":"Jakubowski W. Purple burps and the filtration of drinking water supplies. Am J Public Health. 1988 Feb;78(2):123-5.<a href=\"http://www.ncbi.nlm.nih.gov/pubmed/3337323\"> [Abstract]</a><a href=\"http://ajph.aphapublications.org/doi/pdf/10.2105/AJPH.78.2.123\"> [Full Text]</a>"}   ],
  "online_refs":
  [

   {
    "id":1,
    "title":"CDC: parasites - Giardia",
    "url":"https://www.cdc.gov/parasites/giardia/"}   ]},
 "media":
 [

  {
   "file":"353-2.jpg",
   "thumb":"353-2-tn.jpg",
   "caption":"Scanning electron micrograph of Giardia trophozoite on the mucosal surface of the intestine. The ventral adhesive disk, which facilitates adherence to the intestinal surface, can be seen on the underside of the organism",
   "hilight":"false",
   "iline":"false",
   "auth":"false",
   "source":"Courtesy of Dr Stan Erlandsen; CDC Public Health Image Library (PHIL)"},

  {
   "file":"535-2-iline.gif",
   "thumb":"",
   "caption":"Illustration of the life cycle of Giardia lamblia (intestinalis), the causal agent of Giardiasis",
   "hilight":"false",
   "iline":"true",
   "auth":"false",
   "source":"Courtesy of Alexander J. da Silva, Melanie Moser; CDC Public Health Image Library (PHIL)"}  ]}