
{
 "id":373,
 "title":"Open-angle glaucoma",
 "views":
 [

  {
   "id":"root",
   "type":"table",
   "sections":
   [

    {
     "cells":
     [

      {
       "target":"highlights",
       "title":"Highlights & Basics",
       "type":"flex0"}      ]},

    {
     "cells":
     [

      {
       "target":"tx_options",
       "title":"Treatment Options",
       "type":"flex0"},

      {
       "target":"tx_emerging",
       "title":"Emerging Treatments",
       "type":"flex0"},

      {
       "target":"tx_approach",
       "title":"Treatment Approach",
       "type":"flex0"},

      {
       "target":"hxexam",
       "title":"History & Exam",
       "type":"flex0"},

      {
       "target":"tests",
       "title":"Tests",
       "type":"flex0"},

      {
       "target":"differentials",
       "title":"Differential Diagnosis",
       "type":"flex0"},

      {
       "target":"diag_approach",
       "title":"Diagnostic Approach",
       "type":"flex0"},

      {
       "target":"followup",
       "title":"Follow-up",
       "type":"flex0"},

      {
       "target":"prevention",
       "title":"Prevention",
       "type":"flex0"},

      {
       "target":"complications",
       "title":"Complications",
       "type":"flex0"},

      {
       "target":"guidelines",
       "title":"Society Guidelines",
       "type":"flex0"}      ]}    ]},

  {
   "id":"highlights",
   "title":"Open-angle glaucoma",
   "html":"<div class=\"cell\"><div class=\"cellBlock\"><div class=\"cellTitle\">Key Highlights</div><div class=\"cellBody\"><ul><li>Glaucoma is the second leading cause of blindness in the world, with open-angle glaucoma being the most common type.</li><li>Frequently presents asymptomatically and can be identified on routine ophthalmic examination.</li><li>Intraocular pressure is most often elevated, but may be normal in some cases.</li><li>Optic disk cupping is diagnostic.</li><li>May lead to irreversible loss of peripheral vision and, later, of central vision if untreated.</li></ul></div><div class=\"cellTitle\">Definition</div><div class=\"cellBody\"><P>Glaucoma is a neurodegenerative condition primarily due to dysfunction in outflow of the nutrient-rich fluid, aqueous humor that constantly flows through the eye. Aqueous humor, created in the ciliary body, passes through the pupil into the small area between the iris and the cornea, called the anterior chamber. The fluid then flows into the periphery of the chamber known as the anterior chamber angle. This angle is where the fluid travels through the trabecular meshwork and into blood vessels. Open-angle glaucoma is characterized by an anatomically open angle but with an obstructed and slowed drainage system outflow. The mechanism of blockage is unclear. An increase in intraocular pressure results, characterized by retinal ganglion cell damage, then peripheral vision loss in early disease and central vision loss in late disease.<a href=\"epoc://current?article=1\">[1]</a> </P></div><div class=\"cellTitle\">Epidemiology</div><div class=\"cellBody\"><P>Glaucoma, the second leading cause of blindness in the world and leading to more than 7 million office visits per year in the US, causes permanent vision loss.<a href=\"epoc://current?article=2\">[2]</a> Primary open-angle glaucoma is the most common type of glaucoma, accounting for around 70% of cases.<a href=\"epoc://current?article=3\">[3]</a> One study estimated that by 2020 around 59 million people worldwide will have primary open-angle glaucoma, with 5.9 million of these people having bilateral blindness.<a href=\"epoc://current?article=3\">[3]</a> Open-angle glaucoma is the main irreversible cause of blindness in black people.<a href=\"epoc://current?article=3\">[3]</a> <a href=\"epoc://current?article=4\">[4]</a> In the US, around 2.2 million people have open-angle glaucoma, with a threefold higher prevalence in African-American people compared with non-Hispanic white people.<a href=\"epoc://current?article=4\">[4]</a> </P></div><div class=\"cellTitle\">Etiology</div><div class=\"cellBody\"><P>Open-angle glaucoma is a neurodegenerative process wherein retinal ganglion cells slowly degenerate. It has been linked to hereditary factors. A gene at the GLC1A locus is associated with adult- and juvenile-onset open-angle glaucoma.<a href=\"epoc://current?article=2\">[2]</a> Myocilin mutations have been described in people with primary open-angle glaucoma.<a href=\"epoc://current?article=5\">[5]</a> </P></div><div class=\"cellTitle\">Authors / Peer Reviewers</div><div class=\"cellBody\"><ul><li>Nishani Amerasinghe, MBBS, BSc(Hons), FRCOphth</li><li>Richard A. Harper, MD</li><li>Roshini Sanders, FRCS, FRCOphth</li></ul></div><br><b class=\"last-updated display-none\">Last Updated: 2020-09-11</b><div style=\"display: none\" class=\"last-updated\"><div class=\"last-updated-label\">Last Updated</div><div class=\"last-updated-date\">2020-09-11</div></div></div></div>",
   "type":"web"},

  {
   "id":"p-p_tx-c_0",
   "sections":
   [

    {
     "type":"table",
     "cells":
     [

      {
       "target":"tx-1",
       "title":"eye drops not contraindicated: treatment naïve",
       "type":"flex0"},

      {
       "target":"tx-7",
       "title":"eye drops not contraindicated: eye drop failure",
       "type":"flex0"},

      {
       "target":"tx-9",
       "title":"eye drops contraindicated: without rapidly progressing disease",
       "type":"flex0"},

      {
       "target":"tx-11",
       "title":"eye drops contraindicated: with rapidly progressing disease",
       "type":"flex0"}      ]}    ],
   "type":"table"},

  {
   "id":"tx_options",
   "sections":
   [

    {
     "headerText":"Acute",
     "cells":
     [

      {
       "target":"p-p_tx-c_0",
       "title":"elevated intraocular pressure and/or visual and retinal changes",
       "type":"flex0"}      ]}    ],
   "type":"table"},

  {
   "id":"tx_emerging",
   "title":"Open-angle glaucoma",
   "html":"<div class=\"cell\"><div class=\"cellBlock\"><div class=\"cellTitle\">Latanoprostene bunod</div><div class=\"cellBody\">Latanoprostene bunod is a prostaglandin analog approved by the US Food and Drug Administration (FDA) for the reduction of intraocular pressure in patients with ocular hypertension or open-angle glaucoma. Pooled phase 3 data found that latanoprostene bunod had greater intraocular pressure-lowering effect compared with timolol, and maintained the lowered pressure through 12 months. The safety profile of latanoprostene bunod was comparable to that of other prostaglandin analogs.<a href=\"epoc://current?article=46\">[46]</a> </div><div class=\"cellTitle\">Netarsudil</div><div class=\"cellBody\">Netarsudil is a rho-associated protein kinase inhibitor approved by the FDA for the reduction of intraocular pressure in patients with ocular hypertension or open-angle glaucoma. In the eye it dismantles actin, thinning the trabecular meshwork, lowering venous pressure in the sclera, reducing aqueous humor production, and increasing outflow, thus lowering intraocular pressure. Studies have shown that once-daily dosing of netarsudil is effective and well tolerated for the treatment of patients with ocular hypertension and open-angle glaucoma.<a href=\"epoc://current?article=47\">[47]</a> </div><div class=\"cellTitle\">Neuroprotective agents</div><div class=\"cellBody\">Memantine is an N-methyl-D-aspartate antagonist currently being studied in clinical trials. It has shown some protection of cells of the lateral geniculate nucleus in animal testing.<a href=\"epoc://current?article=48\">[48]</a> However, no clinical evidence has shown clear neuroprotection from glaucoma in humans.<a href=\"epoc://current?article=2\">[2]</a> A Cochrane review of the effectiveness of neuroprotective agents in slowing the progression of open-angle glaucoma found no evidence that they prevent retinal ganglion cell death, and therefore preserve vision, in open-angle glaucoma patients. Further clinical research in the form of a randomized controlled trial with long-term follow-up would be required to determine any clinically meaningful effects.<a href=\"epoc://current?article=49\">[49]</a> </div><div class=\"cellTitle\">New surgical techniques for open-angle glaucoma</div><div class=\"cellBody\">Newer techniques are in the earlier stages of clinical testing and large randomized trials on their efficacy and complications have yet to be carried out. However, they may bring about safer and effective alternatives to trabeculectomy surgery. These techniques use different strategies to lower intraocular pressure. Some techniques have a subconjunctival filtration strategy. The devices can be inserted ab-externo and include the ExPRESS implant, CO₂ laser-assisted sclerostomy surgery, and the InnFocus MicroShunt. Devices that are inserted ab-interno include the AqueSys Xen implant. Techniques that enhance filtration into Schlemm's canal can also be inserted ab-externo (canaloplasty and the Stegmann Canal Expander), or ab-interno (iStent, high-frequency deep sclerotomy, Trabectome, and the Hydrus implant). Suprachoroidal filtration devices include the CyPass implant and iStent supra implant (inserted ab-interno), as well as the Starflo implant and Gold Solx implant (inserted ab-externo).<a href=\"epoc://current?article=50\">[50]</a> <a href=\"epoc://current?article=51\">[51]</a> </div><div class=\"cellTitle\">Adjuncts to cataract surgery</div><div class=\"cellBody\">Cataract extraction is a very common eye surgery. Several techniques have been developed to treat glaucoma in patients concurrently undergoing cataract surgery. The most promising strategies provide direct access to Schlemm's canal via stenting across the trabecular meshwork or direct ablation of the meshwork.<a href=\"epoc://current?article=52\">[52]</a> </div></div></div>",
   "type":"web"},

  {
   "id":"tx_approach",
   "title":"Open-angle glaucoma",
   "html":"<div class=\"cell\"><div class=\"cellBlock\"><div class=\"cellBody\"><P>For updates on diagnosis and management of coexisting conditions during the pandemic, see our topic \"Management of coexisting conditions in the context of COVID-19\".</P><P>The goal is to slow or halt neurodegeneration by lowering intraocular pressure.<a href=\"epoc://current?article=26\">[26]</a> Specifically, optic nerve health is tracked by assessment of the optic disk, retinal nerve fiber layer, and visual field. Additionally, the pressure is tracked and maintained at a target level via measurement and medication and/or interventions. If already high and retinal damage has occurred, the aim is to lower the pressure to the target level. The target value is based on the degree of advancement of the disease.<a href=\"epoc://current?article=27\">[27]</a> Additionally, treatment is given if visual changes and retinal damage are seen, regardless of intraocular pressure.</P></div><div class=\"cellTitle\">Topical ophthalmic therapy</div><div class=\"cellBody\"><P>Generally, medications are started in the form of eye drops. All ophthalmic medications have local adverse effects, which can be managed by changing to a different medication when these effects are severe. Additionally, the clinician tends to start one medication based on clinical judgment and patient agreement, and then the clinician either changes medications or adds another eye drop if the pressure does not reduce to a satisfactory level or signs of progression occur. A satisfactory level is determined by many factors specific to each patient.</P><P>Progression is determined by examination techniques. The timing of medication changes and additions depends on the clinician's judgment.</P><P>Many different combinations are used based on patient allergies, adherence to medication, past medical history, and other factors. Some of the newer formulations of eye drops combine more than one class of medication, which may improve adherence. Some eye drops (for example, beta-blockers) may cause systemic adverse effects and may prove incompatible with patients who have severe cardiovascular or pulmonary disease.</P></div><div class=\"cellTitle\">Laser therapy</div><div class=\"cellBody\"><P>Laser treatments to the trabecular meshwork may also be used to increase drainage of the aqueous humor. This treatment is selected if eye drops fail to lower pressure. Selective laser trabeculoplasty can also be used as a primary treatment in ocular hypertension and primary open-angle glaucoma.</P><P>Several laser methods are available, but no one method has been shown to be best.<a href=\"epoc://current?article=28\">[28]</a> Some laser treatments may damage the trabecular meshwork and elevate pressure transiently. This is less so with selective laser trabeculoplasty, which is less damaging and can be repeated, unlike argon laser trabeculoplasty.</P><P>Perioperative eye drops may also be useful in preventing intraocular pressure spikes in the first 2 to 24 hours after laser trabeculoplasty.<a href=\"epoc://current?article=29\">[29]</a> </P></div><div class=\"cellTitle\">Surgical intervention</div><div class=\"cellBody\"><P>When medication and laser fails or the patient is unable to comply, surgery is performed to create a new passageway for the drainage of aqueous humor. Surgery lowers intraocular pressure, providing filtration for aqueous outflow. If the patient has cardiovascular or pulmonary disease prohibiting use of eye drops, and rapidly progressing disease, surgical intervention may be the first line.<a href=\"epoc://current?article=30\">[30]</a> The common surgical techniques are trabeculectomy or aqueous shunt. Newer microsurgical glaucoma techniques are increasingly effective and are gaining in popularity.</P><P>Surgeries can cause some loss of vision and make the eye more susceptible to infection and inflammation. Infections are treated aggressively with ophthalmic and intraocular antibiotics. Inflammation will subside as infection subsides. Mild loss of vision may resolve in time or be permanent. In advanced disease, when vision is poor, ablation of the ciliary body is performed to decrease aqueous humor production.</P><P>One Cochrane review found low-quality evidence that combined cataract and glaucoma surgery may result in better control of intraocular pressure compared with cataract surgery alone.<a href=\"epoc://current?article=31\">[31]</a> </P></div><div class=\"cellTitle\">Quality of life</div><div class=\"cellBody\"><P>Other goals are to minimize the effects of treatment and to maximize the quality of life. Patients must be educated about the disease process and the importance of conscientious eye care.<a href=\"epoc://current?article=2\">[2]</a> </P></div></div></div>",
   "type":"web"},

  {
   "id":"hxexam_details",
   "sections":
   [

    {
     "type":"table",
     "headerText":"Strong",
     "cells":
     [

      {
       "title":"intraocular pressure >23 mmHg",
       "type":"flex0",
       "targetHTML":"<div class=\"cell\"><div class=\"cellBlock\"><div class=\"cellBody\"><P>Well known to increase glaucomatous damage.<a href=\"epoc://current?article=7\">[7]</a></P><P>Deformation and stress to the lamina cribrosa may impair axoplasmic flow in retinal ganglion cells.<a href=\"epoc://current?article=2\">[2]</a></P></div></div></div>"},

      {
       "title":"age >50 years",
       "type":"flex0",
       "targetHTML":"<div class=\"cell\"><div class=\"cellBlock\"><div class=\"cellBody\"><P>Incidence increases with age.</P><P>Risk is 0.02% at 45 years and 10% at 85 years.<a href=\"epoc://current?article=7\">[7]</a></P><P>The mechanism is unknown.</P></div></div></div>"},

      {
       "title":"family history of glaucoma",
       "type":"flex0",
       "targetHTML":"<div class=\"cell\"><div class=\"cellBlock\"><div class=\"cellBody\"><P>First-degree relatives of those with glaucoma have a 1 in 10 chance of developing the condition.<a href=\"epoc://current?article=7\">[7]</a></P></div></div></div>"},

      {
       "title":"black ethnicity",
       "type":"flex0",
       "targetHTML":"<div class=\"cell\"><div class=\"cellBlock\"><div class=\"cellBody\"><P>Black people are three times more likely to develop the condition than white people.<a href=\"epoc://current?article=4\">[4]</a></P></div></div></div>"}      ]},

    {
     "type":"table",
     "headerText":"Weak",
     "cells":
     [

      {
       "title":"myopia",
       "type":"flex0",
       "targetHTML":"<div class=\"cell\"><div class=\"cellBlock\"><div class=\"cellBody\"><P>May be increased risk in myopic patients who have a refractive error of greater than -6 diopters.<a href=\"epoc://current?article=8\">[8]</a></P></div></div></div>"},

      {
       "title":"diabetes mellitus",
       "type":"flex0",
       "targetHTML":"<div class=\"cell\"><div class=\"cellBlock\"><div class=\"cellBody\"><P>Controversial; may be increased risk but other studies have not shown diabetes to be a predictive risk factor.<a href=\"epoc://current?article=9\">[9]</a></P></div></div></div>"},

      {
       "title":"hypertension",
       "type":"flex0",
       "targetHTML":"<div class=\"cell\"><div class=\"cellBlock\"><div class=\"cellBody\"><P>Higher prevalence in patients with glaucoma.<a href=\"epoc://current?article=10\">[10]</a></P></div></div></div>"}      ]}    ],
   "type":"table"},

  {
   "id":"p-hxexam_factor-key_0",
   "title":"Open-angle glaucoma",
   "html":"<html><div class=\"cell\"><div class=\"cellBlock\"><div class=\"cellBody\"><P>Cup-to-disk ratios &gt;0.4 carry a greater risk.</P><P>A ratio of 0.7 may be a normal anatomic variant, while a ratio of 0.3 may indicate glaucoma if the ratio started out at 0.1.</P><P>Documenting an increase is far more meaningful than the ratio seen on one visit.<a href=\"epoc://current?article=1\">[1]</a> </P><P>Ratios in this range shown to increase disease progression in the Ocular Hypertension Treatment Study (OHTS).<a href=\"epoc://current?article=12\">[12]</a><a class=\"inlineImage\" href=\"epoc://current?view=p-images-i_2\">Image</a></P></div></div></div></html>",
   "type":"web"},

  {
   "id":"p-hxexam_factor-key_1",
   "title":"Open-angle glaucoma",
   "html":"<html><div class=\"cell\"><div class=\"cellBlock\"><div class=\"cellBody\"><P>Almost pathognomonic of disease.<a href=\"epoc://current?article=1\">[1]</a> </P></div></div></div></html>",
   "type":"web"},

  {
   "id":"p-hxexam_factor-key_2",
   "title":"Open-angle glaucoma",
   "html":"<html><div class=\"cell\"><div class=\"cellBlock\"><div class=\"cellBody\"><P>Shown by missing areas in the field of vision (corresponding to disk appearances) in the absence of other identifiable causes, such as retinal detachment or strokes involving the visual pathways.</P><P>Indicates advanced disease.<a href=\"epoc://current?article=1\">[1]</a> </P></div></div></div></html>",
   "type":"web"},

  {
   "id":"p-hxexam_factor-key_3",
   "title":"Open-angle glaucoma",
   "html":"<html><div class=\"cell\"><div class=\"cellBlock\"><div class=\"cellBody\"><P>Although commonly seen, 50% of undiagnosed patients may have a normal measurement at the time of diagnosis.<a href=\"epoc://current?article=13\">[13]</a> </P></div></div></div></html>",
   "type":"web"},

  {
   "id":"p-hxexam_factor-key_4",
   "title":"Open-angle glaucoma",
   "html":"<html><div class=\"cell\"><div class=\"cellBlock\"><div class=\"cellBody\"><P>Found on visual field testing.</P></div></div></div></html>",
   "type":"web"},

  {
   "id":"p-hxexam_factor-key_5",
   "title":"Open-angle glaucoma",
   "html":"<html><div class=\"cell\"><div class=\"cellBlock\"><div class=\"cellBody\"><P>Now used in many practices as a diagnostic factor.<a href=\"epoc://current?article=1\">[1]</a> </P></div></div></div></html>",
   "type":"web"},

  {
   "id":"p-hxexam_factor-key_6",
   "title":"Open-angle glaucoma",
   "html":"<html><div class=\"cell\"><div class=\"cellBlock\"><div class=\"cellBody\"><P>Appears on, or adjacent to, the optic nerve.</P></div></div></div></html>",
   "type":"web"},

  {
   "id":"hxexam",
   "sections":
   [

    {
     "headerText":"Risk Factors",
     "cells":
     [

      {
       "target":"hxexam_details",
       "title":"Details",
       "type":"flex0"}      ]},

    {
     "dividerType":"divider0",
     "headers":
     [

      {
       "title":"Key Diagnostic Factors"},

      {
       "title":"common",
       "type":"header1"}      ],
     "cells":
     [

      {
       "title":"cup-to-disk ratio >0.4",
       "target":"p-hxexam_factor-key_0",
       "type":"flex0"},

      {
       "title":"notching of optic nerve cup",
       "target":"p-hxexam_factor-key_1",
       "type":"flex0"},

      {
       "title":"peripheral vision loss",
       "target":"p-hxexam_factor-key_2",
       "type":"flex0"},

      {
       "title":"increased intraocular pressure",
       "target":"p-hxexam_factor-key_3",
       "type":"flex0"},

      {
       "title":"scotomas ",
       "target":"p-hxexam_factor-key_4",
       "type":"flex0"},

      {
       "title":"loss of nerve fiber layer",
       "target":"p-hxexam_factor-key_5",
       "type":"flex0"}      ]},

    {
     "headers":
     [

      {
       "title":"uncommon",
       "type":"header1"}      ],
     "cells":
     [

      {
       "title":"retinal hemorrhage ",
       "target":"p-hxexam_factor-key_6",
       "type":"flex0"}      ]}    ],
   "type":"table"},

  {
   "id":"p-test-t_0",
   "title":"tonometry",
   "html":"<html><div class=\"cell\"><div class=\"cellBlock\"><div class=\"cellTitle\">Result</div><div class=\"cellBody\">intraocular pressure elevated if above normal range: 10 mmHg and 21 mmHg</div><div class=\"cellTitle\">Test Details</div><div class=\"cellBody\"><li>Most common, accurate, and most expensive method is Goldmann tonometry. A topical anesthetic is placed on the patient's eye while the patient is sitting at the slit lamp.</li><li>A small, sterile cone makes contact with the cornea, and the clinician looks through the lamp for an image of two aligned crescents before determining the reading on the dial. Specifically, the Goldmann procedure underestimates pressures in patients with thin corneas and overestimates them in patients with thick corneas.<a href=\"epoc://current?article=1\">[1]</a> </li><li>The I-Care is a portable method of intraocular pressure measurement. This does not require anesthesia and has single-use probes. Another method entails use of the Tono-Pen, a portable device also used with a topical anesthetic and a sterile cover. It is repeatedly placed on the cornea and beeps when producing a digital readout. If a slit lamp is unavailable or the patient is young and/or uncooperative, these methods are particularly useful. Both methods have the risk of imprecision.</li><li>The most basic tonometer is the pneumotonometer. A blast of air on the cornea measures the rate of fluid rebound. A pressure readout results. No eye drops are needed. The price is also reasonable.</li></div></div></div></html>",
   "type":"web"},

  {
   "id":"p-test-t_1",
   "title":"direct ophthalmoscopy",
   "html":"<html><div class=\"cell\"><div class=\"cellBlock\"><div class=\"cellTitle\">Result</div><div class=\"cellBody\">cup-to-disk ratio over 0.6 may be suspicious of glaucoma as is asymmetry of greater than 0.2 between the two eyes; visualization of optic disk and retina quality; flame hemorrhages in late disease</div><div class=\"cellTitle\">Test Details</div><div class=\"cellBody\"><li>Inexpensive, portable device, providing retinal and optic disk visualization and cup-to-disk ratio with magnification.</li><li>Shines and reflects this light onto the eye interior, providing clear visualization of the retina and optic disk.</li><li>Can determine the presence of flame hemorrhages around the optic disk, found in late disease.</li></div></div></div></html>",
   "type":"web"},

  {
   "id":"p-test-t_2",
   "title":"indirect ophthalmoscopy",
   "html":"<html><div class=\"cell\"><div class=\"cellBlock\"><div class=\"cellTitle\">Result</div><div class=\"cellBody\">cup-to-disk ratio over 0.6 may be suspicious of glaucoma as is asymmetry of greater than 0.2 between the two eyes; 3-dimensional view of retina and optic disk cupping</div><div class=\"cellTitle\">Test Details</div><div class=\"cellBody\"><li>Portable device providing a 3-dimensional appearance of the retina and diagnostic optic disk cupping or indentation.</li><li>Reflections from the retina at the superior and inferior poles of the optic disk are usually bright in healthy eyes, but are quite dull in glaucoma.<a href=\"epoc://current?article=1\">[1]</a> </li></div></div></div></html>",
   "type":"web"},

  {
   "id":"p-test-t_3",
   "title":"slit-lamp biomicroscopy",
   "html":"<html><div class=\"cell\"><div class=\"cellBlock\"><div class=\"cellTitle\">Result</div><div class=\"cellBody\">cornea should be clear, anterior chamber should be deep, and drainage angle should be open</div><div class=\"cellTitle\">Test Details</div><div class=\"cellBody\"><li>This is the most frequent method used by ophthalmologists. It allows for assessment of the cornea, anterior chamber, and drainage angle. Intraocular pressure can also be measured. Fundal examination, looking at the optic disk, can also be facilitated using the slit lamp.</li></div></div></div></html>",
   "type":"web"},

  {
   "id":"p-test-t_4",
   "title":"visual field testing",
   "html":"<html><div class=\"cell\"><div class=\"cellBlock\"><div class=\"cellTitle\">Result</div><div class=\"cellBody\">scotomas indicating loss of the nerve fiber layer</div><div class=\"cellTitle\">Test Details</div><div class=\"cellBody\"><li>Is both manual and automated. It should be performed on all patients.</li><li>Scotomas with either an elevated intraocular pressure or an enlarged cup-to-disk ratio have high sensitivity and specificity.</li><li>First-time test takers often perform worse than those on subsequent examination.</li><li>The patient's alertness influences results; therefore, new scotomas are always confirmed by repeating the test on a different day.</li><li>By the time of disease detection, 50% of the nerve fiber layer may be damaged.<a href=\"epoc://current?article=14\">[14]</a> <a href=\"epoc://current?article=15\">[15]</a> </li></div></div></div></html>",
   "type":"web"},

  {
   "id":"p-test-t_5",
   "title":"gonioscopy",
   "html":"<html><div class=\"cell\"><div class=\"cellBlock\"><div class=\"cellTitle\">Result</div><div class=\"cellBody\">visualization of anterior chamber and no obstruction of angle</div><div class=\"cellTitle\">Test Details</div><div class=\"cellBody\"><li>This examination is performed during slit-lamp examination in which a lens is placed in front of the eye, allowing visualization of the anterior chamber between the cornea and iris and assessment of the fluid drainage. Typically, no obstruction is seen.<a href=\"epoc://current?article=1\">[1]</a> By contrast, an obstruction exists with closed-angle glaucoma, differentiating the two diseases.</li></div></div></div></html>",
   "type":"web"},

  {
   "id":"p-test-t_6",
   "title":"photographs of the optic nerve head",
   "html":"<html><div class=\"cell\"><div class=\"cellBlock\"><div class=\"cellTitle\">Result</div><div class=\"cellBody\">cup-to-disk ratios &gt;0.4</div><div class=\"cellTitle\">Test Details</div><div class=\"cellBody\"><li>A high-quality 35-mm photograph allows detailed comparison with ophthalmologic examination.</li><li>When the diagnosis is suspected, this test should be ordered.</li><li>Cup-to-disk ratios of &gt;0.4 carry greater risk.</li><li>However, a cup-to-disk ratio of 0.7 may be a normal anatomic variant, while a ratio of 0.3 may indicate glaucoma if the ratio started out at 0.1.</li><li>Photographs should be repeated each time a change is detected, and compared.</li><li>Sensitivity and specificity are high.<a class=\"inlineImage\" href=\"epoc://current?view=p-images-i_3\">Image</a></li></div></div></div></html>",
   "type":"web"},

  {
   "id":"p-test-t_7",
   "title":"pachymetry",
   "html":"<html><div class=\"cell\"><div class=\"cellBlock\"><div class=\"cellTitle\">Result</div><div class=\"cellBody\">thin central corneal thickness can predict progression from high intraocular pressure to glaucoma</div><div class=\"cellTitle\">Test Details</div><div class=\"cellBody\"><li>Pachymetry provides measurement of corneal thickness, which is predictive of high intraocular pressures proceeding to glaucoma. A thick cornea can falsely increase the intraocular pressure reading. In addition, a thin central corneal thickness can underestimate the intraocular pressure as well as predict progression from high IOP to glaucoma.<a href=\"epoc://current?article=16\">[16]</a> </li></div></div></div></html>",
   "type":"web"},

  {
   "id":"p-test-t_8",
   "title":"nerve fiber layer analysis",
   "html":"<html><div class=\"cell\"><div class=\"cellBlock\"><div class=\"cellTitle\">Result</div><div class=\"cellBody\">loss of nerve fiber layer</div><div class=\"cellTitle\">Test Details</div><div class=\"cellBody\"><li>Performed by either scanning laser polarimetry or confocal scanning laser ophthalmoscopy.</li><li>Scanning laser polarimetry is the technology behind some nerve fiber layer analyzers.</li><li>Shows loss of the nerve fiber layer compared with the known standards of the scanning device.</li><li>Sensitivity and specificity are high in the context of other signs.</li></div></div></div></html>",
   "type":"web"},

  {
   "id":"p-test-t_9",
   "title":"optical coherence tomography scanning",
   "html":"<html><div class=\"cell\"><div class=\"cellBlock\"><div class=\"cellTitle\">Result</div><div class=\"cellBody\">change from the first scan</div><div class=\"cellTitle\">Test Details</div><div class=\"cellBody\"><li>Should be done when the diagnosis is suspected.</li><li>Scanning of the optic nerve head may be ordered initially and for follow-up examinations for comparison.</li><li>Provides a low-resolution digital image but uses the information for several calculations.</li><li>Sensitivity and specificity are high.</li></div></div></div></html>",
   "type":"web"},

  {
   "id":"tests",
   "sections":
   [

    {
     "headerText":"Initial Tests",
     "cells":
     [

      {
       "target":"p-test-t_0",
       "title":"tonometry",
       "type":"flex0"},

      {
       "target":"p-test-t_1",
       "title":"direct ophthalmoscopy",
       "type":"flex0"},

      {
       "target":"p-test-t_2",
       "title":"indirect ophthalmoscopy",
       "type":"flex0"},

      {
       "target":"p-test-t_3",
       "title":"slit-lamp biomicroscopy",
       "type":"flex0"},

      {
       "target":"p-test-t_4",
       "title":"visual field testing",
       "type":"flex0"}      ]},

    {
     "headerText":"Other Tests to Consider",
     "cells":
     [

      {
       "target":"p-test-t_5",
       "title":"gonioscopy",
       "type":"flex0"},

      {
       "target":"p-test-t_6",
       "title":"photographs of the optic nerve head",
       "type":"flex0"},

      {
       "target":"p-test-t_7",
       "title":"pachymetry",
       "type":"flex0"},

      {
       "target":"p-test-t_8",
       "title":"nerve fiber layer analysis",
       "type":"flex0"},

      {
       "target":"p-test-t_9",
       "title":"optical coherence tomography scanning",
       "type":"flex0"}      ]}    ],
   "type":"table"},

  {
   "id":"differentials",
   "sections":
   [

    {
     "cells":
     [

      {
       "title":"Normal/low-tension glaucoma",
       "type":"flex0",
       "targetHTML":"<div class=\"cell\"><div class=\"cellBlock\"><div class=\"cellTitle\">Signs/Sx</div><div class=\"cellBody\"><ul><li>Usually asymptomatic; this is a subset of open-angle glaucoma in which intraocular pressure is normal.</li></ul></div><div class=\"cellTitle\">Tests</div><div class=\"cellBody\"><ul><li>Intraocular pressure is normal.</li></ul></div></div></div>"},

      {
       "title":"Closed-angle glaucoma",
       "type":"flex0",
       "targetHTML":"<div class=\"cell\"><div class=\"cellBlock\"><div class=\"cellTitle\">Signs/Sx</div><div class=\"cellBody\"><ul><li>Presents acutely with pain and redness; a poorly reactive, mid-dilated pupil; nausea and vomiting; a hazy cornea; and blurry vision.</li><li>May have intermittent pain on entering a dark room.<a href=\"epoc://current?article=1\">[1]</a></li></ul></div><div class=\"cellTitle\">Tests</div><div class=\"cellBody\"><ul><li>Gonioscopy reveals a closed angle.</li></ul></div><a href=\"epoc://dx/monograph/372\"><b class=\"view-dx-monograph\">View Dx Monograph</b></a></div></div>"},

      {
       "title":"High myopia",
       "type":"flex0",
       "targetHTML":"<div class=\"cell\"><div class=\"cellBlock\"><div class=\"cellTitle\">Signs/Sx</div><div class=\"cellBody\"><ul><li>Although the cup-to-disk ratio may be large, no cup-to-disk enlargement is documented.</li><li>Intraocular pressure is normal.</li><li>Visual field defects do not change over time.<a href=\"epoc://current?article=1\">[1]</a></li></ul></div><div class=\"cellTitle\">Tests</div><div class=\"cellBody\"><ul><li>Testing shows highly myopic refraction.</li></ul></div></div></div>"},

      {
       "title":"Ocular hypertension",
       "type":"flex0",
       "targetHTML":"<div class=\"cell\"><div class=\"cellBlock\"><div class=\"cellTitle\">Signs/Sx</div><div class=\"cellBody\"><ul><li>Characterized by increased intraocular pressure in the absence of evidence of damage to the nerve fiber layer.<a href=\"epoc://current?article=1\">[1]</a></li></ul></div><div class=\"cellTitle\">Tests</div><div class=\"cellBody\"><ul><li>Characterized by a normal visual field test and no enlargement of the cup-to-disk ratio over time.</li></ul></div></div></div>"}      ]}    ],
   "type":"table"},

  {
   "id":"diag_approach",
   "title":"Open-angle glaucoma",
   "html":"<div class=\"cell\"><div class=\"cellBlock\"><div class=\"cellBody\"><P>The most effective way to prevent vision impairment is with early diagnosis and preventive treatment. High suspicion should exist in patients with a family history of glaucoma or those who describe peripheral vision loss. However, all patients on routine ophthalmologic exam should have intraocular pressure measurement and assessment of the optic disk and visual fields.</P></div><div class=\"cellTitle\">Signs and symptoms</div><div class=\"cellBody\"><P>Many people with glaucoma will not notice any symptoms. They may or may not notice a decrease in peripheral vision, manifested as bumping into objects that they could not see.<a href=\"epoc://current?article=7\">[7]</a>&nbsp;The cornea appears clear.</P></div><div class=\"cellTitle\">Measuring intraocular pressure (tonometry) and gonioscopy</div><div class=\"cellBody\"><P>The primary method of slowing or halting disease progression is lowering intraocular pressure, so measurement on routine ophthalmologic examination is essential. The most common method is Goldmann tonometry, widely considered the gold standard of tonometry.</P><P>Intraocular pressure measurement is not sufficient to determine the presence of glaucoma because patients can have glaucoma with normal pressure. Gonioscopy should be performed as well. This examination is performed during slit-lamp examination in which a lens is placed in front of the eye, allowing visualization of the anterior chamber angle between the cornea and iris. Typically, no obstruction is seen.<a href=\"epoc://current?article=2\">[2]</a> In contrast, an occludable angle exists with closed-angle glaucoma: this differentiates between open-angle and closed-angle disease.</P></div><div class=\"cellTitle\">Retinal and optic disk visualization</div><div class=\"cellBody\"><P>The retina and optic disk should be visualized, and this can be done through use of a direct and/or indirect ophthalmoscope: both portable, useful devices. Slit-lamp examination of the retina is usually carried out by an ophthalmologist. The examination is optimal if the pupils are dilated with eye drops. The direct ophthalmoscope shines and reflects light onto the eye interior, providing clear visualization of the retina and optic disk, with high magnification. This is the usual method of disk examination by nonophthalmologists. The indirect ophthalmoscope is useful in providing the 3-dimensional appearance of the retina and diagnostic optic disk cupping or indentation, but with limited magnification. Both instruments, used together, provide optimal information.</P></div><div class=\"cellTitle\">Visual field examination</div><div class=\"cellBody\"><P>If any abnormalities on ocular examination are detected, an automated visual field test, the most specific and sensitive, should be performed. This test is used by almost all clinicians and is the test of choice. The field loss is peripheral with initial sparing of central vision. It will usually correspond with the optic nerve head appearance (i.e., loss of neuroretinal rim inferiorly will produce a superior visual defect). If a visual field test is needed but cannot be ordered, an ophthalmology referral is indicated.</P></div><div class=\"cellTitle\">Photographs of the optic nerve head</div><div class=\"cellBody\"><P>When glaucoma is suspected, photographs of the optic nerve head should be done. A high-quality 35-mm photograph allows detailed comparison with ophthalmologic examination. Cup-to-disk ratios of &gt;0.5 carry greater risk. However, a cup-to-disk ratio of 0.7 may be a normal anatomic variant, while a ratio of 0.3 may indicate glaucoma if, for example, the ratio started out at 0.1. Photographs should be repeated and compared each time a change is detected.<a class=\"inlineImage\" href=\"epoc://current?view=p-images-i_1\">Image</a></P></div><div class=\"cellTitle\">Pachymetry</div><div class=\"cellBody\"><P>Pachymetry provides measurement of corneal thickness, which is predictive of high intraocular pressures proceeding to glaucoma. A thick cornea can falsely increase the intraocular pressure reading. In addition, a thin central corneal thickness can underestimate the intraocular pressure as well as predict progression from high IOP to glaucoma.<a href=\"epoc://current?article=11\">[11]</a> </P></div><div class=\"cellTitle\">Nerve fiber layer analysis</div><div class=\"cellBody\"><P>Nerve fiber layer analysis, using scanning laser polarimetry or confocal scanning laser ophthalmoscopy, is available, as well as optical coherence tomography scans of the optic disk. Scanning laser polarimetry is used to scan the nerve fiber layer thickness. Confocal scanning laser ophthalmoscopy scans the optic nerve head and can indirectly detect the nerve fiber layer thickness. The thicker the tissue, the healthier it is. All of these methods, if performed serially, create a record of serial scans that can be compared.</P><P>Ophthalmology practices tend to purchase one type of analyzer because of personal preference. Some physicians are using the above three tests as screening tools before visual field testing is performed. This seems to be a growing trend. These three tests are useful when the visual field test is impractical or has an inconclusive result.</P></div><div class=\"cellTitle\">Optical coherence tomography scanning</div><div class=\"cellBody\"><P>Optical coherence tomography scanning should also be done when glaucoma is suspected. Scanning of the optic nerve head may be ordered initially and for follow-up examinations for comparison. It provides a low-resolution digital image but uses the information for several calculations.</P></div></div></div>",
   "type":"web"},

  {
   "id":"followup",
   "title":"Open-angle glaucoma",
   "html":"<div class=\"cell\"><div class=\"cellBlock\"><div class=\"cellTitle\">Prognosis</div><div class=\"cellBody\"><div class=\"cellBody\"><P>Glaucoma is a slowly progressive, lifelong disease that may be slowed or halted with treatment.<a href=\"epoc://current?article=2\">[2]</a> Prognosis is based on the degree of disease at diagnosis, the response to treatment, the patient's adherence to treatment, and the patient's life expectancy. At diagnosis, 20% of people have already lost significant peripheral vision. If the condition is left untreated and intraocular pressure stays at ≥30 mmHg, blindness may occur in 3 years or less. Affected people will describe trouble visually accommodating from bright to dark rooms, and navigating street curbs and objects in their periphery. Most people who adhere to, and respond well to, treatment can expect to maintain a functional level of vision for the remainder of their life.<a href=\"epoc://current?article=57\">[57]</a> </P></div></div><div class=\"cellTitle\">Monitoring</div><div class=\"cellBody\"><P>Should be followed up by an optometrist or ophthalmologist every 3 to 12 months, based on the degree of disease.</P></div><div class=\"cellTitle\">Patient Instructions</div><div class=\"cellBody\"><P>Follow-up should be scheduled, and the patient advised to use eye medications as prescribed. Patient should be cautioned against stopping eye medications without consulting the doctor, and to call with any vision changes, redness, or pain.</P></div></div></div>",
   "type":"web"},

  {
   "id":"prevention",
   "title":"Open-angle glaucoma",
   "html":"<div class=\"cell\"><div class=\"cellBlock\"><div class=\"cellTitle\">Prevention</div><div class=\"cellBody\"><h4>Primary Prevention</h4><P>Early diagnosis and treatment is the primary measure to prevent disease progression.</P><h4>Secondary Prevention</h4><P>Primary relatives of affected patients should have a dilated ophthalmic examination.</P></div></div></div>",
   "type":"web"},

  {
   "id":"complications",
   "sections":
   [

    {
     "headerText":"High Likelihood",
     "cells":
     [

      {
       "title":"loss of vision",
       "type":"flex0",
       "targetHTML":"<div class=\"cell\"><div class=\"cellBlock\"><div class=\"cellBody\"><P>High risk of losing peripheral vision early and central vision later if untreated.</P><P>Twenty percent of patients present with significant field loss, and if left untreated at intraocular pressures of ≥30 mmHg, blindness can occur within 3 years.</P><P>Vision loss typically occurs within 1 to 3 months in uncontrolled disease, whereas if well controlled, there is no progression.</P><P>Loss of peripheral vision is treated with attempts at lowering intraocular pressure with ophthalmic medication and interventions as needed.</P></div></div></div>"}      ]}    ],
   "type":"table"},

  {
   "id":"guidelines",
   "title":"Open-angle glaucoma",
   "html":"<div class=\"cell\"><div class=\"cellBlock\"><div class=\"cellTitle\">Diagnostic Guidelines</div><div class=\"cellBody\"><p><h4>ICO guidelines for glaucoma eye care<a href=\"epoc://current?article=21\">[21]</a> </h4><p><a href=\"http://www.icoph.org/enhancing_eyecare/glaucoma.html\">View Society Guidelines</a></p><p><small><b>Published by: </b>International Council of Ophthalmology</small><br><small><b>Published: </b>2016</small></p><p><small><b>Summary</b><br><P>International guidelines including recommendations for the evaluation of glaucoma.</P></small></p></p><hr><p><h4>Preferred practice pattern: primary open-angle glaucoma<a href=\"epoc://current?article=17\">[17]</a> </h4><p><a href=\"http://www.aao.org/guidelines-browse?filter=preferredpracticepatterns\">View Society Guidelines</a></p><p><small><b>Published by: </b>American Academy of Ophthalmology</small><br><small><b>Published: </b>2015</small></p><p><small><b>Summary</b><br><P>Covers risk factors, screening, and diagnosis of primary open-angle glaucoma.</P><P>A summary benchmark about primary open-angle glaucoma also exists.</P></small></p></p><hr><p><h4>Preferred practice pattern: primary open-angle glaucoma suspect<a href=\"epoc://current?article=22\">[22]</a> </h4><p><a href=\"http://www.aao.org/guidelines-browse?filter=preferredpracticepatterns\">View Society Guidelines</a></p><p><small><b>Published by: </b>American Academy of Ophthalmology</small><br><small><b>Published: </b>2015</small></p><p><small><b>Summary</b><br><P>Guidelines that cover the diagnosis of suspected open-angle glaucoma.</P><P>A summary benchmark about primary open-angle glaucoma suspect also exists.</P></small></p></p><hr><p><h4>Preferred practice pattern: comprehensive adult medical eye evaluation<a href=\"epoc://current?article=23\">[23]</a> </h4><p><a href=\"http://www.aao.org/guidelines-browse?filter=preferredpracticepatterns\">View Society Guidelines</a></p><p><small><b>Published by: </b>American Academy of Ophthalmology</small><br><small><b>Published: </b>2015</small></p><p><small><b>Summary</b><br><P>Evidence-based guidelines covering recommendations for medical eye evaluation.</P></small></p></p><hr><p><h4>Comprehensive adult eye and vision examination<a href=\"epoc://current?article=24\">[24]</a> </h4><p><a href=\"http://www.aoa.org/optometrists/tools-and-resources/clinical-care-publications/clinical-practice-guidelines?sso=y\">View Society Guidelines</a></p><p><small><b>Published by: </b>American Optometric Association</small><br><small><b>Published: </b>2015</small></p><p><small><b>Summary</b><br><P>Describes appropriate examination procedures for evaluation of the eye.</P></small></p></p><hr><p><h4>Canadian Ophthalmological Society evidence-based clinical practice guidelines for the management of glaucoma in the adult eye<a href=\"epoc://current?article=25\">[25]</a> </h4><p><a href=\"http://www.cos-sco.ca/clinical-practice-guidelines/\">View Society Guidelines</a></p><p><small><b>Published by: </b>Canadian Ophthalmological Society</small><br><small><b>Published: </b>2009</small></p><p><small><b>Summary</b><br><P>Guideline that discusses history and diagnosis of open-angle glaucoma.</P></small></p></p><hr></div><br><div class=\"cellTitle\">Treatment Guidelines</div><div class=\"cellBody\"><p><h4>ICO guidelines for glaucoma eye care<a href=\"epoc://current?article=53\">[53]</a> </h4><p><a href=\"http://www.icoph.org/enhancing_eyecare/glaucoma.html\">View Society Guidelines</a></p><p><small><b>Published by: </b>International Council of Ophthalmology</small><br><small><b>Published: </b>2016</small></p><p><small><b>Summary</b><br><P>International guidelines including recommendations for the management of glaucoma.</P></small></p></p><hr><p><h4>Preferred practice pattern: primary open-angle glaucoma<a href=\"epoc://current?article=4\">[4]</a> </h4><p><a href=\"http://www.aao.org/guidelines-browse?filter=preferredpracticepatterns\">View Society Guidelines</a></p><p><small><b>Published by: </b>American Academy of Ophthalmology</small><br><small><b>Published: </b>2015</small></p><p><small><b>Summary</b><br><P>Provides evidence-based recommendations for disease management.</P><P>A summary benchmark about primary open-angle glaucoma also exists.</P></small></p></p><hr><p><h4>Preferred practice pattern: primary open-angle glaucoma suspect<a href=\"epoc://current?article=54\">[54]</a> </h4><p><a href=\"http://www.aao.org/guidelines-browse?filter=preferredpracticepatterns\">View Society Guidelines</a></p><p><small><b>Published by: </b>American Academy of Ophthalmology</small><br><small><b>Published: </b>2015</small></p><p><small><b>Summary</b><br><P>Guidelines that cover the treatment and follow-up of patients with open-angle glaucoma.</P><P>A summary benchmark about primary open-angle glaucoma suspect also exists.</P></small></p></p><hr><p><h4>Preferred practice pattern: comprehensive adult medical eye evaluation<a href=\"epoc://current?article=55\">[55]</a> </h4><p><a href=\"http://www.aao.org/guidelines-browse?filter=preferredpracticepatterns\">View Society Guidelines</a></p><p><small><b>Published by: </b>American Academy of Ophthalmology</small><br><small><b>Published: </b>2015</small></p><p><small><b>Summary</b><br><P>Evidence-based guidelines including recommendations for treatment.</P></small></p></p><hr><p><h4>Comprehensive adult eye and vision examination<a href=\"epoc://current?article=56\">[56]</a> </h4><p><a href=\"http://www.aoa.org/optometrists/tools-and-resources/clinical-care-publications/clinical-practice-guidelines?sso=y\">View Society Guidelines</a></p><p><small><b>Published by: </b>American Optometric Association</small><br><small><b>Published: </b>2015</small></p><p><small><b>Summary</b><br><P>Includes evidence-based recommendations for disease management.</P></small></p></p><hr><p><h4>Canadian Ophthalmological Society evidence-based clinical practice guidelines for the management of glaucoma in the adult eye<a href=\"epoc://current?article=25\">[25]</a> </h4><p><a href=\"http://www.cos-sco.ca/clinical-practice-guidelines/\">View Society Guidelines</a></p><p><small><b>Published by: </b>Canadian Ophthalmological Society</small><br><small><b>Published: </b>2009</small></p><p><small><b>Summary</b><br><P>Guideline that discusses the treatment of open-angle glaucoma.</P></small></p></p><hr></div></div></div>",
   "type":"web"},

  {
   "id":"p-tx-c_1",
   "title":"ignoreme",
   "html":"<html><div class=\"cell\"><div class=\"cellBlock\"><div class=\"cellTitle\">Primary Options</div><div class=\"cellBody\"><UL class=\"tx-options\"><LI><span><A href=\"epoc://rx/monograph/1936\">latanoprost ophthalmic</A>: (0.005%) 1 drop into the affected eye(s) once daily at night<BR></span></LI><LI><span><A href=\"epoc://rx/monograph/2406\">travoprost ophthalmic</A>: (0.004%) 1 drop into the affected eye(s) once daily at night<BR></span></LI><LI><span><A href=\"epoc://rx/monograph/2408\">bimatoprost ophthalmic</A>: (0.03%) 1 drop into the affected eye(s) once daily at night<BR></span></LI></UL></div><div class=\"cellTitle\">Comments</div><div class=\"cellBody\"><ul><li>Generally, medications are started in the form of eye drops. Prostaglandin analogs work to increase drainage of aqueous humor. Considered superior to all other classes of pressure-lowering eye drops; intraocular pressure in randomized trials was decreased by up to 40%.<a href=\"epoc://current?article=32\">[32]</a> Latanoprost has been shown to preserve visual field in a randomized placebo-controlled trial in patients with open-angle glaucoma.<a href=\"epoc://current?article=33\">[33]</a> Treatment is generally lifelong, unless surgical intervention is undertaken.</li></ul></div></div></div></html>",
   "type":"web"},

  {
   "id":"p-tx-c_2",
   "title":"ignoreme",
   "html":"<html><div class=\"cell\"><div class=\"cellBlock\"><div class=\"cellTitle\">Primary Options</div><div class=\"cellBody\"><UL class=\"tx-options\"><LI><span><A href=\"epoc://rx/monograph/2028\">timolol ophthalmic</A>: (0.25% or 0.5%) 1 drop into the affected eye(s) twice daily; (0.5% gel) 1 drop into the affected eye(s) once daily<BR></span></LI><LI><span><A href=\"epoc://rx/monograph/2493\">carteolol ophthalmic</A>: (1%) 1 drop into the affected eye(s) twice daily<BR></span></LI><LI><span><A href=\"epoc://rx/monograph/1901\">betaxolol ophthalmic</A>: (0.25% or 0.5%) 1-2 drops into the affected eye(s) twice daily<BR></span></LI></UL></div><div class=\"cellTitle\">Comments</div><div class=\"cellBody\"><ul><li>Beta-blockers may lower intraocular pressure by up to 31% and are considered first-line therapy; however, prostaglandin analogs in other studies have reported superiority.<a href=\"epoc://current?article=34\">[34]</a> </li><li>Significant adverse effects may include exacerbation of bronchial asthma, worsening of chronic obstructive pulmonary disease, and cardiovascular complications.<a href=\"epoc://current?article=2\">[2]</a> With selective beta-blockers, pulmonary adverse effects are lessened.<a href=\"epoc://current?article=19\">[19]</a> </li><li>Management consists of stopping the offending medication and immediate treatment of the systemic effects. Referral to the emergency room may be necessary.</li><li>Betaxolol is a selective beta-blocker that lowers pressure to a lesser degree but is less likely to cause pulmonary adverse effects.</li><li>Treatment is generally lifelong, unless surgical intervention is undertaken.</li></ul></div></div></div></html>",
   "type":"web"},

  {
   "id":"p-tx-c_3",
   "title":"ignoreme",
   "html":"<html><div class=\"cell\"><div class=\"cellBlock\"><div class=\"cellTitle\">Primary Options</div><div class=\"cellBody\"><UL class=\"tx-options\"><LI><span><A href=\"epoc://rx/monograph/2497\">brinzolamide ophthalmic</A>: (1%) 1 drop into the affected eye(s) three times daily<BR></span></LI><LI><span><A href=\"epoc://rx/monograph/1927\">dorzolamide ophthalmic</A>: (2%) 1 drop into the affected eye(s) three times daily<BR></span></LI></UL></div><div class=\"cellTitle\">Comments</div><div class=\"cellBody\"><ul><li>Carbonic anhydrase inhibitors block water flow into eye, thereby stopping aqueous humor production. Previously, treatment was given orally, with many systemic side effects; however, development of topical therapies has significantly lessened the incidence of adverse effects, and they lower intraocular pressure by up to 26%.<a href=\"epoc://current?article=35\">[35]</a> </li><li>Treatment is generally lifelong, unless surgical intervention is undertaken.</li></ul></div></div></div></html>",
   "type":"web"},

  {
   "id":"p-tx-c_4",
   "title":"ignoreme",
   "html":"<html><div class=\"cell\"><div class=\"cellBlock\"><div class=\"cellTitle\">Primary Options</div><div class=\"cellBody\"><UL class=\"tx-options\"><LI><span><A href=\"epoc://rx/monograph/1914\">apraclonidine ophthalmic</A>: (0.5%) 1-2 drops into the affected eye(s) three times daily<BR></span></LI><LI><span><A href=\"epoc://rx/monograph/1895\">brimonidine ophthalmic</A>: (0.1% or 0.15%) 1 drop into the affected eye(s) three times daily<BR></span></LI></UL></div><div class=\"cellTitle\">Comments</div><div class=\"cellBody\"><ul><li>Alpha-2 adrenergic agonists work to lower aqueous humor production. This class of drugs is known to cause local allergic reactions and should not be used in patients taking monoamine oxidase inhibitors.</li><li>Lowers intraocular pressure by about 23%.<a href=\"epoc://current?article=36\">[36]</a> </li><li>Apraclonidine does not cross blood-brain barrier, so does not cause cardiovascular adverse effects;<a href=\"epoc://current?article=37\">[37]</a> however, brimonidine crosses blood-brain barrier, so mild hypotension may occur.</li><li>Treatment is generally lifelong, unless surgical intervention is undertaken.</li></ul></div></div></div></html>",
   "type":"web"},

  {
   "id":"p-tx-c_5",
   "title":"ignoreme",
   "html":"<html><div class=\"cell\"><div class=\"cellBlock\"><div class=\"cellTitle\">Comments</div><div class=\"cellBody\"><ul><li>If a single, first-line eye drop fails to halt progression of the disease (as evidenced by repeat diagnostic testing), providers may switch to another first-line treatment or add more than one type of drop to the regimen. A meta-analysis found that brimonidine (an alpha-2 adrenergic agonist) was more effective than topical carbonic anhydrase inhibitors when used as adjunctive therapy to either topical beta-blockers or prostaglandin analogs.<a href=\"epoc://current?article=38\">[38]</a> </li><li>Recently, fixed-dose combination eye drops have become available. These formulations include more than one class of medicine within the same bottle. The first and most popular of these combines a beta-blocker with a carbonic anhydrase inhibitor (timolol-dorzolamide). The other popular combination includes a beta-blocker and an adrenergic agent (timolol-brimonidine).<a href=\"epoc://current?article=39\">[39]</a> Other fixed-dose combinations (including the incorporation of prostaglandin analogs) are being developed.<a href=\"epoc://current?article=40\">[40]</a> To date, only combinations of two medicines are available (not three or four).</li><li>In general, combination eye drops are used when a single first-line agent fails. Escalating the treatment to multiple pressure-lowering medicines is more convenient for the patient when the medicines are combined into a single drop.<a href=\"epoc://current?article=41\">[41]</a> <a href=\"epoc://current?article=42\">[42]</a> </li></ul></div></div></div></html>",
   "type":"web"},

  {
   "id":"p-tx-c_6",
   "title":"ignoreme",
   "html":"<html><div class=\"cell\"><div class=\"cellBlock\"><div class=\"cellTitle\">Primary Options</div><div class=\"cellBody\"><UL class=\"tx-options\"><LI><span><A href=\"epoc://rx/monograph/63\">pilocarpine ophthalmic</A>: (0.5% to 4%) 1 drop into the affected eye(s) up to four times daily<BR></span></LI></UL></div><div class=\"cellTitle\">Comments</div><div class=\"cellBody\"><ul><li>Cholinergic agonists act by stimulating ciliary body contraction and opening the trabecular meshwork, so aqueous outflow is increased. Intraocular pressure is decreased by up to 29%.<a href=\"epoc://current?article=43\">[43]</a> </li><li>Cholinergic agents are considered third-line due to their high rate of patient intolerance and frequent dosing and are rarely used. When used, they are typically added to a multimedicine regimen.</li><li>Treatment is generally lifelong, unless surgical intervention is undertaken.</li></ul></div></div></div></html>",
   "type":"web"},

  {
   "id":"tx-1",
   "sections":
   [

    {
     "cells":
     [

      {
       "target":"p-tx-c_1",
       "title":"topical ophthalmic prostaglandin analogs",
       "flag":"1st",
       "type":"flex1"}      ]},

    {
     "cells":
     [

      {
       "target":"p-tx-c_2",
       "title":"topical ophthalmic beta-blockers",
       "flag":"1st",
       "type":"flex1"}      ]},

    {
     "cells":
     [

      {
       "target":"p-tx-c_3",
       "title":"topical ophthalmic carbonic anhydrase inhibitors",
       "flag":"1st",
       "type":"flex1"}      ]},

    {
     "cells":
     [

      {
       "target":"p-tx-c_4",
       "title":"topical ophthalmic alpha-2 adrenergic agonists",
       "flag":"1st",
       "type":"flex1"}      ]},

    {
     "cells":
     [

      {
       "target":"p-tx-c_5",
       "title":"combination treatment",
       "flag":"2nd",
       "type":"flex1"}      ]},

    {
     "cells":
     [

      {
       "target":"p-tx-c_6",
       "title":"topical ophthalmic cholinergic agonists",
       "flag":"3rd",
       "type":"flex1"}      ]}    ],
   "type":"table"},

  {
   "id":"p-tx-c_7",
   "title":"ignoreme",
   "html":"<html><div class=\"cell\"><div class=\"cellBlock\"><div class=\"cellTitle\">Comments</div><div class=\"cellBody\"><ul><li>May be utilized in conjunction with eye drop therapy or after eye drop failure.</li><li>Several laser methods are available, but no one method has been shown to be best.<a href=\"epoc://current?article=28\">[28]</a> </li><li>Some laser treatments may damage the trabecular meshwork and elevate pressure transiently. This is less so with selective laser trabeculoplasty, which is less damaging and can be repeated, unlike argon laser trabeculoplasty.</li><li>Perioperative eye drops may also be useful in preventing intraocular pressure spikes in the first 2 to 24 hours after laser trabeculoplasty.<a href=\"epoc://current?article=29\">[29]</a> </li></ul></div></div></div></html>",
   "type":"web"},

  {
   "id":"p-tx-c_8",
   "title":"ignoreme",
   "html":"<html><div class=\"cell\"><div class=\"cellBlock\"><div class=\"cellTitle\">Comments</div><div class=\"cellBody\"><ul><li>When medicine and laser fails, surgery is performed to create a new passageway for the drainage of aqueous humor. Surgical treatment is utilized to lower intraocular pressure, providing filtration for aqueous outflow.</li><li>The common surgical techniques are trabeculectomy or aqueous shunt.</li><li>Other surgical options are less invasive because they do not involve a full-thickness breach of the eye wall (nonpenetrating surgery).</li><li>On average, nonpenetrating procedures provide less reduction in the intraocular pressure. Nonpenetrating procedures include viscocanalostomy, thermal sclerostomy, posterior or anterior lip sclerotomy, and trephination.<a href=\"epoc://current?article=44\">[44]</a> These surgical approaches may use antimetabolites to reduce fibrosis in the postoperative period.<a href=\"epoc://current?article=45\">[45]</a> </li><li>Very severe cases utilize cyclodestructive procedures, damaging the ciliary body and decreasing aqueous humor production.</li><li>Surgeries can cause some loss of vision and make the eye more susceptible to infection and inflammation.</li></ul></div></div></div></html>",
   "type":"web"},

  {
   "id":"tx-7",
   "sections":
   [

    {
     "cells":
     [

      {
       "target":"p-tx-c_7",
       "title":"laser trabeculoplasty",
       "flag":"1st",
       "type":"flex1"}      ]},

    {
     "cells":
     [

      {
       "target":"p-tx-c_8",
       "title":"surgical intervention",
       "flag":"2nd",
       "type":"flex1"}      ]}    ],
   "type":"table"},

  {
   "id":"p-tx-c_9",
   "title":"ignoreme",
   "html":"<html><div class=\"cell\"><div class=\"cellBlock\"><div class=\"cellTitle\">Comments</div><div class=\"cellBody\"><ul><li>Eye drops may be contraindicated due to cardiovascular or pulmonary disease.</li><li>Several laser methods are available, but no one method has been shown to be best.<a href=\"epoc://current?article=28\">[28]</a> </li><li>Some laser treatments may damage the trabecular meshwork and elevate pressure transiently. This is less so with selective laser trabeculoplasty, which is less damaging and can be repeated, unlike argon laser trabeculoplasty.</li></ul></div></div></div></html>",
   "type":"web"},

  {
   "id":"p-tx-c_10",
   "title":"ignoreme",
   "html":"<html><div class=\"cell\"><div class=\"cellBlock\"><div class=\"cellTitle\">Comments</div><div class=\"cellBody\"><ul><li>Eye drops may be contraindicated due to cardiovascular or pulmonary disease.</li><li>When medicine is contraindicated and laser fails, surgery is performed to create a new passageway for the drainage of aqueous humor. Surgical treatment is utilized to lower intraocular pressure, providing filtration for aqueous outflow.</li><li>The common surgical techniques are trabeculectomy or aqueous shunt.</li><li>Other surgical options are less invasive because they do not involve a full-thickness breach of the eye wall (nonpenetrating surgery).</li><li>On average, nonpenetrating procedures provide less reduction in the intraocular pressure. Nonpenetrating procedures include viscocanalostomy, thermal sclerostomy, posterior or anterior lip sclerotomy, and trephination.<a href=\"epoc://current?article=44\">[44]</a> These surgical approaches may use antimetabolites to reduce fibrosis in the postoperative period.<a href=\"epoc://current?article=45\">[45]</a> </li><li>Very severe cases utilize cyclodestructive procedures, damaging the ciliary body and decreasing aqueous humor production.</li><li>Surgeries can cause some loss of vision and make the eye more susceptible to infection and inflammation.</li></ul></div></div></div></html>",
   "type":"web"},

  {
   "id":"tx-9",
   "sections":
   [

    {
     "cells":
     [

      {
       "target":"p-tx-c_9",
       "title":"laser trabeculoplasty",
       "flag":"1st",
       "type":"flex1"}      ]},

    {
     "cells":
     [

      {
       "target":"p-tx-c_10",
       "title":"surgical intervention",
       "flag":"2nd",
       "type":"flex1"}      ]}    ],
   "type":"table"},

  {
   "id":"p-tx-c_11",
   "title":"ignoreme",
   "html":"<html><div class=\"cell\"><div class=\"cellBlock\"><div class=\"cellTitle\">Comments</div><div class=\"cellBody\"><ul><li>If the patient has cardiovascular or pulmonary disease prohibiting use of eye drops, and rapidly progressing disease, surgical intervention may be the first line.<a href=\"epoc://current?article=30\">[30]</a> Surgery is performed to create a new passageway for the drainage of aqueous humor. Surgical treatment is utilized to lower intraocular pressure, providing filtration for aqueous outflow.</li><li>The common surgical techniques are trabeculectomy or aqueous shunt.</li><li>Other surgical options are less invasive because they do not involve a full-thickness breach of the eye wall (nonpenetrating surgery).</li><li>On average, nonpenetrating procedures provide less reduction in the intraocular pressure. Nonpenetrating procedures include viscocanalostomy, thermal sclerostomy, posterior or anterior lip sclerotomy, and trephination.<a href=\"epoc://current?article=44\">[44]</a> These surgical approaches may use antimetabolites to reduce fibrosis in the postoperative period.<a href=\"epoc://current?article=45\">[45]</a> </li><li>Very severe cases utilize cyclodestructive procedures, damaging the ciliary body and decreasing aqueous humor production.</li><li>Surgeries can cause some loss of vision and make the eye more susceptible to infection and inflammation.</li></ul></div></div></div></html>",
   "type":"web"},

  {
   "id":"tx-11",
   "sections":
   [

    {
     "cells":
     [

      {
       "target":"p-tx-c_11",
       "title":"surgical intervention",
       "flag":"1st",
       "type":"flex1"}      ]}    ],
   "type":"table"},

  {
   "id":"p-images-i_1",
   "title":"Images",
   "type":"image",
   "image_refs":
   [
0,
1    ]},

  {
   "id":"p-images-i_2",
   "title":"Images",
   "type":"image",
   "image_refs":
   [
1,
0    ]},

  {
   "id":"p-images-i_3",
   "title":"Images",
   "type":"image",
   "image_refs":
   [
0,
1    ]}  ],
 "citations":
 {
  "articles":
  [

   {
    "id":1,
    "key_article":true,
    "ref_article":true,
    "html":"Weinreb RN, Khaw PT. Primary open-angle glaucoma. Lancet. 2004;363:1711-1720.<a href=\"http://www.ncbi.nlm.nih.gov/pubmed/15158634\"> [Abstract]</a>"},

   {
    "id":2,
    "key_article":true,
    "ref_article":true,
    "html":"Weinreb RN, Khaw PT. Primary open-angle glaucoma. Lancet. 2004 May 22;363(9422):1711-20.<a href=\"http://www.ncbi.nlm.nih.gov/pubmed/15158634\"> [Abstract]</a>"},

   {
    "id":3,
    "key_article":false,
    "ref_article":true,
    "html":"Quigley HA, Broman AT. The number of people with glaucoma worldwide in 2010 and 2020. Br J Ophthalmol. 2006 Mar;90(3):262-7.<a href=\"http://www.ncbi.nlm.nih.gov/pubmed/16488940\"> [Abstract]</a><a href=\"http://www.ncbi.nlm.nih.gov/pmc/articles/PMC1856963/\"> [Full Text]</a>"},

   {
    "id":4,
    "key_article":false,
    "ref_article":true,
    "html":"American Academy of Ophthalmology. Preferred practice pattern: primary open-angle glaucoma. November 2015 [internet publication].<a href=\"https://www.aao.org/preferred-practice-pattern/primary-open-angle-glaucoma-ppp-2015\"> [Full Text]</a>"},

   {
    "id":5,
    "key_article":false,
    "ref_article":true,
    "html":"Fingert JH, Stone EM, Sheffield VC, et al. Myocilin glaucoma. Surv Ophthalmol. 2002 Nov-Dec;47(6):547-61.<a href=\"http://www.ncbi.nlm.nih.gov/pubmed/12504739\"> [Abstract]</a>"},

   {
    "id":6,
    "key_article":false,
    "ref_article":true,
    "html":"Delaney Y, Walshe TE, O'Brien C. Vasospasm in glaucoma: clinical and laboratory aspects. Optom Vis Sci. 2006;83:406-414.<a href=\"http://www.ncbi.nlm.nih.gov/pubmed/16840865\"> [Abstract]</a>"},

   {
    "id":7,
    "key_article":false,
    "ref_article":true,
    "html":"Khaw PT, Shah P, Elkington AR. Glaucoma-1: diagnosis. BMJ. 2004 Jan 10;328(7431):97-9.<a href=\"http://www.ncbi.nlm.nih.gov/pubmed/14715605\"> [Abstract]</a><a href=\"https://www.ncbi.nlm.nih.gov/pmc/articles/PMC314054/\"> [Full Text]</a>"},

   {
    "id":8,
    "key_article":false,
    "ref_article":true,
    "html":"Xu L, Wang Y, Wang S, et al. High myopia and glaucoma susceptibility. The Beijing Eye Study. Ophthalmology. 2007 Feb;114(2):216-20.<a href=\"http://www.ncbi.nlm.nih.gov/pubmed/17123613\"> [Abstract]</a>"},

   {
    "id":9,
    "key_article":false,
    "ref_article":true,
    "html":"Ocular Hypertension Treatment Study Group; European Glaucoma Prevention Study Group; Gordon MO, Torri V, Miglior S, et al. Validated prediction model for the development of primary open-angle glaucoma in individuals with ocular hypertension. Ophthalmology. 2007 Jan;114(1):10-9.<a href=\"http://www.ncbi.nlm.nih.gov/pubmed/17095090\"> [Abstract]</a><a href=\"http://www.ncbi.nlm.nih.gov/pmc/articles/PMC1995665/\"> [Full Text]</a>"},

   {
    "id":10,
    "key_article":false,
    "ref_article":true,
    "html":"Lee AJ, Wang JJ, Kifley A, et al. Open-angle glaucoma and cardiovascular mortality: the Blue Mountains Eye Study. Ophthalmology. 2006 Jul;113(7):1069-76.<a href=\"http://www.ncbi.nlm.nih.gov/pubmed/16815396\"> [Abstract]</a>"},

   {
    "id":11,
    "key_article":false,
    "ref_article":true,
    "html":"Dueker DK, Singh K, Lin SC, et al. Corneal thickness measurement in the management of primary open-angle glaucoma: a report by the American Academy of Ophthalmology. Ophthalmology. 2007 Sep;114(9):1779-87.<a href=\"http://www.ncbi.nlm.nih.gov/pubmed/17822980\"> [Abstract]</a>"},

   {
    "id":12,
    "key_article":false,
    "ref_article":true,
    "html":"Gordon MO, Beiser JA, Brandt JD, et al. The Ocular Hypertension Treatment Study: baseline factors that predict the onset of primary open-angle glaucoma. Arch Ophthalmol. 2002;120:714-720.<a href=\"http://www.ncbi.nlm.nih.gov/pubmed/12049575\"> [Abstract]</a>"},

   {
    "id":13,
    "key_article":false,
    "ref_article":true,
    "html":"Mitchell P, Smith W, Attebo K, et al. Prevalence of open-angle glaucoma in Australia. The Blue Mountains Eye Study. Ophthalmology. 1996;103:1661-1669.<a href=\"http://www.ncbi.nlm.nih.gov/pubmed/8874440\"> [Abstract]</a>"},

   {
    "id":14,
    "key_article":false,
    "ref_article":true,
    "html":"Quigley HA, Dunkelberger GR, Green WR. Retinal ganglion cell atrophy correlated with automated perimetry in human eyes with glaucoma. Am J Ophthalmol. 1989;107:453-464.<a href=\"http://www.ncbi.nlm.nih.gov/pubmed/2712129\"> [Abstract]</a>"},

   {
    "id":15,
    "key_article":false,
    "ref_article":true,
    "html":"Quigley HA, Katz J, Derick RJ, et al. An evaluation of optic disc and nerve fiber layer examinations in monitoring progression of early glaucoma damage. Ophthalmology. 1992;99:19-28.<a href=\"http://www.ncbi.nlm.nih.gov/pubmed/1741133\"> [Abstract]</a>"},

   {
    "id":16,
    "key_article":false,
    "ref_article":true,
    "html":"Dueker DK, Singh K, Lin SC, et al. Corneal thickness measurement in the management of primary open-angle glaucoma: a report by the American Academy of Ophthalmology. Ophthalmology. 2007;114:1779-1787.<a href=\"http://www.ncbi.nlm.nih.gov/pubmed/17822980\"> [Abstract]</a>"},

   {
    "id":17,
    "key_article":false,
    "ref_article":true,
    "html":"American Academy of Ophthalmology. Preferred practice pattern: primary open-angle glaucoma. November 2015. http://one.aao.org/ (last accessed 13 October 2016).<a href=\"http://www.aaojournal.org/pb/assets/raw/Health%20Advance/journals/ophtha/ophtha_8956.pdf\"> [Full Text]</a>"},

   {
    "id":18,
    "key_article":false,
    "ref_article":true,
    "html":"Wolfs RC, Borger PH, Ramrattan RS, et al. Changing views on open-angle glaucoma: definitions and prevalences - The Rotterdam Study. Invest Ophthalmol Vis Sci. 2000;41:3309-3321.<a href=\"http://www.iovs.org/content/41/11/3309.full\"> [Full Text]</a>"},

   {
    "id":19,
    "key_article":false,
    "ref_article":true,
    "html":"Adatia FA, Damji KF. Chronic open-angle glaucoma. Review for primary care physicians. Can Fam Physician. 2005 Sep;51:1229-37.<a href=\"http://www.ncbi.nlm.nih.gov/pubmed/16190176\"> [Abstract]</a><a href=\"http://www.pubmedcentral.nih.gov/articlerender.fcgi?tool=pubmed&amp;pubmedid=16190176\"> [Full Text]</a>"},

   {
    "id":20,
    "key_article":false,
    "ref_article":true,
    "html":"Burr JM, Mowatt G, Hernandez R, et al. The clinical effectiveness and cost-effectiveness of screening for open angle glaucoma: a systematic review and economic evaluation. Health Technol Assess. 2007 Oct;11(41):iii-iv, ix-x, 1-190.<a href=\"http://www.ncbi.nlm.nih.gov/pubmed/17927922\"> [Abstract]</a>"},

   {
    "id":21,
    "key_article":false,
    "ref_article":true,
    "html":"International Council of Ophthalmology. ICO guidelines for glaucoma eye care. February 2016. http://www.icoph.org (last accessed 13 October 2016).<a href=\"http://www.icoph.org/downloads/ICOGlaucomaGuidelines.pdf\"> [Full Text]</a>"},

   {
    "id":22,
    "key_article":false,
    "ref_article":true,
    "html":"American Academy of Ophthalmology. Preferred practice pattern: primary open-angle glaucoma suspect. November 2015. http://one.aao.org/ (last accessed 13 October 2016).<a href=\"http://www.aaojournal.org/pb/assets/raw/Health%20Advance/journals/ophtha/ophtha_8958.pdf\"> [Full Text]</a>"},

   {
    "id":23,
    "key_article":false,
    "ref_article":true,
    "html":"American Academy of Ophthalmology. Preferred practice pattern: comprehensive adult medical eye evaluation. November 2015. http://www.aaojournal.org (last accessed 13 October 2016).<a href=\"http://www.aaojournal.org/pb/assets/raw/Health%20Advance/journals/ophtha/ophtha_8949.pdf\"> [Full Text]</a>"},

   {
    "id":24,
    "key_article":false,
    "ref_article":true,
    "html":"American Optometric Association. Comprehensive adult eye and vision examination. September 2015. http://aoa.org (last accessed 13 October 2016).<a href=\"http://www.aoa.org/optometrists/tools-and-resources/clinical-care-publications/clinical-practice-guidelines?sso=y\"> [Full Text]</a>"},

   {
    "id":25,
    "key_article":false,
    "ref_article":true,
    "html":"Canadian Ophthalmological Society. Canadian Ophthalmological Society evidence-based clinical practice guidelines for the management of glaucoma in the adult eye. Can J Ophthalmology. 2009;44(suppl 1):s7-93.<a href=\"http://www.ncbi.nlm.nih.gov/pubmed/19492005\"> [Abstract]</a>"},

   {
    "id":26,
    "key_article":false,
    "ref_article":true,
    "html":"Maier PC, Funk J, Schwarzer G, et al. Treatment of ocular hypertension and open angle glaucoma: meta-analysis of randomised controlled trials. BMJ. 2005 Jul 16;331(7509):134.<a href=\"http://www.ncbi.nlm.nih.gov/pubmed/15994659\"> [Abstract]</a><a href=\"http://www.bmj.com/cgi/content/full/331/7509/134\"> [Full Text]</a>"},

   {
    "id":27,
    "key_article":false,
    "ref_article":true,
    "html":"Musch DC, Gillespie BW, Niziol LM, et al. Intraocular pressure control and long-term visual field loss in the Collaborative Initial Glaucoma Treatment Study. Ophthalmology. 2011 Sep;118(9):1766-73.<a href=\"http://www.ncbi.nlm.nih.gov/pubmed/21600658\"> [Abstract]</a>"},

   {
    "id":28,
    "key_article":false,
    "ref_article":true,
    "html":"Samples JR, Singh K, Lin SC, et al. Laser trabeculoplasty for open-angle glaucoma: a report by the American Academy of Ophthalmology. Ophthalmology. 2011 Nov;118(11):2296-302.<a href=\"http://www.ncbi.nlm.nih.gov/pubmed/21849211\"> [Abstract]</a>"},

   {
    "id":29,
    "key_article":false,
    "ref_article":true,
    "html":"Zhang L, Weizer JS, Musch DC. Perioperative medications for preventing temporarily increased intraocular pressure after laser trabeculoplasty. Cochrane Database Syst Rev. 2017 Feb 23;(2):CD010746.<a href=\"http://www.ncbi.nlm.nih.gov/pubmed/28231380\"> [Abstract]</a><a href=\"https://www.cochranelibrary.com/cdsr/doi/10.1002/14651858.CD010746.pub2/full\"> [Full Text]</a>"},

   {
    "id":30,
    "key_article":false,
    "ref_article":true,
    "html":"Smith OU, Seligsohn AL, Khan SJ, et al. Primary open angle glaucoma. American College of Physicians PIER Guideline. 2004."},

   {
    "id":31,
    "key_article":false,
    "ref_article":true,
    "html":"Zhang ML, Hirunyachote P, Jampel H. Combined surgery versus cataract surgery alone for eyes with cataract and glaucoma. Cochrane Database Syst Rev. 2015 Jul 14;(7):CD008671.<a href=\"http://www.ncbi.nlm.nih.gov/pubmed/26171900\"> [Abstract]</a><a href=\"https://www.cochranelibrary.com/cdsr/doi/10.1002/14651858.CD008671.pub3/full\"> [Full Text]</a>"},

   {
    "id":32,
    "key_article":false,
    "ref_article":true,
    "html":"Walters TR, DuBiner HB, Carpenter SP, et al. Bimatoprost Circadian IOP Study Group. 24-Hour IOP control with once-daily bimatoprost, timolol gel-forming solution, or latanoprost: a 1-month, randomized, comparative clinical trial. Surv Ophthalmol. 2004 Mar;49(suppl 1):S26-35.<a href=\"http://www.ncbi.nlm.nih.gov/pubmed/15016559\"> [Abstract]</a>"},

   {
    "id":33,
    "key_article":false,
    "ref_article":true,
    "html":"Garway-Heath DF, Crabb DP, Bunce C, et al. Latanoprost for open-angle glaucoma (UKGTS): a randomised, multicentre, placebo-controlled trial. Lancet. 2015 Apr 4;385(9975):1295-304.<a href=\"http://www.ncbi.nlm.nih.gov/pubmed/25533656\"> [Abstract]</a><a href=\"http://www.thelancet.com/journals/lancet/article/PIIS0140-6736%2814%2962111-5/fulltext\"> [Full Text]</a>"},

   {
    "id":34,
    "key_article":false,
    "ref_article":true,
    "html":"Leske MC, Heijl A, Hussein M, et al; Early Manifest Glaucoma Trial Group. Factors for glaucoma progression and the effect of treatment: the early manifest glaucoma trial. Arch Ophthalmol. 2003 Jan;121(1):48-56.<a href=\"http://www.ncbi.nlm.nih.gov/pubmed/12523884\"> [Abstract]</a>"},

   {
    "id":35,
    "key_article":false,
    "ref_article":true,
    "html":"Lippa EA, Schuman JS, Higginbotham EJ, et al. MK507 versus sezolamide: comparative efficacy of two topically active carbonic anhydrase inhibitors. Ophthalmology. 1991 Mar;98(3):308-12.<a href=\"http://www.ncbi.nlm.nih.gov/pubmed/2023750\"> [Abstract]</a>"},

   {
    "id":36,
    "key_article":false,
    "ref_article":true,
    "html":"Schadlu R, Maus TL, Nau CB, et al. Comparison of the efficacy of apraclonidine and brimonidine as aqueous suppressants in humans. Arch Ophthalmol. 1998 Nov;116(11):1441-4.<a href=\"http://www.ncbi.nlm.nih.gov/pubmed/9823343\"> [Abstract]</a>"},

   {
    "id":37,
    "key_article":false,
    "ref_article":true,
    "html":"Coleman AL, Robin AL, Pollack IP, et al. Cardiovascular and intraocular pressure effects and plasma concentrations of apraclonidine. Arch Ophthalmol. 1990 Sep;108(9):1264-7.<a href=\"http://www.ncbi.nlm.nih.gov/pubmed/2205182\"> [Abstract]</a>"},

   {
    "id":38,
    "key_article":false,
    "ref_article":true,
    "html":"Cheng JW, Cheng SW, Yu DY, et al. Meta-analysis of alpha2-adrenergic agonists versus carbonic anhydrase inhibitors as adjunctive therapy. Curr Med Res Opin. 2012 Apr;28(4):543-50.<a href=\"http://www.ncbi.nlm.nih.gov/pubmed/22321008\"> [Abstract]</a>"},

   {
    "id":39,
    "key_article":false,
    "ref_article":true,
    "html":"Sherwood MB, Craven ER, Chou C, et al. Twice-daily 0.2% brimonidine-0.5% timolol fixed-combination therapy vs monotherapy with timolol or brimonidine in patients with glaucoma or ocular hypertension: A 12-month randomized trial. Arch Ophthalmol. 2006 Sep;124(9):1230-8.<a href=\"http://www.ncbi.nlm.nih.gov/pubmed/16966616\"> [Abstract]</a>"},

   {
    "id":40,
    "key_article":false,
    "ref_article":true,
    "html":"Miglior S, Grunden JW, Kwok K; Xalacom/Cosopt European Study Group. Efficacy and safety of fixed combinations of latanoprost/timolol and dorzolamide/timolol in open-angle glaucoma or ocular hypertension. Eye (Lond). 2010 Jul;24(7):1234-42.<a href=\"http://www.ncbi.nlm.nih.gov/pubmed/20019759\"> [Abstract]</a>"},

   {
    "id":41,
    "key_article":true,
    "ref_article":true,
    "html":"Diestelhorst M, Larsson LI; European-Canadian Latanoprost Fixed Combination Study Group. A 12-week, randomized, double-masked, multicenter study of the fixed combination of latanoprost and timolol in the evening versus the individual components. Ophthalmology. 2006 Jan;113(1):70-6.<a href=\"http://www.ncbi.nlm.nih.gov/pubmed/16263174\"> [Abstract]</a>"},

   {
    "id":42,
    "key_article":false,
    "ref_article":true,
    "html":"Waterman H, Evans JR, Gray TA, et al. Interventions for improving adherence to ocular hypotensive therapy. Cochrane Database Syst Rev. 2013 Apr 30;(4):CD006132.<a href=\"http://www.ncbi.nlm.nih.gov/pubmed/23633333\"> [Abstract]</a><a href=\"https://www.cochranelibrary.com/cdsr/doi/10.1002/14651858.CD006132.pub3/full\"> [Full Text]</a>"},

   {
    "id":43,
    "key_article":false,
    "ref_article":true,
    "html":"Hoyng PF, van Beek LM. Pharmacological therapy for glaucoma: a review. Drugs. 2000 Mar;59(3):411-34.<a href=\"http://www.ncbi.nlm.nih.gov/pubmed/10776828\"> [Abstract]</a>"},

   {
    "id":44,
    "key_article":false,
    "ref_article":true,
    "html":"Chai C, Loon SC. Meta-analysis of viscocanalostomy versus trabeculectomy in uncontrolled glaucoma. J Glaucoma. 2010 Oct-Nov;19(8):519-27.<a href=\"http://www.ncbi.nlm.nih.gov/pubmed/20179632\"> [Abstract]</a>"},

   {
    "id":45,
    "key_article":false,
    "ref_article":true,
    "html":"Cheng JW, Cai JP, Li Y, et al. Intraoperative mitomycin C for nonpenetrating glaucoma surgery: a systematic review and meta-analysis. J Glaucoma. 2011 Jun-Jul;20(5):322-6.<a href=\"http://www.ncbi.nlm.nih.gov/pubmed/20577107\"> [Abstract]</a>"},

   {
    "id":46,
    "key_article":false,
    "ref_article":true,
    "html":"Weinreb RN, Liebmann JM, Martin KR, et al. Latanoprostene bunod 0.024% in subjects with open-angle glaucoma or ocular hypertension: pooled phase 3 study findings. J Glaucoma. 2018 Jan;27(1):7-15.<a href=\"http://www.ncbi.nlm.nih.gov/pubmed/29194198\"> [Abstract]</a>"},

   {
    "id":47,
    "key_article":false,
    "ref_article":true,
    "html":"Serle JB, Katz LJ, McLaurin E, et al. Two phase 3 clinical trials comparing the safety and efficacy of netarsudil to timolol in patients with elevated intraocular pressure: Rho Kinase Elevated IOP Treatment Trial 1 and 2 (ROCKET-1 and ROCKET-2). Am J Ophthalmol. 2018 Feb;186:116-27.<a href=\"http://www.ncbi.nlm.nih.gov/pubmed/29199013\"> [Abstract]</a><a href=\"https://www.sciencedirect.com/science/article/pii/S0002939417305135?via%3Dihub\"> [Full Text]</a>"},

   {
    "id":48,
    "key_article":false,
    "ref_article":true,
    "html":"Yucel YH, Gupta N, Zhang Q, et al. Memantine protects neurons from shrinkage in the lateral geniculate nucleus in experimental glaucoma. Arch Ophthalmol. 2006 Feb;124(2):217-25.<a href=\"http://www.ncbi.nlm.nih.gov/pubmed/16476892\"> [Abstract]</a><a href=\"http://archopht.ama-assn.org/cgi/content/full/124/2/217\"> [Full Text]</a>"},

   {
    "id":49,
    "key_article":false,
    "ref_article":true,
    "html":"Sena DF, Lindsley K. Neuroprotection for treatment of glaucoma in adults. Cochrane Database Syst Rev. 2017 Jan 25;(1):CD006539.<a href=\"http://www.ncbi.nlm.nih.gov/pubmed/28122126\"> [Abstract]</a><a href=\"https://www.cochranelibrary.com/cdsr/doi/10.1002/14651858.CD006539.pub4/full\"> [Full Text]</a>"},

   {
    "id":50,
    "key_article":false,
    "ref_article":true,
    "html":"Wang X, Khan R, Coleman A. device-modified trabeculectomy for glaucoma. Cochrane Database Syst Rev. 2015 Dec 1;(12):CD010472.<a href=\"http://www.ncbi.nlm.nih.gov/pubmed/26625212\"> [Abstract]</a><a href=\"https://www.cochranelibrary.com/cdsr/doi/10.1002/14651858.CD010472.pub2/full\"> [Full Text]</a>"},

   {
    "id":51,
    "key_article":false,
    "ref_article":true,
    "html":"Hu K, Gazzard G, Bunce C, et al. Ab interno trabecular bypass surgery with trabectome for open angle glaucoma. Cochrane Database Syst Rev. 2016 Aug 15;(8):CD011693.<a href=\"http://www.ncbi.nlm.nih.gov/pubmed/27526051\"> [Abstract]</a><a href=\"https://www.cochranelibrary.com/cdsr/doi/10.1002/14651858.CD011693.pub2/full\"> [Full Text]</a>"},

   {
    "id":52,
    "key_article":false,
    "ref_article":true,
    "html":"Augustinus CJ, Zeyen T. The effect of phacoemulsification and combined phaco/glaucoma procedures on the intraocular pressure in open-angle glaucoma. A review of the literature. Bull Soc Belge Ophtalmol. 2012;(320):51-66.<a href=\"http://www.ncbi.nlm.nih.gov/pubmed/22978183\"> [Abstract]</a><a href=\"http://www.ophthalmologia.be/download.php?dof_id=949\"> [Full Text]</a>"},

   {
    "id":53,
    "key_article":false,
    "ref_article":true,
    "html":"International Council of Ophthalmology. ICO guidelines for glaucoma eye care. February 2016 [internet publication].<a href=\"http://www.icoph.org/downloads/ICOGlaucomaGuidelines.pdf\"> [Full Text]</a>"},

   {
    "id":54,
    "key_article":false,
    "ref_article":true,
    "html":"American Academy of Ophthalmology. Preferred practice pattern: primary open-angle glaucoma suspect. November 2015 [internet publication].<a href=\"https://www.aao.org/preferred-practice-pattern/primary-open-angle-glaucoma-suspect-ppp-2015\"> [Full Text]</a>"},

   {
    "id":55,
    "key_article":false,
    "ref_article":true,
    "html":"American Academy of Ophthalmology. Preferred practice pattern: comprehensive adult medical eye evaluation. November 2015 [internet publication].<a href=\"https://www.aao.org/preferred-practice-pattern/comprehensive-adult-medical-eye-evaluation-2015\"> [Full Text]</a>"},

   {
    "id":56,
    "key_article":false,
    "ref_article":true,
    "html":"American Optometric Association. Comprehensive adult eye and vision examination. September 2015 [internet publication].<a href=\"http://www.aoa.org/optometrists/tools-and-resources/clinical-care-publications/clinical-practice-guidelines?sso=y\"> [Full Text]</a>"},

   {
    "id":57,
    "key_article":false,
    "ref_article":true,
    "html":"Leske MC, Heijl A, Hyman L, et al; EMGT Group. Predictors of long-term progression in the early manifest glaucoma trial. Ophthalmology. 2007 Nov;114(11):1965-72.<a href=\"http://www.ncbi.nlm.nih.gov/pubmed/17628686\"> [Abstract]</a>"}   ]},
 "media":
 [

  {
   "file":"373-2.jpg",
   "thumb":"373-2-tn.jpg",
   "caption":"Fundus photograph of normal optic nerve head",
   "hilight":"false",
   "iline":"false",
   "auth":"false",
   "source":"Collection of Robert B. Avery, MD, PhD"},

  {
   "file":"373-1-hlight.jpg",
   "thumb":"373-1-hlight-tn.jpg",
   "caption":"Photograph showing optic disk cupping. An increase in cup-to-disk ratio over time may indicate glaucoma.",
   "hilight":"true",
   "iline":"false",
   "auth":"false",
   "source":"Collection of Robert B. Avery, MD, PhD"}  ]}