
{
 "id":476,
 "title":"Impetigo",
 "views":
 [

  {
   "id":"root",
   "type":"table",
   "sections":
   [

    {
     "cells":
     [

      {
       "target":"highlights",
       "title":"Highlights & Basics",
       "type":"flex0"}      ]},

    {
     "cells":
     [

      {
       "target":"tx_options",
       "title":"Treatment Options",
       "type":"flex0"},

      {
       "target":"tx_emerging",
       "title":"Emerging Treatments",
       "type":"flex0"},

      {
       "target":"tx_approach",
       "title":"Treatment Approach",
       "type":"flex0"},

      {
       "target":"hxexam",
       "title":"History & Exam",
       "type":"flex0"},

      {
       "target":"tests",
       "title":"Tests",
       "type":"flex0"},

      {
       "target":"differentials",
       "title":"Differential Diagnosis",
       "type":"flex0"},

      {
       "target":"diag_approach",
       "title":"Diagnostic Approach",
       "type":"flex0"},

      {
       "target":"followup",
       "title":"Follow-up",
       "type":"flex0"},

      {
       "target":"prevention",
       "title":"Prevention",
       "type":"flex0"},

      {
       "target":"complications",
       "title":"Complications",
       "type":"flex0"},

      {
       "target":"guidelines",
       "title":"Society Guidelines",
       "type":"flex0"}      ]}    ]},

  {
   "id":"highlights",
   "title":"Impetigo",
   "html":"<div class=\"cell\"><div class=\"cellBlock\"><div class=\"cellTitle\">Key Highlights</div><div class=\"cellBody\"><ul><li>Highly contagious and common bacterial infection of the skin that typically occurs in children; a key consideration for schools and playgroups.</li><li>Typically staphylococcal or streptococcal. Diagnosis is usually clinical; bacterial skin cultures are reserved for extensive disease or where there is risk of spread of infection.</li><li>Skin that has been broken by minor trauma or other disease is particularly susceptible to infection.</li><li>Tends to resolve spontaneously or with topical antiseptics.</li><li>Topical antibiotics are effective, but resistance may be an issue in some regions.</li><li>Systemic antibiotics may be necessary; for example, if infection is recalcitrant to topical treatment, if there is concern about complications (e.g., acute rheumatic fever), or if deeper infection is suspected.</li></ul></div><div class=\"cellTitle\">Definition</div><div class=\"cellBody\"><P>Impetigo is a superficial, contagious, blistering infection of the skin caused by the bacteria Staphylococcus aureus and Streptococcus pyogenes. It has two forms: nonbullous and bullous. Bullae are fluid-filled lesions &gt;0.5 cm in diameter.</P><P>Nonbullous impetigo is the more common form (70% of cases).<a href=\"epoc://current?article=1\">[1]</a> Though bullae are not present in this form, vesicles (fluid-filled lesions &lt;0.5 cm in diameter) may appear transiently early in the disease. Etiologic agents are Staphylococcus aureus, Streptococcus pyogenes, or a combination of the 2 organisms. Lesions occur at sites of skin trauma.</P><P>Bullous impetigo is due to Staphylococcus aureus skin infection. Lesions occur on intact skin.</P></div><div class=\"cellTitle\">Classification</div><div class=\"cellBody\"><h3>Clinical classification</h3><P>Bullous impetigo: bullae are fluid-filled lesions &gt;0.5 cm in diameter.</P><P>Nonbullous impetigo: impetigo without bullae.</P></div><div class=\"cellTitle\">Epidemiology</div><div class=\"cellBody\"><P>Impetigo is the most common bacterial skin infection in children worldwide, with a global prevalence of over 162 million.<a href=\"https://pch.health.wa.gov.au/For-health-professionals/Emergency-Department-Guidelines/Impetigo\">Perth Children's Hospital Emergency Guidelines: impetigo</a> <a href=\"epoc://current?article=2\">[2]</a> Approximately 10% of children presenting to US medical clinics with skin complaints are diagnosed with this condition. The annual incidence of impetigo in the UK is approximately 80/100,000 in children aged 0 to 4 years, decreasing to approximately 50/100,000 in those aged 5 to 14 years. It decreases further in older age groups.<a href=\"epoc://current?article=3\">[3]</a> Bullous impetigo can occur at any age. Nonbullous impetigo also occurs in all age groups, but is a particular concern in newborns, in whom it is potentially more serious due to increased risk of sepsis and other life-threatening infections (e.g., pneumonia). In the US and Europe, Staphylococcus aureus is the usual causative agent.<a href=\"http://www.pcds.org.uk/clinical-guidance/impetigo\">PCDS Clinical Guidance: impetigo</a> In hot and humid areas of the world, the streptococcal form predominates and is often endemic.<a href=\"epoc://current?article=4\">[4]</a> <a href=\"epoc://current?article=5\">[5]</a> The incidence of impetigo is higher in summer months, due to environmental factors such as increased humidity.<a href=\"epoc://current?article=4\">[4]</a> <a href=\"epoc://current?article=6\">[6]</a> Impetigo is typically found in conditions of overcrowding, poor hygiene, malnutrition,<a href=\"epoc://current?article=4\">[4]</a> and where the skin barrier is defective (e.g., due to insect bites<a href=\"epoc://current?article=3\">[3]</a> and scabies<a href=\"epoc://current?article=4\">[4]</a> <a href=\"epoc://current?article=7\">[7]</a>). It is highly infectious through fomites. The nasal carriage of Staphylococcus aureus can be as high as approximately 40% for bullous impetigo, and approximately 60% for the nonbullous form.<a href=\"epoc://current?article=4\">[4]</a> <a href=\"epoc://current?article=8\">[8]</a> MRSA can be a causative organism and is seen more often in cases of nonbullous impetigo.<a href=\"epoc://current?article=9\">[9]</a> </P></div><div class=\"cellTitle\">Etiology</div><div class=\"cellBody\"><P>Impetigo is caused by Staphylococcus aureus (usual causative agent of the bullous type), Group A beta-hemolytic Streptococcus pyogenes (usual causative agent of the nonbullous type), or both. Minor abrasions and skin lesions, associated with a wide variety of skin diseases, allow bacterial introduction into the skin. These bacteria colonize and then infiltrate the superficial layers of the skin, initially creating a small erythematous macule (a flat, discolored area of skin), which soon becomes vesicular.<a href=\"epoc://current?article=10\">[10]</a> MRSA can be a causative organism and is seen more often in cases of nonbullous impetigo.<a href=\"epoc://current?article=9\">[9]</a> </P></div><div class=\"cellTitle\">Authors / Peer Reviewers</div><div class=\"cellBody\"><ul><li>Michael Freeman, MB BS, FACD, FRACGP</li><li>Brian Swick, MD</li><li>Julian Trevino, MD</li></ul></div><br><b class=\"last-updated display-none\">Last Updated: 2020-10-07</b><div style=\"display: none\" class=\"last-updated\"><div class=\"last-updated-label\">Last Updated</div><div class=\"last-updated-date\">2020-10-07</div></div></div></div>",
   "type":"web"},

  {
   "id":"p-p_tx-c_0",
   "sections":
   [

    {
     "type":"table",
     "cells":
     [

      {
       "target":"tx-1",
       "title":"MRSA excluded or unlikely",
       "type":"flex0"},

      {
       "target":"tx-2",
       "title":"MRSA suspected or confirmed",
       "type":"flex0"}      ]}    ],
   "type":"table"},

  {
   "id":"p-p_tx-c_3",
   "sections":
   [

    {
     "type":"table",
     "cells":
     [

      {
       "target":"tx-4",
       "title":"MRSA excluded or unlikely",
       "type":"flex0"},

      {
       "target":"tx-5",
       "title":"MRSA suspected or confirmed",
       "type":"flex0"}      ]}    ],
   "type":"table"},

  {
   "id":"p-p_tx-c_6",
   "sections":
   [

    {
     "type":"table",
     "cells":
     [

      {
       "target":"tx-7",
       "title":"frequent recurrences or at risk to spread infection",
       "type":"flex0"},

      {
       "target":"tx-6",
       "title":"not otherwise specified",
       "type":"flex0"}      ]}    ],
   "type":"table"},

  {
   "id":"p-p_tx-c_8",
   "sections":
   [

    {
     "type":"table",
     "cells":
     [

      {
       "target":"tx-9",
       "title":"MRSA excluded or unlikely",
       "type":"flex0"},

      {
       "target":"tx-11",
       "title":"MRSA confirmed or suspected",
       "type":"flex0"}      ]}    ],
   "type":"table"},

  {
   "id":"p-p_tx-c_13",
   "sections":
   [

    {
     "type":"table",
     "cells":
     [

      {
       "target":"tx-14",
       "title":"MRSA excluded or unlikely",
       "type":"flex0"},

      {
       "target":"tx-16",
       "title":"MRSA suspected or confirmed",
       "type":"flex0"}      ]}    ],
   "type":"table"},

  {
   "id":"tx_options",
   "sections":
   [

    {
     "headerText":"Acute",
     "cells":
     [

      {
       "target":"p-p_tx-c_0",
       "title":"neonates: nonbullous impetigo",
       "type":"flex0"},

      {
       "target":"p-p_tx-c_3",
       "title":"neonates: bullous impetigo",
       "type":"flex0"},

      {
       "target":"p-p_tx-c_6",
       "title":"adults, children, and infants: superficial or limited infection",
       "type":"flex0"},

      {
       "target":"p-p_tx-c_8",
       "title":"adults, children, and infants: widespread cutaneous lesions",
       "type":"flex0"},

      {
       "target":"p-p_tx-c_13",
       "title":"adults, children, and infants: deep soft tissue infection or hematogenous spread",
       "type":"flex0"}      ]}    ],
   "type":"table"},

  {
   "id":"tx_emerging",
   "title":"Impetigo",
   "html":"<div class=\"cell\"><div class=\"cellBlock\"><div class=\"cellTitle\">New systemic antibiotics</div><div class=\"cellBody\">Brilacidin and iclaprim are investigational new drugs for antibiotic-resistant bacteria that may have a role in the treatment of complicated impetigo in the future.<a href=\"epoc://current?article=35\">[35]</a> Delafloxacin, a fluoroquinolone, and omadacycline, a tetracycline, are approved by the Food and Drug Administration (FDA) for the treatment of acute bacterial skin infections; these are yet to be widely adopted for the treatment of impetigo.<a href=\"epoc://current?article=36\">[36]</a> In Europe, delafloxacin is approved by the European Medicines Agency for the treatment of bacterial infections of the skin and underlying tissues (acute bacterial skin and skin structure infections) in adults when other medicines are not suitable.</div><div class=\"cellTitle\">Topical minocycline</div><div class=\"cellBody\">Topical minocycline foam is under investigation as a treatment for children with impetigo; additional safety studies are pending.<a href=\"epoc://current?article=37\">[37]</a> </div></div></div>",
   "type":"web"},

  {
   "id":"tx_approach",
   "title":"Impetigo",
   "html":"<div class=\"cell\"><div class=\"cellBlock\"><div class=\"cellBody\"><P>Most cases of impetigo resolve without requiring medical care. Standard treatment for local disease with no systemic manifestations is with topical antibiotics. Oral antibiotics are reserved for patients with more severe or treatment-refractory disease.<a href=\"epoc://current?article=21\">[21]</a> <a href=\"epoc://current?article=22\">[22]</a> <a href=\"epoc://current?article=23\">[23]</a> Intranasal antibiotics are used for those with chronic nasal carriage of causative bacteria. Skin hygiene measures and the use of antiseptic agents that reduce pathogenic bacteria density on the skin are useful for most patients.</P><P>Skin that has been broken either by minor trauma or as a result of another condition is particularly susceptible to infection, therefore any underlying cause (including wounds, dermatitis, insect bites, and scabies) should be excluded and treated.<a href=\"epoc://current?article=24\">[24]</a> </P></div><div class=\"cellTitle\">Neonates</div><div class=\"cellBody\"><P>Undertake antibiotic treatment in neonates in collaboration with a pediatric dermatologist or infectious disease specialist.</P><P>Patients presenting in the first month of life with nonbullous impetigo require oral antibiotics if MRSA is excluded or unlikely. Erythromycin is recommended as first-line treatment. Intravenous vancomycin is recommended if testing indicates the presence of MRSA.<a href=\"epoc://current?article=25\">[25]</a> <a href=\"epoc://current?article=26\">[26]</a> </P><P>For neonates with bullous impetigo, parenteral antibiotic therapy with nafcillin, oxacillin, or clindamycin is recommended; vancomycin is recommended for cases of MRSA.<a href=\"epoc://current?article=25\">[25]</a> <a href=\"epoc://current?article=26\">[26]</a> </P></div><div class=\"cellTitle\">Adults, children, and infants: superficial or limited infection</div><div class=\"cellBody\"><P>These patients have no evidence of deeper soft tissue involvement (abscess, cellulitis) or hematogenous spread (fever, constitutional symptoms). Topical antibiotics such as mupirocin, retapamulin, and ozenoxacin are the first-line treatment options, except where there is resistance.<a href=\"epoc://current?article=23\">[23]</a> <a href=\"epoc://current?article=25\">[25]</a> <a href=\"epoc://current?article=27\">[27]</a> <a href=\"epoc://current?article=28\">[28]</a> <a href=\"epoc://current?article=29\">[29]</a> <a href=\"epoc://current?article=30\">[30]</a> </P></div><div class=\"cellTitle\">Adults, children, and infants: widespread cutaneous lesions</div><div class=\"cellBody\"><P>These patients have no evidence of deeper soft tissue involvement (abscess, cellulitis) or hematogenous spread (fever, constitutional symptoms). The oral antibiotics dicloxacillin, erythromycin,<a href=\"epoc://current?article=31\">[31]</a> or a first-generation cephalosporin (e.g., cephalexin) are preferred agents. Immunocompromised patients are at greater risk for developing a complicated course of infection;<a href=\"epoc://current?article=25\">[25]</a> <a href=\"epoc://current?article=26\">[26]</a> parenteral antibiotic treatment is a consideration for patients with widespread lesions and severe immune compromise. If MRSA is suspected (cases of spontaneous abscess or cellulitis; lesions that do not resolve with recommended antibiotic treatment) and/or determined by antibiotic susceptibility testing,<a href=\"epoc://current?article=32\">[32]</a> appropriate antibiotic choices include clindamycin, trimethoprim/sulfamethoxazole,<a href=\"epoc://current?article=33\">[33]</a> or doxycycline.<a href=\"epoc://current?article=23\">[23]</a> </P></div><div class=\"cellTitle\">Adults, children, and infants: deep soft tissue involvement or hematogenous spread</div><div class=\"cellBody\"><P>These patients present with more extensive skin disease (abscess, cellulitis) or evidence of hematogenous spread (fever, constitutional symptoms). Parenteral antibiotic therapy with nafcillin, oxacillin, or clindamycin is recommended. If MRSA is suspected (cases of spontaneous abscess or cellulitis; lesions that do not resolve with recommended antibiotic treatment) and/or determined by antibiotic susceptibility testing,<a href=\"epoc://current?article=32\">[32]</a> vancomycin is the antibiotic of choice. Alternatives to vancomycin include oritavancin, dalbavancin, and tedizolid. Consider collaboration with an infectious disease specialist (pediatric or adult) when treating infants, children, immunocompromised patients, or any patient poorly responsive to initial parenteral antibiotic treatment.</P></div><div class=\"cellTitle\">Intranasal antibiotics for chronic nasal bacterial colonization</div><div class=\"cellBody\"><P>For patients who experience frequent recurrences of their impetigo, an intranasal antibiotic (applied to the nares at the same frequency as antibiotic skin application for 5 to 7 days of the month) is additionally used. In the case where several family members other than the patient are affected by impetigo, intranasal antibiotic alone would be prescribed for the unaffected family member(s). In either case, the intention is to decrease nasal colonization by bacteria, as the nasal reservoir can serve as a source for reinfection of an individual or spread of the infection to close contacts.</P></div><div class=\"cellTitle\">Skin hygiene measures</div><div class=\"cellBody\"><P>Twice-daily washing with soap and water is good general skin care for all patients with impetigo, as it helps reduce the amount of bacteria on the skin. For older children and adults, particularly those with more widespread skin involvement, chlorhexidine can be a good antibacterial cleanser to add to their routine. However, chlorhexidine is not recommended in neonates or children younger than 4 years (due to issues related to its potential toxicity with absorption).</P></div></div></div>",
   "type":"web"},

  {
   "id":"hxexam_details",
   "sections":
   [

    {
     "type":"table",
     "headerText":"Strong",
     "cells":
     [

      {
       "title":"increased humidity",
       "type":"flex0",
       "targetHTML":"<div class=\"cell\"><div class=\"cellBlock\"><div class=\"cellBody\"><P>During the summer months, increased humidity can increase the likelihood of microtrauma and thus the risk of impetigo.<a href=\"epoc://current?article=4\">[4]</a><a href=\"epoc://current?article=6\">[6]</a></P></div></div></div>"},

      {
       "title":"poor hygiene, malnutrition, and overcrowding",
       "type":"flex0",
       "targetHTML":"<div class=\"cell\"><div class=\"cellBlock\"><div class=\"cellBody\"><P>These factors promote increased bacterial skin colonization.<a href=\"epoc://current?article=4\">[4]</a><a href=\"epoc://current?article=5\">[5]</a></P></div></div></div>"},

      {
       "title":"chronic colonization with Staphylococcus aureus - nasal, axillary, pharyngeal, perineal",
       "type":"flex0",
       "targetHTML":"<div class=\"cell\"><div class=\"cellBlock\"><div class=\"cellBody\"><P>The anterior nares of up to 50% of children in a population may be colonized by S aureus.<a href=\"epoc://current?article=4\">[4]</a> The other noted sites of possible colonization are less frequently involved. Recurrent episodes of impetigo can occur in people colonized by S aureus. Some of these individuals can be a point source for the spread of impetigo.</P></div></div></div>"},

      {
       "title":"concomitant skin disease",
       "type":"flex0",
       "targetHTML":"<div class=\"cell\"><div class=\"cellBlock\"><div class=\"cellBody\"><P>Skin conditions such as scabies, pediculosis capitis (head lice), and atopic eczema result in destruction of the epidermal barriers, allowing the bacteria easy access in order to establish infection.<a href=\"epoc://current?article=3\">[3]</a><a href=\"epoc://current?article=4\">[4]</a><a href=\"epoc://current?article=8\">[8]</a></P></div></div></div>"}      ]}    ],
   "type":"table"},

  {
   "id":"p-hxexam_factor-key_2",
   "title":"Impetigo",
   "html":"<html><div class=\"cell\"><div class=\"cellBlock\"><div class=\"cellBody\"><P>Seen in bullous impetigo. They are 2 cm in diameter or larger and initially clear, subsequently becoming turbid. Buccal mucosa may be involved.<a class=\"inlineImage\" href=\"epoc://current?view=p-images-i_2\">Image</a></P></div></div></div></html>",
   "type":"web"},

  {
   "id":"p-hxexam_factor-key_3",
   "title":"Impetigo",
   "html":"<html><div class=\"cell\"><div class=\"cellBlock\"><div class=\"cellBody\"><P>Impetigo usually presents a classic facial yellowish to golden crusting. The streptococcal form tends to have thicker and darker crusts.</P><P>In resolving impetigo, the crusts usually dry and separate, leaving an erythematous base.<a class=\"inlineImage\" href=\"epoc://current?view=p-images-i_3\">Image</a></P></div></div></div></html>",
   "type":"web"},

  {
   "id":"p-hxexam_factor-other_4",
   "title":"Impetigo",
   "html":"<html><div class=\"cell\"><div class=\"cellBlock\"><div class=\"cellBody\"><P>Patients often present with erosions that have a yellowish to golden crust on an erythematous base.</P><P>In resolving impetigo, the crusts usually dry and separate, leaving an erythematous base.<a class=\"inlineImage\" href=\"epoc://current?view=p-images-i_4\">Image</a></P></div></div></div></html>",
   "type":"web"},

  {
   "id":"p-hxexam_factor-other_0",
   "title":"Impetigo",
   "html":"<html><div class=\"cell\"><div class=\"cellBlock\"><div class=\"cellBody\"><P>Occasionally pruritic.</P></div></div></div></html>",
   "type":"web"},

  {
   "id":"p-hxexam_factor-other_1",
   "title":"Impetigo",
   "html":"<html><div class=\"cell\"><div class=\"cellBlock\"><div class=\"cellBody\"><P>Rarely painful.</P></div></div></div></html>",
   "type":"web"},

  {
   "id":"p-hxexam_factor-other_5",
   "title":"Impetigo",
   "html":"<html><div class=\"cell\"><div class=\"cellBlock\"><div class=\"cellBody\"><P>In nonhealing cases, there is elevation of the crust by the underlying mucopurulent exudate of active disease.</P></div></div></div></html>",
   "type":"web"},

  {
   "id":"p-hxexam_factor-other_6",
   "title":"Impetigo",
   "html":"<html><div class=\"cell\"><div class=\"cellBlock\"><div class=\"cellBody\"><P>May occur with severe disease when large areas are affected.</P></div></div></div></html>",
   "type":"web"},

  {
   "id":"p-hxexam_factor-other_7",
   "title":"Impetigo",
   "html":"<html><div class=\"cell\"><div class=\"cellBlock\"><div class=\"cellBody\"><P>May occur with severe disease when large areas are affected.</P></div></div></div></html>",
   "type":"web"},

  {
   "id":"hxexam",
   "sections":
   [

    {
     "headerText":"Risk Factors",
     "cells":
     [

      {
       "target":"hxexam_details",
       "title":"Details",
       "type":"flex0"}      ]},

    {
     "dividerType":"divider0",
     "headers":
     [

      {
       "title":"Key Diagnostic Factors"},

      {
       "title":"common",
       "type":"header1"}      ],
     "cells":
     [

      {
       "title":"vesicles/bullae",
       "target":"p-hxexam_factor-key_2",
       "type":"flex0"},

      {
       "title":"crusting",
       "target":"p-hxexam_factor-key_3",
       "type":"flex0"}      ]},

    {
     "dividerType":"divider0",
     "headers":
     [

      {
       "title":"Other Diagnostic Factors"},

      {
       "title":"common",
       "type":"header1"}      ],
     "cells":
     [

      {
       "title":"erythema",
       "target":"p-hxexam_factor-other_4",
       "type":"flex0"}      ]},

    {
     "headers":
     [

      {
       "title":"uncommon",
       "type":"header1"}      ],
     "cells":
     [

      {
       "title":"pruritus",
       "target":"p-hxexam_factor-other_0",
       "type":"flex0"},

      {
       "title":"pain",
       "target":"p-hxexam_factor-other_1",
       "type":"flex0"},

      {
       "title":"mucopurulent exudate",
       "target":"p-hxexam_factor-other_5",
       "type":"flex0"},

      {
       "title":"lymphadenopathy",
       "target":"p-hxexam_factor-other_6",
       "type":"flex0"},

      {
       "title":"fever",
       "target":"p-hxexam_factor-other_7",
       "type":"flex0"}      ]}    ],
   "type":"table"},

  {
   "id":"p-test-t_0",
   "title":"clinical diagnosis",
   "html":"<html><div class=\"cell\"><div class=\"cellBlock\"><div class=\"cellTitle\">Result</div><div class=\"cellBody\">features of impetigo</div><div class=\"cellTitle\">Test Details</div><div class=\"cellBody\"><li>Usually no tests are necessary.</li></div></div></div></html>",
   "type":"web"},

  {
   "id":"p-test-t_1",
   "title":"bacterial skin culture",
   "html":"<html><div class=\"cell\"><div class=\"cellBlock\"><div class=\"cellTitle\">Result</div><div class=\"cellBody\">positive for Staphylococcus aureus or Streptococcus pyogenes </div><div class=\"cellTitle\">Test Details</div><div class=\"cellBody\"><li>Investigate bacteriology when disease is extensive or if there is risk of spread of infection. In treatment-resistant disease, use to test for the presence of MRSA.</li></div></div></div></html>",
   "type":"web"},

  {
   "id":"tests",
   "sections":
   [

    {
     "headerText":"Initial Tests",
     "cells":
     [

      {
       "target":"p-test-t_0",
       "title":"clinical diagnosis",
       "type":"flex0"}      ]},

    {
     "headerText":"Other Tests to Consider",
     "cells":
     [

      {
       "target":"p-test-t_1",
       "title":"bacterial skin culture",
       "type":"flex0"}      ]}    ],
   "type":"table"},

  {
   "id":"differentials",
   "sections":
   [

    {
     "cells":
     [

      {
       "title":"Herpes simplex",
       "type":"flex0",
       "targetHTML":"<div class=\"cell\"><div class=\"cellBlock\"><div class=\"cellTitle\">Signs/Sx</div><div class=\"cellBody\"><ul><li>Monomorphic grouped vesicles.</li></ul></div><div class=\"cellTitle\">Tests</div><div class=\"cellBody\"><ul><li>Viral polymerase chain reaction (PCR).</li><li>Viral direct immunofluorescence swab or viral culture and Tzanck prep when PCR unavailable.</li></ul></div><a href=\"epoc://dx/monograph/53\"><b class=\"view-dx-monograph\">View Dx Monograph</b></a></div></div>"},

      {
       "title":"Varicella",
       "type":"flex0",
       "targetHTML":"<div class=\"cell\"><div class=\"cellBlock\"><div class=\"cellTitle\">Signs/Sx</div><div class=\"cellBody\"><ul><li>Widespread vesicles at different stages.</li><li>Oral mucosa may be affected.</li></ul></div><div class=\"cellTitle\">Tests</div><div class=\"cellBody\"><ul><li>Viral polymerase chain reaction (PCR).</li><li>Viral direct immunofluorescence swab or viral culture and Tzanck prep when PCR unavailable.</li></ul></div><a href=\"epoc://dx/monograph/603\"><b class=\"view-dx-monograph\">View Dx Monograph</b></a></div></div>"},

      {
       "title":"Dermatophytosis (Tinea corporis, Tinea capitis)",
       "type":"flex0",
       "targetHTML":"<div class=\"cell\"><div class=\"cellBlock\"><div class=\"cellTitle\">Signs/Sx</div><div class=\"cellBody\"><ul><li>Peripheral scale.</li><li>Central clearing.</li><li>Crusting infrequent except in scalp kerion.</li><li>Bullous dermatophytosis commonly occurs on the instep of the foot.</li></ul></div><div class=\"cellTitle\">Tests</div><div class=\"cellBody\"><ul><li>Microscopy of skin scrapings and fungal culture.</li></ul></div><a href=\"epoc://dx/monograph/119\"><b class=\"view-dx-monograph\">View Dx Monograph</b></a></div></div>"},

      {
       "title":"Candida",
       "type":"flex0",
       "targetHTML":"<div class=\"cell\"><div class=\"cellBlock\"><div class=\"cellTitle\">Signs/Sx</div><div class=\"cellBody\"><ul><li>Satellite lesions.</li><li>Affected areas are usually more confluent.</li></ul></div><div class=\"cellTitle\">Tests</div><div class=\"cellBody\"><ul><li>Bacteriology swab for culture.</li></ul></div></div></div>"},

      {
       "title":"Discoid or contact dermatitis",
       "type":"flex0",
       "targetHTML":"<div class=\"cell\"><div class=\"cellBlock\"><div class=\"cellTitle\">Signs/Sx</div><div class=\"cellBody\"><ul><li>Pruritus invariably present.</li><li>Very fine circular scaling or vesicles.</li></ul></div><div class=\"cellTitle\">Tests</div><div class=\"cellBody\"><ul><li>Skin biopsy confirmatory.</li></ul></div><a href=\"epoc://dx/monograph/90\"><b class=\"view-dx-monograph\">View Dx Monograph</b></a></div></div>"},

      {
       "title":"Pemphigus vulgaris",
       "type":"flex0",
       "targetHTML":"<div class=\"cell\"><div class=\"cellBlock\"><div class=\"cellTitle\">Signs/Sx</div><div class=\"cellBody\"><ul><li>Larger superficial blisters may be seen early. Seen more commonly in older patients.</li><li>Prominent mucosal involvement.</li></ul></div><div class=\"cellTitle\">Tests</div><div class=\"cellBody\"><ul><li>Skin biopsy confirmatory.</li><li>Immunofluorescence helpful.</li></ul></div><a href=\"epoc://dx/monograph/454\"><b class=\"view-dx-monograph\">View Dx Monograph</b></a></div></div>"},

      {
       "title":"Stevens-Johnson syndrome",
       "type":"flex0",
       "targetHTML":"<div class=\"cell\"><div class=\"cellBlock\"><div class=\"cellTitle\">Signs/Sx</div><div class=\"cellBody\"><ul><li>Involvement of the conjunctiva.</li><li>Patient systemically ill.</li></ul></div><div class=\"cellTitle\">Tests</div><div class=\"cellBody\"><ul><li>Skin biopsy confirmatory.</li></ul></div><a href=\"epoc://dx/monograph/237\"><b class=\"view-dx-monograph\">View Dx Monograph</b></a></div></div>"},

      {
       "title":"Bullous erythema multiforme",
       "type":"flex0",
       "targetHTML":"<div class=\"cell\"><div class=\"cellBlock\"><div class=\"cellTitle\">Signs/Sx</div><div class=\"cellBody\"><ul><li>Target lesions with violaceous center.</li><li>Patient uncomfortable.</li></ul></div><div class=\"cellTitle\">Tests</div><div class=\"cellBody\"><ul><li>Skin biopsy confirmatory.</li></ul></div><a href=\"epoc://dx/monograph/367\"><b class=\"view-dx-monograph\">View Dx Monograph</b></a></div></div>"},

      {
       "title":"Dermatitis herpetiformis",
       "type":"flex0",
       "targetHTML":"<div class=\"cell\"><div class=\"cellBlock\"><div class=\"cellTitle\">Signs/Sx</div><div class=\"cellBody\"><ul><li>Multiple vesicles grouped on the lower back and around the elbows and knees.</li><li>Intensely pruritic vesicles.</li></ul></div><div class=\"cellTitle\">Tests</div><div class=\"cellBody\"><ul><li>Skin biopsy confirmatory.</li></ul></div></div></div>"},

      {
       "title":"Bullous lupus erythematosus",
       "type":"flex0",
       "targetHTML":"<div class=\"cell\"><div class=\"cellBlock\"><div class=\"cellTitle\">Signs/Sx</div><div class=\"cellBody\"><ul><li>More commonly found on exposed areas of the body.</li></ul></div><div class=\"cellTitle\">Tests</div><div class=\"cellBody\"><ul><li>Skin biopsy confirmatory.</li></ul></div></div></div>"},

      {
       "title":"Bullous scabies",
       "type":"flex0",
       "targetHTML":"<div class=\"cell\"><div class=\"cellBlock\"><div class=\"cellTitle\">Signs/Sx</div><div class=\"cellBody\"><ul><li>Dermoscopy showing the classic burrow found particularly on the hands, elbows, and genitals, is diagnostic.</li></ul></div><div class=\"cellTitle\">Tests</div><div class=\"cellBody\"><ul><li>Microscopy of skin scrapings taken carefully are diagnostic.</li></ul></div><a href=\"epoc://dx/monograph/124\"><b class=\"view-dx-monograph\">View Dx Monograph</b></a></div></div>"},

      {
       "title":"Erysipelas",
       "type":"flex0",
       "targetHTML":"<div class=\"cell\"><div class=\"cellBlock\"><div class=\"cellTitle\">Signs/Sx</div><div class=\"cellBody\"><ul><li>Sharply demarcated erythematous plaques; typically unilateral and on the face.</li><li>Edema and warmth are common features.</li></ul></div><div class=\"cellTitle\">Tests</div><div class=\"cellBody\"><ul><li>Clinical diagnosis usually suffices.</li></ul></div><a href=\"epoc://dx/monograph/63\"><b class=\"view-dx-monograph\">View Dx Monograph</b></a></div></div>"}      ]}    ],
   "type":"table"},

  {
   "id":"diag_approach",
   "title":"Impetigo",
   "html":"<div class=\"cell\"><div class=\"cellBlock\"><div class=\"cellBody\"><P>Diagnosis is typically clinical. Impetigo usually presents a classic facial yellowish to golden crusting in a well individual.</P></div><div class=\"cellTitle\">History</div><div class=\"cellBody\"><P>Lesions are often asymptomatic, but occasionally are pruritic. They are usually not painful. There is often a history of contact with impetigo-infected peers at school or in playgroups. Lesions typically spread progressively from one site to another.</P></div><div class=\"cellTitle\">Exam</div><div class=\"cellBody\"><ul><li>Vesicles are transient and are seldom seen; patients often present after this stage, with erosions that have a yellowish to golden crust on an erythematous base, with patchy distribution, often in the perioral and perinasal area, although they can occur anywhere on the body.</li><li>The streptococcal form tends to have thicker and darker crusts.</li><li>In resolving impetigo, the crusts usually dry and separate, leaving an erythematous base.</li><li>In nonhealing cases, there is elevation of the crust by the underlying mucopurulent exudate of active disease.</li><li>Involvement of mucous membranes is rare in the nonbullous form.</li><li>In the bullous form, bullae are often 2 cm in diameter or larger. They are initially clear and later become turbid. Buccal mucosa may be involved.</li><li>Severe disease, with systemic symptoms and signs such as lymphadenopathy and fever, may occur when large areas are affected.</li><li>Suspicion of MRSA is raised in cases of spontaneous abscess or cellulitis or when lesions do not resolve with recommended initial antibiotic treatment.<a class=\"inlineImage\" href=\"epoc://current?view=p-images-i_1\">Image</a></li></ul></div><div class=\"cellTitle\">Laboratory</div><div class=\"cellBody\"><ul><li>Usually, confirmatory tests are not necessary unless MRSA is suspected; if this is the case, confirm with appropriate swabs for bacteriologic culture.</li><li>Skin culture may also be prudent when the diagnosis is in doubt, or if the patient fails to respond to appropriate empiric therapy for impetigo.</li><li>Hematology is usually normal, rarely contributes to the diagnosis, and is not routinely recommended.</li></ul></div></div></div>",
   "type":"web"},

  {
   "id":"followup",
   "title":"Impetigo",
   "html":"<div class=\"cell\"><div class=\"cellBlock\"><div class=\"cellTitle\">Prognosis</div><div class=\"cellBody\"><div class=\"cellBody\"><P>Patients typically need no follow-up unless they are:</P><ul><li>Neonates<ul><li>Impetigo can be more serious for neonates, with systemic and potentially life-threatening complications</li></ul><ul><li>Need careful daily evaluation until clear of infectious lesions.</li></ul></li></ul><ul><li>Immunocompromised<ul><li>May be at risk of poor response to treatment, with extension of infection into deeper tissues</li></ul><ul><li>Might eventually require treatment with parenteral antibiotic agents.</li></ul></li></ul></div></div><div class=\"cellTitle\">Patient Instructions</div><div class=\"cellBody\"><P>In addition to the topical or oral antibiotic, twice-daily washing with soap and water or an antiseptic cleanser (e.g., chlorhexidine) might be effective in helping clear the infection. This may also be recommended for close patient contacts who may have acquired the bacteria. Advise patients to return for reassessment if: 1. the lesions are not healing following the course of antibiotic treatment (healing lesions will be dry); 2. the lesions continue to spread or become painful; or 3. they develop systemic symptoms, such as fever.</P><P>Instruct patients prescribed antibiotic cream or ointment to apply it to the infected sites; if intranasal treatment is prescribed, additionally instruct them to place medication in each nostril for the treatment of nasal bacterial colonization.</P></div></div></div>",
   "type":"web"},

  {
   "id":"prevention",
   "title":"Impetigo",
   "html":"<div class=\"cell\"><div class=\"cellBlock\"><div class=\"cellTitle\">Prevention</div><div class=\"cellBody\"><h4>Primary Prevention</h4><P>Soap and water or more aggressive antibacterials (e.g., chlorhexidine) are effective at reducing skin bacterial colonization. The effectiveness of these measures has not been tested specifically for limiting the spread of impetigo, but this approach seems a sensible way of preventing contagious spread. There is good evidence that such hygiene measures are effective for the fomite spread component of respiratory infections.<a href=\"epoc://current?article=14\">[14]</a> <a href=\"epoc://current?article=15\">[15]</a> </P><P>Nasal colonization with Staphylococcus aureus and recurrent infections with this bacterium can be eliminated by applying topical antibiotics (e.g., mupirocin) to the nares.<a href=\"epoc://current?article=16\">[16]</a> <a href=\"epoc://current?article=17\">[17]</a> This approach is applicable to both affected individuals and close family members (who may be affected or only have nasal bacterial colonization).</P><P>Contact should be avoided with infected patients. This practice is implemented by many schools as they exclude children from attending until until the affected child no longer has crusty or bullous lesions, i.e, their infection is resolved. While evidence for contact avoidance is not strong with impetigo, extrapolation from other disease containment strategies can be used to support this approach.<a href=\"epoc://current?article=14\">[14]</a> <a href=\"epoc://current?article=15\">[15]</a> </P><P>Zinc supplementation in pregnant women with potential malnutrition in developing countries has been shown to almost halve the rate (from approximately 20% to 10%) of impetigo in infants under 6 months of age.<a href=\"epoc://current?article=18\">[18]</a> </P></div></div></div>",
   "type":"web"},

  {
   "id":"complications",
   "sections":
   [

    {
     "headerText":"Low Likelihood",
     "cells":
     [

      {
       "title":"acute glomerulonephritis",
       "type":"flex0",
       "targetHTML":"<div class=\"cell\"><div class=\"cellBlock\"><div class=\"cellBody\"><P>Treatment with antibiotics does not alter the risk of developing this complication. Glomerulonephritis is rare in Western countries, but not uncommon in socioeconomically disadvantaged or developing countries. This is an inflammatory condition of the glomerulus, possibly caused by an autoimmune reaction mounted against Streptococcus antigens. Typically, urinalysis reveals proteinuria. Development of nephritic syndrome and subsequent chronic renal failure are possible outcomes.</P><A href=\"epoc://dx/monograph/207\"><B class=\"view-dx-monograph\">View Dx monograph</B></A></div></div></div>"},

      {
       "title":"cellulitis",
       "type":"flex0",
       "targetHTML":"<div class=\"cell\"><div class=\"cellBlock\"><div class=\"cellBody\"><P>This is more likely to occur in neonates with bullous impetigo or in immunocompromised patients. Usual features include: location on the lower leg; spreading warm plaque; associated pain, fever, chills. Sepsis can develop.</P><A href=\"epoc://dx/monograph/63\"><B class=\"view-dx-monograph\">View Dx monograph</B></A></div></div></div>"},

      {
       "title":"osteomyelitis",
       "type":"flex0",
       "targetHTML":"<div class=\"cell\"><div class=\"cellBlock\"><div class=\"cellBody\"><P>This is more likely to occur in neonates with bullous impetigo or in immunocompromised patients. It can occur from localized infection extension or hematogenous spread. In the former case, localized pain and tenderness may occur without fever; in the latter case, high fever and chills accompany the pain and tenderness. Staphylococcus aureus is implicated in the majority of cases of osteomyelitis.</P><A href=\"epoc://dx/monograph/354\"><B class=\"view-dx-monograph\">View Dx monograph</B></A></div></div></div>"},

      {
       "title":"sepsis",
       "type":"flex0",
       "targetHTML":"<div class=\"cell\"><div class=\"cellBlock\"><div class=\"cellBody\"><P>This is more likely to occur in neonates with bullous impetigo or in immunocompromised patients. Staphylococcus aureus spreads readily via the bloodstream to infect distant sites. Hypotension, tachycardia, and altered mental status are common signs.</P><A href=\"epoc://dx/monograph/245\"><B class=\"view-dx-monograph\">View Dx monograph</B></A></div></div></div>"}      ]}    ],
   "type":"table"},

  {
   "id":"guidelines",
   "title":"Impetigo",
   "html":"<div class=\"cell\"><div class=\"cellBlock\"><div class=\"cellTitle\">Diagnostic Guidelines</div><div class=\"cellBody\"><p><h4>Cellulitis and other bacterial skin infections<a href=\"epoc://current?article=19\">[19]</a> </h4><p><a href=\"https://www.rch.org.au/clinicalguide/#tab-C\">View Society Guidelines</a></p><p><small><b>Published by: </b>Royal Children's Hospital Melbourne</small><br><small><b>Published: </b>2020</small></p><p><small><b>Summary</b><br><P>Excellent guidelines with good pictures from the Royal Children's Hospital, Melbourne, Australia.</P></small></p></p><hr><p><h4>Impetigo: diagnosis and treatment<a href=\"epoc://current?article=1\">[1]</a> </h4><p><a href=\"https://www.aafp.org/afp/2014/0815/p229.html\">View Society Guidelines</a></p><p><small><b>Published by: </b>American Academy of Family Physicians</small><br><small><b>Published: </b>2014</small></p><p><small><b>Summary</b><br><P>Guidelines for the diagnosis of bullous and nonbullous impetigo.</P></small></p></p><hr><p><h4>Practice guidelines for the diagnosis and management of skin and soft tissue infections<a href=\"epoc://current?article=20\">[20]</a> </h4><p><a href=\"https://www.idsociety.org/practice-guideline/alphabetical-guidelines/\">View Society Guidelines</a></p><p><small><b>Published by: </b>Infectious Diseases Society of America</small><br><small><b>Published: </b>2014</small></p><p><small><b>Summary</b><br><P>Guidelines addressing a broad range of topics including impetigo.</P></small></p></p><hr></div><br><div class=\"cellTitle\">Treatment Guidelines</div><div class=\"cellBody\"><p><h4>Impetigo: diagnosis and treatment<a href=\"epoc://current?article=1\">[1]</a> </h4><p><a href=\"https://www.aafp.org/afp/2014/0815/p229.html\">View Society Guidelines</a></p><p><small><b>Published by: </b>American Academy of Family Physicians</small><br><small><b>Published: </b>2014</small></p><p><small><b>Summary</b><br><P>Guidelines for the treatment of bullous and nonbullous impetigo.</P></small></p></p><hr><p><h4>Practice guidelines for the diagnosis and management of skin and soft tissue infections<a href=\"epoc://current?article=20\">[20]</a> </h4><p><a href=\"https://www.idsociety.org/practice-guideline/alphabetical-guidelines/\">View Society Guidelines</a></p><p><small><b>Published by: </b>Infectious Diseases Society of America</small><br><small><b>Published: </b>2014</small></p><p><small><b>Summary</b><br><P>Discusses the management of skin infections, including impetigo.</P></small></p></p><hr></div></div></div>",
   "type":"web"},

  {
   "id":"p-tx-c_1",
   "title":"ignoreme",
   "html":"<html><div class=\"cell\"><div class=\"cellBlock\"><div class=\"cellTitle\">Primary Options</div><div class=\"cellBody\"><UL class=\"tx-options\"><LI><span><A href=\"epoc://rx/monograph/674\">erythromycin base</A>: consult specialist for guidance on neonatal doses<BR></span></LI></UL></div><div class=\"cellTitle\">Secondary Options</div><div class=\"cellBody\"><UL class=\"tx-options\"><LI><span><A href=\"epoc://rx/monograph/508\">clindamycin</A>: consult specialist for guidance on neonatal doses<BR></span></LI></UL></div><div class=\"cellTitle\">Comments</div><div class=\"cellBody\"><ul><li>Undertake antibiotic treatment in neonates in collaboration with a pediatric dermatologist or infectious disease specialist.</li><li>Patients in the first month of life presenting with nonbullous impetigo require oral antibiotics.</li><li>Erythromycin is the initial choice. Treatment course is 7 days.</li><li>Intranasal antibiotics are generally not used in neonates.</li><li>In addition to the antibiotic treatment, twice-daily washing with soap and water is good general skin care for all patients with impetigo, as it helps reduce the amount of bacteria on the skin. This washing routine may also be recommended for close patient contacts who may have acquired the bacteria. Chlorhexidine is not recommended in neonates (due to issues related to its potential toxicity with absorption).</li></ul></div></div></div></html>",
   "type":"web"},

  {
   "id":"tx-1",
   "sections":
   [

    {
     "cells":
     [

      {
       "target":"p-tx-c_1",
       "title":"oral antibiotics plus skin hygiene",
       "flag":"1st",
       "type":"flex1"}      ]}    ],
   "type":"table"},

  {
   "id":"p-tx-c_2",
   "title":"ignoreme",
   "html":"<html><div class=\"cell\"><div class=\"cellBlock\"><div class=\"cellTitle\">Primary Options</div><div class=\"cellBody\"><UL class=\"tx-options\"><LI><span><A href=\"epoc://rx/monograph/1371\">vancomycin</A>: consult specialist for guidance on neonatal doses<BR></span></LI></UL></div><div class=\"cellTitle\">Comments</div><div class=\"cellBody\"><ul><li>Undertake antibiotic treatment in neonates in collaboration with a pediatric dermatologist or infectious disease specialist.</li><li>Vancomycin is recommended if MRSA is suspected (cases of spontaneous abscess or cellulitis; lesions that do not resolve with recommended antibiotic treatment) and/or determined by antibiotic susceptibility testing. Treatment course is usually 7 to 10 days.</li><li>Intranasal antibiotics are generally not used in neonates.</li><li>In addition to the antibiotic treatment, twice-daily washing with soap and water is good general skin care for all patients with impetigo, as it helps reduce the amount of bacteria on the skin. This washing routine may also be recommended for close patient contacts who may have acquired the bacteria. Chlorhexidine is not recommended in neonates (due to issues related to its potential toxicity with absorption).</li></ul></div></div></div></html>",
   "type":"web"},

  {
   "id":"tx-2",
   "sections":
   [

    {
     "cells":
     [

      {
       "target":"p-tx-c_2",
       "title":"parenteral vancomycin plus skin hygiene",
       "flag":"1st",
       "type":"flex1"}      ]}    ],
   "type":"table"},

  {
   "id":"p-tx-c_4",
   "title":"ignoreme",
   "html":"<html><div class=\"cell\"><div class=\"cellBlock\"><div class=\"cellTitle\">Primary Options</div><div class=\"cellBody\"><UL class=\"tx-options\"><LI><span><A href=\"epoc://rx/monograph/508\">clindamycin</A>: consult specialist for guidance on neonatal doses<BR></span></LI><LI><span><A href=\"epoc://rx/monograph/1585\">nafcillin</A>: consult specialist for guidance on neonatal doses<BR></span></LI><LI><span><A href=\"epoc://rx/monograph/113\">oxacillin</A>: consult specialist for guidance on neonatal doses<BR></span></LI></UL></div><div class=\"cellTitle\">Comments</div><div class=\"cellBody\"><ul><li>Undertake antibiotic treatment in neonates in collaboration with a pediatric dermatologist or infectious disease specialist.</li><li>If antibiotic susceptibility testing indicates MRSA, vancomycin is recommended. Treatment course is usually 7 to 10 days.</li><li>Intranasal antibiotics are generally not used in neonates.</li><li>In addition to the antibiotic treatment, twice-daily washing with soap and water is good general skin care for all patients with impetigo, as it helps reduce the amount of bacteria on the skin. This washing routine may also be recommended for close patient contacts who may have acquired the bacteria. Chlorhexidine is not recommended in neonates (due to issues related to its potential toxicity with absorption).</li></ul></div></div></div></html>",
   "type":"web"},

  {
   "id":"tx-4",
   "sections":
   [

    {
     "cells":
     [

      {
       "target":"p-tx-c_4",
       "title":"parenteral antibiotics plus skin hygiene",
       "flag":"1st",
       "type":"flex1"}      ]}    ],
   "type":"table"},

  {
   "id":"p-tx-c_5",
   "title":"ignoreme",
   "html":"<html><div class=\"cell\"><div class=\"cellBlock\"><div class=\"cellTitle\">Primary Options</div><div class=\"cellBody\"><UL class=\"tx-options\"><LI><span><A href=\"epoc://rx/monograph/1371\">vancomycin</A>: consult specialist for guidance on neonatal doses<BR></span></LI></UL></div><div class=\"cellTitle\">Comments</div><div class=\"cellBody\"><ul><li>Undertake antibiotic treatment in neonates in collaboration with a pediatric dermatologist or infectious disease specialist.</li><li>Vancomycin is recommended if MRSA is suspected (cases of spontaneous abscess or cellulitis; lesions that do not resolve with recommended antibiotic treatment) and/or determined by antibiotic susceptibility testing. Treatment course is usually 7 to 10 days.</li><li>Intranasal antibiotics are generally not used in neonates.</li><li>In addition to the antibiotic treatment, twice-daily washing with soap and water is good general skin care for all patients with impetigo, as it helps reduce the amount of bacteria on the skin. This washing routine may also be recommended for close patient contacts who may have acquired the bacteria. Chlorhexidine is not recommended in neonates (due to issues related to its potential toxicity with absorption).</li></ul></div></div></div></html>",
   "type":"web"},

  {
   "id":"tx-5",
   "sections":
   [

    {
     "cells":
     [

      {
       "target":"p-tx-c_5",
       "title":"parenteral vancomycin plus skin hygiene",
       "flag":"1st",
       "type":"flex1"}      ]}    ],
   "type":"table"},

  {
   "id":"p-tx-c_6",
   "title":"ignoreme",
   "html":"<html><div class=\"cell\"><div class=\"cellBlock\"><div class=\"cellTitle\">Primary Options</div><div class=\"cellBody\"><UL class=\"tx-options\"><LI><span><A href=\"epoc://rx/monograph/436\">mupirocin topical</A>: (2%) apply to affected skin and nares three times daily<BR></span></LI><LI><span><A href=\"epoc://rx/monograph/4652\">retapamulin topical</A>: (1%) apply to affected skin twice daily for 5 days<BR></span></LI><LI><span><A href=\"epoc://rx/monograph/8131\">ozenoxacin topical</A>: (1%) apply to affected skin twice daily for 5 days<BR></span></LI></UL></div><div class=\"cellTitle\">Comments</div><div class=\"cellBody\"><ul><li>These patients have no evidence of deeper soft tissue involvement (abscess, cellulitis) or hematogenous spread (fever, constitutional symptoms).</li><li>Topical antibiotics such as mupirocin, retapamulin, and ozenoxacin are the first-line treatment options, except where resistance is evident.<a href=\"epoc://current?article=23\">[23]</a> <a href=\"epoc://current?article=25\">[25]</a> <a href=\"epoc://current?article=27\">[27]</a> <a href=\"epoc://current?article=28\">[28]</a> <a href=\"epoc://current?article=29\">[29]</a> <a href=\"epoc://current?article=30\">[30]</a> There is no difference in effectiveness between topical antibiotics. Evidence indicates that topical medications are equally or more effective than oral antibiotics for limited disease.<a href=\"epoc://current?article=34\">[34]</a> Treatment course is usually 5 to 7 days. If retapamulin or ozenoxacin are used, total treatment area should not exceed 100 cm² total body surface area in adults, and 2% of total body surface area in children (9 months or older for retapamulin; 2 months or older for ozenoxacin).<a href=\"epoc://current?article=1\">[1]</a> <a href=\"epoc://current?article=30\">[30]</a> </li><li>In addition to topical antibiotic treatment, twice-daily washing with soap and water is good general skin care for all patients with impetigo, as it helps reduce the amount of bacteria on the skin. For older children and adults, particularly those with more widespread skin involvement, chlorhexidine can be a good antibacterial cleanser to add to the routine. Chlorhexidine is not recommended in children younger than 4 years (due to issues related to its potential toxicity with absorption). This washing routine may also be recommended for close patient contacts who may have acquired the bacteria.</li></ul></div></div></div></html>",
   "type":"web"},

  {
   "id":"tx-6",
   "sections":
   [

    {
     "cells":
     [

      {
       "target":"p-tx-c_6",
       "title":"topical antibiotics plus skin hygiene",
       "flag":"1st",
       "type":"flex1"}      ]}    ],
   "type":"table"},

  {
   "id":"p-tx-p_6",
   "title":"ignoreme",
   "html":"<html><div class=\"cell\"><div class=\"cellBlock\"><div class=\"cellTitle\">Primary Options</div><div class=\"cellBody\"><UL class=\"tx-options\"><LI><span><A href=\"epoc://rx/monograph/436\">mupirocin topical</A>: (2%) apply to affected skin and nares three times daily<BR></span></LI><LI><span><A href=\"epoc://rx/monograph/4652\">retapamulin topical</A>: (1%) apply to affected skin twice daily for 5 days<BR></span></LI><LI><span><A href=\"epoc://rx/monograph/8131\">ozenoxacin topical</A>: (1%) apply to affected skin twice daily for 5 days<BR></span></LI></UL></div><div class=\"cellTitle\">Comments</div><div class=\"cellBody\"><ul><li>These patients have no evidence of deeper soft tissue involvement (abscess, cellulitis) or hematogenous spread (fever, constitutional symptoms).</li><li>Topical antibiotics such as mupirocin, retapamulin, and ozenoxacin are the first-line treatment options, except where resistance is evident.<a href=\"epoc://current?article=23\">[23]</a> <a href=\"epoc://current?article=25\">[25]</a> <a href=\"epoc://current?article=27\">[27]</a> <a href=\"epoc://current?article=28\">[28]</a> <a href=\"epoc://current?article=29\">[29]</a> <a href=\"epoc://current?article=30\">[30]</a> There is no difference in effectiveness between topical antibiotics. Evidence indicates that topical medications are equally or more effective than oral antibiotics for limited disease.<a href=\"epoc://current?article=34\">[34]</a> Treatment course is usually 5 to 7 days. If retapamulin or ozenoxacin are used, total treatment area should not exceed 100 cm² total body surface area in adults, and 2% of total body surface area in children (9 months or older for retapamulin; 2 months or older for ozenoxacin).<a href=\"epoc://current?article=1\">[1]</a> <a href=\"epoc://current?article=30\">[30]</a> </li><li>In addition to topical antibiotic treatment, twice-daily washing with soap and water is good general skin care for all patients with impetigo, as it helps reduce the amount of bacteria on the skin. For older children and adults, particularly those with more widespread skin involvement, chlorhexidine can be a good antibacterial cleanser to add to the routine. Chlorhexidine is not recommended in children younger than 4 years (due to issues related to its potential toxicity with absorption). This washing routine may also be recommended for close patient contacts who may have acquired the bacteria.</li></ul></div></div></div></html>",
   "type":"web"},

  {
   "id":"p-tx-c_7",
   "title":"ignoreme",
   "html":"<html><div class=\"cell\"><div class=\"cellBlock\"><div class=\"cellTitle\">Primary Options</div><div class=\"cellBody\"><UL class=\"tx-options\"><LI><span><A href=\"epoc://rx/monograph/436\">mupirocin topical</A>: (2%) apply to affected nares three times daily for 7 days<BR></span></LI></UL></div><div class=\"cellTitle\">Comments</div><div class=\"cellBody\"><ul><li>Intranasal antibiotic (applied to the nares at the same frequency as antibiotic skin application for 5 to 7 days of the month) is additionally used for patients who experience frequent recurrences of their impetigo. If several family members other than the patient are affected by impetigo, intranasal antibiotic alone would be prescribed for the unaffected individual(s). In either case, the intention is to decrease nasal colonization by bacteria. The nasal reservoir can serve as a source for reinfection of an individual or spread of the infection to close contacts.</li></ul></div></div></div></html>",
   "type":"web"},

  {
   "id":"tx-7",
   "sections":
   [

    {
     "cells":
     [

      {
       "target":"p-tx-p_6",
       "title":"topical antibiotics plus skin hygiene",
       "flag":"1st",
       "type":"flex1"},

      {
       "target":"p-tx-c_7",
       "title":"intranasal antibiotics",
       "flag":"plus",
       "type":"flex1"}      ]}    ],
   "type":"table"},

  {
   "id":"p-tx-c_9",
   "title":"ignoreme",
   "html":"<html><div class=\"cell\"><div class=\"cellBlock\"><div class=\"cellTitle\">Primary Options</div><div class=\"cellBody\"><UL class=\"tx-options\"><LI><span><A href=\"epoc://rx/monograph/194\">dicloxacillin</A>: children: 25-50 mg/kg/day orally given in divided doses every 6 hours; adults: 250 mg orally every 6 hours<BR></span></LI><LI><span><A href=\"epoc://rx/monograph/674\">erythromycin base</A>: children: 40 mg/kg/day orally given in divided doses every 6 hours; adults: 250 mg orally every 6 hours<BR></span></LI><LI><span><A href=\"epoc://rx/monograph/6\">cephalexin</A>: children: 25-50 mg/kg/day orally given in divided doses every 6 hours; adults: 250-500 mg orally every 6 hours<BR></span></LI></UL></div><div class=\"cellTitle\">Comments</div><div class=\"cellBody\"><ul><li>These patients have no evidence of deeper soft tissue involvement (abscess, cellulitis) or hematogenous spread (fever, constitutional symptoms).</li><li>Oral antibiotics including dicloxacillin, erythromycin, or a first-generation cephalosporin (e.g., cephalexin) are the recommended agents for these patients. Treatment course is usually 7 days.</li><li>Immunocompromised patients are at greater risk for developing a complicated course of infection;<a href=\"epoc://current?article=25\">[25]</a> <a href=\"epoc://current?article=26\">[26]</a> parenteral antibiotic treatment is a consideration for patients with widespread lesions and severe immune compromise.</li><li>In addition to topical antibiotic treatment, twice-daily washing with soap and water is good general skin care for all patients with impetigo, as it helps reduce the amount of bacteria on the skin. For older children and adults, particularly those with more widespread skin involvement, chlorhexidine can be a good antibacterial cleanser to add to the routine. Chlorhexidine is not recommended in young children (due to issues related to its potential toxicity with absorption). This washing routine may also be recommended for close patient contacts who may have acquired the bacteria.</li></ul></div></div></div></html>",
   "type":"web"},

  {
   "id":"p-tx-c_10",
   "title":"ignoreme",
   "html":"<html><div class=\"cell\"><div class=\"cellBlock\"><div class=\"cellTitle\">Primary Options</div><div class=\"cellBody\"><UL class=\"tx-options\"><LI><span><A href=\"epoc://rx/monograph/436\">mupirocin topical</A>: (2%) apply to affected nares three times daily for 7 days<BR></span></LI></UL></div><div class=\"cellTitle\">Comments</div><div class=\"cellBody\"><ul><li>Intranasal antibiotic (applied to the nares at the same frequency as antibiotic skin application for 5 to 7 days of the month) is additionally used for patients who experience frequent recurrences of their impetigo. If several family members other than the patient are affected by impetigo, intranasal antibiotic alone would be prescribed for the unaffected individual(s). In either case, the intention is to decrease nasal colonization by bacteria. The nasal reservoir can serve as a source for reinfection of an individual or spread of the infection to close contacts.</li></ul></div></div></div></html>",
   "type":"web"},

  {
   "id":"tx-9",
   "sections":
   [

    {
     "cells":
     [

      {
       "target":"p-tx-c_9",
       "title":"oral antibiotics plus skin hygiene",
       "flag":"1st",
       "type":"flex1"},

      {
       "target":"p-tx-c_10",
       "title":"intranasal antibiotics",
       "flag":"adj.",
       "type":"flex1"}      ]}    ],
   "type":"table"},

  {
   "id":"p-tx-c_11",
   "title":"ignoreme",
   "html":"<html><div class=\"cell\"><div class=\"cellBlock\"><div class=\"cellTitle\">Primary Options</div><div class=\"cellBody\"><UL class=\"tx-options\"><LI><span><A href=\"epoc://rx/monograph/508\">clindamycin</A>: children: 10-30 mg/kg/day orally given in divided doses every 6-8 hours; adults: 150-450 mg orally every 6-8 hours<BR></span></LI><LI><span><A href=\"epoc://rx/monograph/79\">sulfamethoxazole/trimethoprim</A>: children: 8-10 mg/kg/day orally given in divided doses every 12 hours; adults: 160 mg orally every 12 hours<a class=\"moreinfo\" href=\"epoc://current?view=p-more_info-11_1_0\"> [more info] </a><BR></span></LI></UL></div><div class=\"cellTitle\">Secondary Options</div><div class=\"cellBody\"><UL class=\"tx-options\"><LI><span><A href=\"epoc://rx/monograph/203\">doxycycline</A>: children: 2.2 to 4.4 mg/kg/day orally given in divided doses every 12 hours; adults: 50-100 mg orally twice daily<a class=\"moreinfo\" href=\"epoc://current?view=p-more_info-11_2_0\"> [more info] </a><BR></span></LI></UL></div><div class=\"cellTitle\">Comments</div><div class=\"cellBody\"><ul><li>These patients have no evidence of deeper soft tissue involvement (abscess, cellulitis) or hematogenous spread (fever, constitutional symptoms).</li><li>If MRSA is suspected (cases of spontaneous abscess or cellulitis; lesions that do not resolve with recommended antibiotic treatment) and/or determined by antibiotic susceptibility testing, appropriate antibiotic choices include clindamycin, trimethoprim/sulfamethoxazole, or doxycycline. Treatment course is usually 7 days.</li><li>In addition to topical antibiotic treatment, twice-daily washing with soap and water is good general skin care for all patients with impetigo, as it helps reduce the amount of bacteria on the skin. For older children and adults, particularly those with more widespread skin involvement, chlorhexidine can be a good antibacterial cleanser to add to the routine. Chlorhexidine is not recommended in young children (due to issues related to its potential toxicity with absorption). This washing routine may also be recommended for close patient contacts who may have acquired the bacteria.</li></ul></div></div></div></html>",
   "type":"web"},

  {
   "id":"p-tx-c_12",
   "title":"ignoreme",
   "html":"<html><div class=\"cell\"><div class=\"cellBlock\"><div class=\"cellTitle\">Primary Options</div><div class=\"cellBody\"><UL class=\"tx-options\"><LI><span><A href=\"epoc://rx/monograph/436\">mupirocin topical</A>: (2%) apply to affected nares three times daily for 7 days<BR></span></LI></UL></div><div class=\"cellTitle\">Comments</div><div class=\"cellBody\"><ul><li>Intranasal antibiotic (applied to the nares at the same frequency as antibiotic skin application for 5 to 7 days of the month) is additionally used for patients who experience frequent recurrences of their impetigo. If several family members other than the patient are affected by impetigo, intranasal antibiotic alone would be prescribed for the unaffected individual(s). In either case, the intention is to decrease nasal colonization by bacteria. The nasal reservoir can serve as a source for reinfection of an individual or spread of the infection to close contacts.</li></ul></div></div></div></html>",
   "type":"web"},

  {
   "id":"tx-11",
   "sections":
   [

    {
     "cells":
     [

      {
       "target":"p-tx-c_11",
       "title":"oral antibiotics plus skin hygiene",
       "flag":"1st",
       "type":"flex1"},

      {
       "target":"p-tx-c_12",
       "title":"intranasal antibiotics",
       "flag":"adj.",
       "type":"flex1"}      ]}    ],
   "type":"table"},

  {
   "id":"p-tx-c_14",
   "title":"ignoreme",
   "html":"<html><div class=\"cell\"><div class=\"cellBlock\"><div class=\"cellTitle\">Primary Options</div><div class=\"cellBody\"><UL class=\"tx-options\"><LI><span><A href=\"epoc://rx/monograph/508\">clindamycin</A>: children: 25-40 mg/kg/day intravenously/intramuscularly given in divided doses every 6-8 hours; adults: 150-450 mg intravenously/intramuscularly every 6-8 hours<BR></span></LI><LI><span><A href=\"epoc://rx/monograph/1585\">nafcillin</A>: children: 100-200 mg/kg/day intravenously/intramuscularly given in divided doses every 4-6 hours; adults: 500-2000 mg intravenously every 4-6 hours, or 500 mg intramuscularly every 4-6 hours<BR></span></LI><LI><span><A href=\"epoc://rx/monograph/113\">oxacillin</A>: children: 100-200 mg/kg/day intravenously/intramuscularly given in divided doses every 4-6 hours; adults: 500-2000 mg intravenously/intramuscularly every 4-6 hours<BR></span></LI></UL></div><div class=\"cellTitle\">Comments</div><div class=\"cellBody\"><ul><li>Patients with evidence of soft tissue infection (abscess, cellulitis) or hematogenous spread (fever, constitutional symptoms) will require treatment with parenteral antibiotics.</li><li>Clindamycin, nafcillin, and oxacillin are all considered first-line options. Treatment course is usually 10 to 14 days. If the patient has positive blood cultures, reevaluate the status of blood cultures prior to discontinuation of parenteral treatment.</li><li>Collaboration with an infectious disease specialist (pediatric or adult) is a consideration when treating infants, children, immunocompromised patients, or any patient poorly responsive to initial parenteral antibiotic treatment.</li><li>In addition to the antibiotic treatment, twice-daily washing with soap and water is good general skin care for all patients with impetigo, as it helps reduce the amount of bacteria on the skin. For older children and adults, particularly those with more widespread skin involvement, chlorhexidine can be a good antibacterial cleanser to add to the routine. Chlorhexidine is not recommended in young children (due to issues related to its potential toxicity with absorption). This washing routine may also be recommended for close patient contacts who may have acquired the bacteria.</li></ul></div></div></div></html>",
   "type":"web"},

  {
   "id":"p-tx-c_15",
   "title":"ignoreme",
   "html":"<html><div class=\"cell\"><div class=\"cellBlock\"><div class=\"cellTitle\">Primary Options</div><div class=\"cellBody\"><UL class=\"tx-options\"><LI><span><A href=\"epoc://rx/monograph/436\">mupirocin topical</A>: (2%) apply to affected nares three times daily for 7 days<BR></span></LI></UL></div><div class=\"cellTitle\">Comments</div><div class=\"cellBody\"><ul><li>Intranasal antibiotic (applied to the nares at the same frequency as antibiotic skin application for 5 to 7 days of the month) is additionally used for patients who experience frequent recurrences of their impetigo. If several family members other than the patient are affected by impetigo, intranasal antibiotic alone would be prescribed for the unaffected individual(s). In either case, the intention is to decrease nasal colonization by bacteria. The nasal reservoir can serve as a source for reinfection of an individual or spread of the infection to close contacts.</li></ul></div></div></div></html>",
   "type":"web"},

  {
   "id":"tx-14",
   "sections":
   [

    {
     "cells":
     [

      {
       "target":"p-tx-c_14",
       "title":"parenteral antibiotics plus skin hygiene",
       "flag":"1st",
       "type":"flex1"},

      {
       "target":"p-tx-c_15",
       "title":"intranasal antibiotics",
       "flag":"adj.",
       "type":"flex1"}      ]}    ],
   "type":"table"},

  {
   "id":"p-tx-c_16",
   "title":"ignoreme",
   "html":"<html><div class=\"cell\"><div class=\"cellBlock\"><div class=\"cellTitle\">Primary Options</div><div class=\"cellBody\"><UL class=\"tx-options\"><LI><span><A href=\"epoc://rx/monograph/1371\">vancomycin</A>: children: 40 mg/kg/day intravenously given in divided doses every 6-8 hours for 10-14 days; adults: 500 mg intravenously every 6 hours, or 1000 mg intravenously every 12 hours for 10-14 days<BR></span></LI></UL></div><div class=\"cellTitle\">Secondary Options</div><div class=\"cellBody\"><UL class=\"tx-options\"><LI><span><A href=\"epoc://rx/monograph/6980\">oritavancin</A>: adults: 1200 mg intravenously as a single dose<BR></span></LI><LI><span><A href=\"epoc://rx/monograph/6923\">dalbavancin</A>: adults: 1500 mg intravenously as a single dose, or 1000 mg intravenously as a single dose followed by 500 mg 1 week later<BR></span></LI><LI><span><A href=\"epoc://rx/monograph/6912\">tedizolid phosphate</A>: adults: 200 mg intravenously once daily for 6 days<BR></span></LI></UL></div><div class=\"cellTitle\">Comments</div><div class=\"cellBody\"><ul><li>Patients with evidence of soft tissue infection (abscess, cellulitis) or hematogenous spread (fever, constitutional symptoms) will require treatment with parenteral antibiotics.</li><li>Vancomycin is recommended if MRSA is suspected (cases of spontaneous abscess or cellulitis; lesions that do not resolve with recommended antibiotic treatment) and/or determined by antibiotic susceptibility testing. Treatment course is usually 10 to 14 days. If the patient has positive blood cultures, re-evaluate the status of blood cultures prior to discontinuation of parenteral treatment.</li><li>Collaboration with an infectious disease specialist (pediatric or adult) is a consideration for infants, children, immunocompromised patients, or any patient poorly responsive to initial parenteral antibiotic treatment.</li><li>When alternatives to vancomycin are required, oritavancin, dalbavancin, and tedizolid can be considered in patients with complicated impetigo who require parenteral therapy.</li><li>In addition to the antibiotic treatment, twice-daily washing with soap and water is good general skin care for all patients with impetigo, as it helps reduce the amount of bacteria on the skin. For older children and adults, particularly those with more widespread skin involvement, chlorhexidine can be a good antibacterial cleanser to add to the routine. Chlorhexidine is not recommended in young children (due to issues related to its potential toxicity with absorption). This washing routine may also be recommended for close patient contacts who may have acquired the bacteria.</li></ul></div></div></div></html>",
   "type":"web"},

  {
   "id":"p-tx-c_17",
   "title":"ignoreme",
   "html":"<html><div class=\"cell\"><div class=\"cellBlock\"><div class=\"cellTitle\">Primary Options</div><div class=\"cellBody\"><UL class=\"tx-options\"><LI><span><A href=\"epoc://rx/monograph/436\">mupirocin topical</A>: (2%) apply to affected nares three times daily for 7 days<BR></span></LI></UL></div><div class=\"cellTitle\">Comments</div><div class=\"cellBody\"><ul><li>Intranasal antibiotic (applied to the nares at the same frequency as antibiotic skin application for 5 to 7 days of the month) is additionally used for patients who experience frequent recurrences of their impetigo. If several family members other than the patient are affected by impetigo, intranasal antibiotic alone would be prescribed for the unaffected individual(s). In either case, the intention is to decrease nasal colonization by bacteria. The nasal reservoir can serve as a source for reinfection of an individual or spread of the infection to close contacts.</li></ul></div></div></div></html>",
   "type":"web"},

  {
   "id":"tx-16",
   "sections":
   [

    {
     "cells":
     [

      {
       "target":"p-tx-c_16",
       "title":"parenteral antibiotics plus skin hygiene",
       "flag":"1st",
       "type":"flex1"},

      {
       "target":"p-tx-c_17",
       "title":"intranasal antibiotics",
       "flag":"adj.",
       "type":"flex1"}      ]}    ],
   "type":"table"},

  {
   "id":"p-more_info-11_1_0",
   "title":"More Info",
   "html":"<html><div class=\"cell\"><div class=\"cellBlock\"><div class=\"cellTitle\">More Info</div><div class=\"cellBody\">Dose refers to trimethoprim component.</div></div></div></html>",
   "type":"web"},

  {
   "id":"p-more_info-11_2_0",
   "title":"More Info",
   "html":"<html><div class=\"cell\"><div class=\"cellBlock\"><div class=\"cellTitle\">More Info</div><div class=\"cellBody\">Not recommended for children younger than 8 years old.</div></div></div></html>",
   "type":"web"},

  {
   "id":"p-images-i_1",
   "title":"Images",
   "type":"image",
   "image_refs":
   [
0,
1,
2    ]},

  {
   "id":"p-images-i_2",
   "title":"Images",
   "type":"image",
   "image_refs":
   [
1,
2    ]},

  {
   "id":"p-images-i_3",
   "title":"Images",
   "type":"image",
   "image_refs":
   [
3    ]},

  {
   "id":"p-images-i_4",
   "title":"Images",
   "type":"image",
   "image_refs":
   [
0,
3    ]}  ],
 "citations":
 {
  "articles":
  [

   {
    "id":1,
    "key_article":false,
    "ref_article":true,
    "html":"Hartman-Adams H, Banvard C, Juckett G. Impetigo: diagnosis and treatment. Am Fam Physician. 2014 Aug 15;90(4):229-35.<a href=\"http://www.ncbi.nlm.nih.gov/pubmed/25250996\"> [Abstract]</a><a href=\"https://www.aafp.org/afp/2014/0815/p229.html\"> [Full Text]</a>"},

   {
    "id":2,
    "key_article":false,
    "ref_article":true,
    "html":"Bowen AC, Mahé A, Hay RJ, et al. The global epidemiology of impetigo: a systematic review of the population prevalence of impetigo and pyoderma. PLoS One. 2015 Aug 28;10(8):e0136789.<a href=\"http://www.ncbi.nlm.nih.gov/pubmed/26317533\"> [Abstract]</a><a href=\"https://journals.plos.org/plosone/article?id=10.1371/journal.pone.0136789\"> [Full Text]</a>"},

   {
    "id":3,
    "key_article":false,
    "ref_article":true,
    "html":"Elliot AJ, Cross KW, Smith GE, et al. The association between impetigo, insect bites and air temperature: a retrospective 5-year study (1999-2003) using morbidity data collected from a sentinel general practice network database. Fam Pract. 2006 Oct;23(5):490-6.<a href=\"http://www.ncbi.nlm.nih.gov/pubmed/16873392\"> [Abstract]</a><a href=\"https://academic.oup.com/fampra/article/23/5/490/571710\"> [Full Text]</a>"},

   {
    "id":4,
    "key_article":false,
    "ref_article":true,
    "html":"Kakar N, Kumar V, Mehta G, et al. Clinico-bacteriological study of pyodermas in children. J Dermatol. 1999 May;26(5):288-93.<a href=\"http://www.ncbi.nlm.nih.gov/pubmed/10380429\"> [Abstract]</a>"},

   {
    "id":5,
    "key_article":false,
    "ref_article":true,
    "html":"Tewodros W, Muhe L, Daniel E, et al. A one-year study of streptococcal infections and their complications among Ethiopian children. Epidemiol Infect. 1992 Oct;109(2):211-25.<a href=\"http://www.ncbi.nlm.nih.gov/pubmed/1397112\"> [Abstract]</a>"},

   {
    "id":6,
    "key_article":false,
    "ref_article":true,
    "html":"Loffeld A, Davies P, Lewis A, et al. Seasonal occurrence of impetigo: a retrospective 8-year review (1996-2003). Clin Exp Dermatol. 2005 Sep;30(5):512-4.<a href=\"http://www.ncbi.nlm.nih.gov/pubmed/16045681\"> [Abstract]</a>"},

   {
    "id":7,
    "key_article":false,
    "ref_article":true,
    "html":"Kristensen JK. Scabies and pyoderma in Lilongwe, Malawi. Prevalence and seasonal fluctuation. Int J Dermatol. 1991 Oct;30(10):699-702.<a href=\"http://www.ncbi.nlm.nih.gov/pubmed/1955222\"> [Abstract]</a>"},

   {
    "id":8,
    "key_article":false,
    "ref_article":true,
    "html":"Durupt F, Mayor L, Bes M, et al. Prevalence of Staphylococcus aureus toxins and nasal carriage in furuncles and impetigo. Br J Dermatol. 2007 Dec;157(6):1161-7.<a href=\"http://www.ncbi.nlm.nih.gov/pubmed/17916211\"> [Abstract]</a>"},

   {
    "id":9,
    "key_article":false,
    "ref_article":true,
    "html":"Shi D, Higuchi W, Takano T, et al. Bullous impetigo in children infected with methicillin-resistant Staphylococcus aureus alone or in combination with methicillin-susceptible S. aureus: analysis of genetic characteristics, including assessment of exfoliative toxin gene carriage. J Clin Microbiol. 2011 May;49(5):1972-4.<a href=\"http://www.ncbi.nlm.nih.gov/pubmed/21430094\"> [Abstract]</a>"},

   {
    "id":10,
    "key_article":false,
    "ref_article":true,
    "html":"Hay R, Adriaans B. Bacterial infections. In: Burns T, Breathnach S, Cox N, et al., eds. Rook's textbook of dermatology. 7th ed. Malden, MA: Blackwell Science; 2004:1221-306."},

   {
    "id":11,
    "key_article":false,
    "ref_article":true,
    "html":"Amagai M, Matsuyoshi N, Wang ZH, et al. Toxin in bullous impetigo and staphylococcal scalded-skin syndrome targets desmoglein 1. Nat Med. 2000 Nov;6(11):1275-7.<a href=\"http://www.ncbi.nlm.nih.gov/pubmed/11062541\"> [Abstract]</a>"},

   {
    "id":12,
    "key_article":false,
    "ref_article":true,
    "html":"Hanakawa Y, Schechter NM, Lin C, et al. Molecular mechanisms of blister formation in bullous impetigo and staphylococcal scalded skin syndrome. J Clin Invest. 2002 Jul;110(1):53-60.<a href=\"http://www.ncbi.nlm.nih.gov/pubmed/12093888\"> [Abstract]</a><a href=\"https://www.jci.org/articles/view/15766\"> [Full Text]</a>"},

   {
    "id":13,
    "key_article":false,
    "ref_article":true,
    "html":"Weedon D. Weedon's skin pathology. 3rd ed. Oxford, UK: Churchill Livingstone, Elsevier; 2009:549."},

   {
    "id":14,
    "key_article":false,
    "ref_article":true,
    "html":"Jefferson T, Del Mar CB, Dooley L, et al. Physical interventions to interrupt or reduce the spread of respiratory viruses. Cochrane Database Syst Rev. 2011 Jul 6;(7):CD006207.<a href=\"http://www.ncbi.nlm.nih.gov/pubmed/21735402\"> [Abstract]</a><a href=\"https://www.cochranelibrary.com/cdsr/doi/10.1002/14651858.CD006207.pub4/full\"> [Full Text]</a>"},

   {
    "id":15,
    "key_article":false,
    "ref_article":true,
    "html":"Luby SP, Agboatwalla M, Feikin DR, et al. Effect of handwashing on child health: a randomised controlled trial. Lancet. 2005 Jul 16-22;366(9481):225-33.<a href=\"http://www.ncbi.nlm.nih.gov/pubmed/16023513\"> [Abstract]</a>"},

   {
    "id":16,
    "key_article":false,
    "ref_article":true,
    "html":"Scully BE, Briones F, Gu JW, et al. Mupirocin treatment of nasal staphylococcal colonization. Arch Intern Med. 1992 Feb;152(2):353-6.<a href=\"http://www.ncbi.nlm.nih.gov/pubmed/1739366\"> [Abstract]</a>"},

   {
    "id":17,
    "key_article":false,
    "ref_article":true,
    "html":"Raz R, Miron D, Colodner R, et al. A 1-year trial of nasal mupirocin in the prevention of recurrent staphylococcal nasal colonization and skin infection. Arch Intern Med. 1996 May 27;156(10):1109-12.<a href=\"http://www.ncbi.nlm.nih.gov/pubmed/8638999\"> [Abstract]</a>"},

   {
    "id":18,
    "key_article":false,
    "ref_article":true,
    "html":"Darmstadt GL, Osendarp SJ, Ahmed S, et al. Effect of antenatal zinc supplementation on impetigo in infants in Bangladesh. Pediatr Infect Dis J. 2012 Apr;31(4):407-9.<a href=\"http://www.ncbi.nlm.nih.gov/pubmed/22189527\"> [Abstract]</a>"},

   {
    "id":19,
    "key_article":false,
    "ref_article":true,
    "html":"Royal Children's Hospital Melbourne. Cellulitis and other bacterial skin infections. Mar 2020 [internet publication].<a href=\"https://www.rch.org.au/clinicalguide/guideline_index/Cellulitis_and_skin_infections/\"> [Full Text]</a>"},

   {
    "id":20,
    "key_article":true,
    "ref_article":true,
    "html":"Stevens DL, Bisno AL, Chambers HF, et al. Practice guidelines for the diagnosis and management of skin and soft tissue infections: 2014 update by the Infectious Diseases Society of America. Clin Infect Dis. 2014 Jul 15;59(2):e10-52.<a href=\"http://www.ncbi.nlm.nih.gov/pubmed/24973422\"> [Abstract]</a><a href=\"https://academic.oup.com/cid/article/59/2/e10/2895845\"> [Full Text]</a>"},

   {
    "id":21,
    "key_article":false,
    "ref_article":true,
    "html":"Turnidge J, Collignon P. Resistance to fusidic acid. Int J Antimicrob Agents. 1999 Aug;12 Suppl 2:S35-44.<a href=\"http://www.ncbi.nlm.nih.gov/pubmed/10528785\"> [Abstract]</a>"},

   {
    "id":22,
    "key_article":false,
    "ref_article":true,
    "html":"Dagan R, Bar-David Y. Double-blind study comparing erythromycin and mupirocin for treatment of impetigo in children: implications of a high prevalence of erythromycin-resistant Staphylococcus aureus strains. Antimicrob Agents Chemother. 1992 Feb;36(2):287-90.<a href=\"http://www.ncbi.nlm.nih.gov/pubmed/1605593\"> [Abstract]</a><a href=\"https://aac.asm.org/content/aac/36/2/287.full.pdf\"> [Full Text]</a>"},

   {
    "id":23,
    "key_article":false,
    "ref_article":true,
    "html":"Kwak YG, Choi SH, Kim T, et al. Clinical guidelines for the antibiotic treatment for community-acquired skin and soft tissue infection. Infect Chemother. 2017 Dec;49(4):301-25.<a href=\"http://www.ncbi.nlm.nih.gov/pubmed/29299899\"> [Abstract]</a><a href=\"https://www.icjournal.org/DOIx.php?id=10.3947/ic.2017.49.4.301\"> [Full Text]</a>"},

   {
    "id":24,
    "key_article":false,
    "ref_article":true,
    "html":"Tasani M, Tong SY, Andrews RM, et al. The importance of scabies coinfection in the treatment considerations for impetigo. Pediatr Infect Dis J. 2016 Apr;35(4):374-8.<a href=\"http://www.ncbi.nlm.nih.gov/pubmed/26599569\"> [Abstract]</a>"},

   {
    "id":25,
    "key_article":true,
    "ref_article":true,
    "html":"Koning S, van der Sande R, Verhagen AP, et al. Interventions for impetigo. Cochrane Database Syst Rev. 2012 Jan 18;(1):CD003261.<a href=\"http://www.ncbi.nlm.nih.gov/pubmed/22258953\"> [Abstract]</a><a href=\"https://www.cochranelibrary.com/cdsr/doi/10.1002/14651858.CD003261.pub3/full\"> [Full Text]</a>"},

   {
    "id":26,
    "key_article":false,
    "ref_article":true,
    "html":"Wallin TR, Hern HG, Frazee BW. Community-associated methicillin-resistant Staphylococcus aureus. Emerg Med Clin North Am. 2008 May;26(2):431-55.<a href=\"http://www.ncbi.nlm.nih.gov/pubmed/18406982\"> [Abstract]</a>"},

   {
    "id":27,
    "key_article":false,
    "ref_article":true,
    "html":"Koning S, van der Wouden JC, Chosidow O, et al. Efficacy and safety of retapamulin ointment as treatment of impetigo: randomized double-blind multicentre placebo-controlled trial. Br J Dermatol. 2008 May;158(5):1077-82.<a href=\"http://www.ncbi.nlm.nih.gov/pubmed/18341664\"> [Abstract]</a>"},

   {
    "id":28,
    "key_article":false,
    "ref_article":true,
    "html":"Vogel A, Lennon D, Best E, et al. Where to from here? The treatment of impetigo in children as resistance to fusidic acid emerges. N Z Med J. 2016 Oct 14;129(1443):77-83.<a href=\"http://www.ncbi.nlm.nih.gov/pubmed/27736855\"> [Abstract]</a>"},

   {
    "id":29,
    "key_article":false,
    "ref_article":true,
    "html":"Gropper S, Albareda N, Chelius K, et al; Ozenoxacin in Impetigo Trial Investigators Group. Ozenoxacin 1% cream in the treatment of impetigo: a multicenter, randomized, placebo- and retapamulin-controlled clinical trial. Future Microbiol. 2014;9(9):1013-23.<a href=\"http://www.ncbi.nlm.nih.gov/pubmed/25340832\"> [Abstract]</a>"},

   {
    "id":30,
    "key_article":false,
    "ref_article":true,
    "html":"Rosen T, Albareda N, Rosenberg N, et al. Efficacy and safety of ozenoxacin cream for treatment of adult and pediatric patients with impetigo: a randomized clinical trial. JAMA Dermatol. 2018 Jul 1;154(7):806-13.<a href=\"http://www.ncbi.nlm.nih.gov/pubmed/29898217\"> [Abstract]</a>"},

   {
    "id":31,
    "key_article":false,
    "ref_article":true,
    "html":"Barton LL, Friedman AD. Impetigo: a reassessment of etiology and therapy. Pediatr Dermatol. 1987 Nov;4(3):185-8.<a href=\"http://www.ncbi.nlm.nih.gov/pubmed/3122189\"> [Abstract]</a>"},

   {
    "id":32,
    "key_article":false,
    "ref_article":true,
    "html":"Noguchi N, Nishijima S, Kurokawa I, et al. Antimicrobial agent of susceptibilities and antiseptic resistance gene distribution among methicillin-resistant Staphylococcus aureus isolates from patients with impetigo and staphylococcal scalded skin syndrome. J Clin Microbiol. 2006 Jun;44(6):2119-25.<a href=\"http://www.ncbi.nlm.nih.gov/pubmed/16757607\"> [Abstract]</a>"},

   {
    "id":33,
    "key_article":false,
    "ref_article":true,
    "html":"Bowen AC, Tong SY, Andrews RM, et al. Short-course oral co-trimoxazole versus intramuscular benzathine benzylpenicillin for impetigo in a highly endemic region: an open-label, randomised, controlled, non-inferiority trial. Lancet. 2014 Dec 13;384(9960):2132-40.<a href=\"http://www.ncbi.nlm.nih.gov/pubmed/25172376\"> [Abstract]</a>"},

   {
    "id":34,
    "key_article":false,
    "ref_article":true,
    "html":"McLinn S. A bacteriologically controlled, randomized study comparing the efficacy of 2% mupirocin ointment (Bactroban) with oral erythromycin in the treatment of patients with impetigo. J Am Acad Dermatol. 1990 May;22(5 Pt 1):883-5.<a href=\"http://www.ncbi.nlm.nih.gov/pubmed/2112166\"> [Abstract]</a>"},

   {
    "id":35,
    "key_article":false,
    "ref_article":true,
    "html":"Abbas M, Paul M, Huttner A. New and improved? A review of novel antibiotics for Gram-positive bacteria. Clin Microbiol Infect. 2017 Oct;23(10):697-703.<a href=\"http://www.ncbi.nlm.nih.gov/pubmed/28642145\"> [Abstract]</a>"},

   {
    "id":36,
    "key_article":false,
    "ref_article":true,
    "html":"Bassetti M, Della Siega P, Pecori D, et al. Delafloxacin for the treatment of respiratory and skin infections. Expert Opin Investig Drugs. 2015 Mar;24(3):433-42.<a href=\"http://www.ncbi.nlm.nih.gov/pubmed/25604710\"> [Abstract]</a>"},

   {
    "id":37,
    "key_article":false,
    "ref_article":true,
    "html":"Chamny S, Miron D, Lumelsky N, et al. Topical minocycline foam for the treatment of impetigo in children: results of a randomized, double-blind, phase 2 study. J Drugs Dermatol. 2016 Oct 1;15(10):1238-43.<a href=\"http://www.ncbi.nlm.nih.gov/pubmed/27741342\"> [Abstract]</a>"}   ],
  "online_refs":
  [

   {
    "id":1,
    "title":"Perth Children's Hospital Emergency Guidelines: impetigo",
    "url":"https://pch.health.wa.gov.au/For-health-professionals/Emergency-Department-Guidelines/Impetigo"},

   {
    "id":2,
    "title":"PCDS Clinical Guidance: impetigo",
    "url":"http://www.pcds.org.uk/clinical-guidance/impetigo"}   ]},
 "media":
 [

  {
   "file":"476-1-hlight.jpg",
   "thumb":"476-1-hlight-tn.jpg",
   "caption":"Facial impetigo, yellow crust no longer visible",
   "hilight":"true",
   "iline":"false",
   "auth":"false",
   "source":"From the collection of Michael Freeman; used with permission"},

  {
   "file":"476-3.jpg",
   "thumb":"476-3-tn.jpg",
   "caption":"Neonate with bullous impetigo",
   "hilight":"false",
   "iline":"false",
   "auth":"false",
   "source":"From the collection of Michael Freeman; used with permission"},

  {
   "file":"476-4.jpg",
   "thumb":"476-4-tn.jpg",
   "caption":"Florid bullous impetigo",
   "hilight":"false",
   "iline":"false",
   "auth":"false",
   "source":"From the collection of Michael Freeman; used with permission"},

  {
   "file":"476-2.jpg",
   "thumb":"476-2-tn.jpg",
   "caption":"Impetigo of arm presenting as an erosion",
   "hilight":"false",
   "iline":"false",
   "auth":"false",
   "source":"From the collection of Michael Freeman; used with permission"}  ]}