
{
 "id":493,
 "title":"Prenatal care",
 "views":
 [

  {
   "id":"root",
   "type":"table",
   "sections":
   [

    {
     "cells":
     [

      {
       "target":"generic",
       "title":"Summary",
       "type":"flex0"}      ]},

    {
     "cells":
     [

      {
       "target":"generic-details",
       "title":"Details",
       "type":"flex0"}      ]}    ]},

  {
   "id":"generic",
   "title":"Prenatal care",
   "html":"<div class=\"cell\"><div class=\"cellBlock\"><div class=\"cellTitle\">Summary</div><div class=\"cellBody\"><div class=\"cellTitle\">Introduction</div><div class=\"cellBody\"><P>Prenatal care is a key component of a healthy pregnancy. Regular prenatal care helps to identify and treat complications and to promote healthy behaviors. Outcome data suggest that babies born to mothers who do not receive prenatal care are 3 times more likely to be of low birth weight, and 5 times more likely to die, compared with babies born to mothers who receive prenatal care.<a href=\"https://womenshealth.gov/publications/our-publications/fact-sheet/prenatal-care.html\">US Department of Health and Human Services: prenatal care fact sheet</a> In addition to medical care, prenatal care includes counseling and education. This topic provides an overview for the prenatal management of healthy pregnant women with singleton pregnancies.</P><P>For updates on diagnosis and management of coexisting conditions during the pandemic, see our topic \"Management of coexisting conditions in the context of COVID-19.</P></div></div><div class=\"cellTitle\">Authors / Peer Reviewers</div><div class=\"cellBody\"><ul><li>Mary E. D'Alton, MD</li><li>Russell S. Miller, MD</li><li>Chris Chisholm, MD</li><li>Eva Pressman, MD</li><li>Jan Dickinson, MBBS(WA), MD, FRANZCOG, DDU, CMFM</li><li>Greg Ofili, FRCOG</li></ul><br><b class=\"last-updated display-none\">Last Updated: 2020-09-09</b><div style=\"display: none\" class=\"last-updated\"><div class=\"last-updated-label\">Last Updated</div><div class=\"last-updated-date\">2020-09-09</div></div></div></div></div>",
   "type":"web"},

  {
   "id":"generic-details",
   "sections":
   [

    {
     "cells":
     [

      {
       "title":"Preconception care",
       "type":"flex0",
       "targetHTML":"<div class=\"cell\"><div class=\"cellBlock\"><div class=\"cellBody\"><P>Ideally, prenatal care begins before conception. Preconception care has been defined as a set of interventions to identify and modify biomedical, behavioral, and psychosocial risks to a woman's health or pregnancy outcome through prevention and management. Preconception care should be considered not as a single visit, but as a continuum of care throughout a woman's reproductive life.<a href=\"epoc://current?article=1\">[1]</a> Because a significant proportion of pregnancies are unintended, the negative consequences of many behaviors, illnesses, and medications can affect fetal development early in pregnancy; often damage to the fetus occurs before a woman even realizes that she is pregnant.Thus, all routine healthcare encounters during a woman's reproductive years should include counseling on medical care and healthy behaviors to optimize pregnancy outcome.<a href=\"epoc://current?article=1\">[1]</a><a href=\"epoc://current?article=2\">[2]</a> For example, healthy women should begin folic acid supplementation (400 micrograms/day), ideally at least 3 months before conception and continue until at least 12 weeks' gestation.<a href=\"epoc://current?article=1\">[1]</a><a href=\"epoc://current?article=3\">[3]</a><a href=\"epoc://current?article=4\">[4]</a></P><P>Factors affecting pregnancy outcome should include consideration of family history, genetic history, nutritional status, folic acid intake, environmental and occupational exposures, and teratogens. A history of illicit-substance use, tobacco and alcohol consumption, medical conditions, medication, immunization status, risk factors for sexually transmitted infections (STIs), psychosocial concerns (depression, domestic violence), and pregnancy spacing is required. For example, women with diabetes should be counseled on optimizing glycemic control, and pregnancy should be discouraged until control is achieved.<a href=\"https://www.idf.org/e-library/guidelines\">International Diabetes Federation: global guideline on pregnancy and diabetes</a></P><P>Immunizations for rubella, varicella, or hepatitis B should be offered to nonpregnant women who are susceptible, and women should avoid pregnancy for 1 month after receiving a live attenuated vaccine (e.g., rubella or varicella).<a href=\"epoc://current?article=5\">[5]</a><a href=\"epoc://current?article=6\">[6]</a><a href=\"https://www.cdc.gov/vaccines/pregnancy/hcp-toolkit/guidelines.html\">CDC: guidelines for vaccinating pregnant women</a></P></div></div></div>"},

      {
       "title":"Prenatal care",
       "type":"flex0",
       "targetHTML":"<div class=\"cell\"><div class=\"cellBlock\"><div class=\"cellBody\"><P>Early and regular prenatal care is recommended to improve pregnancy outcomes. Recommendations include prenatal visits, nutritional care, education, and other patient-specific issues.</P><P>Prenatal visits</P><ul><li>Traditional prenatal care includes a series of between 7 and 11 visits; however, the number of visits necessary for adequate care is disputed. Though limited data are available regarding the optimal frequency, timing, and content of visits, the number of prenatal care visits should be determined according to the needs and risk status of each woman and her fetus. In addition to scheduled routine visits, pregnant women should have access to unscheduled or emergency visits on a 24-hour basis.</li><li>It is recommended that pregnant women initiate prenatal care by 10 to 12 weeks' gestational age.<a href=\"epoc://current?article=7\">[7]</a> The first prenatal visit should include a comprehensive history, laboratory work, and education about pregnancy health. Height and weight should be recorded to calculate body mass index (BMI), which provides information to determine weight gain guidelines. Structured records assist in ensuring comprehensive, evidence-based care.<a href=\"epoc://current?article=8\">[8]</a></li><li>A comprehensive physical exam should be performed at the first or second visit.</li><li>At the second visit, a review of laboratory results will promote further discussion of a management plan.</li><li>An initial exam will identify women with female genital mutilation (FGM). Because FGM may adversely affect birth outcomes and increase risk for obstetric complications,<a href=\"epoc://current?article=9\">[9]</a> these patients may have special intrapartum care needs.</li><li>If the woman has had a prior cesarean delivery, the risks and benefits of a trial of labor versus repeat cesarean delivery should be reviewed.<a href=\"epoc://current?article=2\">[2]</a> Candidacy for a trial of labor after cesarean should also be considered.</li><li>Prenatal care visits should be scheduled at appropriate intervals to ensure time-sensitive testing and screenings, administration of anti-D immune globulin if needed, and monitoring for common complications.</li><li>Typical frequency of visits in an uncomplicated pregnancy:<ul><li>Every 4 weeks for the first 28 weeks</li><li>Every 2 to 3 weeks between 28 and 36 weeks</li><li>Weekly after 36 weeks.</li></ul></li><li>More frequent visits may occur at the prenatal care provider's discretion or at a patient's request. Typical visits include evaluation of blood pressure, weight, testing urine for protein levels, and checking the fetal heart rate. The American Congress of Obstetricians and Gynecologists (ACOG) also recommends performing psychosocial screening at least once each trimester to identify issues that may require further evaluation, intervention, or outside referral.<a href=\"epoc://current?article=10\">[10]</a></li><li>ACOG and the Centers for Disease Control and Prevention (CDC) recommend that all women who will be pregnant through the influenza season (October through May) undergo (inactivated) influenza vaccination. ACOG and the CDC additionally recommend tetanus toxoid, reduced diphtheria toxoid, and acellular pertussis (Tdap) vaccination for pregnant women, ideally between 27 and 36 weeks of gestation.<a href=\"epoc://current?article=11\">[11]</a></li><li>In areas with limited resources, reduced-visit programs are associated with an increase in perinatal mortality compared with standard practice, although neonatal intensive care admissions may be reduced. Women also prefer the standard visits schedule. While fewer visits may be associated with lower costs, a standard visit schedule should be recommended to all patients.<a href=\"epoc://current?article=12\">[12]</a></li><li>Screening for depression, which is common during pregnancy and the postpartum period, may be beneficial, particularly in women with a history of major depression. This enables the recognition of patients that may benefit from targeted therapy. Undiagnosed and untreated psychiatric illness is a risk to both the mother and fetus.<a href=\"epoc://current?article=13\">[13]</a><a href=\"epoc://current?article=14\">[14]</a></li><li>Appropriate fetal growth can be screened by measuring fundal height (symphysis to uterine fundus) from 20 to 24 weeks' gestation. Fundal height in centimeters is approximately equal to the gestation age in weeks. Discrepancies of &gt;3 cm should prompt ultrasound evaluation of amniotic fluid index and fetal growth. The prenatal care provider should keep in mind that fundal height measurements can be influenced by numerous factors, including maternal size, bladder filling, uterine fibroids, multiple gestations, and fetal presentation.<a href=\"epoc://current?article=15\">[15]</a><a href=\"epoc://current?article=16\">[16]</a></li><li>Patients are questioned regarding pain, fetal movement, contraction frequency, vaginal bleeding, loss of fluid or discharge, other symptoms of preterm labor, and preeclampsia symptoms at appropriate gestation intervals, in addition to any other patient-provided complaints or concerns.</li></ul><P>Nutritional counseling</P><ul><li>Nutrition education should focus on a well-balanced, varied, nutritional food plan consistent with the patient's food preferences. Obstetric care providers should calculate a woman's BMI at the first prenatal visit. Using BMI as a guideline, appropriate weight gain should be discussed.<a href=\"epoc://current?article=17\">[17]</a><a href=\"https://www.ncbi.nlm.nih.gov/books/NBK32813/\">Institute of Medicine: weight gain during pregnancy: reexamining the guidelines</a><a class=\"inlineImage\" href=\"epoc://current?view=p-images-i_1\">Image</a></li><li>A nutrition consultation may be offered to obese pregnant women. Obese women should be counseled on healthy eating, and encouraged to participate in physical activity which will support weight management during and after pregnancy.<a href=\"epoc://current?article=18\">[18]</a><a href=\"https://www.nice.org.uk/guidance/PH27\">NICE: weight management before, during and after pregnancy</a></li><li>Weight gain and caloric intake recommendations are higher for women pregnant with twins or higher-order multiple gestations. The daily recommended caloric intake for women with a normal BMI, who are pregnant with twins, is 40-45 kcal/kg daily (18-20 kcal/lb).<a href=\"epoc://current?article=19\">[19]</a> Additional iron, folate, calcium, magnesium, and zinc supplementation may also be required for patients carrying multiple gestations over routine prenatal vitamin intake.</li><li>Gestational weight gain greater than or less than the Institute of Medicine guidelines appears to be associated with higher risk of some adverse maternal and newborn outcomes.<a href=\"epoc://current?article=20\">[20]</a></li><li>Diet and physical activity-based interventions in pregnancy are beneficial and can reduce gestational weight gain, as well as the rate of cesarean delivery.<a href=\"epoc://current?article=21\">[21]</a></li><li>The Food and Drug Administration has made specific recommendations about fish intake for women of childbearing age.<a href=\"https://www.fda.gov/food/foodborneillnesscontaminants/metals/ucm393070.htm\">FDA: eating fish - what pregnant women and parents should know</a></li><li>Listeriosis is a bacterial illness that can be particularly harmful to pregnant women, possibly resulting in miscarriage or stillbirth. To prevent listeriosis, pregnant women should avoid unpasteurized milk, soft cheeses, raw or undercooked meat, poultry, and shellfish, pâté (any type, including vegetable), and any uncooked or undercooked ready-prepared meals. Additionally, pregnant women can reduce their risk of salmonella infection by avoiding raw or partially cooked eggs or food that may contain them (e.g., mayonnaise) and raw or partially cooked meat, especially poultry.<a href=\"epoc://current?article=2\">[2]</a><a href=\"epoc://current?article=22\">[22]</a></li><li>Daily prenatal vitamins containing folate (400 micrograms/day) are recommended as tolerated throughout pregnancy, and at least through the first 3 months of pregnancy. Ideally, women should start folate supplementation 12 weeks prior to conception. Selected presentations, such as a prior pregnancy complicated by fetal neural tube defect, require higher-dose folate intake of 4 mg/day. When started preconceptually and continued through pregnancy, folic acid supplementation may reduce risk of small-for-gestational-age neonates at birth.<a href=\"epoc://current?article=23\">[23]</a></li><li>While observational data suggest that omega-3 fatty acid docosahexaeonic acid (DHA) supplementation has a beneficial effect on pediatric neurodevelopmental outcomes, randomized controlled trials have yielded conflicting results. At present, there is insufficient evidence to support DHA supplementation to prevent preterm birth.<a href=\"epoc://current?article=24\">[24]</a> There is also no evidence that such supplementation reduces the risk of preeclampsia or gestational diabetes mellitus.<a href=\"epoc://current?article=25\">[25]</a></li></ul><ul><li>Vitamin C and E supplementation during pregnancy does not prevent preeclampsia.<a href=\"epoc://current?article=26\">[26]</a> While it may potentially have some benefit for the prevention of placental abruption and preterm premature rupture of membranes (PPROM), vitamin C alone or in combination with other supplements is unproven to reduce risk of fetal or neonatal death, poor fetal growth, preeclampsia, or preterm birth.<a href=\"epoc://current?article=27\">[27]</a></li></ul><ul><li>Moderate caffeine intake does not appear to have negative effects on pregnancy; however, caffeine intake should be limited to &lt;200 mg daily.<a href=\"epoc://current?article=28\">[28]</a></li></ul><P>Education</P><ul><li>Education to promote maternal and fetal health and safety is a significant component of prenatal care. Topics that should be discussed at first prenatal visit include promotion of healthy behaviors, dental care, nutrition, wearing a seat belt, continued exercise, avoiding substance and hazardous-chemical exposure, minimal use of hot tubs or saunas, and potential exposure to domestic violence. Sexual activity may also be discussed. If women use tobacco products, smoking cessation should be encouraged and support provided.<a href=\"epoc://current?article=29\">[29]</a><a href=\"https://www.nice.org.uk/guidance/PH26\">NICE: smoking - stopping in pregnancy and after childbirth</a></li><li>Alcohol consumption is contraindicated in pregnancy. In the UK, Department of Health guidelines recommend that for pregnant women and women planning a pregnancy, the safest approach is not to drink alcohol at all, to keep risks to the baby to a minimum.<a href=\"epoc://current?article=30\">[30]</a> In the US there are no accepted guidelines regarding an acceptable alcohol intake in pregnancy. Prenatal drinking poses potentially serious consequences to both mother and fetus. Brief standardized screening questionnaires (Tolerance, Annoyance, Cut down, Eye opener [T-ACE], Alcohol Use Disorders Identification Test [AUDIT-C], Tolerance, Worried, Eye-opener, Amnesia, Cut down [TWEAK]) show promise as screening tools to identify risk drinking in pregnant women, although further investigation is required.<a href=\"epoc://current?article=31\">[31]</a></li><li>Specific issues to consider:<a href=\"epoc://current?article=7\">[7]</a><a href=\"epoc://current?article=32\">[32]</a><ul><li>Breastfeeding: throughout prenatal care, healthcare providers should provide information about the benefits of breastfeeding and breastfeeding support should be provided.<a href=\"epoc://current?article=33\">[33]</a></li><li>Working: women with an uncomplicated pregnancy can typically continue working until the onset of labor. Women with medical complications or other pregnancy complications, may need to make adjustments.</li><li>Air travel: women with uncomplicated pregnancies can fly safely until 36 weeks' gestation. Pregnant women who are planning to fly should be informed about the increased risks of venous thromboembolism from the combination of pregnancy and venous stasis, and instructed to take appropriate precautions (support stockings, movement of lower extremities, hydration).</li><li>Exercise: women should be encouraged to continue or begin a moderate aerobic exercise program during pregnancy.<a href=\"https://www.nice.org.uk/guidance/PH27\">NICE: weight management before, during and after pregnancy</a> Although the limited available randomized controlled trial data do not clearly support a benefit of exercise during pregnancy for the prevention of glucose intolerance or gestational diabetes mellitus,<a href=\"epoc://current?article=34\">[34]</a> there may be other physical and psychological benefits derived from aerobic exercise in pregnancy. Structured physical exercise has been demonstrated to significantly reduce the risk of delivering a macrosomic or large-for-gestational-age newborn without influencing the risk of having a small newborn.<a href=\"epoc://current?article=35\">[35]</a> When not otherwise contraindicated, physical exercise during pregnancy may reduce risk of cesarean delivery.<a href=\"epoc://current?article=36\">[36]</a> Potential risks from contact sports, high-impact sports, activities with risk of abdominal trauma, and scuba diving should also be discussed.</li><li>Childbirth education: attendance in childbirth education classes may be considered. Classes teach expectant mothers about labor and delivery, pain relief options, potential obstetric complications and procedures, normal newborn care, and postpartum adjustment.</li><li>Miscellaneous: other educational issues to discuss during the antepartum period include postpartum contraception and circumcision of male infants.</li></ul></li></ul></div></div></div>"},

      {
       "title":"Routine testing",
       "type":"flex0",
       "targetHTML":"<div class=\"cell\"><div class=\"cellBlock\"><div class=\"cellBody\"><P>All patients require a complete blood count (CBC), blood type, Rhesus status, rubella status, hepatitis B screening,<a href=\"epoc://current?article=37\">[37]</a> screening for STIs (syphilis, HIV, gonorrhea, and chlamydia), urine dipstick and culture,<a href=\"epoc://current?article=38\">[38]</a> check of last cervical screening, and ultrasound. Other investigations may be performed as indicated.</P><P><a class=\"inlineImage\" href=\"epoc://current?view=p-images-i_2\">Image</a></P><P>Routine screening for bacterial vaginosis in asymptomatic women and women not at risk for preterm delivery is not recommended.<a href=\"https://www.jogc.com/article/S1701-2163(17)30458-9/abstract\">Society of Obstetricians and Gynaecologists of Canada: No. 211 - screening and management of bacterial vaginosis in pregnancy</a></P></div></div></div>"},

      {
       "title":"Additional tests to consider",
       "type":"flex0",
       "targetHTML":"<div class=\"cell\"><div class=\"cellBlock\"><div class=\"cellBody\"><P>Public health departments in certain states may require additional testing (e.g., more frequent syphilis screening). In addition to routine laboratory tests, several other screening tests should also be considered, many of which are based on racial and ethnic background or family history.</P><P>STIs</P><ul><li>Patients living in areas with high rates of STIs or those patients with previous antepartum STI should be considered for repeat STI testing in the third trimester.</li></ul><P>Vitamin D</P><ul><li>Screening for vitamin D deficiency during pregnancy has been advocated by some,<a href=\"epoc://current?article=39\">[39]</a> particularly for at-risk women, including women with dark skin, those who live in northern latitudes, and those whose clothing leaves little skin exposed. However, it remains controversial because other experts, including the American Congress of Obstetricians and Gynecologists (ACOG), believe existing data are insufficient to offer specific guidelines, especially regarding safety and efficacy of supplementation.<a href=\"epoc://current?article=40\">[40]</a> However, when deficiency is identified during pregnancy, supplementation with 1000-2000 units/day of vitamin D is considered to be safe.<a href=\"epoc://current?article=40\">[40]</a> The Institute of Medicine has published a report on the dietary reference intakes for calcium and vitamin D advising an Estimated Average Requirement (EAR) for vitamin D of 400 IU/day (10 micrograms/day) with a Recommended Daily Allowance (RDA) of 600 IU/day (15 micrograms/day) during pregnancy.<a href=\"epoc://current?article=41\">[41]</a> Additionally, a 2019 updated UK-based NICE guideline recommends vitamin D supplementation (10 micrograms/day) during pregnancy and while breastfeeding.<a href=\"epoc://current?article=22\">[22]</a></li></ul><P>Thyroid function tests</P><ul><li>Universal screening for subclinical hypothyroidism is controversial. Although several major societies favor routine screening in women who are pregnant or planning pregnancy,<a href=\"epoc://current?article=42\">[42]</a> ACOG maintains that data are insufficient to warrant routine screening and continues to recommend testing in symptomatic women and those with a personal history of thyroid disease or other medical conditions associated with thyroid disease.<a href=\"epoc://current?article=43\">[43]</a><a href=\"epoc://current?article=44\">[44]</a> To date, evidence does not support treatment of subclinical hypothyroidism as an intervention to improve pregnancy outcome.<a href=\"epoc://current?article=43\">[43]</a><a href=\"epoc://current?article=44\">[44]</a><a href=\"epoc://current?article=45\">[45]</a></li></ul><P>Carrier screening</P><P>Ideally, genetic counseling should be performed before carrier screening.<a href=\"epoc://current?article=46\">[46]</a> ACOG recommends that all patients who are considering pregnancy or already pregnant are offered screening/tests for:<a href=\"epoc://current?article=47\">[47]</a></P><ul><li>Cystic fibrosis</li><li>Spinal muscular atrophy</li><li>CBC and screening for thalassemias and hemoglobinopathies.</li></ul><P>Hemoglobin electrophoresis should be performed in addition to a complete blood count if hemoglobinopathy is suspected based on African, Mediterranean, Middle Eastern, Southeast Asian, or West Indian ethnicity.<a href=\"epoc://current?article=46\">[46]</a></P><P>Supplemental ethnic-based screening strategies also include:<a href=\"epoc://current?article=47\">[47]</a></P><ul><li>Tay-Sachs disease (Ashkenazi Jews, French Canadians, Cajuns)</li><li>Screening panels that detect mutations associated with disorders that commonly occur in Ashkenazi Jewish populations: Bloom syndrome, Canavan disease, cystic fibrosis, familial dysautonomia, Fanconi anemia group C, Gaucher disease, glycogen storage disease type 1a, maple syrup urine disease types 1A and 1B, mucolipidosis IV, Niemann-Pick disease type A, and Tay-Sachs disease.</li></ul><P>Additional testing can be considered depending upon familial history, or on patient and physician preference:</P><ul><li>Fragile X syndrome for women with a family history of fragile X-related disorders or intellectual disability suggestive of fragile X syndrome, or women with a personal history of ovarian insufficiency; additional screening may be indicated based on family history or ancestry<a href=\"epoc://current?article=47\">[47]</a></li><li>Hemochromatosis for people of Celtic ancestry (especially if a positive family history exists)</li><li>Duchenne muscular dystrophy.</li></ul><P>Expanded carrier screening represents an alternative approach in which a large number of conditions are screened for simultaneously, and modern products can screen for as many as several hundred conditions. This approach is gaining in popularity due to its efficiency and cost value.<a href=\"epoc://current?article=48\">[48]</a></P></div></div></div>"},

      {
       "title":"Ultrasonography",
       "type":"flex0",
       "targetHTML":"<div class=\"cell\"><div class=\"cellBlock\"><div class=\"cellBody\"><P>First trimester ultrasound screening is optimal for pregnancy dating; however, a complete anatomic evaluation cannot be performed at this time. Advantages of first trimester ultrasonography include its ability to help determine gestational age and evaluate for multiple gestation.<a href=\"epoc://current?article=22\">[22]</a> If a size-dates discrepancy is present upon initial exam, or if menstrual dates are uncertain, an ultrasound exam is indicated for accurate dating.</P><P>An ultrasound performed for first-trimester aneuploidy screening will also provide accurate dating information.<a href=\"epoc://current?article=49\">[49]</a>An ultrasound examination performed between 18 and 22 weeks is optimal for a survey of the fetal anatomy and placental location. It can also confirm pregnancy dating if an earlier ultrasound was not performed. Any pregnancy without ultrasound examination confirming or revising the estimated due date before 22 weeks of gestation is considered suboptimally dated.<a href=\"epoc://current?article=50\">[50]</a></P><P>The sensitivity of ultrasound to detect fetal anomalies ranges from 13% to 82%, depending on the type of anomaly, the level of risk in the population, and the expertise of the operators. Additional ultrasound examinations are not necessary unless maternal or fetal indications are present, although a common practice for incomplete anatomical surveys includes an interval follow-up ultrasound study. Women should be informed of the limitations of routine ultrasound.<a href=\"epoc://current?article=7\">[7]</a><a href=\"epoc://current?article=49\">[49]</a><a href=\"epoc://current?article=51\">[51]</a> Ultrasonography in pregnancy is not associated with adverse maternal, perinatal, or childhood outcomes, however, it is recommended that the As Low As Reasonably Achievable (ALARA) principle is followed in order to expose patients to the least amount of ultrasound energy needed to obtain diagnostic information.<a href=\"epoc://current?article=52\">[52]</a><a href=\"epoc://current?article=53\">[53]</a> Long-term follow-up data from a randomized, controlled trial found no significant effect of second-trimester ultrasound exposure on overall school performance in teenagers.<a href=\"epoc://current?article=54\">[54]</a> Obese patients should be informed that their fetus is at increased risk for congenital anomalies, including undiagnosed anomalies.<a href=\"epoc://current?article=55\">[55]</a> Sonographic fetal anatomical assessment may be better performed at 20 to 22 weeks in obese patients.</P><P>Routine second trimester ultrasound examination will reveal placental location and relationship to the internal cervical os. Placenta previa complicates 0.3% to 0.5% of pregnancies. The majority (&gt;80%) of previa cases diagnosed at 20 weeks resolve by term. Thus, a follow-up ultrasound in the third trimester, usually around 32 weeks, is warranted, as this information may influence delivery planning.<a href=\"epoc://current?article=22\">[22]</a><a href=\"epoc://current?article=49\">[49]</a><a href=\"epoc://current?article=56\">[56]</a><a href=\"epoc://current?article=57\">[57]</a></P></div></div></div>"},

      {
       "title":"Screening for genetic abnormalities",
       "type":"flex0",
       "targetHTML":"<div class=\"cell\"><div class=\"cellBlock\"><div class=\"cellBody\"><P>Aneuploidy</P><ul><li>Defined as an abnormal number of chromosomes, with 46 chromosomes representing normal in humans.</li><li>There may be fewer chromosomes, as in Turner syndrome (monosomy X), or more chromosomes, as in Down syndrome (trisomy 21) or other trisomies.</li><li>Chromosomal abnormalities occur in 1:160 live births, with trisomy 21 (Down syndrome), trisomy 18, and trisomy 13 accounting for the majority. Trisomy 18 and trisomy 13 are often incompatible with survival.<a href=\"epoc://current?article=58\">[58]</a></li><li>Although the frequency of aneuploidies increases with advancing maternal age, they can present at any age (most children with Down syndrome are actually born to women younger than 35 years of age). The American Congress of Obstetricians and Gynecologists (ACOG) recommends that all women, regardless of age, who present for prenatal care before 20 weeks should be offered aneuploidy screening.<a href=\"epoc://current?article=59\">[59]</a> Women should be counseled on the age-related risk of fetal aneuploidy, the implications of a diagnosis, and all available screening tests, including their advantages and disadvantages. In addition, all women should have the option of invasive prenatal testing (chorionic villus sampling [CVS] or amniocentesis) for diagnosis of fetal aneuploidy and other genetic abnormalities.</li></ul><P>Screening tests for aneuploidy</P><ul><li>A variety of screening tests are available, incorporating maternal age, ultrasound, and/or biochemical markers.</li><li>First-trimester screening may be performed from 11 to 13 weeks' gestational age and includes ultrasound evaluation for nuchal translucency thickness plus maternal serum screening (pregnancy-associated plasma protein A, human chorionic gonadotropin). The detection rate for Down syndrome, at a positive screening rate of 5%, ranges from 82% to 90%.<a href=\"epoc://current?article=58\">[58]</a><a href=\"epoc://current?article=59\">[59]</a><a href=\"epoc://current?article=60\">[60]</a> Adding evaluation of the nasal bone, which is absent in 60% to 70% of fetuses with Down syndrome, can increase the detection rate to 95%. Technical standards and guidelines are available.<a href=\"epoc://current?article=61\">[61]</a></li><li>Second-trimester screening includes a maternal quadruple marker screening (human chorionic gonadotropin, alpha-fetoprotein, estriol, and inhibin), with a detection rate for Down syndrome of 81%.<a href=\"epoc://current?article=59\">[59]</a><a href=\"epoc://current?article=58\">[58]</a></li><li>Combining screening results from both first- and second-trimester screening tests (i.e., integrated and sequential screening) can improve aneuploidy detection rates.<a href=\"epoc://current?article=58\">[58]</a><a href=\"epoc://current?article=59\">[59]</a></li><li>It is important to be aware that when maternal serum is screened for the usual clinical indications (i.e., aneuploidy and neural tube defect), abnormal analyte results may also identify pregnancies at risk for adverse outcomes, such as preeclampsia, and these women should be referred for appropriate follow-up or consultation.<a href=\"epoc://current?article=62\">[62]</a></li><li>Noninvasive prenatal aneuploidy screening for trisomies 21, 18, and 13 using cell-free fetal DNA is an option that has more recently become available to women with pregnancies at increased risk of aneuploidy.<a href=\"epoc://current?article=63\">[63]</a> Cell-free fetal DNA screening has high sensitivity and specificity for trisomies 18 and 21, and lower sensitivities for trisomy 13 and sex chromosome abnormalities. Patients should be informed that cell-free fetal DNA is not a substitute for definitive CVS or amniocentesis results, and it is limited in its ability to detect all chromosomal abnormalities and other genetic conditions.</li><li>The ACOG currently discourages universal cell-free fetal DNA screening and instead recommends conventional screening among the general low-risk obstetric population.<a href=\"epoc://current?article=64\">[64]</a></li><li>The ACOG and the Society for Maternal-Fetal Medicine consider appropriate potential candidates for routine cell-free fetal DNA screening to include: maternal age of 35 or older at delivery, fetal ultrasound findings that indicate an increased risk of aneuploidy, history of a previous pregnancy with a trisomy detectable by fetal DNA screening, positive screen results for aneuploidy using another screening modality, and paternal balanced Robertsonian translocation with increased risk for fetal trisomy 13 or 21.<a href=\"epoc://current?article=64\">[64]</a><a href=\"epoc://current?article=63\">[63]</a><a href=\"epoc://current?article=65\">[65]</a></li><li>Cell-free fetal DNA may be offered to appropriately counseled patients regardless of risk status.<a href=\"epoc://current?article=64\">[64]</a></li><li>Importantly, as this is a screening study and not a diagnostic test, negative results cannot entirely exclude the possibility for aneuploidy and positive results should be confirmed with invasive genetic testing.</li><li>Ultrasound: second-trimester ultrasound can be used to detect fetal anatomic markers associated with aneuploidy that may modify a pregnancy's risk of carrying an affected fetus. Examples of these sonographic markers include an echogenic intracardiac focus, absent nasal bone, short humerus or femur, and echogenic bowel.<a href=\"epoc://current?article=49\">[49]</a><a href=\"epoc://current?article=58\">[58]</a><a href=\"epoc://current?article=59\">[59]</a></li><li>Whichever screening test is used, the patient should be advised that screening provides an individual risk assessment, but it is not diagnostic. Definitive genetic diagnosis requires invasive genetic testing.</li><li>Patients who desire definitive genetic information regarding their pregnancies should be counseled to consider invasive genetic testing. If interested, these patients should be referred to genetic counselors for further discussion.</li></ul><P>Invasive testing<a href=\"epoc://current?article=66\">[66]</a></P><ul><li>Invasive testing must be performed to definitively diagnose chromosomal abnormalities. In addition to conventional karyotype determination, comparative genomic hybridization microarray study is recommended in pregnancies complicated by a fetal anomaly.<a href=\"epoc://current?article=67\">[67]</a><a href=\"epoc://current?article=68\">[68]</a> Among women with structurally normal fetuses undergoing invasive diagnostic testing, either karyotype or chromosomal microarray analysis can be performed, and in many practices both are performed.</li><li>All women with a positive screening test, a risk result they are uncomfortable with, or an interest in invasive genetic testing should be offered genetic counseling and diagnostic testing.</li><li>Options for invasive genetic testing include CVS (at 10-13 weeks) and diagnostic amniocentesis (at ≥15 weeks). Patient counseling requires a discussion regarding the risks and benefits of each procedure, and a comparison of the relative merits and disadvantages between procedures.</li><li>Any discussion of invasive testing options must include disclosure that the procedure may cause obstetrical complications such as pregnancy loss or preterm rupture of membranes.</li></ul><P>Some women may choose to bypass screening and proceed directly to diagnostic testing.<a href=\"epoc://current?article=59\">[59]</a> The option of invasive genetic testing should be available to all patients regardless of age or prior aneuploidy risk level.</P></div></div></div>"},

      {
       "title":"Screening for neural tube defects (NTD)",
       "type":"flex0",
       "targetHTML":"<div class=\"cell\"><div class=\"cellBlock\"><div class=\"cellBody\"><P>There are 2 approaches for NTD screening:</P><ul><li>Maternal serum AFP (MS-AFP) in the second trimester (15 to 22 weeks' gestation, optimal at 16 to 18 weeks)</li><li>Ultrasound.</li></ul><P>MS-AFP has historically been used as a screening test: the standard screening cutoff, of 2.5 multiples of the median, detects about 80% of cases of open spina bifida and 90% of cases of anencephaly. If women screen positive, a detailed ultrasound is performed:</P><ul><li>To ensure that the pregnancy is viable and accurately dated</li><li>To evaluate for the presence of multiple gestations</li><li>To assess fetal anatomy for NTDs and other defects associated with an elevated MS-AFP (omphalocele, gastroschisis, cystic hygroma).<a href=\"epoc://current?article=2\">[2]</a></li></ul><P>Amniocentesis can be performed to determine if amniotic fluid AFP is elevated and acetylcholinesterase is present, which are considered diagnostic of a NTD.<a href=\"epoc://current?article=2\">[2]</a><a href=\"epoc://current?article=69\">[69]</a><a href=\"epoc://current?article=70\">[70]</a></P><P>Ultrasound has begun to supersede MS-AFP as a screening tool although these 2 screening modalities are not mutually exclusive. With experienced sonographers, the detection rate of NTDs approaches 95% to 100%.<a href=\"epoc://current?article=69\">[69]</a><a href=\"epoc://current?article=70\">[70]</a></P></div></div></div>"},

      {
       "title":"Screening for gestational diabetes mellitus",
       "type":"flex0",
       "targetHTML":"<div class=\"cell\"><div class=\"cellBlock\"><div class=\"cellBody\"><P>The US Preventive Services Task Force (USPSTF) recommends screening for gestational diabetes mellitus in asymptomatic pregnant women after 24 weeks of gestation by using either a two-step approach (i.e., 50 g oral glucose challenge test [GCT] followed by a 100 g glucose tolerance test in those who screen as GCT positive) or by using a one-step approach (i.e., a 75 g glucose challenge).<a href=\"epoc://current?article=71\">[71]</a> While the USPSTF concludes there are insufficient data to support routine screening prior to 24 weeks, screening may be considered among women who are considered to be high risk for gestational diabetes mellitus.</P><P>The American Congress of Obstetricians and Gynecologists (ACOG) supports universal screening of all pregnant women by medical history, clinical risk factors, or laboratory screening test, with screening usually performed at 24 to 28 weeks.<a href=\"epoc://current?article=72\">[72]</a> Among women considered to be at high risk for diabetes, early screening may be performed. If normal, repeat screening is recommended at 24 to 28 weeks. Two-step laboratory screening is supported by the ACOG. The ACOG does not recommend a one-step OGTT due to concern that this practice would increase the incidence of a diagnosis of gestational diabetes and resultant healthcare costs without evidence to support an improvement in maternal or newborn outcomes.</P><P>The UK-based National Institute for Health and Care Excellence (NICE) recommends risk assessment for gestational diabetes likelihood using risk factors in a healthy population.<a href=\"epoc://current?article=73\">[73]</a> The following risk factors are recommended:</P><ul><li>BMI (kg/m²) &gt;30</li><li>Previous macrosomic baby weighing ≥4.5 kg</li><li>Previous pregnancy involving gestational diabetes</li><li>Family history of diabetes in a first-degree relative</li><li>Minority ethnic family origin with high diabetes prevalence.</li></ul><P>NICE recommends that all women with at least one risk factor be tested for gestational diabetes using a 2-hour, 75 g oral glucose tolerance test (OGTT).<a href=\"epoc://current?article=73\">[73]</a> Women with gestational diabetes in a prior pregnancy should be considered for early OGTT in the first or second trimester, or alternatively they may perform early self-monitoring of blood glucose. If this early screening is normal, further OGTT screening between 24 and 28 weeks is recommended among women with personal gestational diabetes history. For women with all other risk factors, a single OGTT at 24 to 28 weeks is recommended. Additionally, glycosuria of 2+ any time in pregnancy or 1+ on two or more visits should prompt further testing to exclude gestational diabetes.</P></div></div></div>"},

      {
       "title":"Screening for group B streptococcus (GBS)",
       "type":"flex0",
       "targetHTML":"<div class=\"cell\"><div class=\"cellBlock\"><div class=\"cellBody\"><P>According to the CDC, all pregnant women should be screened at 35 to 37 weeks' gestation for vaginal-rectal GBS colonization.<a href=\"epoc://current?article=74\">[74]</a> Intravenous antibiotics should be given to all pregnant women identified as GBS carriers at the time of labor or rupture of membranes. Colonization during a previous pregnancy is not an indication for intrapartum prophylaxis in a subsequent pregnancy. Women with GBS isolated from the urine in any concentration during pregnancy or who have a previous infant with GBS infection should receive intrapartum prophylaxis.<a href=\"epoc://current?article=74\">[74]</a> For patients presenting with unknown GBS colonization status, anticipated premature delivery &lt;37 weeks, rupture of membranes 18 hours or longer prior to delivery, and maternal temperature of 100.4°F (38.0°C) or greater without evidence of chorioamnionitis are considered reasons to initiate intrapartum prophylaxis.</P></div></div></div>"},

      {
       "title":"Rho D immune globulin administration",
       "type":"flex0",
       "targetHTML":"<div class=\"cell\"><div class=\"cellBlock\"><div class=\"cellBody\"><P>Rhesus (Rh)-negative women should receive Rho D immune globulin if they have any of the following:<a href=\"epoc://current?article=2\">[2]</a></P><ul><li>An ectopic pregnancy</li><li>Abortion (threatened, spontaneous, or induced)</li><li>Any invasive procedures (amniocentesis, chorionic villus sampling)</li><li>Possibility of fetal-maternal hemorrhage (abdominal trauma, placental abruption)</li><li>If they deliver a baby who is Rh-positive.</li></ul><P>Rh-negative women should be given Rho D immune globulin at 28 weeks' gestation. The patient may decline administration if paternity is certain and the father of the pregnancy is known to be Rh-negative.<a href=\"epoc://current?article=2\">[2]</a><a href=\"epoc://current?article=22\">[22]</a></P></div></div></div>"},

      {
       "title":"Diagnosis and treatment of anemia in pregnancy",
       "type":"flex0",
       "targetHTML":"<div class=\"cell\"><div class=\"cellBlock\"><div class=\"cellBody\"><P>Anemia in pregnancy has been defined as hemoglobin (Hb) levels &lt;11 g/dL and hematocrit (Hct) levels &lt;33% in the first and third trimester, and Hb levels &lt;10.5 g/dL and Hct levels &lt;32% in the second trimester.<a href=\"epoc://current?article=75\">[75]</a></P><P>Anemia in pregnancy can be diluational (physiological), due to iron, folate or other vitamin deficiency, a result of thalassemias, or result from other causes. Obstetric care providers should consider a work-up for causes of anemia in pregnancy. The CDC recommends daily elemental iron supplementation for prophylaxis or treatment of iron-deficiency anemia. Absorption of iron can be facilitated with vitamin C.<a href=\"epoc://current?article=76\">[76]</a><a href=\"epoc://current?article=77\">[77]</a><a href=\"epoc://current?article=78\">[78]</a></P></div></div></div>"},

      {
       "title":"Management of post-term pregnancy",
       "type":"flex0",
       "targetHTML":"<div class=\"cell\"><div class=\"cellBlock\"><div class=\"cellBody\"><P>Post-term pregnancy is defined by the World Health Organization as a gestation that has extended to or beyond 42 weeks. Perinatal mortality at &gt;42 weeks' gestation is twice that at term. Although differences exist between published practice guidelines, women may be offered induction of labor by 41 weeks' gestation (late-term gestation) to avoid risks of post-term pregnancy.<a href=\"epoc://current?article=79\">[79]</a><a href=\"http://www.nice.org.uk/CG70\">NICE: inducing labour</a>If pregnancy continues beyond 41 weeks, fetal testing should be initiated, although the optimal type or frequency of testing is not known.<a href=\"epoc://current?article=80\">[80]</a><a href=\"epoc://current?article=79\">[79]</a></P></div></div></div>"},

      {
       "title":"Obesity",
       "type":"flex0",
       "targetHTML":"<div class=\"cell\"><div class=\"cellBlock\"><div class=\"cellBody\"><P>Obese women should also be informed that they are at risk for pregnancy complications including gestational hypertension, gestational diabetes mellitus, cardiac disease, pulmonary disease, obstructive sleep apnea, and cesarean delivery.<a href=\"epoc://current?article=55\">[55]</a> Regular aerobic exercise during pregnancy may reduce some of these risks. While evidence indicates that monitored physical activity appears to limit gestational weight gain among overweight or obese pregnant women, effects on maternal and neonatal health are unproven.<a href=\"epoc://current?article=81\">[81]</a> Prenatal dietary modifications in obese pregnant women can reduce maternal weight gain during pregnancy without adversely influencing neonatal birth weight.<a href=\"epoc://current?article=82\">[82]</a></P><P>Obese patients may also be at increased risk for venous thromboembolism, particularly if other risk factors are present. Thromboprophylaxis should be considered on an individual basis based upon a patient's risk profile. Prenatal consultation with an anesthesiologist should be considered for patients with Class III obesity (BMI 40 or above), to discuss interventions (such as an early epidural) that may limit intrapartum risk.</P><P>Obesity further appears to be associated with an increased risk of selected fetal malformations and stillbirth, as well as a more limited ability to sonographically detect anomalies during the prenatal period.<a href=\"epoc://current?article=83\">[83]</a></P></div></div></div>"}      ]}    ],
   "type":"table"},

  {
   "id":"p-images-i_1",
   "title":"Images",
   "type":"image",
   "image_refs":
   [
0    ]},

  {
   "id":"p-images-i_2",
   "title":"Images",
   "type":"image",
   "image_refs":
   [
1    ]}  ],
 "citations":
 {
  "articles":
  [

   {
    "id":1,
    "key_article":false,
    "ref_article":true,
    "html":"Posner SF, Johnson K, Parker C, et al. The national summit on preconception care: a summary of concepts and recommendations. Matern Child Health J. 2006 Sep;10(5 Suppl):S197-205.<a href=\"http://www.ncbi.nlm.nih.gov/pubmed/16773451\"> [Abstract]</a><a href=\"https://www.ncbi.nlm.nih.gov/pmc/articles/PMC1592248/\"> [Full Text]</a>"},

   {
    "id":2,
    "key_article":true,
    "ref_article":true,
    "html":"American Academy of Pediatrics; American College of Obstetricians and Gynecologists. Guidelines for perinatal care. 8th ed. American Academy of Pediatrics and American College of Obstetricians and Gynecologists; 2017."},

   {
    "id":3,
    "key_article":false,
    "ref_article":true,
    "html":"Korenbrot CC, Steinberg A, Bender C, et al. Preconception care: a systematic review. Matern Child Health J. 2002 Jun;6(2):75-88.<a href=\"http://www.ncbi.nlm.nih.gov/pubmed/12092984\"> [Abstract]</a>"},

   {
    "id":4,
    "key_article":false,
    "ref_article":true,
    "html":"Johnson K, Posner SF, Biermann J, et al. Recommendations to improve preconception health and health care - United States. MMWR Recomm Rep. 2006 Apr 21;55(RR-6):1-23.<a href=\"http://www.ncbi.nlm.nih.gov/pubmed/16617292\"> [Abstract]</a><a href=\"https://www.cdc.gov/mmwr/preview/mmwrhtml/rr5506a1.htm\"> [Full Text]</a>"},

   {
    "id":5,
    "key_article":false,
    "ref_article":true,
    "html":"Kirkham C, Harris S, Grzybowski S. Evidence-based prenatal care - part II: third-trimester care and prevention of infectious diseases. Am Fam Physician. 2005 Apr 15;71(8):1555-60.<a href=\"http://www.ncbi.nlm.nih.gov/pubmed/15864896\"> [Abstract]</a><a href=\"https://www.aafp.org/afp/2005/0415/p1555.html\"> [Full Text]</a>"},

   {
    "id":6,
    "key_article":false,
    "ref_article":true,
    "html":"Gruslin A, Steben M, Halperin S, et al. Immunization in pregnancy. [Erratum in J Obstet Gynaecol Can. 2009;31:209]. J Obstet Gynaecol Can. 2008 Dec;30(12):1149-54.<a href=\"http://www.ncbi.nlm.nih.gov/pubmed/19175969\"> [Abstract]</a>"},

   {
    "id":7,
    "key_article":false,
    "ref_article":true,
    "html":"Phelan ST. Components and timing of prenatal care. Obstet Gynecol Clin North Am. 2008 Sep;35(3):339-53.<a href=\"http://www.ncbi.nlm.nih.gov/pubmed/18760223\"> [Abstract]</a>"},

   {
    "id":8,
    "key_article":false,
    "ref_article":true,
    "html":"Lilford RJ, Kelly M, Baines A, et al. Effect of using protocols on medical care: randomised trial of three methods of taking an antenatal history. BMJ. 1992 Nov 14;305(6863):1181-4.<a href=\"http://www.ncbi.nlm.nih.gov/pubmed/1467719\"> [Abstract]</a><a href=\"https://www.ncbi.nlm.nih.gov/pmc/articles/PMC1883806/\"> [Full Text]</a>"},

   {
    "id":9,
    "key_article":false,
    "ref_article":true,
    "html":"Banks E, Meirik O, Farley T, et al. WHO study group on female genital mutilation and obstetric outcome. Female genital mutilation and obstetric outcome: WHO collaborative prospective study in six African countries. Lancet. 2006 Jun 3;367(9525):1835-41.<a href=\"http://www.ncbi.nlm.nih.gov/pubmed/16753486\"> [Abstract]</a>"},

   {
    "id":10,
    "key_article":false,
    "ref_article":true,
    "html":"American College of Obstetricians and Gynecologists Committee on Health Care for Underserved Women. ACOG committee opinion no. 343: psychosocial risk factors: perinatal screening and intervention. Obstet Gynecol. 2006 Aug;108(2):469-77.<a href=\"http://www.ncbi.nlm.nih.gov/pubmed/16880322\"> [Abstract]</a>"},

   {
    "id":11,
    "key_article":false,
    "ref_article":true,
    "html":"American College of Obstetricians and Gynecologists Committee on Obstetric Practice. ACOG committee opinion no. 566: update on immunization and pregnancy: tetanus, diphtheria, and pertussis vaccination. Obstet Gynecol. 2013 Jun;121(6):1411-4<a href=\"http://www.ncbi.nlm.nih.gov/pubmed/23812487\"> [Abstract]</a>"},

   {
    "id":12,
    "key_article":false,
    "ref_article":true,
    "html":"Dowswell T, Carroli G, Duley L, et al. Alternative versus standard packages of antenatal care for low-risk pregnancy. Cochrane Database Syst Rev. 2015 Jul 16;(7):CD000934<a href=\"http://www.ncbi.nlm.nih.gov/pubmed/26184394\"> [Abstract]</a><a href=\"https://www.cochranelibrary.com/cdsr/doi/10.1002/14651858.CD000934.pub3/full\"> [Full Text]</a>"},

   {
    "id":13,
    "key_article":false,
    "ref_article":true,
    "html":"American College of Obstetricians and Gynecologists, Committee on Obstetric Practice. Committee opinion no. 453: screening for depression during and after pregnancy. Obstet Gynecol. 2010 Feb;115(2 Pt 1):394-5.<a href=\"http://www.ncbi.nlm.nih.gov/pubmed/20093921\"> [Abstract]</a>"},

   {
    "id":14,
    "key_article":false,
    "ref_article":true,
    "html":"Yonkers KA, Wisner KL, Stewart DE, et al. The management of depression during pregnancy: a report from the American Psychiatric Association and the American College of Obstetricians and Gynecologists. Gen Hosp Psychiatry. 2009 Sep-Oct;31(5):403-13.<a href=\"http://www.ncbi.nlm.nih.gov/pubmed/19703633\"> [Abstract]</a>"},

   {
    "id":15,
    "key_article":false,
    "ref_article":true,
    "html":"American College of Obstetricians and Gynecologists. Risk factors for intrauterine growth restriction. Practice bulletin no. 12. Washington, DC: ACOG; 2000."},

   {
    "id":16,
    "key_article":false,
    "ref_article":true,
    "html":"Kirkham C, Harris S, Grzybowski S. Evidence-based prenatal care - part I: general prenatal care and counseling issues. Am Fam Physician. 2005 Apr 1;71(7):1307-16.<a href=\"http://www.ncbi.nlm.nih.gov/pubmed/15832534\"> [Abstract]</a><a href=\"https://www.aafp.org/afp/2005/0401/p1307.html\"> [Full Text]</a>"},

   {
    "id":17,
    "key_article":false,
    "ref_article":true,
    "html":"Kaiser L, Allen LH; American Dietetic Association. Position of the American Dietetic Association: nutrition and lifestyle for a healthy pregnancy outcome. J Am Diet Assoc. 2008 Mar;108(3):553-61.<a href=\"http://www.ncbi.nlm.nih.gov/pubmed/18401922\"> [Abstract]</a>"},

   {
    "id":18,
    "key_article":false,
    "ref_article":true,
    "html":"Fitzsimons KJ, Modder J; Centre for Maternal and Child Enquiries. Setting maternity care standards for women with obesity in pregnancy. Semin Fetal Neonatal Med. 2010 Apr;15(2):100-7<a href=\"http://www.ncbi.nlm.nih.gov/pubmed/19939755\"> [Abstract]</a>"},

   {
    "id":19,
    "key_article":false,
    "ref_article":true,
    "html":"Goodnight W, Newman R, Society of Maternal-Fetal Medicine. Optimal nutrition for improved twin pregnancy outcome. Obstet Gynecol. 2009 Nov;114(5):1121-34. <a href=\"http://www.ncbi.nlm.nih.gov/pubmed/20168116\"> [Abstract]</a>"},

   {
    "id":20,
    "key_article":false,
    "ref_article":true,
    "html":"Goldstein RF, Abell SK, Ranasinha S, et al. Association of Gestational Weight Gain With Maternal and Infant Outcomes: A Systematic Review and Meta-analysis. JAMA. 2017 Jun 6;317(21):2207-25.<a href=\"http://www.ncbi.nlm.nih.gov/pubmed/28586887\"> [Abstract]</a><a href=\"https://www.doi.org/10.1001/jama.2017.3635\"> [Full Text]</a>"},

   {
    "id":21,
    "key_article":false,
    "ref_article":true,
    "html":"International Weight Management in Pregnancy (i-WIP) Collaborative Group. Effect of diet and physical activity based interventions in pregnancy on gestational weight gain and pregnancy outcomes: meta-analysis of individual participant data from randomised trials. BMJ. 2017 Jul 19;358:j3119.<a href=\"http://www.ncbi.nlm.nih.gov/pubmed/28724518\"> [Abstract]</a><a href=\"https://www.doi.org/10.1136/bmj.j3119\"> [Full Text]</a>"},

   {
    "id":22,
    "key_article":true,
    "ref_article":true,
    "html":"National Institute for Health and Care Excellence. Antenatal care for uncomplicated pregnancies. Feb 2019 [internet publication].<a href=\"https://www.nice.org.uk/guidance/cg62\"> [Full Text]</a>"},

   {
    "id":23,
    "key_article":false,
    "ref_article":true,
    "html":"Hodgetts VA, Morris RK, Francis A, et al. Effectiveness of folic acid supplementation in pregnancy on reducing the risk of small-for-gestational age neonates: a population study, systematic review and meta-analysis. BJOG. 2015 Mar;122(4):478-90.<a href=\"http://www.ncbi.nlm.nih.gov/pubmed/25424556\"> [Abstract]</a><a href=\"https://obgyn.onlinelibrary.wiley.com/doi/full/10.1111/1471-0528.13202\"> [Full Text]</a>"},

   {
    "id":24,
    "key_article":false,
    "ref_article":true,
    "html":"Coletta JM, Bell SJ, Roman AS. Omega-3 fatty acids and pregnancy. Rev Obstet Gynecol. 2010 Fall;3(4):163-71. <a href=\"http://www.ncbi.nlm.nih.gov/pubmed/21364848\"> [Abstract]</a><a href=\"https://www.ncbi.nlm.nih.gov/pmc/articles/PMC3046737/\"> [Full Text]</a>"},

   {
    "id":25,
    "key_article":false,
    "ref_article":true,
    "html":"Zhou SJ, Yelland L, McPhee AJ, et al. Fish-oil supplementation in pregnancy does not reduce the risk of gestational diabetes or preeclampsia. Am J Clin Nutr. 2012 Jun;95(6):1378-84.<a href=\"http://www.ncbi.nlm.nih.gov/pubmed/22552037\"> [Abstract]</a>"},

   {
    "id":26,
    "key_article":false,
    "ref_article":true,
    "html":"Conde-Agudelo A, Romero R, Kusanovic JP, et al. Supplementation with vitamins C and E during pregnancy for the prevention of preeclampsia and other adverse maternal and perinatal outcomes: a systematic review and metaanalysis. Am J Obstet Gynecol. 2011 Jun;204(6):503.e1-12.<a href=\"http://www.ncbi.nlm.nih.gov/pubmed/21529757\"> [Abstract]</a><a href=\"https://www.ncbi.nlm.nih.gov/pmc/articles/PMC3380625/\"> [Full Text]</a>"},

   {
    "id":27,
    "key_article":false,
    "ref_article":true,
    "html":"Rumbold A, Ota E, Nagata C, et al. Vitamin C supplementation in pregnancy. Cochrane Database Syst Rev. 2015 Sep 29;(9):CD004072.<a href=\"http://www.ncbi.nlm.nih.gov/pubmed/26415762\"> [Abstract]</a><a href=\"https://www.cochranelibrary.com/cdsr/doi/10.1002/14651858.CD004072.pub3/full\"> [Full Text]</a>"},

   {
    "id":28,
    "key_article":false,
    "ref_article":true,
    "html":"American College of Obstetricians and Gynecologists. ACOG committee opinion no. 462: moderate caffeine consumption during pregnancy. Obstet Gynecol. 2010 Aug;116(2 Pt 1):467-8.<a href=\"http://www.ncbi.nlm.nih.gov/pubmed/20664420\"> [Abstract]</a>"},

   {
    "id":29,
    "key_article":false,
    "ref_article":true,
    "html":"American College of Obstetricians and Gynecologists (ACOG). Committee opinion no. 471: smoking cessation during pregnancy. Obstet Gynecol. 2010 Nov;116(5):1241-4.<a href=\"http://www.ncbi.nlm.nih.gov/pubmed/20966731\"> [Abstract]</a>"},

   {
    "id":30,
    "key_article":false,
    "ref_article":true,
    "html":"Department of Health. UK Chief Medical Officers' low risk drinking guidelines. August 2016 [internet publication].<a href=\"https://www.gov.uk/government/publications/alcohol-consumption-advice-on-low-risk-drinking\"> [Full Text]</a>"},

   {
    "id":31,
    "key_article":false,
    "ref_article":true,
    "html":"Burns E, Gray R, Smith LA, et al. Brief screening questionnaires to identify problem drinking during pregnancy: a systematic review. Addiction. 2010 Apr;105(4):601-14.<a href=\"http://www.ncbi.nlm.nih.gov/pubmed/20403013\"> [Abstract]</a>"},

   {
    "id":32,
    "key_article":false,
    "ref_article":true,
    "html":"Berghella V, Buchanan E, Pereira L, et al. Preconception care. Obstet Gynecol Surv. 2010 Feb;65(2):119-31.<a href=\"http://www.ncbi.nlm.nih.gov/pubmed/20100361\"> [Abstract]</a>"},

   {
    "id":33,
    "key_article":false,
    "ref_article":true,
    "html":"Academy of Breastfeeding Medicine Protocol Committee. Clinical protocol number #19: breastfeeding promotion in the prenatal setting. Breastfeed Med. 2009 Mar;4(1):43-5.<a href=\"http://www.ncbi.nlm.nih.gov/pubmed/19301463\"> [Abstract]</a>"},

   {
    "id":34,
    "key_article":false,
    "ref_article":true,
    "html":"Han S, Middleton P, Crowther CA. Exercise for pregnant women for preventing gestational diabetes mellitus. Cochrane Database Syst Rev. 2012 Jul 11;(7):CD009021.<a href=\"http://www.ncbi.nlm.nih.gov/pubmed/22786521\"> [Abstract]</a><a href=\"https://www.cochranelibrary.com/cdsr/doi/10.1002/14651858.CD009021/pdf/CDSR/CD009021/rel0001/CD009021/CD009021.pdf\"> [Full Text]</a>"},

   {
    "id":35,
    "key_article":false,
    "ref_article":true,
    "html":"Wiebe HW, Boulé NG, Chari R, et al. The effect of supervised prenatal exercise on fetal growth: a meta-analysis. Obstet Gynecol. 2015 May;125(5):1185-94.<a href=\"http://www.ncbi.nlm.nih.gov/pubmed/25932847\"> [Abstract]</a>"},

   {
    "id":36,
    "key_article":false,
    "ref_article":true,
    "html":"Domenjoz I, Kayser B, Boulvain M. Effect of physical activity during pregnancy on mode of delivery. Am J Obstet Gynecol. 2014 Oct;211(4):401.e1-11.<a href=\"http://www.ncbi.nlm.nih.gov/pubmed/24631706\"> [Abstract]</a>"},

   {
    "id":37,
    "key_article":false,
    "ref_article":true,
    "html":"U.S. Preventive Services Task Force. Screening for hepatitis B virus infection in pregnancy: reaffirmation recommendation statement. Am Fam Physician. 2010 Feb 15;81(4):502.<a href=\"http://www.ncbi.nlm.nih.gov/pubmed/20148504\"> [Abstract]</a>"},

   {
    "id":38,
    "key_article":false,
    "ref_article":true,
    "html":"U.S. Preventive Services Task Force. Screening for asymptomatic bacteriuria in adults: U.S. Preventive Services Task Force reaffirmation recommendation statement. Ann Intern Med. 2008 Jul 1;149(1):43-7.<a href=\"http://www.ncbi.nlm.nih.gov/pubmed/18591636\"> [Abstract]</a><a href=\"https://annals.org/aim/fullarticle/741459\"> [Full Text]</a>"},

   {
    "id":39,
    "key_article":false,
    "ref_article":true,
    "html":"Wagner CL, Greer FR; American Academy of Pediatrics Section on Breastfeeding. Prevention of rickets and vitamin D deficiency in infants, children, and adolescents. Pediatrics. 2008 Nov;122(5):1142-52.<a href=\"http://www.ncbi.nlm.nih.gov/pubmed/18977996\"> [Abstract]</a><a href=\"https://pediatrics.aappublications.org/content/122/5/1142.long\"> [Full Text]</a>"},

   {
    "id":40,
    "key_article":false,
    "ref_article":true,
    "html":"ACOG Committee on Obstetric Practice. ACOG committee opinion no. 495: vitamin D: screening and supplementation during pregnancy. Obstet Gynecol. 2011 Jul;118(1):197-8.<a href=\"http://www.ncbi.nlm.nih.gov/pubmed/21691184\"> [Abstract]</a>"},

   {
    "id":41,
    "key_article":false,
    "ref_article":true,
    "html":"Ross AC, Taylor CL, Yaktine AL, et al. Dietary reference intakes for calcium and vitamin D. 1st ed. Washington, DC; 2011.<a href=\"http://www.ncbi.nlm.nih.gov/pubmed/21796828\"> [Abstract]</a><a href=\"https://www.ncbi.nlm.nih.gov/books/NBK56070/\"> [Full Text]</a>"},

   {
    "id":42,
    "key_article":false,
    "ref_article":true,
    "html":"Gharib H, Tuttle RM, Baskin HJ, et al. Subclinical thyroid dysfunction. J Clin Endocrinol Metab. 2005 Jan;90(1):581-5.<a href=\"http://www.ncbi.nlm.nih.gov/pubmed/15643019\"> [Abstract]</a><a href=\"http://jcem.endojournals.org/cgi/content/full/90/1/581\"> [Full Text]</a>"},

   {
    "id":43,
    "key_article":false,
    "ref_article":true,
    "html":"Committee on Patient Safety and Quality Improvement, Committee on Professional Liability. ACOG committee opinion no. 381: subclinical hypothyroidism in pregnancy. Obstet Gynecol. 2007 Oct;110(4):959-60.<a href=\"http://www.ncbi.nlm.nih.gov/pubmed/17906045\"> [Abstract]</a>"},

   {
    "id":44,
    "key_article":false,
    "ref_article":true,
    "html":"Surks MI, Ortiz E, Daniels GH, et al. Subclinical thyroid disease: scientific review and guidelines for diagnosis and management. JAMA. 2004 Jan 14;291(2):228-38.<a href=\"http://www.ncbi.nlm.nih.gov/pubmed/14722150\"> [Abstract]</a><a href=\"https://jamanetwork.com/journals/jama/fullarticle/197994\"> [Full Text]</a>"},

   {
    "id":45,
    "key_article":false,
    "ref_article":true,
    "html":"Spong CY. Subclinical hypothyroidism: should all pregnant women be screened? Obstet Gynecol. 2005 Feb;105(2):235-6.<a href=\"http://www.ncbi.nlm.nih.gov/pubmed/15684144\"> [Abstract]</a>"},

   {
    "id":46,
    "key_article":false,
    "ref_article":true,
    "html":"Committee on Genetics. Committee Opinion No. 691: carrier screening for genetic conditions. Obstet Gynecol. 2017 Mar;129(3):e41-55.<a href=\"http://www.ncbi.nlm.nih.gov/pubmed/28225426\"> [Abstract]</a>"},

   {
    "id":47,
    "key_article":false,
    "ref_article":true,
    "html":"American College of Obstetricians and Gynecologists. Committee opinion no. 690: carrier screening in the age of genomic medicine. Obstet Gynecol. 2017 Mar;129(3):e35-40.<a href=\"http://www.ncbi.nlm.nih.gov/pubmed/28225425\"> [Abstract]</a>"},

   {
    "id":48,
    "key_article":false,
    "ref_article":true,
    "html":"Committee on Genetics. Committee Opinion No. 690: Carrier Screening in the Age of Genomic Medicine. Obstet Gynecol. 2017 Mar;129(3):e35-e40.<a href=\"http://www.ncbi.nlm.nih.gov/pubmed/28225425\"> [Abstract]</a><a href=\"https://www.doi.org/10.1097/AOG.0000000000001951\"> [Full Text]</a>"},

   {
    "id":49,
    "key_article":false,
    "ref_article":true,
    "html":"American College of Obstetricians and Gynecologists. ACOG practice bulletin no. 101: ultrasonography in pregnancy. Obstet Gynecol. 2009 Feb;113(2 Pt 1):451-61.<a href=\"http://www.ncbi.nlm.nih.gov/pubmed/19155920\"> [Abstract]</a>"},

   {
    "id":50,
    "key_article":false,
    "ref_article":true,
    "html":"Committee on Obstetric Practice. Committee Opinion No. 688: Management of Suboptimally Dated Pregnancies. Obstet Gynecol. 2017 Mar;129(3):e29-e32.<a href=\"http://www.ncbi.nlm.nih.gov/pubmed/28225423\"> [Abstract]</a><a href=\"https://www.doi.org/10.1097/AOG.0000000000001949\"> [Full Text]</a>"},

   {
    "id":51,
    "key_article":false,
    "ref_article":true,
    "html":"Cargill Y, Morin L, Bly S, et al. Content of a complete routine second trimester obstetrical ultrasound examination and report. J Obstet Gynaecol Can. 2009 Mar;31(3):272-5.<a href=\"http://www.ncbi.nlm.nih.gov/pubmed/19416575\"> [Abstract]</a>"},

   {
    "id":52,
    "key_article":false,
    "ref_article":true,
    "html":"International Society of Ultrasound in Obstetrics and Gynecology. Performance of first-trimester fetal ultrasound scan. Jan 2013 [internet publication].&nbsp;<a href=\"https://www.isuog.org/clinical-resources/resource-library-search.html?type=practice-guidelines\"> [Full Text]</a>"},

   {
    "id":53,
    "key_article":false,
    "ref_article":true,
    "html":"Torloni MR, Vedmedovska N, Merialdi M, et al; ISUOG-WHO Fetal Growth Study Group. Safety of ultrasonography in pregnancy: WHO systematic review of the literature and meta-analysis. Ultrasound Obstet Gynecol. 2009 May;33(5):599-608.<a href=\"http://www.ncbi.nlm.nih.gov/pubmed/19291813\"> [Abstract]</a><a href=\"https://obgyn.onlinelibrary.wiley.com/doi/pdf/10.1002/uog.6328\"> [Full Text]</a>"},

   {
    "id":54,
    "key_article":false,
    "ref_article":true,
    "html":"Stalberg K, Axelsson O, Haglund B, et al. Prenatal ultrasound exposure and children's school performance at age 15-16: follow-up of a randomized controlled trial. Ultrasound Obstetr Gynecol. 2009 Sep;34(3):297-303.<a href=\"http://www.ncbi.nlm.nih.gov/pubmed/19705400\"> [Abstract]</a><a href=\"https://obgyn.onlinelibrary.wiley.com/doi/full/10.1002/uog.7332\"> [Full Text]</a>"},

   {
    "id":55,
    "key_article":false,
    "ref_article":true,
    "html":"Davies GA, Maxwell C, McLeod L, et al. SOGC clinical practice guidelines: obesity in pregnancy. No. 239, February 2010. Int J Gynaecol Obstet. 2010 Aug;110(2):167-73.<a href=\"http://www.ncbi.nlm.nih.gov/pubmed/20641146\"> [Abstract]</a>"},

   {
    "id":56,
    "key_article":false,
    "ref_article":true,
    "html":"Berghella V. Placenta previa, placenta accrete, and vas previa: obstetric evidence based guidelines. New York, NY: Informa Healthcare USA, Inc; 2009."},

   {
    "id":57,
    "key_article":false,
    "ref_article":true,
    "html":"Oyelese Y. Placenta previa: the evolving role of ultrasound. Ultrasound Obstet Gynecol. 2009 Aug;34(2):123-6.<a href=\"http://www.ncbi.nlm.nih.gov/pubmed/19644942\"> [Abstract]</a>"},

   {
    "id":58,
    "key_article":true,
    "ref_article":true,
    "html":"Driscoll DA, Gross S. Clinical practice: prenatal screening for aneuploidy. N Engl J Med. 2009 Jun 11;360(24):2556-62.<a href=\"http://www.ncbi.nlm.nih.gov/pubmed/19516035\"> [Abstract]</a>"},

   {
    "id":59,
    "key_article":false,
    "ref_article":true,
    "html":"ACOG Committee on Practice Bulletins. ACOG practice bulletin no. 77: screening for fetal chromosomal abnormalities. Obstet Gynecol. 2007 Jan;109(1):217-27.<a href=\"http://www.ncbi.nlm.nih.gov/pubmed/17197615\"> [Abstract]</a>"},

   {
    "id":60,
    "key_article":false,
    "ref_article":true,
    "html":"Driscoll DA, Gross SJ; Professional Practice and Guidelines Committee. First trimester diagnosis and screening for fetal aneuploidy. Genet Med. 2008 Jan;10(1):73-5.<a href=\"http://www.ncbi.nlm.nih.gov/pubmed/18197059\"> [Abstract]</a>"},

   {
    "id":61,
    "key_article":false,
    "ref_article":true,
    "html":"Palomaki GE, Lee JE, Canick JA, et al; ACMG Laboratory Quality Assurance Committee. Technical standards and guidelines: prenatal screening for Down syndrome that includes first-trimester biochemistry and/or ultrasound measurements. Genet Med. 2009 Sep;11(9):669-81.<a href=\"http://www.ncbi.nlm.nih.gov/pubmed/19690509\"> [Abstract]</a>"},

   {
    "id":62,
    "key_article":false,
    "ref_article":true,
    "html":"Gagnon A, Wilson RD, Audibert F, et al; Society of Obstetricians and Gynaecologists of Canada Genetics Committee. Obstetrical complications associated with abnormal maternal serum markers analytes. J Obstet Gynaecol Can. 2008 Oct;30(10):918-32.<a href=\"http://www.ncbi.nlm.nih.gov/pubmed/19038077\"> [Abstract]</a><a href=\"https://www.jogc.com/article/S1701-2163(16)32973-5/fulltext\"> [Full Text]</a>"},

   {
    "id":63,
    "key_article":true,
    "ref_article":true,
    "html":"American Congress of Obstetricians and Gynecologists. Committee opinion no. 640: Cell-free DNA screening for fetal aneuploidy. Obstet Gynecol. 2015 Sep;126(3):e31-7.<a href=\"http://www.ncbi.nlm.nih.gov/pubmed/26287791\"> [Abstract]</a>"},

   {
    "id":64,
    "key_article":false,
    "ref_article":true,
    "html":"Committee on Practice Bulletins--Obstetrics, Committee on Genetics, and the Society for Maternal-Fetal Medicine. Practice Bulletin No. 163: Screening for Fetal Aneuploidy. Obstet Gynecol. 2016 May;127(5):e123-37.<a href=\"http://www.ncbi.nlm.nih.gov/pubmed/26938574\"> [Abstract]</a><a href=\"https://www.doi.org/10.1097/AOG.0000000000001406\"> [Full Text]</a>"},

   {
    "id":65,
    "key_article":false,
    "ref_article":true,
    "html":"American College of Obstetricians and Gynecologists Committee on Genetics. Committee Opinion No. 545: Noninvasive prenatal testing for fetal aneuploidy. Obstet Gynecol. 2012 Dec;120(6):1532-4.<a href=\"http://www.ncbi.nlm.nih.gov/pubmed/23168792\"> [Abstract]</a><a href=\"https://www.doi.org/10.1097/01.AOG.0000423819.85283.f4\"> [Full Text]</a>"},

   {
    "id":66,
    "key_article":false,
    "ref_article":true,
    "html":"American College of Obstetricians and Gynecologists. ACOG practice bulletin no. 88, December 2007. Invasive prenatal testing for aneuploidy. Obstet Gynecol. 2007 Dec;110(6):1459-67.<a href=\"http://www.ncbi.nlm.nih.gov/pubmed/18055749\"> [Abstract]</a>"},

   {
    "id":67,
    "key_article":false,
    "ref_article":true,
    "html":"Wapner RJ, Martin CL, Levy B, et al. Chromosomal microarray versus karyotyping for prenatal diagnosis. N Engl J Med. 2012 Dec 6;367(23):2175-84.<a href=\"http://www.ncbi.nlm.nih.gov/pubmed/23215555\"> [Abstract]</a><a href=\"https://www.nejm.org/doi/full/10.1056/NEJMoa1203382\"> [Full Text]</a>"},

   {
    "id":68,
    "key_article":false,
    "ref_article":true,
    "html":"Committee on Genetics and the Society for Maternal-Fetal Medicine. Committee Opinion No.682: Microarrays and Next-Generation Sequencing Technology: The Use of Advanced Genetic Diagnostic Tools in Obstetrics and Gynecology. Obstet Gynecol. 2016 Dec;128(6):e262-8.<a href=\"http://www.ncbi.nlm.nih.gov/pubmed/27875474\"> [Abstract]</a><a href=\"https://www.doi.org/10.1097/AOG.0000000000001817\"> [Full Text]</a>"},

   {
    "id":69,
    "key_article":false,
    "ref_article":true,
    "html":"Cheschier N; ACOG Committee on Practice Bulletins-Obstetrics. ACOG practice bulletin: neural tube defects. Number 44, July 2003. (Replaces committee opinion number 252, March 2001). Int J Gynaecol Obstet. 2003 Oct;83(1):123-33.<a href=\"http://www.ncbi.nlm.nih.gov/pubmed/14626221\"> [Abstract]</a>"},

   {
    "id":70,
    "key_article":false,
    "ref_article":true,
    "html":"Cameron M, Moran P. Prenatal screening and diagnosis of neural tube defects. Prenat Diagn. 2009 Apr;29(4):402-11.<a href=\"http://www.ncbi.nlm.nih.gov/pubmed/19301349\"> [Abstract]</a>"},

   {
    "id":71,
    "key_article":false,
    "ref_article":true,
    "html":"Moyer VA; U.S. Preventive Services Task Force. Screening for gestational diabetes mellitus: U.S. Preventive Services Task Force recommendation statement. Ann Intern Med. 2014 Mar 18;160(6):414-20.<a href=\"http://www.ncbi.nlm.nih.gov/pubmed/24424622\"> [Abstract]</a><a href=\"https://annals.org/aim/fullarticle/1813285\"> [Full Text]</a>"},

   {
    "id":72,
    "key_article":false,
    "ref_article":true,
    "html":"Committee on Practice Bulletins--Obstetrics. ACOG Practice Bulletin No. 190: Gestational Diabetes Mellitus. Obstet Gynecol. 2018 Feb;131(2):e49-e64.<a href=\"http://www.ncbi.nlm.nih.gov/pubmed/29370047\"> [Abstract]</a><a href=\"https://www.doi.org/10.1097/AOG.0000000000002501\"> [Full Text]</a>"},

   {
    "id":73,
    "key_article":true,
    "ref_article":true,
    "html":"National Institute for Health and Care Excellence. Diabetes in pregnancy: management from preconception to the postnatal period. August 2015 [internet publication].<a href=\"https://www.nice.org.uk/guidance/ng3\"> [Full Text]</a>"},

   {
    "id":74,
    "key_article":false,
    "ref_article":true,
    "html":"Verani JR, McGee L, Schrag SJ, et al. Prevention of perinatal group B streptococcal disease--revised guidelines from CDC, 2010. MMWR Recomm Rep. 2010 Nov 19;59(rr-10):1-36.<a href=\"http://www.ncbi.nlm.nih.gov/pubmed/21088663\"> [Abstract]</a>"},

   {
    "id":75,
    "key_article":false,
    "ref_article":true,
    "html":"American Diabetes Association. Gestational diabetes mellitus. Diabetes Care. 2003;26(suppl 1):S103-5.<a href=\"http://www.ncbi.nlm.nih.gov/pubmed/12502631\"> [Abstract]</a><a href=\"https://care.diabetesjournals.org/content/26/suppl_1/s103.long\"> [Full Text]</a>"},

   {
    "id":76,
    "key_article":false,
    "ref_article":true,
    "html":"American College of Obstetricians and Gynecologists. ACOG practice bulletin no. 95: anemia in pregnancy. Obstet Gynecol. 2008 Jul;112(1):201-7.<a href=\"http://www.ncbi.nlm.nih.gov/pubmed/18591330\"> [Abstract]</a>"},

   {
    "id":77,
    "key_article":false,
    "ref_article":true,
    "html":"Centers for Disease Control and Prevention. Recommendations to prevent and control iron deficiency in the United States. MMWR Recomm Rep. 1998;47:1-36.<a href=\"http://www.ncbi.nlm.nih.gov/pubmed/9563847\"> [Abstract]</a>"},

   {
    "id":78,
    "key_article":false,
    "ref_article":true,
    "html":"Peña-Rosas JP, De-Regil LM, Garcia-Casal MN, et al. Daily oral iron supplementation during pregnancy. Cochrane Database Syst Rev. 2015 Jul 22;(7):CD004736.<a href=\"http://www.ncbi.nlm.nih.gov/pubmed/26198451\"> [Abstract]</a><a href=\"https://www.cochranelibrary.com/cdsr/doi/10.1002/14651858.CD004736.pub5/full\"> [Full Text]</a>"},

   {
    "id":79,
    "key_article":false,
    "ref_article":true,
    "html":"Clinical Practice Obstetrics Committee; Maternal Fetal Medicine Committee; Delaney M, Roggensack A, Leduc DC, et al. Guidelines for the management of pregnancy at 41+0 to 42+0 weeks. J Obstet Gynaecol Can. 2008 Sep;30(9):800-10.<a href=\"http://www.ncbi.nlm.nih.gov/pubmed/18845050\"> [Abstract]</a>"},

   {
    "id":80,
    "key_article":false,
    "ref_article":true,
    "html":"American College of Obstetricians and Gynecologists. Practice bulletin no. 146: Management of late-term and postterm pregnancies. Obstet Gynecol. 2014 Aug;124(2 pt 1):390-6.<a href=\"http://www.ncbi.nlm.nih.gov/pubmed/25050770\"> [Abstract]</a><a href=\"https://www.doi.org/10.1097/01.AOG.0000452744.06088.48\"> [Full Text]</a>"},

   {
    "id":81,
    "key_article":false,
    "ref_article":true,
    "html":"Sui Z, Grivell RM, Dodd JM. Antenatal exercise to improve outcomes in overweight or obese women: a systematic review. Acta Obstet Gynecol Scand. 2012 May;91(5):538-45.<a href=\"http://www.ncbi.nlm.nih.gov/pubmed/22229625\"> [Abstract]</a>"},

   {
    "id":82,
    "key_article":false,
    "ref_article":true,
    "html":"Quinlivan JA, Julania S, Lam L. Antenatal dietary interventions in obese pregnant women to restrict gestational weight gain to Institute of Medicine recommendations: a meta-analysis. Obstet Gynecol. 2011 Dec;118(6):1395-401.<a href=\"http://www.ncbi.nlm.nih.gov/pubmed/22105270\"> [Abstract]</a>"},

   {
    "id":83,
    "key_article":false,
    "ref_article":true,
    "html":"Racusin D, Stevens B, Campbell G, et al. Obesity and the risk and detection of fetal malformations. Semin Perinatol. 2012 Jun;36(3):213-21.<a href=\"http://www.ncbi.nlm.nih.gov/pubmed/22713503\"> [Abstract]</a>"}   ],
  "online_refs":
  [

   {
    "id":1,
    "title":"US Department of Health and Human Services: prenatal care fact sheet",
    "url":"https://womenshealth.gov/publications/our-publications/fact-sheet/prenatal-care.html"},

   {
    "id":2,
    "title":"International Diabetes Federation: global guideline on pregnancy and diabetes",
    "url":"https://www.idf.org/e-library/guidelines"},

   {
    "id":3,
    "title":"CDC: guidelines for vaccinating pregnant women",
    "url":"https://www.cdc.gov/vaccines/pregnancy/hcp-toolkit/guidelines.html"},

   {
    "id":4,
    "title":"Institute of Medicine: weight gain during pregnancy: reexamining the guidelines",
    "url":"https://www.ncbi.nlm.nih.gov/books/NBK32813/"},

   {
    "id":5,
    "title":"NICE: weight management before, during and after pregnancy",
    "url":"https://www.nice.org.uk/guidance/PH27"},

   {
    "id":6,
    "title":"FDA: eating fish - what pregnant women and parents should know",
    "url":"https://www.fda.gov/food/foodborneillnesscontaminants/metals/ucm393070.htm"},

   {
    "id":7,
    "title":"NICE: smoking - stopping in pregnancy and after childbirth",
    "url":"https://www.nice.org.uk/guidance/PH26"},

   {
    "id":8,
    "title":"Society of Obstetricians and Gynaecologists of Canada: No. 211 - screening and management of bacterial vaginosis in pregnancy",
    "url":"https://www.jogc.com/article/S1701-2163(17)30458-9/abstract"},

   {
    "id":9,
    "title":"NICE: inducing labour",
    "url":"http://www.nice.org.uk/CG70"}   ]},
 "media":
 [

  {
   "file":"493-2-iline.gif",
   "thumb":"",
   "caption":"Weight gain during pregnancy",
   "hilight":"false",
   "iline":"true",
   "auth":"false",
   "source":"Adapted from Institute of Medicine. Weight gain during pregnancy: re-examining the guidelines. 2009"},

  {
   "file":"493-3-iline.gif",
   "thumb":"",
   "caption":"Recommended routine testing",
   "hilight":"false",
   "iline":"true",
   "auth":"false",
   "source":"From the collection of Dr L.M. Szymanski and Dr J.L. Bienstock, amended by Dr M.E. D'Alton and Dr R.S. Miller"}  ]}