
{
 "id":518,
 "title":"Adrenal mass eval",
 "views":
 [

  {
   "id":"root",
   "type":"table",
   "sections":
   [

    {
     "cells":
     [

      {
       "target":"eval-overview",
       "title":"Overview",
       "type":"flex0"}      ]},

    {
     "cells":
     [

      {
       "target":"eval-urgent",
       "title":"Urgent Considerations",
       "type":"flex0"},

      {
       "target":"eval-differentials",
       "title":"Differential Diagnosis",
       "type":"flex0"},

      {
       "target":"eval-diag_approach",
       "title":"Diagnostic Approach",
       "type":"flex0"}      ]}    ]},

  {
   "id":"eval-overview",
   "title":"Adrenal mass eval",
   "html":"<div class=\"cell\"><div class=\"cellBlock\"><div class=\"cellBody\"><P>Incidental adrenal masses are typically found during radiologic imaging of kidneys and adrenals. They are classified as hormonally active or nonfunctioning, and as malignant or benign.</P><P>The prevalence of clinically inapparent adrenal masses increases with age, being &lt;1% for patients younger than 30 years of age and increasing to 7% in patients 70 years of age and older.<a href=\"epoc://current?article=1\">[1]</a> </P><P>Forty-one percent of incidental adrenal masses are adenomas, 19% metastases, 10% adrenocortical carcinomas, 9% myelolipomas, up to 8% pheochromocytomas, and the remainder mostly benign tumors (cysts, adrenolipomas, hematomas, leiomyomas, lymphangiomas).<a href=\"epoc://current?article=2\">[2]</a> <a href=\"epoc://current?article=3\">[3]</a> </P><P>The prevalence of adrenal adenoma is 6% based on autopsy studies, and 4% based on abdominal computed tomography.<a href=\"epoc://current?article=4\">[4]</a> </P><P>Most hormonally active adrenal tumors causing Cushing syndrome, pheochromocytoma, or primary hyperaldosteronism are benign, but uncommonly they may be malignant.</P><P>Adrenocortical carcinoma, while rare, is frequently hormonally active.</P></div><div class=\"cellTitle\">Authors / Peer Reviewers</div><div class=\"cellBody\"><ul><li>Benjamin Viglianti, MD, PhD</li><li>Ka Kit Wong, MBBS</li><li>Milton D. Gross, MD</li><li>Shehzad Basaria, MD</li><li>Lawrence S. Kirschner, MD, PhD</li></ul><br><b class=\"last-updated display-none\">Last Updated: 2020-09-02</b><div style=\"display: none\" class=\"last-updated\"><div class=\"last-updated-label\">Last Updated</div><div class=\"last-updated-date\">2020-09-02</div></div></div></div></div>",
   "type":"web"},

  {
   "id":"eval-urgent",
   "html":"<div class=\"cell\"><div class=\"cellBlock\"><div class=\"cellBody\"><div class=\"cellTitle\">Malignancy</div><div class=\"cellBody\"><P>Exclusion of malignancy is the major concern when an incidental adrenal mass is diagnosed. Clinical history and mass size are important considerations. In patients without prior history of cancer, 66% of adrenal incidentalomas are benign tumors; in patients with a history of cancer, 75% are metastatic lesions. Adrenocortical carcinoma accounts for 2% of tumors ≤4 cm, 6% of tumors 4.1 cm to 6 cm, and 25% of tumors &gt;6 cm.<a href=\"epoc://current?article=1\">[1]</a> In patients with a history of extra-adrenal cancer, differentiation between adrenal metastasis versus benign adrenal mass is paramount in clinical management.</P></div><div class=\"cellTitle\">Endocrine function</div><div class=\"cellBody\"><P>Up to 20% of patients with an incidental adrenal mass have some form of subclinical hormonal dysfunction and may represent a population at higher risk for metabolic disorders and cardiovascular disease. Biochemical evaluation is warranted to assess for Cushing syndrome, pheochromocytoma, and primary aldosteronism.</P></div></div></div></div>",
   "type":"web"},

  {
   "id":"p_0",
   "title":"Adrenal mass eval",
   "html":"<html><div class=\"cell\"><div class=\"cellBlock\"><div class=\"cellTitle\">History</div><div class=\"cellBody\">weight gain with central obesity, facial rounding, easy bruising, thin skin, poor wound healing, purple striae, cognitive and emotional changes, acne, hirsutism, diabetes mellitus</div><div class=\"cellTitle\">Exam</div><div class=\"cellBody\">hypertension, supraclavicular and dorsocervical fat pads, proximal muscle weakness</div><div class=\"cellTitle\">1st Tests</div><div class=\"cellBody\"><B>late night (11pm) salivary cortisol: </B>&gt;4.3 nanomol/L<BR><B>serum electrolytes: </B>possible hypokalemia<BR><B>CBC: </B>possible leukocytosis with neutrophilia<BR><B>fasting serum lipid profile: </B>possible hyperlipidemia<BR><B>fasting blood glucose: </B>possible hyperglycemia<BR></div><div class=\"cellTitle\">Other Tests</div><div class=\"cellBody\"><B>overnight 1 mg dexamethasone suppression test: </B>serum cortisol &lt;5 micrograms/dL in healthy individuals; serum cortisol &lt;1.8 micrograms/dL more sensitive but less specific<BR><B>24-hour urinary free cortisol: </B>&gt;80 micrograms/24 hours<BR><B>early morning (9 am) serum adrenocorticotropic hormone (ACTH): </B>&lt;10 picograms/mL suggests ACTH-independent Cushing syndrome<a href=\"epoc://current?article=22\">[22]</a> <BR><B>CT abdomen: </B>adrenal adenoma: homogenous mass, usually ≤3 cm, with unenhanced CT attenuation ≤10 Hounsfield units and CT contrast-medium washout ≥60% at 15 minutes; adrenocortical carcinoma: large and heterogeneous mass, usually &gt;4 cm, with irregular contour and &gt;10 Hounsfield units on unenhanced CT, vascular mass on contrast-enhanced CT with contrast washout &lt;50% at 10 minutes; tumor invasion in the inferior vena cava can occasionally be seen<BR><B>MRI abdomen: </B>isointense mass in relation to liver on T2-weighted images<a href=\"epoc://current?article=4\">[4]</a> <BR><B>131-I radioiodine-labeled norcholesterol (NP-59) scintigraphy: </B>unilateral focal uptake in the lesion for adrenal adenoma; nonvisualization of adrenal glands bilaterally for adrenal carcinoma<BR></div><BR><A href=\"epoc://dx/monograph/205\"><B class=\"view-dx-monograph\">View Dx Monograph</B></A><BR></div></div></html>",
   "type":"web"},

  {
   "id":"p_1",
   "title":"Adrenal mass eval",
   "html":"<html><div class=\"cell\"><div class=\"cellBlock\"><div class=\"cellTitle\">History</div><div class=\"cellBody\">may be asymptomatic; episodic or severe hypertension, forceful heartbeat, pallor, severe anxiety, headache may be spontaneous or precipitated by postural change, anxiety, medications such as metoclopramide or anesthetic agents, or maneuvers that increase intra-abdominal pressure such as lifting, exercise, pregnancy, trauma</div><div class=\"cellTitle\">Exam</div><div class=\"cellBody\">hypertension (paroxysmal or sustained), tachycardia, orthostatic hypotension, pallor, retinopathy, tremor, fever</div><div class=\"cellTitle\">1st Tests</div><div class=\"cellBody\"><B>fractionated plasma metanephrines: </B>plasma metanephrine ≥2.5 nanograms/L; plasma normetanephrine ≥4.9 nanograms/L<BR></div><div class=\"cellTitle\">Other Tests</div><div class=\"cellBody\"><B>24-hour urine collection for total metanephrines and catecholamines: </B>total metanephrines ≥1.3 mg/24 hours; epinephrine &gt;35 micrograms/24 hours; norepinephrine &gt;170 micrograms/24 hours; dopamine &gt;700 micrograms/24 hours<BR><B>CT abdomen: </B>heterogeneous adrenal mass; hemorrhage and cystic areas are common; &gt;10 Hounsfield units on unenhanced CT; vascular mass on contrast-enhanced CT with contrast washout &lt;50% at 10 minutes<a href=\"epoc://current?article=4\">[4]</a> <BR><B>MRI abdomen: </B>markedly hyperintense mass in relation to the liver on T2-weighted image<BR><B>123-I or 131-I metaiodobenzylguanidine (MIBG) scintigraphy: </B>intense focal uptake in the lesion<BR><B>18-fluoro-2-deoxyglucose (FDG) PET: </B>intense focal uptake in the lesion<BR><B>fluorine-18-L-dihydroxyphenylalanine PET: </B>intense focal uptake in the lesion<BR></div><BR><A href=\"epoc://dx/monograph/163\"><B class=\"view-dx-monograph\">View Dx Monograph</B></A><BR></div></div></html>",
   "type":"web"},

  {
   "id":"p_2",
   "title":"Adrenal mass eval",
   "html":"<html><div class=\"cell\"><div class=\"cellBlock\"><div class=\"cellTitle\">History</div><div class=\"cellBody\">hypokalemia-related symptoms include nocturia, polyuria, muscle cramps, palpitations</div><div class=\"cellTitle\">Exam</div><div class=\"cellBody\">hypertension</div><div class=\"cellTitle\">1st Tests</div><div class=\"cellBody\"><B>serum electrolytes: </B>hypokalemia and/or mild hypernatremia<BR><B>ratio of plasma aldosterone concentration (nanograms/dL) to plasma renin activity (nanograms/mL/hour): </B>ratio &gt;20<BR></div><div class=\"cellTitle\">Other Tests</div><div class=\"cellBody\"><B>plasma aldosterone concentration on an unrestricted salt diet: </B>&gt;10 nanograms/dL<BR><B>24-hour urinary aldosterone excretion: </B>&gt;21 micrograms/24 hours<BR><B>saline infusion test (saline suppression test): </B>postsaline plasma aldosterone concentration &gt;5 nanograms/dL<BR><B>CT abdomen: </B>aldosteronoma: homogeneous mass, usually ≤3 cm, with unenhanced CT attenuation ≤10 Hounsfield units and CT contrast-medium washout ≥60% at 15 minutes;<a href=\"epoc://current?article=4\">[4]</a> bilateral adrenal hyperplasia: the adrenal glands may be normal or have a nodular or multinodular appearance; the adrenals may appear asymmetrically enlarged, with unilateral or bilateral nodules<BR><B>MRI abdomen: </B>homogeneous mass with isointense signal in relation to liver on T2-weighted images<a href=\"epoc://current?article=4\">[4]</a> <BR><B>131-I radioiodine-labeled norcholesterol (NP-59) scintigraphy (after dexamethasone suppression 1 mg orally every 6 hours for 7 days): </B>focal uptake in unilateral pattern (aldosteronoma) or bilateral pattern (adrenal hyperplasia)<BR><B>adrenal venous sampling: </B>confirms that the adrenal mass (and not bilateral adrenal hyperplasia) is the source of aldosterone excess in patients with primary aldosteronism<a href=\"epoc://current?article=4\">[4]</a> <BR></div><BR><A href=\"epoc://dx/monograph/253\"><B class=\"view-dx-monograph\">View Dx Monograph</B></A><BR></div></div></html>",
   "type":"web"},

  {
   "id":"p-cat_1",
   "sections":
   [

    {
     "cells":
     [

      {
       "title":" ! Cushing syndrome",
       "type":"flex0",
       "target":"p_0"},

      {
       "title":" ! Pheochromocytoma",
       "type":"flex0",
       "target":"p_1"},

      {
       "title":" ! Primary hyperaldosteronism",
       "type":"flex0",
       "target":"p_2"}      ]}    ],
   "type":"table"},

  {
   "id":"p_3",
   "title":"Adrenal mass eval",
   "html":"<html><div class=\"cell\"><div class=\"cellBlock\"><div class=\"cellTitle\">History</div><div class=\"cellBody\">asymptomatic, presents in fifth or sixth decade, female preponderance</div><div class=\"cellTitle\">Exam</div><div class=\"cellBody\">no exam findings</div><div class=\"cellTitle\">1st Tests</div><div class=\"cellBody\"><B>CT abdomen: </B>unilateral, solitary, low-density lesions with a smooth, thin wall; peripheral curvilinear calcifications are seen in 15% cases; occasionally (&lt;20% cases) benign cysts may demonstrate hyperattenuation (&gt;60 Hounsfield units) due to intracystic hemorrhage<BR></div></div></div></html>",
   "type":"web"},

  {
   "id":"p_4",
   "title":"Adrenal mass eval",
   "html":"<html><div class=\"cell\"><div class=\"cellBlock\"><div class=\"cellTitle\">History</div><div class=\"cellBody\">typically asymptomatic, may present with abdominal pressure or pain if large</div><div class=\"cellTitle\">Exam</div><div class=\"cellBody\">no exam findings</div><div class=\"cellTitle\">1st Tests</div><div class=\"cellBody\"><B>CT abdomen: </B>appearance is variable, depending on the histologic composition of myelolipoma, ranging from a fat-dominant mass to a completely nonfatty soft-tissue mass; the mass typically has low attenuation (-30 to -115 Hounsfield units), may contain small calcifications (in up to 20% cases), and heterogeneously enhances after contrast administration<BR></div></div></div></html>",
   "type":"web"},

  {
   "id":"p_5",
   "title":"Adrenal mass eval",
   "html":"<html><div class=\"cell\"><div class=\"cellBlock\"><div class=\"cellTitle\">History</div><div class=\"cellBody\">typically asymptomatic, may present with abdominal pressure if large</div><div class=\"cellTitle\">Exam</div><div class=\"cellBody\">no exam findings</div><div class=\"cellTitle\">1st Tests</div><div class=\"cellBody\"><B>CT abdomen: </B>hypoattenuating or heterogeneously attenuating mass, with calcifications present in 66% of cases; the presence of phleboliths within the lesion is characteristic of a hemangioma<BR></div><div class=\"cellTitle\">Other Tests</div><div class=\"cellBody\"><B>contrast CT abdomen: </B>characteristic marked peripheral nodular enhancement due to progressive contrast filling of vascular lakes<a href=\"epoc://current?article=13\">[13]</a> <BR></div></div></div></html>",
   "type":"web"},

  {
   "id":"p_6",
   "title":"Adrenal mass eval",
   "html":"<html><div class=\"cell\"><div class=\"cellBlock\"><div class=\"cellTitle\">History</div><div class=\"cellBody\">typically asymptomatic; may present with abdominal pain</div><div class=\"cellTitle\">Exam</div><div class=\"cellBody\">no exam findings</div><div class=\"cellTitle\">1st Tests</div><div class=\"cellBody\"><B>CT abdomen: </B>well-defined, homogenous and hypoattenuating mass; calcifications are present in 40% cases<a href=\"epoc://current?article=10\">[10]</a> <a href=\"epoc://current?article=13\">[13]</a> <BR></div><div class=\"cellTitle\">Other Tests</div><div class=\"cellBody\"><B>MRI abdomen: </B>hypointense on T1-weighted images and heterogeneously, but markedly hyperintense on T2-weighted images<a href=\"epoc://current?article=10\">[10]</a> <a href=\"epoc://current?article=13\">[13]</a> <BR></div></div></div></html>",
   "type":"web"},

  {
   "id":"p_7",
   "title":"Adrenal mass eval",
   "html":"<html><div class=\"cell\"><div class=\"cellBlock\"><div class=\"cellTitle\">History</div><div class=\"cellBody\">weakness, fatigue, anorexia, nausea, vomiting, weight loss, history of immunocompromise</div><div class=\"cellTitle\">Exam</div><div class=\"cellBody\">hyperpigmentation of skin and mucous membranes</div><div class=\"cellTitle\">1st Tests</div><div class=\"cellBody\"><B>CT abdomen: </B>bilateral adrenal enlargement with central hypoattenuation and peripheral contrast enhancement<BR></div></div></div></html>",
   "type":"web"},

  {
   "id":"p_8",
   "title":"Adrenal mass eval",
   "html":"<html><div class=\"cell\"><div class=\"cellBlock\"><div class=\"cellTitle\">History</div><div class=\"cellBody\">asymptomatic</div><div class=\"cellTitle\">Exam</div><div class=\"cellBody\">no exam findings</div><div class=\"cellTitle\">1st Tests</div><div class=\"cellBody\"><B>CT abdomen: </B>lipid-rich adrenal adenomas typically have ≤10 Hounsfield units attenuation characteristics on noncontrast CT; lipid-poor adrenal adenomas typically have contrast-medium washout ≥60% at 15 minutes on contrast-enhanced CT scan<BR></div><div class=\"cellTitle\">Other Tests</div><div class=\"cellBody\"><B>chemical shift MRI: </B>any lipid-containing tissue shows a signal loss caused by cancellation of the signal from fat and water on opposed-phase compared with in-phase images; visual analysis of in-phase and opposed-phase images detects lipid within adrenal masses<BR><B>131-I radioiodine-labeled norcholesterol (NP-59) scintigraphy: </B>concordant tracer uptake (uptake greater on the side of the mass); the contralateral gland may appear normal or show variable degree of suppression<BR><B>18-fluoro-2-deoxyglucose (FDG) PET: </B>typically displays low FDG uptake; however, 16% of benign adrenal lesions have FDG uptake &gt; background liver uptake<BR></div></div></div></html>",
   "type":"web"},

  {
   "id":"p-cat_2",
   "sections":
   [

    {
     "cells":
     [

      {
       "title":"Adrenal cysts",
       "type":"flex0",
       "target":"p_3"},

      {
       "title":"Adrenal myelolipomas",
       "type":"flex0",
       "target":"p_4"},

      {
       "title":"Adrenal hemangiomas",
       "type":"flex0",
       "target":"p_5"},

      {
       "title":"Adrenal ganglioneuroma",
       "type":"flex0",
       "target":"p_6"},

      {
       "title":" ! Granulomatous infiltrative adrenal lesions",
       "type":"flex0",
       "target":"p_7"},

      {
       "title":"Nonsecretory adrenal adenomas",
       "type":"flex0",
       "target":"p_8"}      ]}    ],
   "type":"table"},

  {
   "id":"p_9",
   "title":"Adrenal mass eval",
   "html":"<html><div class=\"cell\"><div class=\"cellBlock\"><div class=\"cellTitle\">History</div><div class=\"cellBody\">abdominal pressure or pain, acne, hirsutism, amenorrhea or oligomenorrhea, gynecomastia, diabetes mellitus</div><div class=\"cellTitle\">Exam</div><div class=\"cellBody\">Cushingoid features may be present, such as hypertension, supraclavicular and dorsocervical fat pads, proximal muscle weakness</div><div class=\"cellTitle\">1st Tests</div><div class=\"cellBody\"><B>CT abdomen: </B>large and heterogenous mass, usually &gt;4 cm, with irregular contour and &gt;10 Hounsfield units on unenhanced CT; vascular mass on contrast-enhanced CT with contrast washout &lt;60% at 15 minutes<BR></div><div class=\"cellTitle\">Other Tests</div><div class=\"cellBody\"><B>MRI abdomen: </B>hyperintense mass in relation to liver on T2-weighted images<BR><B>18-fluoro-2-deoxyglucose (FDG) PET: </B>focal activity in the lesion, may display central photopenic area surrounded by rim of intense activity if large tumor with necrotic center<BR></div></div></div></html>",
   "type":"web"},

  {
   "id":"p_10",
   "title":"Adrenal mass eval",
   "html":"<html><div class=\"cell\"><div class=\"cellBlock\"><div class=\"cellTitle\">History</div><div class=\"cellBody\">weakness, fatigue, anorexia, nausea, vomiting, weight loss, history of cancer</div><div class=\"cellTitle\">Exam</div><div class=\"cellBody\">hyperpigmentation of skin and mucous membranes, hypotension</div><div class=\"cellTitle\">1st Tests</div><div class=\"cellBody\"><B>serum electrolyte panel: </B>hyponatremia<BR><B>fasting blood glucose: </B>hypoglycemia<BR><B>CT abdomen: </B>heterogeneous, irregular mass of variable size (frequently &lt;3 cm), often bilateral, with unenhanced CT attenuation &gt;10 Hounsfield units and CT contrast-medium washout &lt;50% at 10 minutes<a href=\"epoc://current?article=4\">[4]</a> <BR></div><div class=\"cellTitle\">Other Tests</div><div class=\"cellBody\"><B>MRI abdomen: </B>hyperintense lesion in relation to liver on T2-weighted image, with occasional hemorrhage or cystic areas<a href=\"epoc://current?article=4\">[4]</a> <BR><B>18-fluoro-2-deoxyglucose (FDG) PET: </B>focal activity in the lesion<BR><B>CT-guided fine needle aspiration (FNA) biopsy: </B>used to differentiate between adrenal tissue and nonadrenal tissues (e.g., metastases or infection)<BR></div></div></div></html>",
   "type":"web"},

  {
   "id":"p_11",
   "title":"Adrenal mass eval",
   "html":"<html><div class=\"cell\"><div class=\"cellBlock\"><div class=\"cellTitle\">History</div><div class=\"cellBody\">may be asymptomatic; abdominal pressure and/or pain</div><div class=\"cellTitle\">Exam</div><div class=\"cellBody\">no exam findings</div><div class=\"cellTitle\">1st Tests</div><div class=\"cellBody\"><B>CT abdomen: </B>large, unilateral adrenal mass; possible central necrosis and calcification<BR><B>18-fluoro-2-deoxyglucose PET/CT: </B>metabolically avid lesion with possible central photopenia<BR></div><div class=\"cellTitle\">Other Tests</div><div class=\"cellBody\"><B>adrenal biopsy: </B>definitive diagnosis is on demonstration of melanin in the tumor<BR></div></div></div></html>",
   "type":"web"},

  {
   "id":"p-cat_3",
   "sections":
   [

    {
     "cells":
     [

      {
       "title":" ! Adrenocortical carcinoma",
       "type":"flex0",
       "target":"p_9"},

      {
       "title":" ! Adrenal metastases",
       "type":"flex0",
       "target":"p_10"},

      {
       "title":" ! Adrenal malignant melanoma",
       "type":"flex0",
       "target":"p_11"}      ]}    ],
   "type":"table"},

  {
   "id":"eval-differentials",
   "sections":
   [

    {
     "cells":
     [

      {
       "title":"Benign, Hormonally active",
       "type":"flex0",
       "target":"p-cat_1"},

      {
       "title":"Benign, Hormonally inactive",
       "type":"flex0",
       "target":"p-cat_2"},

      {
       "title":"Malignant",
       "type":"flex0",
       "target":"p-cat_3"}      ]}    ],
   "type":"table"},

  {
   "id":"eval-diag_approach",
   "html":"<div class=\"cell\"><div class=\"cellBlock\"><div class=\"cellBody\"><P>Once identified, further imaging and laboratory evaluation are necessary to identify the etiology and underlying adrenal pathology of the tumor. It is important to determine whether the tumor is hormonally active or inactive, and malignant or benign.</P><P>Biochemical studies include standard hormonal evaluation: late night salivary cortisol, or overnight 1 mg dexamethasone suppression test for Cushing syndrome, fractionated plasma metanephrines for pheochromocytoma, and ratio of plasma aldosterone concentration/plasma renin activity if hypertension or hypokalemia is present for primary hyperaldosteronism.</P></div><div class=\"cellTitle\">Clinical assessment</div><div class=\"cellBody\"><P>Patients with an incidental adrenal mass may present with only subtle clinical features of adrenal hormone excess, or their adrenal mass may be hormonally inactive. Therefore, the initial clinical evaluation is focused on assessing the clinical signs and symptoms of hormone overproduction syndromes.<a href=\"epoc://current?article=4\">[4]</a> </P><ul><li>Cushing syndrome: weight gain, central obesity, facial rounding, plethora, supraclavicular fat pads, dorsocervical fat pad, easy bruising, purple striae, proximal weakness, mood changes, infection, irregular menses, acne, hirsutism, hypertension (if virilizing or feminizing tumor: hirsutism, amenorrhea or change in libido, gynecomastia). Individuals with mild autonomous cortisol excess (MACE), or subclinical Cushing syndrome, may be asymptomatic, or patients may have metabolic alterations such as impaired glucose tolerance, diabetes, hypertension, or metabolic bone disease without other clinical stigmata.<a href=\"epoc://current?article=4\">[4]</a> <a href=\"epoc://current?article=7\">[7]</a> </li><li>Pheochromocytoma: severe or episodic hypertension, palpitations, pallor, retinopathy, tremor, fever.</li><li>Primary hyperaldosteronism: hypertension, muscle cramps/weakness, cardiac arrhythmias, hypokalemia-induced nephrogenic diabetes insipidus (polyuria, dehydration).</li></ul><P>Patients with adrenal cortical carcinoma may present with clinical evidence of:</P><ul><li>Mass effect (e.g., abdominal pain)</li><li>Adrenal hypersecretion of cortisol (Cushing syndrome), androgens (hirsutism, acne, amenorrhea, or oligomenorrhea), estrogens (gynecomastia), or, very rarely, aldosterone (hypokalemia-related symptoms).</li></ul></div><div class=\"cellTitle\">Laboratory evaluation</div><div class=\"cellBody\"><P>All patients undergo the following workup.<a href=\"epoc://current?article=4\">[4]</a> </P><ul><li>Electrolytes: hypokalemia may suggest hyperaldosteronism; hypokalemia may be present in Cushing syndrome.</li><li>Fasting lipid profile: hyperlipidemia may be present in Cushing syndrome.</li><li>Fasting blood glucose: hyperglycemia may be present in Cushing syndrome or pheochromocytoma.</li><li>Complete blood count: leukocytosis with neutrophilia may occur in Cushing syndrome.</li><li>Screening test for Cushing syndrome with late night salivary cortisol or overnight (1 mg) dexamethasone suppression test.</li><li>Screening for pheochromocytoma with fractionated plasma metanephrines.</li></ul><P>Patients with hypertension should also have plasma renin/aldosterone ratio measured to assess for hyperaldosteronism.</P><P>If screening for hormonal activity is positive, further testing is indicated to confirm hormonal autonomy:</P><ul><li>For Cushing syndrome, 24-hour urine free cortisol and early morning (9 am) serum corticotropin (ACTH).</li><li>For pheochromocytoma, 24-hour urine total metanephrines and fractionated catecholamines.</li><li>For hyperaldosteronism, plasma aldosterone concentration on an unrestricted salt diet, 24-hour urinary aldosterone excretion, and saline infusion test (saline suppression test).</li></ul><P>Blood levels of androgens (testosterone and dehydroepiandrosterone sulfate) or estrogens (estradiol) are not routine, but measured when there are signs or symptoms of virilization in women or feminization in men.</P><P>Venous adrenal sampling confirms that the adrenal mass (and not bilateral adrenal hyperplasia) is the source of aldosterone excess in patients with primary aldosteronism.<a href=\"epoc://current?article=4\">[4]</a> </P><P>European guidelines suggest screening all patients with MACE for hypertension, type 2 diabetes mellitus, and asymptomatic vertebral fractures in the context of untreated osteoporosis.<a href=\"epoc://current?article=8\">[8]</a> </P></div><div class=\"cellTitle\">Imaging</div><div class=\"cellBody\"><P><a class=\"inlineImage\" href=\"epoc://current?view=p-images-i_1\">Image</a>Adrenal incidentalomas may be detected on abdominal computed tomography (CT), magnetic resonance imaging (MRI), positron emission tomography (PET), or ultrasound for investigation of nonadrenal disorders. If prior imaging is available then confirming stability in size over a 2-year period is highly predictive of benign etiology. The size of an adrenal mass should be considered because a larger mass is more likely to be malignant. However, this should not be used in isolation because malignant tumors &lt;3 cm in diameter are not uncommon. The smaller an adrenal carcinoma is at the time of diagnosis, the lower the tumor stage and the better the patient's overall prognosis. Additionally, most adrenal masses &gt;4 cm are benign. The criterion of diameter &gt;4 cm has 90% sensitivity, but only 24% specificity for adrenal cortical carcinoma detection.<a href=\"epoc://current?article=4\">[4]</a> Size thresholds have been proposed for surgical intervention; size &gt;6 cm is associated with increased risk of adrenal cortical carcinoma requiring surgical resection. Guidelines have recommended surgical resection of adrenal nodules with indeterminate CT features and size &gt;4 or 5 cm due to increased risk of malignancy, although controversy does exist.<a href=\"epoc://current?article=14\">[14]</a> <a href=\"epoc://current?article=15\">[15]</a> </P><P>Imaging modalities may further differentiate adrenal masses.</P><ul><li>CT or MRI: to assess size and morphologic characteristics of adrenal lesions.<a class=\"inlineImage\" href=\"epoc://current?view=p-images-i_2\">Image</a></li></ul><P>Decisions regarding surgery should take into account not only size, but also the imaging phenotype of the mass, as well as the patient's age and any coexisting conditions. On unenhanced CT, benign adrenal adenomas (lipid-rich adenomas) typically have ≤10 Hounsfield units attenuation characteristics.<a href=\"epoc://current?article=16\">[16]</a> If the adrenal lesion has &gt;10 Hounsfield units attenuation, the diagnosis is uncertain (it may represent a lipid-poor adenoma, an adrenocortical carcinoma, adrenal metastasis, or pheochromocytoma). In this case, a contrast-enhanced CT scan is performed to assess the washout of initial enhancement in the lesion; adrenal adenomas display ≥60% enhancement washout at 15 minutes (sensitivity 88%, specificity 96% for diagnosis of benign adrenal lesion).</P><P>Chemical shift MRI is indicated if the adrenal incidentaloma is discovered during MRI study, or if the adrenal mass is indeterminate on contrast-enhanced CT and further characterization is required. MRI can confirm fat content in lipid-rich adenomas with high specificity.</P></div><div class=\"cellTitle\">Functional imaging studies</div><div class=\"cellBody\"><P>Mainly performed in patients with biochemical evidence of adrenal, cortical, and medullary hypersecretion to assist surgical planning.</P><P>In patients with biochemical evidence of hypersecretory endocrine syndromes and indeterminate CT or MRI findings, functional radionuclide imaging enables further characterization of the adrenal mass.</P><P>Radioiodine-labeled norcholesterol (NP-59) scintigraphy</P><P>In patients with laboratory evidence of hypercortisolism or hyperaldosteronism, and no history of cancer, functional radionuclide imaging should start with NP-59 scintigraphy. In this group, unilateral uptake on NP-59 scintigraphy within an adrenal mass virtually excludes adrenal malignancy due to primary adrenocortical cancer or metastatic disease.<a class=\"inlineImage\" href=\"epoc://current?view=p-images-i_3\">Image</a></P><P>Metaiodobenzylguanidine (MIBG) scintigraphy</P><P>In the case of a normal NP-59 scan, an MIBG scan should be used to assess for nonhypersecreting pheochromocytoma.</P><P>123-I or 131-I MIBG scintigraphy identifies tumors of chromaffin origin (adrenal medulla and neural crest tumors). This test is used for localization of sources of hypercatecholaminemia (intra-adrenal/extra-adrenal/metastatic/familial pheochromocytomas) and other neuro-endocrine neoplasms (neuroblastomas and paragangliomas). It is indicated when CT or MRI is suggestive of pheochromocytoma or if there is evidence of catacholamine hypersecretion. One meta-analysis found that MIBG had sensitivity of 94% and specificity of 92% for pheochromocytoma.<a href=\"epoc://current?article=17\">[17]</a> If the MIBG scan is negative, it should be followed by an 18-fluoro-2-deoxyglucose PET scan.</P><P><a class=\"inlineImage\" href=\"epoc://current?view=p-images-i_4\">Image</a></P><P>18-Fluoro-2-deoxyglucose (FDG) PET</P><P>In patients with a history of malignancy, 18-FDG PET or PET/CT should be initially performed, and if negative should be followed by NP-59 and MIBG studies.<a href=\"epoc://current?article=18\">[18]</a> </P><P>18-FDG PET is useful for the metabolic characterization of adrenal lesions (benign versus malignant), which may assist in determining whether surgical resection is warranted due to suspicion for malignancy.<a href=\"epoc://current?article=19\">[19]</a> 18-FDG PET or PET/CT is used in patients with a history of malignancy, patients with an adrenal mass &gt;4cm, and those in whom CT or MRI alone is inconclusive.<a href=\"epoc://current?article=16\">[16]</a> </P><P>In patient groups with and without history of cancer, 18-FDG PET has reported sensitivity between 74% to 100%, and specificity 66% to 100%, for characterizing benign versus malignant masses.<a href=\"epoc://current?article=20\">[20]</a> False-negative results occur due to small size, tumors with low FDG-avidity (eg., renal cell cancer), necrosis, and prior chemotherapy. False positives occur due to overlap of metabolic activity with benign adrenal cortical adenoma, benign pheochromocytoma, and inflammatory diseases of the adrenals.</P><P>Pheochromocytomas are metabolically active tumors and focally concentrate FDG in approximately 75% of cases, FDG uptake being more common in malignant pheochromocytoma than in benign pheochromocytoma. Some pheochromocytomas that poorly concentrate MIBG are generally well visualized with FDG, and most pheochromocytomas that fail to accumulate FDG are detected with MIBG; therefore, the 18-FDG PET or PET/CT scan is done when the MIBG scan is negative.</P><P>Patients with cancer are more likely to already have had 18-FDG PET/CT as part of their staging or restaging workup. Otherwise, for patients with cancer, if widespread metastases are already present then further workup of an adrenal nodule may not be necessary.</P><P><a class=\"inlineImage\" href=\"epoc://current?view=p-images-i_5\">Image</a></P><P>Fluorine-18-L-dihydroxyphenylalanine (18F-DOPA) PET</P><P>Performed when both MIBG and 18-FDG PET scans are negative, but there is persistent biochemical evidence for pheochromocytoma (e.g., elevated plasma fractionated plasma metanephrines).</P><P>CT-guided fine needle aspiration (FNA) biopsy</P><P>Performed for diagnostic evaluation of adrenal masses in patients with a history of cancer (particularly lung, breast, and kidney) and no other metastases, in order to differentiate between adrenal tissue and nonadrenal tissues (e.g., metastases or infection).</P><P>Pheochromocytoma should always be excluded before the procedure in order to avoid a hypertensive crisis.</P><P>CT-guided FNA biopsy is not routinely performed because of the risk of:</P><ul><li>procedure-related complications (2.8%; including abdominal pain, adrenal hematoma, hematuria, pancreatitis, pneumothorax, formation of an adrenal abscess)</li></ul><ul><li>risk of needle tract metastasis (0.3% of subjects with long-term follow-up), and</li></ul><ul><li>high rate of false-negative results.</li></ul><P>Generally FNA biopsy is not performed for suspected adrenocortical carcinoma due to concerns regarding seeding of malignancy along the needle tract. If there is a high suspicion, surgical resection is indicated.</P><P>FNA biopsy is not usually performed for suspected granulomatous disease, although this is a known cause of false-positive 18-FDG PET results.</P><P>FNA biopsy may be required for diagnosis of adrenal nodules/masses still indeterminate for malignancy after imaging evaluation.</P><P>If tissue sampling is not indicated, then a strategy of short interval imaging follow-up (at 6 to 12 months) may be pursued.</P><P>Other tests</P><P>Adrenal vein sampling may also be used for lateralization of cortisol- or aldosterone-secreting adrenal nodules.</P></div><div class=\"cellTitle\">Follow-up</div><div class=\"cellBody\"><P>After initial diagnostic evaluation, follow-up of adrenal incidentalomas includes imaging evaluation at 6 to 12 months to assess for mass enlargement. For lesions that do not increase in size, further radiologic follow-up is not required. Biochemical testing annually (overnight 1 mg dexamethasone suppression test and fractionated plasma metanephrines) is performed yearly for 4 years to exclude emergence of subclinical hormonal hypersecretion.<a href=\"epoc://current?article=1\">[1]</a> </P><P>Patients with an adrenal incidentaloma are at risk for tumor growth and development of hormonal alterations. A long-term follow-up study (12-120 months, median 25.5 months) of 64 patients with incidental adrenal masses revealed that cumulative risk of developing endocrine abnormalities was 17% at 1 year, 29% at 2 years, and 47% at 5 years; cumulative risk of mass enlargement was 6% at 1 year, 14% at 2 years, and 29% at 5 years.<a href=\"epoc://current?article=21\">[21]</a> Rapid growth rate (&gt;2 cm per year) is suggestive of aggressive malignancy (e.g., adrenocortical carcinoma), while stability or slow growth rate (0.5 cm to 1 cm per year) suggests a benign process.<a href=\"epoc://current?article=2\">[2]</a> </P><P>Further follow-up may not be warranted for adrenal tumors that remain stable after 2 imaging studies done at least 6 months apart, and do not exhibit hormonal hypersecretion over 4 years.</P></div></div></div>",
   "type":"web"},

  {
   "id":"p-images-i_1",
   "title":"Images",
   "type":"image",
   "image_refs":
   [
0    ]},

  {
   "id":"p-images-i_2",
   "title":"Images",
   "type":"image",
   "image_refs":
   [
1    ]},

  {
   "id":"p-images-i_3",
   "title":"Images",
   "type":"image",
   "image_refs":
   [
2    ]},

  {
   "id":"p-images-i_4",
   "title":"Images",
   "type":"image",
   "image_refs":
   [
3,
4    ]},

  {
   "id":"p-images-i_5",
   "title":"Images",
   "type":"image",
   "image_refs":
   [
5    ]},

  {
   "id":"p-images-i_6",
   "title":"Images",
   "type":"image",
   "image_refs":
   [
1    ]},

  {
   "id":"p-images-i_7",
   "title":"Images",
   "type":"image",
   "image_refs":
   [
1    ]},

  {
   "id":"p-images-i_8",
   "title":"Images",
   "type":"image",
   "image_refs":
   [
3,
4    ]},

  {
   "id":"p-images-i_9",
   "title":"Images",
   "type":"image",
   "image_refs":
   [
2    ]},

  {
   "id":"p-images-i_10",
   "title":"Images",
   "type":"image",
   "image_refs":
   [
5    ]},

  {
   "id":"p-images-i_11",
   "title":"Images",
   "type":"image",
   "image_refs":
   [
6    ]},

  {
   "id":"p-images-i_12",
   "title":"Images",
   "type":"image",
   "image_refs":
   [
7    ]}  ],
 "citations":
 {
  "articles":
  [

   {
    "id":1,
    "key_article":true,
    "ref_article":true,
    "html":"Grumbach MM, Biller BM, Braunstein GD, et al. Management of the clinically inapparent adrenal mass (\"incidentaloma\"). Ann Intern Med. 2003 Mar 4;138(5):424-9.<a href=\"http://www.ncbi.nlm.nih.gov/pubmed/12614096\"> [Abstract]</a><a href=\"http://www.annals.org/cgi/content/full/138/5/424\"> [Full Text]</a>"},

   {
    "id":2,
    "key_article":true,
    "ref_article":true,
    "html":"Agency for Healthcare Research and Quality. Management of clinically inapparent adrenal mass. Evidence Report/Technology Assessment: No. 56 AHRQ Publication No. 02-E013. February 2002 [internet publication].<a href=\"http://archive.ahrq.gov/clinic/tp/adrentp.htm\"> [Full Text]</a>"},

   {
    "id":3,
    "key_article":false,
    "ref_article":true,
    "html":"Kloos RT, Gross MD, Francis IR, et al. Incidentally discovered adrenal masses. Endocr Rev. 1995 Aug;16(4):460-84.<a href=\"http://www.ncbi.nlm.nih.gov/pubmed/8521790\"> [Abstract]</a>"},

   {
    "id":4,
    "key_article":true,
    "ref_article":true,
    "html":"Young WF Jr. Clinical practice. The incidentally discovered adrenal mass. N Engl J Med. 2007;356:601-10.<a href=\"http://www.ncbi.nlm.nih.gov/pubmed/17287480\"> [Abstract]</a>"},

   {
    "id":5,
    "key_article":false,
    "ref_article":true,
    "html":"Nieman LK. Cushing's syndrome. In: Jameson JL, De Groot LJ, eds. Endocrinology. 6th ed. Saunders Elsevier; 2010."},

   {
    "id":6,
    "key_article":false,
    "ref_article":true,
    "html":"Newell-Price J, Bertagna X, Grossman AB, et al. Cushing's syndrome. Lancet. 2006 May 13;367(9522):1605-17.<a href=\"http://www.ncbi.nlm.nih.gov/pubmed/16698415\"> [Abstract]</a>"},

   {
    "id":7,
    "key_article":false,
    "ref_article":true,
    "html":"Elhassan YS, Alahdab F, Prete A, et al. Natural history of adrenal incidentalomas with and without mild autonomous cortisol excess: a systematic review and meta-analysis. Ann Intern Med. 2019 Jul 16;171(2):107-16.<a href=\"http://www.ncbi.nlm.nih.gov/pubmed/31234202\"> [Abstract]</a>"},

   {
    "id":8,
    "key_article":false,
    "ref_article":true,
    "html":"Fassnacht M, Arlt W, Bancos I, et al. Management of adrenal incidentalomas: European Society of Endocrinology clinical practice guideline in collaboration with the European Network for the Study of Adrenal Tumors. Eur J Endocrinol. 2016 Aug;175(2):G1-34.<a href=\"http://www.ncbi.nlm.nih.gov/pubmed/27390021\"> [Abstract]</a><a href=\"https://eje.bioscientifica.com/view/journals/eje/175/2/G1.xml\"> [Full Text]</a>"},

   {
    "id":9,
    "key_article":false,
    "ref_article":true,
    "html":"Terzolo M, Pia A, Alì A, et al. Adrenal incidentaloma: a new cause of the metabolic syndrome? J Clin Endocrinol Metab. 2002 Mar;87(3):998-1003.<a href=\"http://www.ncbi.nlm.nih.gov/pubmed/11889151\"> [Abstract]</a><a href=\"https://academic.oup.com/jcem/article/87/3/998/2846606\"> [Full Text]</a>"},

   {
    "id":10,
    "key_article":false,
    "ref_article":true,
    "html":"Kawashima A, Sandler CM, Fishman EK, et al. Spectrum of CT findings in nonmalignant disease of the adrenal gland. Radiographics. 1998 Mar-Apr;18(2):393-412.<a href=\"http://www.ncbi.nlm.nih.gov/pubmed/9536486\"> [Abstract]</a>"},

   {
    "id":11,
    "key_article":false,
    "ref_article":true,
    "html":"Allolio B, Fassnacht M. Clinical review: adrenocortical carcinoma: clinical update. J Clin Endocrinol Metab. 2006 Jun;91(6):2027-37.<a href=\"http://www.ncbi.nlm.nih.gov/pubmed/16551738\"> [Abstract]</a><a href=\"https://academic.oup.com/jcem/article/91/6/2027/2843324\"> [Full Text]</a>"},

   {
    "id":12,
    "key_article":true,
    "ref_article":true,
    "html":"Bertherat J, Mosnier-Pudar H, Bertagna X. Adrenal incidentalomas. Curr Opin Oncol. 2002 Jan;14(1):58-63.<a href=\"http://www.ncbi.nlm.nih.gov/pubmed/11790982\"> [Abstract]</a>"},

   {
    "id":13,
    "key_article":false,
    "ref_article":true,
    "html":"Otal P, Escourrou G, Mazerolles C, et al. Imaging features of uncommon adrenal masses with histopathologic correlation. Radiographics. 1999 May-Jun;19(3):569-81.<a href=\"http://www.ncbi.nlm.nih.gov/pubmed/10336189\"> [Abstract]</a>"},

   {
    "id":14,
    "key_article":false,
    "ref_article":true,
    "html":"Zeiger MA, Thompson GB, Duh QY, et al. The American Association of Clinical Endocrinologists and American Association of Endocrine Surgeons medical guidelines for the management of adrenal incidentalomas. Endocr Pract. 2009 Jul-Aug;15(suppl 1):1-20.<a href=\"http://www.ncbi.nlm.nih.gov/pubmed/19632967\"> [Abstract]</a>"},

   {
    "id":15,
    "key_article":true,
    "ref_article":true,
    "html":"American College of Radiology. ACR appropriateness criteria: incidentally discovered adrenal mass. 2012 [internet publication].<a href=\"https://acsearch.acr.org/docs/69366/Narrative/\"> [Full Text]</a>"},

   {
    "id":16,
    "key_article":false,
    "ref_article":true,
    "html":"Terzolo M, Stigliano A, Chiodini I, et al. AME position statement on adrenal incidentaloma. Eur J Endocrinol. 2011 Jun;164(6):851-70.<a href=\"http://www.ncbi.nlm.nih.gov/pubmed/21471169\"> [Abstract]</a><a href=\"http://www.eje-online.org/content/164/6/851.long\"> [Full Text]</a>"},

   {
    "id":17,
    "key_article":false,
    "ref_article":true,
    "html":"Jacobson AF, Deng H, Lombard J, et al. 123I-meta-iodobenzylguanidine scintigraphy for the detection of neuroblastoma and pheochromocytoma: results of a meta-analysis. J Clin Endocrinol Metab. 2010 Jun;95(6):2596-606.<a href=\"http://www.ncbi.nlm.nih.gov/pubmed/20392867\"> [Abstract]</a><a href=\"https://academic.oup.com/jcem/article/95/6/2596/2598082\"> [Full Text]</a>"},

   {
    "id":18,
    "key_article":false,
    "ref_article":true,
    "html":"Avram AM, Fig LM, Gross MD. Adrenal gland scintigraphy. Semin Nucl Med. 2006 Jul;36(3):212-27.<a href=\"http://www.ncbi.nlm.nih.gov/pubmed/16762612\"> [Abstract]</a>"},

   {
    "id":19,
    "key_article":false,
    "ref_article":true,
    "html":"Boland GW, Dwamena BA, Jagtiani Sangwaiya M, et al. Characterization of adrenal masses by using FDG PET: a systematic review and meta-analysis of diagnostic test performance. Radiology. 2011 Apr;259(1):117-26.<a href=\"http://www.ncbi.nlm.nih.gov/pubmed/21330566\"> [Abstract]</a><a href=\"http://radiology.rsna.org/content/259/1/117.long\"> [Full Text]</a>"},

   {
    "id":20,
    "key_article":false,
    "ref_article":true,
    "html":"Wong KK, Arabi M, Bou-Assaly W, et al. Evaluation of incidentally discovered adrenal masses with PET and PET/CT. Eur J Radiol. 2012 Mar;81(3):441-50.<a href=\"http://www.ncbi.nlm.nih.gov/pubmed/21295930\"> [Abstract]</a>"},

   {
    "id":21,
    "key_article":false,
    "ref_article":true,
    "html":"Libè R, Dall'Asta C, Barbetta L, et al. Long-term follow-up study of patients with adrenal incidentalomas. Eur J Endocrinol. 2002 Oct;147(4):489-94.<a href=\"http://www.ncbi.nlm.nih.gov/pubmed/12370111\"> [Abstract]</a><a href=\"http://www.eje-online.org/content/147/4/489.full.pdf\"> [Full Text]</a>"},

   {
    "id":22,
    "key_article":false,
    "ref_article":true,
    "html":"Petersenn S, Unger N, Walz MK, et al. Diagnostic value of biochemical parameters in the differential diagnosis of an adrenal mass. Ann N Y Acad Sci. 2006 Aug;1073:348-57.<a href=\"http://www.ncbi.nlm.nih.gov/pubmed/17102104\"> [Abstract]</a>"},

   {
    "id":23,
    "key_article":false,
    "ref_article":true,
    "html":"Pecori Giraldi F, Ambrogio AG, De Martin M, et al. Specificity of first-line tests for the diagnosis of Cushing's syndrome: assessment in a large series. J Clin Endocrinol Metab. 2007 Nov;92(11):4123-9.<a href=\"http://www.ncbi.nlm.nih.gov/pubmed/17698908\"> [Abstract]</a><a href=\"https://academic.oup.com/jcem/article/92/11/4123/2598028\"> [Full Text]</a>"},

   {
    "id":24,
    "key_article":false,
    "ref_article":true,
    "html":"Korobkin M, Brodeur FJ, Francis IR, et al. CT time-attenuation washout curves of adrenal adenomas and non adenomas. AJR Am J Roentgenol. 1998 Mar;170(3):747-52.<a href=\"http://www.ncbi.nlm.nih.gov/pubmed/9490968\"> [Abstract]</a>"},

   {
    "id":25,
    "key_article":false,
    "ref_article":true,
    "html":"Sawka AM, Jaeschke R, Singh RJ, et al. A comparison of biochemical tests for pheochromocytoma: measurement of fractionated plasma metanephrines compared with the combination of 24-hour urinary metanephrines and catecholamines. J Clin Endocrinol Metab. 2003 Feb;88(2):553-8.<a href=\"http://www.ncbi.nlm.nih.gov/pubmed/12574179\"> [Abstract]</a><a href=\"https://academic.oup.com/jcem/article/88/2/553/2845079\"> [Full Text]</a>"},

   {
    "id":26,
    "key_article":false,
    "ref_article":true,
    "html":"Shulkin BL, Thompson NW, Shapiro B, et al. Pheochromocytomas: imaging with 2-[fluorine-18]fluoro-2-deoxy-D-glucose PET. Radiology. 1999 Jul;212(1):35-41.<a href=\"http://www.ncbi.nlm.nih.gov/pubmed/10405717\"> [Abstract]</a>"},

   {
    "id":27,
    "key_article":false,
    "ref_article":true,
    "html":"Hoegerle S, Nitzsche E, Altehoefer C, et al. Pheochromocytomas: detection with 18F DOPA whole body PET - initial results. Radiology. 2002 Feb;222(2):507-12.<a href=\"http://www.ncbi.nlm.nih.gov/pubmed/11818620\"> [Abstract]</a>"},

   {
    "id":28,
    "key_article":true,
    "ref_article":true,
    "html":"Gopan T, Remer E, Hamrahian AH. Evaluating and managing adrenal incidentalomas. Cleve Clin J Med. 2006 Jun;73(6):561-8.<a href=\"http://www.ncbi.nlm.nih.gov/pubmed/16784156\"> [Abstract]</a>"},

   {
    "id":29,
    "key_article":false,
    "ref_article":true,
    "html":"Tiu SC, Choi CH, Shek CC, et al. The use of aldosterone-renin ratio as a diagnostic test for primary hyperaldosteronism and its test characteristics under different conditions of blood sampling. J Clin Endocrinol Metab. 2005 Jan;90(1):72-8.<a href=\"http://www.ncbi.nlm.nih.gov/pubmed/15483077\"> [Abstract]</a><a href=\"https://academic.oup.com/jcem/article/90/1/72/2835601\"> [Full Text]</a>"},

   {
    "id":30,
    "key_article":false,
    "ref_article":true,
    "html":"Yun M, Kim W, Alnafisi N, et al. 18F-FDG PET in characterizing adrenal lesions detected on CT or MRI. J Nucl Med. 2001 Dec;42(12):1795-9.<a href=\"http://www.ncbi.nlm.nih.gov/pubmed/11752075\"> [Abstract]</a><a href=\"http://jnm.snmjournals.org/cgi/content/full/42/12/1795\"> [Full Text]</a>"}   ]},
 "media":
 [

  {
   "file":"518-12-iline.gif",
   "thumb":"",
   "caption":"Workup of an adrenal mass incidentally found on imaging [Abbreviations: CT: computed tomography; CECT: contrast-enhanced CT; MRI: magnetic resonance imaging; CS-MRI: compressed sensing MRI; F-DOPA: 3,4-dihydroxy-6-(18)F-fluoro-l-phenylalanine; FDG: 18-fluoro-2-deoxyglucose; FNAB: fine-needle aspiration (FNA) biopsy; HU: Hounsfield unit; MIBG: meta-iodobenzylguanidine; NP-59: iodine-131-6-beta-iodomethylnorcholesterol (or radio-iodine-labeled norcholesterol); PET: positron emission tomography; SUVmax: maximum standardized uptake value; US: ultrasound]",
   "hilight":"false",
   "iline":"true",
   "auth":"false",
   "source":"Algorithm created by Dr Ka Kit Wong; used with permission "},

  {
   "file":"518-3.jpg",
   "thumb":"518-3-tn.jpg",
   "caption":"Incidentally discovered, 1.8 cm diameter, right adrenal mass in a 37-year-old man. Abdominal CT (A) depicts the mass as lipid-poor with atypical contrast enhancement; NP-59 scintigraphy done without dexamethasone suppression; (B) demonstrates a concordant pattern of imaging with right > left adrenal accumulation of iodocholesterol on the fifth and sixth days postinjection, compatible with a benign etiology",
   "hilight":"false",
   "iline":"false",
   "auth":"false",
   "source":"DeGroot LJ, Jameson JL, eds. Endocrinology, 5th ed. Philadelphia, PA: Elsevier; 2006; used with permission"},

  {
   "file":"518-2.jpg",
   "thumb":"518-2-tn.jpg",
   "caption":"Left adrenal aldosteronoma depicted with dexamethasone suppression NP-59 imaging: 57-year-old woman with biochemical evidence of hyperaldosteronism and a left adrenal mass. Abdominal CT (A) demonstrates a 2 cm left adrenal mass (black arrow), anterior and posterior abdominal NP-59 scans (B and C) on the third day postinjection; anterior and posterior abdominal NP-59 scans (D and E) on the fifth day postinjection; abnormal left adrenal uptake (black arrows) occurs early, before day 5 postinjection (B and C); normal uptake in liver (L), bowel (B), and gallbladder (GB)",
   "hilight":"false",
   "iline":"false",
   "auth":"false",
   "source":"Rubello D, Bui C, Casara D, et al., Eur J Endocrinol. 2002 Jul;147(1):13-28; used with permission"},

  {
   "file":"518-5.jpg",
   "thumb":"518-5-tn.jpg",
   "caption":"Meta-iodobenzylguanidine (MIBG) scan demonstrating intensely focal tracer activity in the left adrenal gland consistent with pheochromocytoma in a 56-year-old woman with HTN, elevated plasma norepinephrine levels, and a 3 cm left adrenal mass seen on cross-sectional anatomic imaging",
   "hilight":"false",
   "iline":"false",
   "auth":"false",
   "source":"Avram A, Fig LM, Gross MD. Semin Nucl Med. 2006 Jul;36(3):212-27; used with permission"},

  {
   "file":"518-6.jpg",
   "thumb":"518-6-tn.jpg",
   "caption":"Malignant, metastatic pheochromocytoma demonstrated by 123-I-meta-iodobenzylguanidine (MIBG) and CT in a 31-year-old woman after bilateral adrenalectomy and persistent HTN complicated by renal insufficiency and recent development of superior vena cava (SVC) obstruction; (A) anterior chest and abdomen scan. L = normal liver uptake while arrows depict multiple, abnormal foci of 123-1-MIBG in metastatic pheochromocytoma deposits in the mediastinum and para-aortic regions; (B) chest CT identifies the superior mediastinal mass responsible for SVC obstruction (white arrow)",
   "hilight":"false",
   "iline":"false",
   "auth":"false",
   "source":"Rubello D, Bui C, Casara D, et al. Eur J Endocrinol. 2002 Jul;147(1):13-28; used with permission"},

  {
   "file":"518-7.jpg",
   "thumb":"518-7-tn.jpg",
   "caption":"18-fluoro-2-deoxyglucose (FDG) PET-CT: adrenal adenoma. 46-year-old man with squamous cell carcinoma of the neck (TxN1 tumor) status post-external beam radiation therapy; restaging PET-CT demonstrates low-attenuation, non-FDG avid, 3.7 cm left adrenal nodule consistent with adrenal adenoma; FDG PET study excluded distant metastasis to the adrenal gland",
   "hilight":"false",
   "iline":"false",
   "auth":"false",
   "source":"Gross MD, Avram A, Fig LM, et al. Eur J Nucl Med Mol Imaging. 2007 Apr;34(4):547-57; used with permission"},

  {
   "file":"518-8.jpg",
   "thumb":"518-8-tn.jpg",
   "caption":"18-fluoro-2-deoxyglucose (FDG) PET-CT: adrenocortical carcinoma. 51-year-old woman with Cushing syndrome and large, multilobulated and intensely 18-F-FDG avid left adrenal mass and metastatic aortocaval and left para-aortic lymph nodes",
   "hilight":"false",
   "iline":"false",
   "auth":"false",
   "source":"Gross MD, Avram A, Fig LM, et al. Q J Nucl Med Mol Imaging. 2007 Sep;51(3):272-83; used with permission"},

  {
   "file":"518-4.jpg",
   "thumb":"518-4-tn.jpg",
   "caption":"Left adrenal metastasis (arrow) depicted by 18-fluoro-2-deoxyglucose (FDG) PET-CT (A-C) in a patient with a non-small cell lung cancer (arrow); corresponding chest (D) and abdominal (E) CT scans identify the lung primary and the adrenal metastasis (arrow)",
   "hilight":"false",
   "iline":"false",
   "auth":"false",
   "source":"Avram A, Fig LM, Gross MD. Semin Nucl Med. 2006 Jul;36(3):212-27; used with permission"}  ]}