
{
 "id":559,
 "title":"Mycobacterium avium complex",
 "views":
 [

  {
   "id":"root",
   "type":"table",
   "sections":
   [

    {
     "cells":
     [

      {
       "target":"highlights",
       "title":"Highlights & Basics",
       "type":"flex0"}      ]},

    {
     "cells":
     [

      {
       "target":"tx_options",
       "title":"Treatment Options",
       "type":"flex0"},

      {
       "target":"tx_emerging",
       "title":"Emerging Treatments",
       "type":"flex0"},

      {
       "target":"tx_approach",
       "title":"Treatment Approach",
       "type":"flex0"},

      {
       "target":"hxexam",
       "title":"History & Exam",
       "type":"flex0"},

      {
       "target":"tests",
       "title":"Tests",
       "type":"flex0"},

      {
       "target":"differentials",
       "title":"Differential Diagnosis",
       "type":"flex0"},

      {
       "target":"diag_approach",
       "title":"Diagnostic Approach",
       "type":"flex0"},

      {
       "target":"followup",
       "title":"Follow-up",
       "type":"flex0"},

      {
       "target":"prevention",
       "title":"Prevention",
       "type":"flex0"},

      {
       "target":"complications",
       "title":"Complications",
       "type":"flex0"},

      {
       "target":"guidelines",
       "title":"Society Guidelines",
       "type":"flex0"}      ]}    ]},

  {
   "id":"highlights",
   "title":"Mycobacterium avium complex",
   "html":"<div class=\"cell\"><div class=\"cellBlock\"><div class=\"cellTitle\">Key Highlights</div><div class=\"cellBody\"><ul><li>Variable presenting features including chronic cough, weight loss, and fevers.</li><li>Increased incidence in patients with underlying lung disease, heavy smoking, and excessive alcohol consumption.</li><li>HIV-infected patients with CD4 cell count &lt;50 cells/microliter also at increased risk of infection.</li><li>Diagnosis of pulmonary disease in non-HIV-infected individuals requires repeated isolation of the organism from respiratory secretions, in addition to compatible symptoms and radiographic presentation.</li><li>Combination treatment with at least two drugs is essential.</li></ul></div><div class=\"cellTitle\">Definition</div><div class=\"cellBody\"><P>Mycobacterium avium complex (MAC), also known as mycobacterium avium-intracellulare (MAI), consists of two mycobacterium species, M avium and M intracellulare.<a href=\"epoc://current?article=1\">[1]</a> Although MAC isolates can be identified as M avium or M intracellulare by molecular techniques,<a href=\"epoc://current?article=2\">[2]</a> there is no prognostic or treatment advantage for doing so. In humans, MAC traditionally causes three disease syndromes: pulmonary disease, cervical lymphadenitis, and disseminated disease.<a href=\"epoc://current?article=3\">[3]</a> <a href=\"epoc://current?article=4\">[4]</a> <a href=\"epoc://current?article=5\">[5]</a> A fourth syndrome, a hypersensitivity pneumonitis associated with hot tub use, has also been described.<a href=\"epoc://current?article=6\">[6]</a> </P></div><div class=\"cellTitle\">Classification</div><div class=\"cellBody\"><h3>Disease syndromes associated with MAC</h3><ul><li>Pulmonary disease</li><li>Cervical lymphadenitis</li><li>Disseminated disease</li><li>Hypersensitivity pneumonitis</li></ul></div><div class=\"cellTitle\">Epidemiology</div><div class=\"cellBody\"><P>Disease estimates for pulmonary MAC disease in developed countries range from 0.9 to 1.3 cases per 100,000 people.<a href=\"epoc://current?article=7\">[7]</a> MAC lymphadenitis is primarily a disease of children with approximately 300 cases reported annually in the US.<a href=\"epoc://current?article=8\">[8]</a> <a href=\"epoc://current?article=9\">[9]</a> Patients with healthy immune systems rarely develop illness as a result of MAC. However, in people with HIV, MAC can spread widely and affect almost any organ (especially the liver, spleen, and bone marrow). Prior to the availability of combination antiretroviral therapy, disseminated MAC occurred in 20% to 40% of AIDS patients.<a href=\"epoc://current?article=10\">[10]</a> Since the introduction of combination antiretroviral therapy, the incidence of MAC has decreased significantly in HIV-infected patients.<a href=\"epoc://current?article=11\">[11]</a> </P></div><div class=\"cellTitle\">Etiology</div><div class=\"cellBody\"><P>MAC is commonly found in the environment, including soil, water, and animals.<a href=\"epoc://current?article=12\">[12]</a> It is known to colonize natural water as well as indoor water sources, pools, and hot tubs.<a href=\"epoc://current?article=13\">[13]</a> However, no environmental exposure or behavior has been consistently determined as a risk factor for subsequent development of MAC. Specific routes of acquisition are also rarely identified. While there may be regional differences in the prevalence of MAC in the environment, the implication of these differences in the prevalence of MAC disease is unclear.<a href=\"epoc://current?article=8\">[8]</a> <a href=\"epoc://current?article=14\">[14]</a> </P><P>Mycobacteria are aerobic, nonspore-forming, nonmotile bacilli.<a href=\"epoc://current?article=1\">[1]</a> Their cell wall contains long-chained glycolipids that protect these facultative intracellular bacteria from lysosomal attack. They grow slowly over 10 to 21 days on solid media. Growth is detected earlier on liquid media (7-10 days).</P><P>There are two main species that comprise MAC: M avium and M intracellulare. The organisms are further classified into serovars based on the glycopeptidolipid content of the cell wall.<a href=\"epoc://current?article=2\">[2]</a> M avium is responsible for more than 90% to 95% of diseases in AIDS patients.<a href=\"epoc://current?article=15\">[15]</a> Serovars 1, 4, and 8 have been identified as major etiologic agents in AIDS patients.<a href=\"epoc://current?article=16\">[16]</a> </P></div><div class=\"cellTitle\">Authors / Peer Reviewers</div><div class=\"cellBody\"><ul><li>Zelalem Temesgen, MD, FIDSA</li><li>Jonathan P. Parsons, MD</li><li>Sandro Vento, MD</li></ul></div><br><b class=\"last-updated display-none\">Last Updated: 2020-04-17</b><div style=\"display: none\" class=\"last-updated\"><div class=\"last-updated-label\">Last Updated</div><div class=\"last-updated-date\">2020-04-17</div></div></div></div>",
   "type":"web"},

  {
   "id":"p-p_tx-c_0",
   "sections":
   [

    {
     "type":"table",
     "cells":
     [

      {
       "target":"tx-1",
       "title":"mild to moderate nodular bronchiectatic disease",
       "type":"flex0"},

      {
       "target":"tx-3",
       "title":"cavitary disease",
       "type":"flex0"},

      {
       "target":"tx-5",
       "title":"advanced (severe) disease or previously treated disease",
       "type":"flex0"}      ]}    ],
   "type":"table"},

  {
   "id":"p-p_tx-c_7",
   "sections":
   [

    {
     "type":"table",
     "cells":
     [

      {
       "target":"tx-8",
       "title":"advanced immunosuppression",
       "type":"flex0"},

      {
       "target":"tx-7",
       "title":"not otherwise specified",
       "type":"flex0"}      ]}    ],
   "type":"table"},

  {
   "id":"p-p_tx-c_10",
   "sections":
   [

    {
     "type":"table",
     "cells":
     [

      {
       "target":"tx-11",
       "title":"localized disease",
       "type":"flex0"},

      {
       "target":"tx-12",
       "title":"extensive disease; poor surgical response",
       "type":"flex0"}      ]}    ],
   "type":"table"},

  {
   "id":"tx_options",
   "sections":
   [

    {
     "headerText":"Ongoing",
     "cells":
     [

      {
       "target":"p-p_tx-c_0",
       "title":"pulmonary MAC",
       "type":"flex0"},

      {
       "target":"p-p_tx-c_7",
       "title":"disseminated MAC",
       "type":"flex0"},

      {
       "target":"p-p_tx-c_10",
       "title":"MAC lymphadenitis",
       "type":"flex0"},

      {
       "target":"tx-13",
       "title":"MAC hypersensitivity pneumonitis",
       "type":"flex0"}      ]}    ],
   "type":"table"},

  {
   "id":"tx_emerging",
   "title":"Mycobacterium avium complex",
   "html":"<div class=\"cell\"><div class=\"cellBlock\"><div class=\"cellTitle\">Inhaled liposomal amikacin</div><div class=\"cellBody\">The Food and Drug Administration has approved amikacin liposome inhalation suspension (an oral inhalation), an aminoglycoside antibiotic, for the treatment of MAC lung disease as part of a combination antibacterial drug regimen. However, the indication is at present limited to patients who have limited or no alternative treatment options, including patients who have not achieved negative sputum cultures after a minimum of 6 consecutive months of treatment.</div></div></div>",
   "type":"web"},

  {
   "id":"tx_approach",
   "title":"Mycobacterium avium complex",
   "html":"<div class=\"cell\"><div class=\"cellBlock\"><div class=\"cellBody\"><P>To maximize effectiveness of antibiotic therapy and avoid the development of resistance, combination therapy is essential.</P></div><div class=\"cellTitle\">MAC pulmonary disease</div><div class=\"cellBody\"><P>For MAC pulmonary disease, treatment recommendations take into consideration the severity of disease as well as the radiographic appearance. For mild to moderate nodular bronchiectatic disease, intermittent, three-times-weekly dosing with clarithromycin or azithromycin plus ethambutol plus rifampin is recommended. For cavitary disease, the recommended regimen consists of the same drugs, but given daily rather than three-times weekly. For patients with advanced (severe) disease or where prior drug therapy has failed, the addition of intermittent amikacin or streptomycin for the first 2 to 3 months of therapy should be considered.<a href=\"epoc://current?article=27\">[27]</a> <a href=\"epoc://current?article=37\">[37]</a> </P><P>Patients will require treatment until sputum cultures are consecutively negative for at least 12 months.<a href=\"epoc://current?article=27\">[27]</a> </P><P>Lung resection (lobectomy/pneumonectomy) may be considered in patients:</P><ul><li>With localized disease, especially upper lobe cavitary disease</li><li>Who failed to convert the sputum culture to negative after 6 months of continuous medical therapy</li><li>Who cannot tolerate medical therapy.</li></ul><P>Surgical excision is an option for patients who have localized disease and who have either failed or not tolerated medical therapy, provided that a surgical team experienced in such procedures is available.</P></div><div class=\"cellTitle\">MAC disseminated disease</div><div class=\"cellBody\"><P>Clarithromycin and ethambutol form the cornerstone of therapy. Azithromycin can be substituted for clarithromycin where drug interactions and/or tolerability are an issue. A third or fourth drug may be added in patients with advanced immunosuppression (CD4 count &lt;50 cells/microliter) or high mycobacterial load, or in the absence of effective antiretroviral therapy. Options for the third or fourth drug may include rifabutin, a fluoroquinolone (e.g., levofloxacin or moxifloxacin), or an injectable aminoglycoside (e.g., amikacin or streptomycin).<a href=\"epoc://current?article=28\">[28]</a> </P><P>Clinicians should be aware that fluoroquinolones have been associated with disabling and potentially irreversible musculoskeletal or nervous system adverse effects.<a href=\"epoc://current?article=38\">[38]</a> <a href=\"epoc://current?article=39\">[39]</a> In addition, the Food and Drug Administration has issued warnings about the increased risk of aortic dissection, significant hypoglycemia, and mental health adverse effects in patients taking fluoroquinolones.<a href=\"epoc://current?article=40\">[40]</a> <a href=\"epoc://current?article=41\">[41]</a> </P><P>Treatment is discontinued after a course of at least 12 months in patients who remain asymptomatic with respect to MAC signs and symptoms and have a sustained increase in their CD4 T-lymphocyte counts to over 100 cells/microliter for longer than 6 months.</P><P>HIV-infected patients need to be on effective antiretroviral therapy.</P><P>Attention needs to be paid to interactions between antiretrovirals: in particular, protease inhibitors and non-nucleoside reverse transcriptase inhibitors and rifamycins (rifabutin and rifampin).<a href=\"epoc://current?article=28\">[28]</a> </P></div><div class=\"cellTitle\">MAC lymphadenitis</div><div class=\"cellBody\"><P>Treatment is with prompt total surgical excision of the involved lymph nodes. If extensive disease, or poor response to surgical therapy, antimycobacterial therapy can be initiated.<a href=\"epoc://current?article=27\">[27]</a> </P></div><div class=\"cellTitle\">MAC hypersensitivity pneumonitis</div><div class=\"cellBody\"><P>Abstinence from hot tubs is adequate for many.</P><P>Prednisone tapered over 4 to 8 weeks is the treatment of choice. Antimycobacterial drugs may be needed if extensive disease and symptoms progress, although the use of these is still debated.<a href=\"epoc://current?article=27\">[27]</a> </P></div><div class=\"cellTitle\">Macrolide-resistant MAC</div><div class=\"cellBody\"><P>The treatment of macrolide-resistant MAC disease is complex, and a specialist experienced in MAC therapy should be consulted before therapy is started. Guidelines suggest that extensive use of additional agents before referral to a specialist may compromise the patient's chance for an optimal therapeutic response; therefore, prompt referral is important.<a href=\"epoc://current?article=27\">[27]</a> </P></div></div></div>",
   "type":"web"},

  {
   "id":"hxexam_details",
   "sections":
   [

    {
     "type":"table",
     "headerText":"Strong",
     "cells":
     [

      {
       "title":"underlying lung diseases",
       "type":"flex0",
       "targetHTML":"<div class=\"cell\"><div class=\"cellBlock\"><div class=\"cellBody\"><P>Such as healed tuberculosis, COPD, cystic fibrosis, bronchiectasis, malignancy, or pneumoconiosis.<a href=\"epoc://current?article=3\">[3]</a><a href=\"epoc://current?article=8\">[8]</a><a href=\"epoc://current?article=25\">[25]</a></P><P>Believed to predispose to MAC disease by interfering with pulmonary clearance mechanisms. However, such specific defects have not been identified.</P><P>Associated with type of MAC that causes cavitary lung disease.</P></div></div></div>"},

      {
       "title":"HIV/AIDS",
       "type":"flex0",
       "targetHTML":"<div class=\"cell\"><div class=\"cellBlock\"><div class=\"cellBody\"><P>CD4 T-cell count under 50 cells/microliter is the primary risk factor.</P><P>Other factors that have been associated with disseminated MAC disease in HIV-infected patients include high plasma HIV-1 RNA levels (&gt;100,000 copies/mL), previous opportunistic infections (particularly cytomegalovirus disease) and previous colonization of the respiratory or gastrointestinal tract with MAC.<a href=\"epoc://current?article=5\">[5]</a></P></div></div></div>"},

      {
       "title":"severe immunosuppression",
       "type":"flex0",
       "targetHTML":"<div class=\"cell\"><div class=\"cellBlock\"><div class=\"cellBody\"><P>Due to leukemia, lymphoma, organ transplantation or other immunosuppressive therapy.<a href=\"epoc://current?article=27\">[27]</a></P></div></div></div>"},

      {
       "title":"genetic cytokine defects",
       "type":"flex0",
       "targetHTML":"<div class=\"cell\"><div class=\"cellBlock\"><div class=\"cellBody\"><P>Defects in interleukin-12 and interferon gamma production predispose to disseminated MAC.<a href=\"epoc://current?article=23\">[23]</a><a href=\"epoc://current?article=24\">[24]</a></P></div></div></div>"}      ]},

    {
     "type":"table",
     "headerText":"Weak",
     "cells":
     [

      {
       "title":"smoking",
       "type":"flex0",
       "targetHTML":"<div class=\"cell\"><div class=\"cellBlock\"><div class=\"cellBody\"><P>Associated with the development of pulmonary MAC.</P></div></div></div>"},

      {
       "title":"excessive alcohol use",
       "type":"flex0",
       "targetHTML":"<div class=\"cell\"><div class=\"cellBlock\"><div class=\"cellBody\"><P>Associated with the development of pulmonary MAC.</P></div></div></div>"},

      {
       "title":"older men",
       "type":"flex0",
       "targetHTML":"<div class=\"cell\"><div class=\"cellBlock\"><div class=\"cellBody\"><P>Older male smokers have higher risk of developing cavitating lung disease from MAC.</P></div></div></div>"},

      {
       "title":"postmenopausal women",
       "type":"flex0",
       "targetHTML":"<div class=\"cell\"><div class=\"cellBlock\"><div class=\"cellBody\"><P>Postmenopausal, nonsmoking women with no underlying lung disease or immunosuppression are more prone to develop mid-lung nodular bronchiectatic disease (middle lung syndrome/Lady Windermere syndrome).<a href=\"epoc://current?article=26\">[26]</a></P></div></div></div>"},

      {
       "title":"hot tub use",
       "type":"flex0",
       "targetHTML":"<div class=\"cell\"><div class=\"cellBlock\"><div class=\"cellBody\"><P>Hypersensitivity pneumonitis secondary to exposure to aerosolized MAC in indoor hot tubs (hot tub lung) has been described.<a href=\"epoc://current?article=6\">[6]</a></P></div></div></div>"}      ]}    ],
   "type":"table"},

  {
   "id":"p-hxexam_factor-key_2",
   "title":"Mycobacterium avium complex",
   "html":"<html><div class=\"cell\"><div class=\"cellBlock\"><div class=\"cellBody\"><P>Pulmonary MAC classically develops in individuals with a history of lung disease such as prior tuberculosis, bronchiectasis, cancer, silicosis, and cystic fibrosis.</P></div></div></div></html>",
   "type":"web"},

  {
   "id":"p-hxexam_factor-key_5",
   "title":"Mycobacterium avium complex",
   "html":"<html><div class=\"cell\"><div class=\"cellBlock\"><div class=\"cellBody\"><P>Present in most patients with pulmonary MAC or hypersensitivity pneumonitis.</P></div></div></div></html>",
   "type":"web"},

  {
   "id":"p-hxexam_factor-key_6",
   "title":"Mycobacterium avium complex",
   "html":"<html><div class=\"cell\"><div class=\"cellBlock\"><div class=\"cellBody\"><P>Present in most patients with pulmonary MAC or hypersensitivity pneumonitis.</P></div></div></div></html>",
   "type":"web"},

  {
   "id":"p-hxexam_factor-key_7",
   "title":"Mycobacterium avium complex",
   "html":"<html><div class=\"cell\"><div class=\"cellBlock\"><div class=\"cellBody\"><P>Present in most patients, especially in HIV-related disseminated disease.</P></div></div></div></html>",
   "type":"web"},

  {
   "id":"p-hxexam_factor-key_8",
   "title":"Mycobacterium avium complex",
   "html":"<html><div class=\"cell\"><div class=\"cellBlock\"><div class=\"cellBody\"><P>Present in most patients, especially in HIV-related disseminated disease.</P></div></div></div></html>",
   "type":"web"},

  {
   "id":"p-hxexam_factor-key_9",
   "title":"Mycobacterium avium complex",
   "html":"<html><div class=\"cell\"><div class=\"cellBlock\"><div class=\"cellBody\"><P>Occurs in most patients with MAC infection, especially in HIV-related disseminated disease.</P></div></div></div></html>",
   "type":"web"},

  {
   "id":"p-hxexam_factor-key_13",
   "title":"Mycobacterium avium complex",
   "html":"<html><div class=\"cell\"><div class=\"cellBlock\"><div class=\"cellBody\"><P>Cervical lymphadenopathy is noted primarily among children. Mediastinal lymphadenopathy can be seen with pulmonary MAC disease. Intra-abdominal lymphadenopathy is often a component of disseminated MAC disease. Lymphadenopathy can also be seen in the setting of immune reconstitution and inflammatory syndrome.</P></div></div></div></html>",
   "type":"web"},

  {
   "id":"p-hxexam_factor-key_3",
   "title":"Mycobacterium avium complex",
   "html":"<html><div class=\"cell\"><div class=\"cellBlock\"><div class=\"cellBody\"><P>HIV infection or general severe immune suppression, leukemia, lymphoma, organ transplantation, or other immunosuppressive therapy.</P></div></div></div></html>",
   "type":"web"},

  {
   "id":"p-hxexam_factor-key_4",
   "title":"Mycobacterium avium complex",
   "html":"<html><div class=\"cell\"><div class=\"cellBlock\"><div class=\"cellBody\"><P>History of recent hot tub use should be elicited in patients with history and chest x-ray changes of pneumonitis.</P></div></div></div></html>",
   "type":"web"},

  {
   "id":"p-hxexam_factor-other_0",
   "title":"Mycobacterium avium complex",
   "html":"<html><div class=\"cell\"><div class=\"cellBlock\"><div class=\"cellBody\"><P>Cervical lymphadenitis predominantly affects children (mean age 2.8 years).<a href=\"epoc://current?article=31\">[31]</a> </P></div></div></div></html>",
   "type":"web"},

  {
   "id":"p-hxexam_factor-other_1",
   "title":"Mycobacterium avium complex",
   "html":"<html><div class=\"cell\"><div class=\"cellBlock\"><div class=\"cellBody\"><P>Middle-aged or older individuals are predominately affected in pulmonary MAC.</P></div></div></div></html>",
   "type":"web"},

  {
   "id":"p-hxexam_factor-other_10",
   "title":"Mycobacterium avium complex",
   "html":"<html><div class=\"cell\"><div class=\"cellBlock\"><div class=\"cellBody\"><P>May occur in association with fever in patients with subacute MAC.</P></div></div></div></html>",
   "type":"web"},

  {
   "id":"p-hxexam_factor-other_11",
   "title":"Mycobacterium avium complex",
   "html":"<html><div class=\"cell\"><div class=\"cellBlock\"><div class=\"cellBody\"><P>May occur in patients with disseminated MAC.</P></div></div></div></html>",
   "type":"web"},

  {
   "id":"p-hxexam_factor-other_12",
   "title":"Mycobacterium avium complex",
   "html":"<html><div class=\"cell\"><div class=\"cellBlock\"><div class=\"cellBody\"><P>May occur in patients with disseminated MAC.</P></div></div></div></html>",
   "type":"web"},

  {
   "id":"p-hxexam_factor-other_14",
   "title":"Mycobacterium avium complex",
   "html":"<html><div class=\"cell\"><div class=\"cellBlock\"><div class=\"cellBody\"><P>These findings are very nonspecific and may represent underlying lung disease or pulmonary MAC.</P></div></div></div></html>",
   "type":"web"},

  {
   "id":"p-hxexam_factor-other_19",
   "title":"Mycobacterium avium complex",
   "html":"<html><div class=\"cell\"><div class=\"cellBlock\"><div class=\"cellBody\"><P>Associated with disseminated MAC, especially patients with HIV.</P></div></div></div></html>",
   "type":"web"},

  {
   "id":"p-hxexam_factor-other_20",
   "title":"Mycobacterium avium complex",
   "html":"<html><div class=\"cell\"><div class=\"cellBlock\"><div class=\"cellBody\"><P>Associated with disseminated MAC, especially patients with HIV.</P></div></div></div></html>",
   "type":"web"},

  {
   "id":"p-hxexam_factor-other_15",
   "title":"Mycobacterium avium complex",
   "html":"<html><div class=\"cell\"><div class=\"cellBlock\"><div class=\"cellBody\"><P>In postmenopausal women with nodular/bronchiectatic MAC.</P></div></div></div></html>",
   "type":"web"},

  {
   "id":"p-hxexam_factor-other_16",
   "title":"Mycobacterium avium complex",
   "html":"<html><div class=\"cell\"><div class=\"cellBlock\"><div class=\"cellBody\"><P>In postmenopausal women with nodular/bronchiectatic MAC.</P></div></div></div></html>",
   "type":"web"},

  {
   "id":"p-hxexam_factor-other_17",
   "title":"Mycobacterium avium complex",
   "html":"<html><div class=\"cell\"><div class=\"cellBlock\"><div class=\"cellBody\"><P>In postmenopausal women with nodular/bronchiectatic MAC.</P></div></div></div></html>",
   "type":"web"},

  {
   "id":"p-hxexam_factor-other_18",
   "title":"Mycobacterium avium complex",
   "html":"<html><div class=\"cell\"><div class=\"cellBlock\"><div class=\"cellBody\"><P>Mitral valve prolapse is associated with nodular/bronchiectatic MAC in postmenopausal women.</P></div></div></div></html>",
   "type":"web"},

  {
   "id":"hxexam",
   "sections":
   [

    {
     "headerText":"Risk Factors",
     "cells":
     [

      {
       "target":"hxexam_details",
       "title":"Details",
       "type":"flex0"}      ]},

    {
     "dividerType":"divider0",
     "headers":
     [

      {
       "title":"Key Diagnostic Factors"},

      {
       "title":"common",
       "type":"header1"}      ],
     "cells":
     [

      {
       "title":"underlying lung disease ",
       "target":"p-hxexam_factor-key_2",
       "type":"flex0"},

      {
       "title":"chronic productive cough",
       "target":"p-hxexam_factor-key_5",
       "type":"flex0"},

      {
       "title":"dyspnea",
       "target":"p-hxexam_factor-key_6",
       "type":"flex0"},

      {
       "title":"weight loss ",
       "target":"p-hxexam_factor-key_7",
       "type":"flex0"},

      {
       "title":"fatigue",
       "target":"p-hxexam_factor-key_8",
       "type":"flex0"},

      {
       "title":"fever ",
       "target":"p-hxexam_factor-key_9",
       "type":"flex0"},

      {
       "title":"lymphadenopathy",
       "target":"p-hxexam_factor-key_13",
       "type":"flex0"}      ]},

    {
     "headers":
     [

      {
       "title":"uncommon",
       "type":"header1"}      ],
     "cells":
     [

      {
       "title":"immunocompromised",
       "target":"p-hxexam_factor-key_3",
       "type":"flex0"},

      {
       "title":"hot tub use",
       "target":"p-hxexam_factor-key_4",
       "type":"flex0"}      ]},

    {
     "dividerType":"divider0",
     "headers":
     [

      {
       "title":"Other Diagnostic Factors"},

      {
       "title":"common",
       "type":"header1"}      ],
     "cells":
     [

      {
       "title":"age under 5 years",
       "target":"p-hxexam_factor-other_0",
       "type":"flex0"},

      {
       "title":"middle-to-old age",
       "target":"p-hxexam_factor-other_1",
       "type":"flex0"},

      {
       "title":"night sweats",
       "target":"p-hxexam_factor-other_10",
       "type":"flex0"},

      {
       "title":"abdominal pain",
       "target":"p-hxexam_factor-other_11",
       "type":"flex0"},

      {
       "title":"diarrhea",
       "target":"p-hxexam_factor-other_12",
       "type":"flex0"},

      {
       "title":"ronchi/crackles",
       "target":"p-hxexam_factor-other_14",
       "type":"flex0"},

      {
       "title":"hepatomegaly",
       "target":"p-hxexam_factor-other_19",
       "type":"flex0"},

      {
       "title":"splenomegaly",
       "target":"p-hxexam_factor-other_20",
       "type":"flex0"}      ]},

    {
     "headers":
     [

      {
       "title":"uncommon",
       "type":"header1"}      ],
     "cells":
     [

      {
       "title":"thin body habitus",
       "target":"p-hxexam_factor-other_15",
       "type":"flex0"},

      {
       "title":"pectus excavatum",
       "target":"p-hxexam_factor-other_16",
       "type":"flex0"},

      {
       "title":"scoliosis",
       "target":"p-hxexam_factor-other_17",
       "type":"flex0"},

      {
       "title":"systolic click and murmur",
       "target":"p-hxexam_factor-other_18",
       "type":"flex0"}      ]}    ],
   "type":"table"},

  {
   "id":"p-test-t_0",
   "title":"CBC with differential",
   "html":"<html><div class=\"cell\"><div class=\"cellBlock\"><div class=\"cellTitle\">Result</div><div class=\"cellBody\">low Hb; reduced CD4+ count</div><div class=\"cellTitle\">Test Details</div><div class=\"cellBody\"><li>Common finding in disseminated MAC.<a href=\"epoc://current?article=15\">[15]</a> </li></div></div></div></html>",
   "type":"web"},

  {
   "id":"p-test-t_1",
   "title":"LFT",
   "html":"<html><div class=\"cell\"><div class=\"cellBlock\"><div class=\"cellTitle\">Result</div><div class=\"cellBody\">elevated alkaline phosphatase</div><div class=\"cellTitle\">Test Details</div><div class=\"cellBody\"><li>Common finding in disseminated MAC.<a href=\"epoc://current?article=15\">[15]</a> </li></div></div></div></html>",
   "type":"web"},

  {
   "id":"p-test-t_2",
   "title":"chest x-ray",
   "html":"<html><div class=\"cell\"><div class=\"cellBlock\"><div class=\"cellTitle\">Result</div><div class=\"cellBody\">thin-walled cavitary lesions primarily in the upper lobes; or nodules and bronchiectasis in the middle or lower lobes</div><div class=\"cellTitle\">Test Details</div><div class=\"cellBody\"><li>Should be compared with baseline films (if available) to document progression.</li></div></div></div></html>",
   "type":"web"},

  {
   "id":"p-test-t_3",
   "title":"sputum culture",
   "html":"<html><div class=\"cell\"><div class=\"cellBlock\"><div class=\"cellTitle\">Result</div><div class=\"cellBody\">positive for growth of MAC</div><div class=\"cellTitle\">Test Details</div><div class=\"cellBody\"><li>Positive sputum cultures do not necessarily indicate MAC pulmonary disease. Are confirmatory following clinical assessment and radiographs.</li><li>Could reflect colonization only.</li></div></div></div></html>",
   "type":"web"},

  {
   "id":"p-test-t_4",
   "title":"blood culture",
   "html":"<html><div class=\"cell\"><div class=\"cellBlock\"><div class=\"cellTitle\">Result</div><div class=\"cellBody\">positive for growth of MAC</div><div class=\"cellTitle\">Test Details</div><div class=\"cellBody\"><li>In HIV-related disseminated MAC, blood cultures are very helpful in establishing the diagnosis. The sensitivity of a single blood culture to yield the diagnosis is 90% to 95%; two blood cultures have a sensitivity of 99%.<a href=\"epoc://current?article=34\">[34]</a> </li></div></div></div></html>",
   "type":"web"},

  {
   "id":"p-test-t_5",
   "title":"high-resolution CT (HRCT) scanning",
   "html":"<html><div class=\"cell\"><div class=\"cellBlock\"><div class=\"cellTitle\">Result</div><div class=\"cellBody\">thin-walled upper lobe cavities; multiple, peripheral nodules centered on the bronchovascular tree (\"tree-in-bud\"); cylindrical bronchiectasis</div><div class=\"cellTitle\">Test Details</div><div class=\"cellBody\"><li>Abnormal chest x-ray but without cavitations should prompt HRCT.</li></div></div></div></html>",
   "type":"web"},

  {
   "id":"p-test-t_6",
   "title":"bone marrow aspirate for culture",
   "html":"<html><div class=\"cell\"><div class=\"cellBlock\"><div class=\"cellTitle\">Result</div><div class=\"cellBody\">positive for growth of MAC</div><div class=\"cellTitle\">Test Details</div><div class=\"cellBody\"><li>May be required in cases of suspected disseminated MAC if blood cultures are nondiagnostic.</li></div></div></div></html>",
   "type":"web"},

  {
   "id":"p-test-t_7",
   "title":"bronchoscopy/bronchial lavage",
   "html":"<html><div class=\"cell\"><div class=\"cellBlock\"><div class=\"cellTitle\">Result</div><div class=\"cellBody\">positive for growth of MAC</div><div class=\"cellTitle\">Test Details</div><div class=\"cellBody\"><li>May be required in patients with radiographic changes if sputum cultures are nondiagnostic.</li></div></div></div></html>",
   "type":"web"},

  {
   "id":"p-test-t_8",
   "title":"lung biopsy",
   "html":"<html><div class=\"cell\"><div class=\"cellBlock\"><div class=\"cellTitle\">Result</div><div class=\"cellBody\">granulomas; centrilobular and bronchiolocentric distribution in cases of hypersensitivity pneumonitis; culture positive for growth of MAC</div><div class=\"cellTitle\">Test Details</div><div class=\"cellBody\"><li>May be required in patients with radiographic changes if sputum cultures are nondiagnostic.</li></div></div></div></html>",
   "type":"web"},

  {
   "id":"p-test-t_9",
   "title":"lymph node biopsy",
   "html":"<html><div class=\"cell\"><div class=\"cellBlock\"><div class=\"cellTitle\">Result</div><div class=\"cellBody\">granulomas; culture positive for growth of MAC</div></div></div></html>",
   "type":"web"},

  {
   "id":"tests",
   "sections":
   [

    {
     "headerText":"Initial Tests",
     "cells":
     [

      {
       "target":"p-test-t_0",
       "title":"CBC with differential",
       "type":"flex0"},

      {
       "target":"p-test-t_1",
       "title":"LFT",
       "type":"flex0"},

      {
       "target":"p-test-t_2",
       "title":"chest x-ray",
       "type":"flex0"},

      {
       "target":"p-test-t_3",
       "title":"sputum culture",
       "type":"flex0"},

      {
       "target":"p-test-t_4",
       "title":"blood culture",
       "type":"flex0"}      ]},

    {
     "headerText":"Other Tests to Consider",
     "cells":
     [

      {
       "target":"p-test-t_5",
       "title":"high-resolution CT (HRCT) scanning",
       "type":"flex0"},

      {
       "target":"p-test-t_6",
       "title":"bone marrow aspirate for culture",
       "type":"flex0"},

      {
       "target":"p-test-t_7",
       "title":"bronchoscopy/bronchial lavage",
       "type":"flex0"},

      {
       "target":"p-test-t_8",
       "title":"lung biopsy",
       "type":"flex0"},

      {
       "target":"p-test-t_9",
       "title":"lymph node biopsy",
       "type":"flex0"}      ]}    ],
   "type":"table"},

  {
   "id":"differentials",
   "sections":
   [

    {
     "cells":
     [

      {
       "title":"Pulmonary tuberculosis",
       "type":"flex0",
       "targetHTML":"<div class=\"cell\"><div class=\"cellBlock\"><div class=\"cellTitle\">Signs/Sx</div><div class=\"cellBody\"><ul><li>Difficult to clinically distinguish tuberculosis from MAC.</li><li>History of tuberculosis exposure is helpful though not diagnostic.</li></ul></div><div class=\"cellTitle\">Tests</div><div class=\"cellBody\"><ul><li>Difficult to distinguish MAC fibrocavitary lesions from tuberculosis on lung imaging. However, MAC tends to have thinner-walled cavities, more contiguous extension of disease, and more pleural involvement.</li><li>Smears will not distinguish between types of mycobacteria.</li><li>Cultures are necessary to determine type.</li></ul></div><a href=\"epoc://dx/monograph/165\"><b class=\"view-dx-monograph\">View Dx Monograph</b></a></div></div>"},

      {
       "title":"Other nontuberculous mycobacteria (NTM)",
       "type":"flex0",
       "targetHTML":"<div class=\"cell\"><div class=\"cellBlock\"><div class=\"cellTitle\">Signs/Sx</div><div class=\"cellBody\"><ul><li>Other types of NTM, such as M fortuitum or M cheloneae/abscessus, are difficult to distinguish based on symptoms.</li></ul></div><div class=\"cellTitle\">Tests</div><div class=\"cellBody\"><ul><li>Smears will not distinguish mycobacteria.</li><li>Cultures are the most accurate way of making the distinction.</li></ul></div></div></div>"},

      {
       "title":"HIV-related lymphoma",
       "type":"flex0",
       "targetHTML":"<div class=\"cell\"><div class=\"cellBlock\"><div class=\"cellTitle\">Signs/Sx</div><div class=\"cellBody\"><ul><li>Clinically difficult to distinguish from disseminated MAC.</li></ul></div><div class=\"cellTitle\">Tests</div><div class=\"cellBody\"><ul><li>Histopathology is required to make the diagnosis of lymphoma.</li><li>Cultures will be negative unless superimposed MAC infection present.</li></ul></div></div></div>"},

      {
       "title":"Histoplasmosis",
       "type":"flex0",
       "targetHTML":"<div class=\"cell\"><div class=\"cellBlock\"><div class=\"cellTitle\">Signs/Sx</div><div class=\"cellBody\"><ul><li>Fungal infection commonly seen in immunosuppressed patients.</li><li>Clinically difficult to distinguish from MAC.</li></ul></div><div class=\"cellTitle\">Tests</div><div class=\"cellBody\"><ul><li>Chest x-ray shows solitary pulmonary nodule that rarely cavitates.</li><li>Diagnosed by culture, fungal stains, serologic tests for antibodies, and antigen detection.<a href=\"epoc://current?article=35\">[35]</a></li></ul></div><a href=\"epoc://dx/monograph/918\"><b class=\"view-dx-monograph\">View Dx Monograph</b></a></div></div>"},

      {
       "title":"Blastomycosis",
       "type":"flex0",
       "targetHTML":"<div class=\"cell\"><div class=\"cellBlock\"><div class=\"cellTitle\">Signs/Sx</div><div class=\"cellBody\"><ul><li>Fungal infection with similar clinical presentation to MAC.</li><li>Commonly associated with skin lesions such as widespread papules or erythematous verrucous lesions.</li></ul></div><div class=\"cellTitle\">Tests</div><div class=\"cellBody\"><ul><li>Chest x-ray may have abnormal infiltrates.</li><li>Sputum smear with fungal stains may show organism.</li><li>Culture of sputum positive for fungus.</li><li>Skin biopsy of lesion may show organism.</li></ul></div><a href=\"epoc://dx/monograph/1095\"><b class=\"view-dx-monograph\">View Dx Monograph</b></a></div></div>"},

      {
       "title":"Cryptococcosis",
       "type":"flex0",
       "targetHTML":"<div class=\"cell\"><div class=\"cellBlock\"><div class=\"cellTitle\">Signs/Sx</div><div class=\"cellBody\"><ul><li>Causes pulmonary, neurologic and disseminated disease.</li><li>Pedunculated skin lesions.</li><li>Central nervous system manifestations do not rule out disseminated MAC but are more suggestive of cryptococcosis.</li></ul></div><div class=\"cellTitle\">Tests</div><div class=\"cellBody\"><ul><li>Peripheral and cerebrospinal fluid cryptococcal antigen are very sensitive and specific tests.</li></ul></div><a href=\"epoc://dx/monograph/917\"><b class=\"view-dx-monograph\">View Dx Monograph</b></a></div></div>"},

      {
       "title":"Wasting syndrome",
       "type":"flex0",
       "targetHTML":"<div class=\"cell\"><div class=\"cellBlock\"><div class=\"cellTitle\">Signs/Sx</div><div class=\"cellBody\"><ul><li>Occurs in HIV patients in the absence of opportunistic infections or other identifiable causes of weight loss.</li></ul></div><div class=\"cellTitle\">Tests</div><div class=\"cellBody\"><ul><li>Clinical diagnosis of exclusion.</li></ul></div></div></div>"},

      {
       "title":"Sarcoidosis",
       "type":"flex0",
       "targetHTML":"<div class=\"cell\"><div class=\"cellBlock\"><div class=\"cellTitle\">Signs/Sx</div><div class=\"cellBody\"><ul><li>Difficult to differentiate from pulmonary MAC and hypersensitivity pneumonitis.</li></ul></div><div class=\"cellTitle\">Tests</div><div class=\"cellBody\"><ul><li>Bilateral hilar lymphadenopathy on chest x-ray; lung biopsy demonstrates granulomatous tissue.</li></ul></div><a href=\"epoc://dx/monograph/109\"><b class=\"view-dx-monograph\">View Dx Monograph</b></a></div></div>"}      ]}    ],
   "type":"table"},

  {
   "id":"diag_approach",
   "title":"Mycobacterium avium complex",
   "html":"<div class=\"cell\"><div class=\"cellBlock\"><div class=\"cellBody\"><P>Clinical presentation varies according to the site of infection and patient characteristics. Diagnosis may be confirmed by radiologic techniques and microbiologic sampling (sputum or blood). More invasive procedures such as biopsy and bone marrow aspirate may be necessary in specific cases.</P></div><div class=\"cellTitle\">Pulmonary MAC</div><div class=\"cellBody\"><P>Symptoms corroborative of MAC lung disease are cough, fatigue, fever, and weight loss, especially in those with underlying lung diseases for whom an alternative diagnosis has not been obtained and treatment with conventional antibiotics has not been successful.<a href=\"epoc://current?article=27\">[27]</a> </P><P>One form of pulmonary MAC disease presents as a subacute to chronic illness with productive cough, weight loss, fever, or night sweats in middle-aged-to-older men, frequently with a history of underlying lung disease, heavy smoking, and excessive alcohol consumption.</P><P>The second form presents with a more indolent clinical picture in middle-aged-to-elderly women with no preexisting lung disease. These patients have chronic cough but no constitutional symptoms such as fever or weight loss. The characteristic morphotype is a thin body habitus with scoliosis and pectus excavatum. Also, commonly associated with mitral valve prolapse.</P><P>Patients with the above symptoms should have a chest x-ray performed, with comparison to old films if available. The presence of infiltrates (with or without nodules), multiple nodules, or cavitations suggest MAC.</P><P>An abnormal chest x-ray but without cavitations should prompt high-resolution computed tomography (HRCT) scanning. This may show multiple small nodules and multifocal bronchiectasis with or without lung nodules.</P><P>When clinical and radiologic findings suggest the diagnosis, microbiologic analysis of sputum is required.</P><P>Bronchoscopy, lung biopsy, and bronchial lavage are performed when sputum cultures are nondiagnostic.</P></div><div class=\"cellTitle\">Disseminated MAC</div><div class=\"cellBody\"><P>History of HIV infection or general severe immune suppression, leukemia, lymphoma, organ transplantation, or other immunosuppressive therapy. Present with a febrile illness with fever, fatigue, abdominal pain, and diarrhea.<a href=\"epoc://current?article=15\">[15]</a> Hepatomegaly and/or splenomegaly may be present on physical exam.</P><P>Blood testing with complete blood count, liver function test, and culture should be performed initially. Culture positive with 1+ growth is sufficient if HIV-positive with CD4 under 200 cells/microliter.<a href=\"epoc://current?article=27\">[27]</a> Bone marrow aspirate and culture are useful in HIV-associated MAC disease and may yield a quicker result.</P><P>Polymerase chain reaction of blood is a promising test for MAC detection, but not available for routine clinical use.<a href=\"epoc://current?article=30\">[30]</a> </P></div><div class=\"cellTitle\">Cervical lymphadenitis</div><div class=\"cellBody\"><P>Occurs predominantly in children with the majority of cases occurring between 1 and 5 years of age. It has a subacute or chronic course with cervicofacial lymph node enlargement and can be associated with constitutional symptoms or fever.<a href=\"epoc://current?article=31\">[31]</a> It is usually unilateral. Potential complications of the disease include extranodal extension and sinus tract formation.<a href=\"epoc://current?article=7\">[7]</a> </P><P>Lymph node biopsy should be performed and will reveal granulomas and culture MAC.</P></div><div class=\"cellTitle\">Hypersensitivity pneumonitis</div><div class=\"cellBody\"><P>A new form of hypersensitivity pneumonitis associated with hot tub use and attributed to infection with MAC has recently been described. The most common symptoms are cough and dyspnea, which develop in temporal relationship to hot tub use.<a href=\"epoc://current?article=32\">[32]</a> Symptoms may be accompanied by fevers.</P><P>A chest x-ray should be performed initially, with subsequent HRCT if chest x-ray suggests interstitial or micronodular infiltrates. HRCT shows diffuse centrilobular nodules and/or ground-glass infiltrates.</P><P>Cultures of sputum and hot tub water samples are recommended to be taken.</P><P>Bronchoscopy, lung biopsy, and bronchial lavage are performed when sputum cultures are nondiagnostic. Histology shows noncaseating granulomas.<a href=\"epoc://current?article=33\">[33]</a> </P></div></div></div>",
   "type":"web"},

  {
   "id":"followup",
   "title":"Mycobacterium avium complex",
   "html":"<div class=\"cell\"><div class=\"cellBlock\"><div class=\"cellTitle\">Prognosis</div><div class=\"cellBody\"><div class=\"cellBody\"><P>Approximately 90% of patients who can tolerate ≥6 months of macrolide-containing combination therapy have negative sputum culture for 12 months.<a href=\"epoc://current?article=43\">[43]</a> </P><P>The prognosis of HIV-infected patients with disseminated MAC diseases is directly correlated with the success of concomitant antiretroviral therapy and consequent immune restoration.</P><P>Prognosis of MAC lymphadenitis and hypersensitivity pneumonitis is very good.</P></div></div><div class=\"cellTitle\">Monitoring</div><div class=\"cellBody\"><P>Patients with pulmonary MAC are recommended to be followed with monthly sputum culture to monitor treatment efficacy.<a href=\"epoc://current?article=27\">[27]</a> </P><P>HIV-infected patients will be monitored with CD4 counts and HIV-1 RNA values as well as for clinical signs and symptoms of ongoing MAC infection. This will form the basis for eventual discontinuation of MAC treatment.</P></div><div class=\"cellTitle\">Patient Instructions</div><div class=\"cellBody\"><P>Missing doses or failing to take medications as prescribed is a well-recognized problem: in particular, when several medications with differing dosing schedules and side effects are prescribed together. However, failing to take medications as prescribed can lead to two serious consequences for the patient. First, the level of the medications in the body is so low that these drugs will not have the desired effect. Second, when faced with inadequate concentrations of drugs, bacteria and viruses find it easy to develop resistance to these drugs. This resistance does not affect only the drugs the patient is taking at the moment but may also affect other drugs that could be used to treat the disease in the future. Both of these consequences result in treatment failure. Successfully adhering to treatment regimens by taking the correct dose of medications at the correct time every day is most important in controlling disease.</P><P>Patients with MAC hypersensitivity pneumonitis are advised to avoid hot tubs.</P></div></div></div>",
   "type":"web"},

  {
   "id":"prevention",
   "title":"Mycobacterium avium complex",
   "html":"<div class=\"cell\"><div class=\"cellBlock\"><div class=\"cellTitle\">Prevention</div><div class=\"cellBody\"><h4>Primary Prevention</h4><P>Primary prophylaxis against disseminated MAC disease is no longer recommended for HIV-infected adults and adolescents who immediately start antiretroviral therapy (ART).<a href=\"epoc://current?article=28\">[28]</a> People with HIV who have CD4 counts &lt;50 cells/microliter and are not receiving ART or do not respond to ART should receive chemoprophylaxis. Azithromycin and clarithromycin are the preferred options for these patients. Rifabutin may be used if the patient cannot tolerate azithromycin or clarithromycin, but drug interactions may complicate its use.<a href=\"epoc://current?article=28\">[28]</a> <a href=\"epoc://current?article=29\">[29]</a> Disseminated MAC disease should be ruled out before starting prophylaxis, and active tuberculosis infection should be ruled out before starting rifabutin.<a href=\"epoc://current?article=28\">[28]</a> </P><h4>Secondary Prevention</h4><P>Inhaled antigens from aerosolized MAC in hot tubs may cause hypersensitivity pneumonitis; avoidance of the causative antigen/environment is the basis of management/prevention of recurrence in these patients.</P></div></div></div>",
   "type":"web"},

  {
   "id":"complications",
   "sections":
   [

    {
     "headerText":"High Likelihood",
     "cells":
     [

      {
       "title":"respiratory failure",
       "type":"flex0",
       "targetHTML":"<div class=\"cell\"><div class=\"cellBlock\"><div class=\"cellBody\"><P>Extensive pulmonary MAC disease, especially in the presence of preexisting lung disease (for example, COPD) may result in fibrosis, obstruction, and failure.</P></div></div></div>"}      ]}    ],
   "type":"table"},

  {
   "id":"guidelines",
   "title":"Mycobacterium avium complex",
   "html":"<div class=\"cell\"><div class=\"cellBlock\"><div class=\"cellTitle\">Diagnostic Guidelines</div><div class=\"cellBody\"><p><h4>Guidelines for the prevention and treatment of opportunistic infections in adults and adolescents with HIV<a href=\"epoc://current?article=28\">[28]</a> </h4><p><a href=\"https://aidsinfo.nih.gov/guidelines\">View Society Guidelines</a></p><p><small><b>Published by: </b>Centers for Disease Control and Prevention; National Institutes of Health; HIV Medicine Association of the Infectious Diseases Society of America</small><br><small><b>Published: </b>2020</small></p><p><small><b>Summary</b><br><P>Discusses the diagnostic approach for opportunistic infections, including infections with MAC, in HIV-infected adults and adolescents.</P></small></p></p><hr><p><h4>Guidelines for the prevention and treatment of opportunistic infections in HIV-exposed and HIV-infected children<a href=\"epoc://current?article=36\">[36]</a> </h4><p><a href=\"https://aidsinfo.nih.gov/guidelines\">View Society Guidelines</a></p><p><small><b>Published by: </b>Centers for Disease Control and Prevention; National Institutes of Health; HIV Medicine Association of the Infectious Diseases Society of America</small><br><small><b>Published: </b>2019</small></p><p><small><b>Summary</b><br><P>Discusses the diagnostic approach for opportunistic infections, including infections with MAC, in HIV-exposed and HIV-infected children.</P></small></p></p><hr><p><h4>Diagnosis, treatment, and prevention of nontuberculous mycobacterial diseases<a href=\"epoc://current?article=27\">[27]</a> </h4><p><a href=\"https://www.thoracic.org/statements/\">View Society Guidelines</a></p><p><small><b>Published by: </b>American Thoracic Society; Infectious Diseases Society of America</small><br><small><b>Published: </b>2007</small></p><p><small><b>Summary</b><br><P>If pulmonary MAC suspected on clinical and epidemiologic grounds, chest x-ray should be obtained.</P><P>If chest x-ray findings suggestive, but no cavitations, high-resolution computed tomography (HRCT) scanning is recommended.</P><P>Sputum evaluation with acid-fast bacillus stains and cultures, as well as Gram stain and cultures are required.</P><P>Other diseases should be excluded.</P></small></p></p><hr></div><br><div class=\"cellTitle\">Treatment Guidelines</div><div class=\"cellBody\"><p><h4>Guidelines for the prevention and treatment of opportunistic infections in adults and adolescents with HIV<a href=\"epoc://current?article=28\">[28]</a> </h4><p><a href=\"https://aidsinfo.nih.gov/guidelines\">View Society Guidelines</a></p><p><small><b>Published by: </b>Centers for Disease Control and Prevention; National Institutes of Health; HIV Medicine Association of the Infectious Diseases Society of America</small><br><small><b>Published: </b>2020</small></p><p><small><b>Summary</b><br><P>Discusses the treatment of opportunistic infections, including infections with MAC, in HIV-infected adults and adolescents.</P></small></p></p><hr><p><h4>Guidelines for the prevention and treatment of opportunistic infections in HIV-exposed and HIV-infected children<a href=\"epoc://current?article=36\">[36]</a> </h4><p><a href=\"https://aidsinfo.nih.gov/guidelines\">View Society Guidelines</a></p><p><small><b>Published by: </b>Centers for Disease Control and Prevention; National Institutes of Health; HIV Medicine Association of the Infectious Diseases Society of America</small><br><small><b>Published: </b>2019</small></p><p><small><b>Summary</b><br><P>Discusses the management of opportunistic infections, including infections with MAC, in HIV-exposed and infected children.</P></small></p></p><hr><p><h4>Diagnosis, treatment, and prevention of nontuberculous mycobacterial diseases<a href=\"epoc://current?article=27\">[27]</a> </h4><p><a href=\"https://www.thoracic.org/statements/\">View Society Guidelines</a></p><p><small><b>Published by: </b>American Thoracic Society; Infectious Diseases Society of America</small><br><small><b>Published: </b>2007</small></p><p><small><b>Summary</b><br><P>The standard therapy for pulmonary MAC is the combination of a macrolide and ethambutol. These could additionally be combined with rifampin or an aminoglycoside if the disease is determined to be extensive (e.g., multilobar or fibrocavitary disease) on clinical and radiographic grounds.</P></small></p></p><hr></div></div></div>",
   "type":"web"},

  {
   "id":"p-tx-c_1",
   "title":"ignoreme",
   "html":"<html><div class=\"cell\"><div class=\"cellBlock\"><div class=\"cellTitle\">Primary Options</div><div class=\"cellBody\"><UL class=\"tx-options\"><LI><span><A href=\"epoc://rx/monograph/450\">clarithromycin</A>: 1000 mg orally three times weekly<a class=\"moreinfo\" href=\"epoc://current?view=p-more_info-1_0_0\"> [more info] </a> <B>or</B><BR></span><span class=\"modifier\"><A href=\"epoc://rx/monograph/1436\">azithromycin</A>: 500-600 mg orally three times weekly<BR><B class=\"modifier-separator\">-- AND --</B><BR></span><span class=\"modifier\"><A href=\"epoc://rx/monograph/994\">ethambutol</A>: 25 mg/kg orally three times weekly<BR><B class=\"modifier-separator\">-- AND --</B><BR></span><span><A href=\"epoc://rx/monograph/280\">rifampin</A>: 600 mg orally three times weekly<BR></span></LI></UL></div><div class=\"cellTitle\">Comments</div><div class=\"cellBody\"><ul><li>For MAC pulmonary disease, treatment recommendations take into consideration the severity of disease as well as the radiographic appearance.</li><li>For mild to moderate nodular bronchiectatic disease, intermittent, three-times-weekly dosing with clarithromycin or azithromycin plus ethambutol plus rifampin is recommended.<a href=\"epoc://current?article=27\">[27]</a> <a href=\"epoc://current?article=37\">[37]</a> </li><li>Patients will require treatment until sputum cultures are consecutively negative for at least 12 months.<a href=\"epoc://current?article=27\">[27]</a> </li><li>Older patients or patients who require long-term (6 months or longer) therapy may require lower doses.</li><li>Treatment of macrolide-resistant MAC disease should only be done in consultation with a specialist, as management of these patients is complex. Guidelines suggest that extensive use of additional agents before referral to a specialist may compromise the patient's chance for an optimal therapeutic response; therefore, prompt referral is important.<a href=\"epoc://current?article=27\">[27]</a> </li></ul></div></div></div></html>",
   "type":"web"},

  {
   "id":"p-tx-c_2",
   "title":"ignoreme",
   "html":"<html><div class=\"cell\"><div class=\"cellBlock\"><div class=\"cellTitle\">Comments</div><div class=\"cellBody\"><ul><li>May be considered in patients with localized disease, especially upper lobe cavitary disease; patients who failed to convert the sputum culture to negative after 6 months of continuous medical therapy; or patients who cannot tolerate medical therapy.</li></ul></div></div></div></html>",
   "type":"web"},

  {
   "id":"tx-1",
   "sections":
   [

    {
     "cells":
     [

      {
       "target":"p-tx-c_1",
       "title":"combination antimycobacterial therapy",
       "flag":"1st",
       "type":"flex1"},

      {
       "target":"p-tx-c_2",
       "title":"lobectomy/pneumonectomy",
       "flag":"adj.",
       "type":"flex1"}      ]}    ],
   "type":"table"},

  {
   "id":"p-tx-c_3",
   "title":"ignoreme",
   "html":"<html><div class=\"cell\"><div class=\"cellBlock\"><div class=\"cellTitle\">Primary Options</div><div class=\"cellBody\"><UL class=\"tx-options\"><LI><span><A href=\"epoc://rx/monograph/450\">clarithromycin</A>: patients &lt;50 kg body weight: 250 mg orally (immediate-release) twice daily; patients ≥50 kg body weight: 500 mg orally (immediate-release) twice daily <B>or</B><BR></span><span class=\"modifier\"><A href=\"epoc://rx/monograph/1436\">azithromycin</A>: 250-300 mg orally once daily<BR><B class=\"modifier-separator\">-- AND --</B><BR></span><span class=\"modifier\"><A href=\"epoc://rx/monograph/994\">ethambutol</A>: 15 mg/kg orally once daily<BR><B class=\"modifier-separator\">-- AND --</B><BR></span><span><A href=\"epoc://rx/monograph/280\">rifampin</A>: patients &lt;50 kg body weight: 10 mg/kg orally once daily, maximum 450 mg/day; patients ≥50 kg body weight: 10 mg/kg orally once daily, maximum 600 mg/day<BR></span></LI></UL></div><div class=\"cellTitle\">Comments</div><div class=\"cellBody\"><ul><li>For MAC pulmonary disease, treatment recommendations take into consideration the severity of disease as well as the radiographic appearance.</li><li>For patients with cavitary disease, daily therapy with clarithromycin or azithromycin plus ethambutol plus rifampin is recommended.<a href=\"epoc://current?article=27\">[27]</a> <a href=\"epoc://current?article=37\">[37]</a> </li><li>Patients will require treatment until sputum cultures are consecutively negative for at least 12 months.<a href=\"epoc://current?article=27\">[27]</a> </li><li>Older patients or patients who require long-term (6 months or longer) therapy may require lower doses.</li><li>Treatment of macrolide-resistant MAC disease should only be done in consultation with a specialist, as management of these patients is complex. Guidelines suggest that extensive use of additional agents before referral to a specialist may compromise the patient's chance for an optimal therapeutic response; therefore, prompt referral is important.<a href=\"epoc://current?article=27\">[27]</a> </li></ul></div></div></div></html>",
   "type":"web"},

  {
   "id":"p-tx-c_4",
   "title":"ignoreme",
   "html":"<html><div class=\"cell\"><div class=\"cellBlock\"><div class=\"cellTitle\">Comments</div><div class=\"cellBody\"><ul><li>May be considered in patients with localized disease, especially upper lobe cavitary disease; patients who failed to convert the sputum culture to negative after 6 months of continuous medical therapy; or patients who cannot tolerate medical therapy.</li></ul></div></div></div></html>",
   "type":"web"},

  {
   "id":"tx-3",
   "sections":
   [

    {
     "cells":
     [

      {
       "target":"p-tx-c_3",
       "title":"combination antimycobacterial therapy",
       "flag":"1st",
       "type":"flex1"},

      {
       "target":"p-tx-c_4",
       "title":"lobectomy/pneumonectomy",
       "flag":"adj.",
       "type":"flex1"}      ]}    ],
   "type":"table"},

  {
   "id":"p-tx-c_5",
   "title":"ignoreme",
   "html":"<html><div class=\"cell\"><div class=\"cellBlock\"><div class=\"cellTitle\">Primary Options</div><div class=\"cellBody\"><UL class=\"tx-options\"><LI><span><A href=\"epoc://rx/monograph/450\">clarithromycin</A>: patients &lt;50 kg body weight: 250 mg orally (immediate-release) twice daily; patients ≥50 kg body weight: 500 mg orally (immediate-release) twice daily <B>or</B><BR></span><span class=\"modifier\"><A href=\"epoc://rx/monograph/1436\">azithromycin</A>: 250-300 mg orally once daily<BR><B class=\"modifier-separator\">-- AND --</B><BR></span><span class=\"modifier\"><A href=\"epoc://rx/monograph/994\">ethambutol</A>: 15 mg/kg orally once daily<BR><B class=\"modifier-separator\">-- AND --</B><BR></span><span><A href=\"epoc://rx/monograph/998\">rifabutin</A>: patients &lt;50 kg body weight: 150 mg orally once daily; patients ≥50 kg body weight: 300 mg orally once daily <B>or</B><BR></span><span class=\"modifier\"><A href=\"epoc://rx/monograph/280\">rifampin</A>: patients &lt;50 kg body weight: 10 mg/kg orally once daily, maximum 450 mg/day; patients ≥50 kg body weight: 10 mg/kg orally once daily, maximum 600 mg/day<BR><B class=\"modifier-separator\">-- AND --</B><BR></span><span><A href=\"epoc://rx/monograph/3549\">streptomycin</A>: 25 mg/kg intramuscularly three times weekly <B>or</B><BR></span><span><A href=\"epoc://rx/monograph/87\">amikacin</A>: 25 mg/kg intravenously three times weekly<BR></span></LI></UL></div><div class=\"cellTitle\">Comments</div><div class=\"cellBody\"><ul><li>For patients with advanced (severe) disease, or where prior drug therapy has failed, the addition of intermittent amikacin or streptomycin to the regimen for cavitary disease for the first 2 to 3 months of combination antimycobacterial therapy should be considered.<a href=\"epoc://current?article=27\">[27]</a> <a href=\"epoc://current?article=37\">[37]</a> </li><li>Treatment is continued until sputum cultures are consecutively negative for at least 12 months.</li><li>Older patients or patients who require long-term (6 months or longer) therapy may require lower doses.</li><li>Treatment of macrolide-resistant MAC disease should only be done in consultation with a specialist, as management of these patients is complex. Guidelines suggest that extensive use of additional agents before referral to a specialist may compromise the patient's chance for an optimal therapeutic response; therefore, prompt referral is important.<a href=\"epoc://current?article=27\">[27]</a> </li></ul></div></div></div></html>",
   "type":"web"},

  {
   "id":"p-tx-c_6",
   "title":"ignoreme",
   "html":"<html><div class=\"cell\"><div class=\"cellBlock\"><div class=\"cellTitle\">Comments</div><div class=\"cellBody\"><ul><li>May be considered in patients with localized disease, especially upper lobe cavitary disease; patients who failed to convert the sputum culture to negative after 6 months of continuous medical therapy; or patients who cannot tolerate medical therapy.</li></ul></div></div></div></html>",
   "type":"web"},

  {
   "id":"tx-5",
   "sections":
   [

    {
     "cells":
     [

      {
       "target":"p-tx-c_5",
       "title":"combination antimycobacterial therapy",
       "flag":"1st",
       "type":"flex1"},

      {
       "target":"p-tx-c_6",
       "title":"lobectomy/pneumonectomy",
       "flag":"adj.",
       "type":"flex1"}      ]}    ],
   "type":"table"},

  {
   "id":"p-tx-c_7",
   "title":"ignoreme",
   "html":"<html><div class=\"cell\"><div class=\"cellBlock\"><div class=\"cellTitle\">Primary Options</div><div class=\"cellBody\"><UL class=\"tx-options\"><LI><span><A href=\"epoc://rx/monograph/450\">clarithromycin</A>: 500 mg orally twice daily <B>or</B><BR></span><span class=\"modifier\"><A href=\"epoc://rx/monograph/1436\">azithromycin</A>: 500-600 mg orally once daily<BR><B class=\"modifier-separator\">-- AND --</B><BR></span><span><A href=\"epoc://rx/monograph/994\">ethambutol</A>: 15 mg/kg orally once daily<BR></span></LI></UL></div><div class=\"cellTitle\">Comments</div><div class=\"cellBody\"><ul><li>Clarithromycin and ethambutol form the cornerstone of therapy for disseminated infection. Azithromycin can be substituted for clarithromycin where drug interactions and/or tolerability are an issue.<a href=\"epoc://current?article=28\">[28]</a> </li><li>Treatment of macrolide-resistant MAC disease should only be done in consultation with a specialist, as management of these patients is complex. Guidelines suggest that extensive use of additional agents before referral to a specialist may compromise the patient's chance for an optimal therapeutic response; therefore, prompt referral is important.<a href=\"epoc://current?article=27\">[27]</a> </li></ul></div></div></div></html>",
   "type":"web"},

  {
   "id":"tx-7",
   "sections":
   [

    {
     "cells":
     [

      {
       "target":"p-tx-c_7",
       "title":"combination antimycobacterial therapy",
       "flag":"1st",
       "type":"flex1"}      ]}    ],
   "type":"table"},

  {
   "id":"p-tx-p_7",
   "title":"ignoreme",
   "html":"<html><div class=\"cell\"><div class=\"cellBlock\"><div class=\"cellTitle\">Primary Options</div><div class=\"cellBody\"><UL class=\"tx-options\"><LI><span><A href=\"epoc://rx/monograph/450\">clarithromycin</A>: 500 mg orally twice daily <B>or</B><BR></span><span class=\"modifier\"><A href=\"epoc://rx/monograph/1436\">azithromycin</A>: 500-600 mg orally once daily<BR><B class=\"modifier-separator\">-- AND --</B><BR></span><span><A href=\"epoc://rx/monograph/994\">ethambutol</A>: 15 mg/kg orally once daily<BR></span></LI></UL></div><div class=\"cellTitle\">Comments</div><div class=\"cellBody\"><ul><li>Clarithromycin and ethambutol form the cornerstone of therapy for disseminated infection. Azithromycin can be substituted for clarithromycin where drug interactions and/or tolerability are an issue.<a href=\"epoc://current?article=28\">[28]</a> </li><li>Treatment of macrolide-resistant MAC disease should only be done in consultation with a specialist, as management of these patients is complex. Guidelines suggest that extensive use of additional agents before referral to a specialist may compromise the patient's chance for an optimal therapeutic response; therefore, prompt referral is important.<a href=\"epoc://current?article=27\">[27]</a> </li></ul></div></div></div></html>",
   "type":"web"},

  {
   "id":"p-tx-c_8",
   "title":"ignoreme",
   "html":"<html><div class=\"cell\"><div class=\"cellBlock\"><div class=\"cellTitle\">Primary Options</div><div class=\"cellBody\"><UL class=\"tx-options\"><LI><span><A href=\"epoc://rx/monograph/998\">rifabutin</A>: 300 mg orally once daily<BR></span></LI><LI><span><A href=\"epoc://rx/monograph/860\">levofloxacin</A>: 500 mg orally once daily<BR></span></LI><LI><span><A href=\"epoc://rx/monograph/2197\">moxifloxacin</A>: 400 mg orally once daily<BR></span></LI><LI><span><A href=\"epoc://rx/monograph/87\">amikacin</A>: 10-15 mg/kg intravenously once daily<BR></span></LI><LI><span><A href=\"epoc://rx/monograph/3549\">streptomycin</A>: 1 g intravenously/intramuscularly once daily<BR></span></LI></UL></div><div class=\"cellTitle\">Comments</div><div class=\"cellBody\"><ul><li>A third or fourth drug may be added in patients with advanced immunosuppression (CD4 count &lt;50 cells/microliter) or high mycobacterial load, or in the absence of effective antiretroviral therapy. Options for a third or fourth drug may include rifabutin, a fluoroquinolone (e.g., levofloxacin or moxifloxacin), or an injectable aminoglycoside (e.g., amikacin or streptomycin).<a href=\"epoc://current?article=28\">[28]</a> </li><li>Clinicians should be aware that fluoroquinolones have been associated with disabling and potentially irreversible musculoskeletal or nervous system adverse effects.<a href=\"epoc://current?article=38\">[38]</a> <a href=\"epoc://current?article=39\">[39]</a> In addition, the Food and Drug Administration has issued warnings about the increased risk of aortic dissection, significant hypoglycemia, and mental health adverse effects in patients taking fluoroquinolones.<a href=\"epoc://current?article=40\">[40]</a> <a href=\"epoc://current?article=41\">[41]</a> </li></ul></div></div></div></html>",
   "type":"web"},

  {
   "id":"p-tx-c_9",
   "title":"ignoreme",
   "html":"<html><div class=\"cell\"><div class=\"cellBlock\"><div class=\"cellTitle\">Comments</div><div class=\"cellBody\"><ul><li>Initiate or continue antiretroviral therapy (ART) in HIV-infected patients.<a href=\"epoc://current?article=28\">[28]</a> </li></ul></div></div></div></html>",
   "type":"web"},

  {
   "id":"tx-8",
   "sections":
   [

    {
     "cells":
     [

      {
       "target":"p-tx-p_7",
       "title":"combination antimycobacterial therapy",
       "flag":"1st",
       "type":"flex1"},

      {
       "target":"p-tx-c_8",
       "title":"add third or fourth drug to combination regimen",
       "flag":"plus",
       "type":"flex1"},

      {
       "target":"p-tx-c_9",
       "title":"antiretroviral therapy",
       "flag":"adj.",
       "type":"flex1"}      ]}    ],
   "type":"table"},

  {
   "id":"p-tx-c_11",
   "title":"ignoreme",
   "html":"<html><div class=\"cell\"><div class=\"cellBlock\"><div class=\"cellTitle\">Comments</div><div class=\"cellBody\"><ul><li>Complete lymph node excision results in complete resolution of disease reported in 80% to 96% of patients.<a href=\"epoc://current?article=42\">[42]</a> </li></ul></div></div></div></html>",
   "type":"web"},

  {
   "id":"tx-11",
   "sections":
   [

    {
     "cells":
     [

      {
       "target":"p-tx-c_11",
       "title":"surgical excision",
       "flag":"1st",
       "type":"flex1"}      ]}    ],
   "type":"table"},

  {
   "id":"p-tx-c_12",
   "title":"ignoreme",
   "html":"<html><div class=\"cell\"><div class=\"cellBlock\"><div class=\"cellTitle\">Primary Options</div><div class=\"cellBody\"><UL class=\"tx-options\"><LI><span><A href=\"epoc://rx/monograph/450\">clarithromycin</A>: 500 mg orally twice daily <B>and</B><BR></span><span><A href=\"epoc://rx/monograph/280\">rifampin</A>: 600 mg orally once daily <B>and</B><BR></span><span><A href=\"epoc://rx/monograph/994\">ethambutol</A>: 15 mg/kg orally once daily<BR></span></LI></UL></div><div class=\"cellTitle\">Comments</div><div class=\"cellBody\"><ul><li>If extensive disease, or poor response to surgical therapy, antimycobacterial therapy can be initiated.<a href=\"epoc://current?article=27\">[27]</a> </li><li>Treatment of macrolide-resistant MAC disease should only be done in consultation with a specialist, as management of these patients is complex. Guidelines suggest that extensive use of additional agents before referral to a specialist may compromise the patient's chance for an optimal therapeutic response; therefore, prompt referral is important.<a href=\"epoc://current?article=27\">[27]</a> </li></ul></div></div></div></html>",
   "type":"web"},

  {
   "id":"tx-12",
   "sections":
   [

    {
     "cells":
     [

      {
       "target":"p-tx-c_12",
       "title":"combination antimycobacterial therapy",
       "flag":"1st",
       "type":"flex1"}      ]}    ],
   "type":"table"},

  {
   "id":"p-tx-c_13",
   "title":"ignoreme",
   "html":"<html><div class=\"cell\"><div class=\"cellBlock\"><div class=\"cellTitle\">Primary Options</div><div class=\"cellBody\"><UL class=\"tx-options\"><LI><span><A href=\"epoc://rx/monograph/273\">prednisone</A>: 1-2 mg/kg/day orally<BR></span></LI></UL></div><div class=\"cellTitle\">Comments</div><div class=\"cellBody\"><ul><li>Use of corticosteroids may shorten recovery time and improve gas exchange.</li></ul></div></div></div></html>",
   "type":"web"},

  {
   "id":"tx-13",
   "sections":
   [

    {
     "cells":
     [

      {
       "target":"p-tx-c_13",
       "title":"corticosteroids",
       "flag":"1st",
       "type":"flex1"}      ]}    ],
   "type":"table"},

  {
   "id":"p-more_info-1_0_0",
   "title":"More Info",
   "html":"<html><div class=\"cell\"><div class=\"cellBlock\"><div class=\"cellTitle\">More Info</div><div class=\"cellBody\">The 1000 mg/day dose may need to be split in 2 divided doses in some patients to improve gastrointestinal tolerance.</div></div></div></html>",
   "type":"web"}  ],
 "citations":
 {
  "articles":
  [

   {
    "id":1,
    "key_article":false,
    "ref_article":true,
    "html":"Good RC. Opportunistic pathogens in the genus mycobacterium. Annu Rev Microbiol. 1985;39:347-69.<a href=\"http://www.ncbi.nlm.nih.gov/pubmed/3904604\"> [Abstract]</a>"},

   {
    "id":2,
    "key_article":false,
    "ref_article":true,
    "html":"Saito H, Tomioka H, Sato K, et al. Identification of various serovar strains of Mycobacterium avium complex by using DNA probes specific for Mycobacterium avium and Mycobacterium intracellulare. J Clin Microbiol. 1990 Aug;28(8):1694-7.<a href=\"http://www.ncbi.nlm.nih.gov/pubmed/2203807\"> [Abstract]</a><a href=\"http://jcm.asm.org/cgi/reprint/28/8/1694?view=long&amp;pmid=2203807\"> [Full Text]</a>"},

   {
    "id":3,
    "key_article":false,
    "ref_article":true,
    "html":"Rosenzweig DY. Pulmonary mycobacterial infections due to Mycobacterium intracellulare-avium complex. Chest. 1979 Feb;75(2):115-9.<a href=\"http://www.ncbi.nlm.nih.gov/pubmed/421545\"> [Abstract]</a>"},

   {
    "id":4,
    "key_article":false,
    "ref_article":true,
    "html":"Wolinsky E. Mycobacterial lymphadenitis in children: a prospective study of 105 nontuberculous cases with long-term follow-up. Clin Infect Dis. 1995 Apr;20(4):954-63.<a href=\"http://www.ncbi.nlm.nih.gov/pubmed/7795100\"> [Abstract]</a>"},

   {
    "id":5,
    "key_article":false,
    "ref_article":true,
    "html":"Horsburgh CR Jr, Mason UG, Farhi DC, et al. Disseminated infection with Mycobacterium avium-intracellulare: a report of 13 cases and a review of the literature. Medicine. 1985 Jan;64(1):36-48.<a href=\"http://www.ncbi.nlm.nih.gov/pubmed/3880852\"> [Abstract]</a>"},

   {
    "id":6,
    "key_article":false,
    "ref_article":true,
    "html":"Rickman OB, Ryu JH, Fidler ME, et al. Hypersensitivity pneumonitis associated with Mycobacterium avium complex and hot tub use. Mayo Clin Proc. 2002 Nov;77(11):1233-7.<a href=\"http://www.ncbi.nlm.nih.gov/pubmed/12440560\"> [Abstract]</a>"},

   {
    "id":7,
    "key_article":false,
    "ref_article":true,
    "html":"Gilks CF, Brindle RJ, Mwachari C, et al. Disseminated mycobacterium infection among HIV-infected patients in Kenya. J Acquir Immune Defic Syndr. 1995 Feb 1;8(2):195-8.<a href=\"http://www.ncbi.nlm.nih.gov/pubmed/7834402\"> [Abstract]</a>"},

   {
    "id":8,
    "key_article":false,
    "ref_article":true,
    "html":"O'Brien RJ, Geiter LJ, Snider DE. The epidemiology of nontuberculous mycobacterial diseases in the United States: results from a national survey. Am Rev Respir Dis. 1987 May;135(5):1007-14.<a href=\"http://www.ncbi.nlm.nih.gov/pubmed/3579001\"> [Abstract]</a>"},

   {
    "id":9,
    "key_article":false,
    "ref_article":true,
    "html":"Joshi W, Davidson PM, Jones PG, et al. Non-tuberculous mycobacterial lymphadenitis in children. Eur J Pediatr. 1989 Aug;148(8):751-4.<a href=\"http://www.ncbi.nlm.nih.gov/pubmed/2792127\"> [Abstract]</a>"},

   {
    "id":10,
    "key_article":false,
    "ref_article":true,
    "html":"Horsburgh CR, Selik RM. The epidemiology of disseminated nontuberculous mycobacterial infection in the acquired immunodeficiency syndrome (AIDS). Am Rev Respir Dis. 1989 Jan;139(1):4-7.<a href=\"http://www.ncbi.nlm.nih.gov/pubmed/2912355\"> [Abstract]</a>"},

   {
    "id":11,
    "key_article":false,
    "ref_article":true,
    "html":"Tumbarello M, Tacconelli E, de Donati KG, et al. Changes in incidence and risk factors of Mycobacterium avium complex infections in patients with AIDS in the era of new antiretroviral therapies. Eur J Clin Microbiol Infect Dis. 2001 Jul;20(7):498-501.<a href=\"http://www.ncbi.nlm.nih.gov/pubmed/11561808\"> [Abstract]</a>"},

   {
    "id":12,
    "key_article":false,
    "ref_article":true,
    "html":"Horsburgh CR Jr. Epidemiology of Mycobacterium avium complex. Lung Biol Health Dis. 1996;87:1-22."},

   {
    "id":13,
    "key_article":false,
    "ref_article":true,
    "html":"von Reyn CF, Maslow JN, Barber TW, et al. Persistent colonisation of potable water as a source of Mycobacterium avium infection in AIDS. Lancet. 1994 May 7;343(8906):1137-41.<a href=\"http://www.ncbi.nlm.nih.gov/pubmed/7910236\"> [Abstract]</a>"},

   {
    "id":14,
    "key_article":false,
    "ref_article":true,
    "html":"Fordham von Reyn C, Arbeit RD, Tosteson AN, et al, and the International MAI Study Group. The international epidemiology of disseminated Mycobacterium avium complex infection in AIDS. AIDS. 1996 Aug;10(9):1025-32.<a href=\"http://www.ncbi.nlm.nih.gov/pubmed/8853737\"> [Abstract]</a>"},

   {
    "id":15,
    "key_article":false,
    "ref_article":true,
    "html":"Benson CA. Disease due to the Mycobacterium avium complex in patients with AIDS: epidemiology and clinical syndrome. Clin Infect Dis. 1994 Apr;18(suppl 3):S218-22.<a href=\"http://www.ncbi.nlm.nih.gov/pubmed/8204773\"> [Abstract]</a>"},

   {
    "id":16,
    "key_article":false,
    "ref_article":true,
    "html":"Tsang AY, Denner JC, Brennan PJ, et al. Clinical and epidemiological importance of typing of Mycobacterium avium complex isolates. J Clin Microbiol. 1992 Feb;30(2):479-84.<a href=\"http://www.ncbi.nlm.nih.gov/pubmed/1537920\"> [Abstract]</a><a href=\"http://jcm.asm.org/cgi/reprint/30/2/479?view=long&amp;pmid=1537920\"> [Full Text]</a>"},

   {
    "id":17,
    "key_article":false,
    "ref_article":true,
    "html":"Gray JR, Rabeneck L. Atypical mycobacterial infection of the gastrointestinal tract in AIDS patients. Am J Gastroenterol. 1989 Dec;84(12):1521-4.<a href=\"http://www.ncbi.nlm.nih.gov/pubmed/2596453\"> [Abstract]</a>"},

   {
    "id":18,
    "key_article":false,
    "ref_article":true,
    "html":"Stacey AR. Isolation of Mycobacterium avium-intracellulare-scrofulaceum complex from faeces of patients with AIDS. Br Med J (Clin Res Ed). 1986 Nov 8;293(6556):1194.<a href=\"http://www.ncbi.nlm.nih.gov/pubmed/3096428\"> [Abstract]</a><a href=\"https://www.ncbi.nlm.nih.gov/pmc/articles/PMC1341977/pdf/bmjcred00260-0012.pdf\"> [Full Text]</a>"},

   {
    "id":19,
    "key_article":false,
    "ref_article":true,
    "html":"Horsburgh CR. The pathophysiology of disseminated M. avium disease in AIDS. J Infect Dis. 1999 May;179(suppl 3):S461-5.<a href=\"http://www.ncbi.nlm.nih.gov/pubmed/10099120\"> [Abstract]</a>"},

   {
    "id":20,
    "key_article":false,
    "ref_article":true,
    "html":"Wallace JM, Hannah JB. Mycobacterium avium complex infection in patients with the acquired immunodeficiency syndrome: a clinicopathologic study. Chest. 1988 May;93(5):926-32.<a href=\"http://www.ncbi.nlm.nih.gov/pubmed/3359847\"> [Abstract]</a>"},

   {
    "id":21,
    "key_article":false,
    "ref_article":true,
    "html":"Vankayalapati R, Wizel B, Samten B, et al. Cytokine profiles in immunocompetent persons infected with Mycobacterium avium complex. J Infect Dis. 2001 Feb 1;183(3):478-84.<a href=\"http://www.ncbi.nlm.nih.gov/pubmed/11133380\"> [Abstract]</a>"},

   {
    "id":22,
    "key_article":false,
    "ref_article":true,
    "html":"Newport MJ, Huxley CM, Huston S, et al. A mutation in the interferon-gamma-receptor gene and susceptibility to mycobacterial infection. N Engl J Med. 1996 Dec 26;335(26):1941-9.<a href=\"http://www.ncbi.nlm.nih.gov/pubmed/8960473\"> [Abstract]</a><a href=\"http://www.nejm.org/doi/full/10.1056/NEJM199612263352602#t=article\"> [Full Text]</a>"},

   {
    "id":23,
    "key_article":false,
    "ref_article":true,
    "html":"Dorman SE, Holland SM. Mutation in the signal-transducing chain of the interferon-gamma receptor and susceptibility to mycobacterial infection. J Clin Invest. 1998 Jun 1;101(11):2364-9.<a href=\"http://www.ncbi.nlm.nih.gov/pubmed/9616207\"> [Abstract]</a><a href=\"http://www.ncbi.nlm.nih.gov/pmc/articles/PMC508825/pdf/1012364.pdf\"> [Full Text]</a>"},

   {
    "id":24,
    "key_article":false,
    "ref_article":true,
    "html":"Haas DW, Lederman MM, Clough LA, et al. Proinflammatory cytokine and human immunodeficiency virus RNA levels during early Mycobacterium avium complex bacteremia in advanced AIDS. J Infect Dis. 1998 Jun;177(6):1746-9.<a href=\"http://www.ncbi.nlm.nih.gov/pubmed/9607863\"> [Abstract]</a>"},

   {
    "id":25,
    "key_article":false,
    "ref_article":true,
    "html":"Engbaek HC, Vergmann B, Bentzon MW. Lung disease caused by Mycobacterium avium/Mycobacterium intracellulare. An analysis of Danish patients during the period 1962-1976. Eur J Respir Dis. 1981;62(2):72-83.<a href=\"http://www.ncbi.nlm.nih.gov/pubmed/7238667\"> [Abstract]</a>"},

   {
    "id":26,
    "key_article":false,
    "ref_article":true,
    "html":"Prince DS, Peterson DD, Steiner RM, et al. Infection with Mycobacterium avium complex in patients without predisposing conditions. N Engl J Med. 1989 Sep 28;321(13):863-8.<a href=\"http://www.ncbi.nlm.nih.gov/pubmed/2770822\"> [Abstract]</a>"},

   {
    "id":27,
    "key_article":true,
    "ref_article":true,
    "html":"Griffith DE, Aksamit T, Brown-Elliott BA, et al. An official ATS/IDSA statement: diagnosis, treatment, and prevention of nontuberculous mycobacterial diseases. Am J Respir Crit Care Med. 2007 Feb 15;175(4):367-416.<a href=\"http://www.ncbi.nlm.nih.gov/pubmed/17277290\"> [Abstract]</a><a href=\"http://www.google.co.uk/url?sa=t&amp;rct=j&amp;q=&amp;esrc=s&amp;source=web&amp;cd=2&amp;cad=rja&amp;ved=0CEUQFjAB&amp;url=http%3A%2F%2Fwww.thoracic.org%2Fstatements%2Fresources%2Fmtpi%2Fnontuberculous-mycobacterial-diseases.pdf&amp;ei=BjxxUcLJE4HePa7FgYgL&amp;usg=AFQjCNEc6GtOjgkPk_ip1L6xNatNcSqNSQ&amp;sig2=kbl1DTUySUhzzCahcoDuFg&amp;bvm=bv.45373924,d.ZWU\"> [Full Text]</a>"},

   {
    "id":28,
    "key_article":false,
    "ref_article":true,
    "html":"US Department of Health and Human Services, Panel on Opportunistic Infections in HIV-Infected Adults and Adolescents. Guidelines for the prevention and treatment of opportunistic infections in adults and adolescents with HIV. Feb 2020 [internet publication].<a href=\"https://aidsinfo.nih.gov/guidelines/html/4/adult-and-adolescent-opportunistic-infection/326/mac\"> [Full Text]</a>"},

   {
    "id":29,
    "key_article":false,
    "ref_article":true,
    "html":"Uthman MM, Uthman OA, Yahaya I. Interventions for the prevention of mycobacterium avium complex in adults and children with HIV. Cochrane Database Syst Rev. 2013 Apr 30;(4):CD007191.<a href=\"http://www.ncbi.nlm.nih.gov/pubmed/23633339\"> [Abstract]</a><a href=\"https://www.cochranelibrary.com/cdsr/doi/10.1002/14651858.CD007191.pub2/full\"> [Full Text]</a>"},

   {
    "id":30,
    "key_article":false,
    "ref_article":true,
    "html":"De Francesco MA, Colombrita D, Pinsi G, et al. Detection and identification of Mycobacterium avium in the blood of AIDS patients by the polymerase chain reaction. Eur J Clin Microbiol Infect Dis. 1996 Jul;15(7):551-5.<a href=\"http://www.ncbi.nlm.nih.gov/pubmed/8874071\"> [Abstract]</a>"},

   {
    "id":31,
    "key_article":false,
    "ref_article":true,
    "html":"Vu TT, Daniel SJ, Quach C. Nontuberculous mycobacteria in children: a changing pattern. J Otolaryngol. 2005 Jun;34(suppl 1):S40-4.<a href=\"http://www.ncbi.nlm.nih.gov/pubmed/16089239\"> [Abstract]</a>"},

   {
    "id":32,
    "key_article":false,
    "ref_article":true,
    "html":"Hanak V, Kalra S, Aksamit TR, et al. Hot tub lung: presenting features and clinical course of 21 patients. Respir Med. 2006 Apr;100(4):610-5.<a href=\"http://www.ncbi.nlm.nih.gov/pubmed/16194601\"> [Abstract]</a>"},

   {
    "id":33,
    "key_article":false,
    "ref_article":true,
    "html":"Sood A, Sreedhar R, Kulkarni P, et al. Hypersensitivity pneumonitis-like granulomatous lung disease with nontuberculous mycobacteria from exposure to hot water aerosols. Environ Health Perspect. 2007 Feb;115(2):262-6.<a href=\"http://www.ncbi.nlm.nih.gov/pubmed/17384775\"> [Abstract]</a><a href=\"http://www.pubmedcentral.nih.gov/articlerender.fcgi?tool=pubmed&amp;pubmedid=17384775\"> [Full Text]</a>"},

   {
    "id":34,
    "key_article":false,
    "ref_article":true,
    "html":"Nightingale SD, Byrd LT, Southern PM, et al. Incidence of Mycobacterium avium-intracellulare complex bacteremia in human immunodeficiency virus-positive patients. J Infect Dis. 1992 Jun;165(6):1082-5.<a href=\"http://www.ncbi.nlm.nih.gov/pubmed/1349906\"> [Abstract]</a>"},

   {
    "id":35,
    "key_article":false,
    "ref_article":true,
    "html":"Kurowski R, Ostapchuk M. Overview of Histoplasmosis. Am Fam Physician. 2002 Dec 15;66(12):2247-52.<a href=\"http://www.ncbi.nlm.nih.gov/pubmed/12507161\"> [Abstract]</a><a href=\"http://www.aafp.org/afp/20021215/2247.html\"> [Full Text]</a>"},

   {
    "id":36,
    "key_article":false,
    "ref_article":true,
    "html":"US Department of Health and Human Services, Panel on Opportunistic Infections in HIV-Exposed and HIV-Infected Children. Guidelines for the prevention and treatment of opportunistic infections in HIV-exposed and HIV-infected children. 2019 [internet publication].<a href=\"https://aidsinfo.nih.gov/guidelines/html/5/pediatric-opportunistic-infection/413/mycobacterium-avium-complex-disease\"> [Full Text]</a>"},

   {
    "id":37,
    "key_article":false,
    "ref_article":true,
    "html":"Haworth CS, Banks J, Capstick T, et al. British Thoracic Society guidelines for the management of non-tuberculous mycobacterial pulmonary disease (NTM-PD). Thorax. 2017 Nov;72(suppl 2):ii1-ii64.<a href=\"http://www.ncbi.nlm.nih.gov/pubmed/29054853\"> [Abstract]</a><a href=\"https://thorax.bmj.com/content/72/Suppl_2/ii1.long\"> [Full Text]</a>"},

   {
    "id":38,
    "key_article":false,
    "ref_article":true,
    "html":"US Food and Drug Administration. FDA drug safety communication: FDA updates warnings for oral and injectable fluoroquinolone antibiotics due to disabling side effects. 2016 [internet publication].<a href=\"https://www.fda.gov/drugs/drug-safety-and-availability/fda-drug-safety-communication-fda-updates-warnings-oral-and-injectable-fluoroquinolone-antibiotics\"> [Full Text]</a>"},

   {
    "id":39,
    "key_article":false,
    "ref_article":true,
    "html":"European Medicines Agency. Quinolone- and fluoroquinolone-containing medicinal products. Mar 2019 [internet publication].<a href=\"https://www.ema.europa.eu/en/medicines/human/referrals/quinolone-fluoroquinolone-containing-medicinal-products\"> [Full Text]</a>"},

   {
    "id":40,
    "key_article":false,
    "ref_article":true,
    "html":"US Food and Drug Administration. FDA reinforces safety information about serious low blood sugar levels and mental health side effects with fluoroquinolone antibiotics; requires label changes. Jul 2018 [internet publication].<a href=\"https://www.fda.gov/drugs/drug-safety-and-availability/fda-reinforces-safety-information-about-serious-low-blood-sugar-levels-and-mental-health-side\"> [Full Text]</a>"},

   {
    "id":41,
    "key_article":false,
    "ref_article":true,
    "html":"US Food and Drug Administration. FDA drug safety communication: FDA warns about increased risk of ruptures or tears in the aorta blood vessel with fluoroquinolone antibiotics in certain patients. Dec 2018 [internet publication].<a href=\"https://www.fda.gov/drugs/drug-safety-and-availability/fda-warns-about-increased-risk-ruptures-or-tears-aorta-blood-vessel-fluoroquinolone-antibiotics\"> [Full Text]</a>"},

   {
    "id":42,
    "key_article":false,
    "ref_article":true,
    "html":"Mandell DL, Wald ER, Michaels MG, et al. Management of nontuberculous mycobacterial cervical lymphadenitis. Arch Otolaryngol Head Neck Surg. 2003 Mar;129(3):341-4.<a href=\"http://www.ncbi.nlm.nih.gov/pubmed/12622546\"> [Abstract]</a><a href=\"http://archotol.ama-assn.org/cgi/content/full/129/3/341\"> [Full Text]</a>"},

   {
    "id":43,
    "key_article":false,
    "ref_article":true,
    "html":"Wallace RJ, Brown BA, Griffith DE, et al. Clarithromycin regimens for pulmonary mycobacterium avium complex: the first 50 patients. Am J Respir Crit Care Med. 1996 Jun;153(6 Pt 1):1766-72.<a href=\"http://www.ncbi.nlm.nih.gov/pubmed/8665032\"> [Abstract]</a>"}   ]},
 "media":
 [
  ]}