
{
 "id":575,
 "title":"Knee injury eval",
 "views":
 [

  {
   "id":"root",
   "type":"table",
   "sections":
   [

    {
     "cells":
     [

      {
       "target":"eval-overview",
       "title":"Overview",
       "type":"flex0"}      ]},

    {
     "cells":
     [

      {
       "target":"eval-urgent",
       "title":"Urgent Considerations",
       "type":"flex0"},

      {
       "target":"eval-differentials",
       "title":"Differential Diagnosis",
       "type":"flex0"},

      {
       "target":"eval-diag_approach",
       "title":"Diagnostic Approach",
       "type":"flex0"}      ]}    ]},

  {
   "id":"eval-overview",
   "title":"Knee injury eval",
   "html":"<div class=\"cell\"><div class=\"cellBlock\"><div class=\"cellBody\"><P>Knee injuries are among&nbsp;the most reported sports injuries.<a href=\"epoc://current?article=1\">[1]</a> <a href=\"epoc://current?article=2\">[2]</a> <a href=\"epoc://current?article=3\">[3]</a> A 2017 study reported that the knee is the third most common site of ligamentous injuries.<a href=\"epoc://current?article=4\">[4]</a> Many can be treated conservatively with rest, ice, immobilization, and physical therapy. The aim of initial assessment is to identify any neurological or vascular compromise, which could require urgent surgery, then to establish the likely nature of the injury through a focused history and examination.</P></div><div class=\"cellTitle\">Acute knee injuries</div><div class=\"cellBody\"><P>By most definitions, acute knee injuries are defined as being diagnosed within the first 30 to 42 days of the injury or onset of symptoms.</P></div><div class=\"cellTitle\">Chronic knee injuries</div><div class=\"cellBody\"><P>Chronic knee injuries are due to residual old trauma or surgery, existing degenerative diseases, or previous conditions not resolved within the first 30 to 42 days after the onset.</P></div><div class=\"cellTitle\">Authors / Peer Reviewers</div><div class=\"cellBody\"><ul><li>Robert F. LaPrade, MD, PhD</li><li>Chad J. Griffith, MD</li><li>James Puffer, MD</li><li>Philip Cohen, MD</li><li>Jung-Ro Yoon, MD</li></ul><br><b class=\"last-updated display-none\">Last Updated: 2020-12-08</b><div style=\"display: none\" class=\"last-updated\"><div class=\"last-updated-label\">Last Updated</div><div class=\"last-updated-date\">2020-12-08</div></div></div></div></div>",
   "type":"web"},

  {
   "id":"eval-urgent",
   "html":"<div class=\"cell\"><div class=\"cellBlock\"><div class=\"cellBody\"><div class=\"cellTitle\">Open fractures</div><div class=\"cellBody\"><P>As with any fracture, whether open or closed, it is important to assess the neurovascular status of the affected limb. The initial assessment should include:</P><ul><li>palpation of the dorsalis pedis and posterior tibial pulses</li><li>light touch sensation over the first dorsal web space and lateral foot for the common peroneal nerve</li><li>light&nbsp;touch sensation over the plantar aspect of the foot and medial instep for the tibial nerve</li><li>assessment of motor function of the distal leg.</li></ul><P>An open fracture is a surgical emergency. Administer prophylactic antibiotics and, if needed, tetanus prophylaxis on presentation. Surgical irrigation and debridement should be performed within the first few hours.</P><P>Patients with vascular compromise need immediate referral and assessment by a traumatologist or vascular surgeon. Fractures should be immobilized&nbsp;and orthopedic consultation obtained.</P></div><div class=\"cellTitle\">Knee dislocations</div><div class=\"cellBody\"><P>Dislocated or spontaneously reduced knee dislocations require urgent evaluation due to the high risk of associated vascular or neurologic injury.</P><P>CT angiograms are indicated for any cases of decreased pulses or high-velocity knee dislocation.</P><P>Open knee dislocations need assessment as to whether reduction in the emergency department or operating room is necessary.</P><P>Popliteal artery tears constitute a surgical emergency. The amputation rate exceeds 90% if a limb is not revascularized within 8 hours.<a href=\"epoc://current?article=5\">[5]</a> Popliteal artery intimal flap tears must be carefully evaluated for a minimum of 72 hours post-injury because a clot may form in the popliteal artery and block blood flow.</P><P>Knee dislocations and revascularized limbs after knee dislocation must be carefully monitored for the possible development of compartment syndrome.</P></div><div class=\"cellTitle\">Septic arthritis</div><div class=\"cellBody\"><P>Patients with significant pain, redness, warmth, and swelling around the knee must be evaluated to exclude septic arthritis.</P><P>Patients with these symptoms and signs may include those who have had recent surgery and those who have had recent open fractures or lacerations around the knee.</P><P>Initial investigations include blood cultures (if the patient is febrile), blood tests, x-rays and joint aspiration.</P><P>Anterior-posterior x-rays may be normal. ESR and CRP are likely to be elevated. Aspiration of the joint under sterile conditions can differentiate between bacterial infection, gout, or pseudogout.&nbsp;Analysis of the aspirated fluid should include&nbsp;aerobic and anaerobic cultures, cell count and differential, analysis for crystals, and a Gram&nbsp;stain.</P></div></div></div></div>",
   "type":"web"},

  {
   "id":"p_0",
   "title":"Knee injury eval",
   "html":"<html><div class=\"cell\"><div class=\"cellBlock\"><div class=\"cellTitle\">History</div><div class=\"cellBody\">pain over the anterior aspect of knee; subluxation or dislocation episodes; anterior knee pain with squatting, sitting, or getting up from a chair; difficulty with ascending or descending stairs and with performing knee extension exercises; crepitation with active knee range of motion (ROM); may experience \"catching\" or \"locking\"<a href=\"epoc://current?article=6\">[6]</a> </div><div class=\"cellTitle\">Exam</div><div class=\"cellBody\">pain on palpation of inferior pole of patella (patellar tendinopathy), superior pole of the patella, prepatellar bursae, deep infrapatellar bursa, pes anserine bursa, fibular collateral ligament (FCL)-biceps bursa, medial suprapatellar plica, retropatellar fat pad, and semimembranosus bursa; increase in lateral translation during lateral patellar apprehension test performed at 45° of knee flexion; increased medial subluxation of patella in first 0° to 40° of knee flexion;<a href=\"epoc://current?article=11\">[11]</a> retropatellar crepitation with translation of patella in trochlear groove</div><div class=\"cellTitle\">1st Tests</div><div class=\"cellBody\"><B>patellar sunrise x-ray: </B>medial or lateral patellofemoral joint space narrowing, patellar tilt, or subluxation; a bipartite patella (present in 2% of the population, it involves the superolateral aspect of the patella) and small avulsion fractures of the medial patellofemoral ligament off the medial aspect of the patella or osteophyte formation of the patellofemoral, medial, or lateral compartment of the knee<BR><B>lateral x-ray: </B>assessment of patellar height (and compared with the contralateral side) to look for patella alta or patella baja (when the patella rides too low down the femur); osteophyte formation of the patellofemoral joint<BR></div><div class=\"cellTitle\">Other Tests</div><div class=\"cellBody\"><B>MRI: </B>injuries to medial patellofemoral ligament, lateral retinacular structures, and articular cartilage of the patella and trochlear groove can be assessed; the articular cartilage of the patella and trochlear groove can also be observed on the sagittal views or any tears of the quadriceps tendon or patellar tendon<BR></div><BR><A href=\"epoc://dx/monograph/827\"><B class=\"view-dx-monograph\">View Dx Monograph</B></A><BR></div></div></html>",
   "type":"web"},

  {
   "id":"p_10",
   "title":"Knee injury eval",
   "html":"<html><div class=\"cell\"><div class=\"cellBlock\"><div class=\"cellTitle\">History</div><div class=\"cellBody\">high-velocity knee injuries with gross instability; fracture dislocations</div><div class=\"cellTitle\">Exam</div><div class=\"cellBody\">deformity of the tibiofemoral alignment; associated lacerations may indicate an open fracture or dislocation; decreased posterior tibial and dorsalis pedis pulses; decreased light touch sensation at the lower extremity needs to be assessed for the distribution of the tibial and common peroneal nerves; abnormal motor exam of the common peroneal and tibial nerves' motor functions needs to be assessed to rule out nerve injury</div><div class=\"cellTitle\">1st Tests</div><div class=\"cellBody\"><B>AP and lateral x-rays: </B>fracture or dislocation; bony avulsions of ligament or meniscal attachments<BR></div><div class=\"cellTitle\">Other Tests</div><div class=\"cellBody\"><B>MRI: </B>ligamentous disruption or other injury of the knee; assessment of associated meniscal or articular cartilage injury<BR><B>arteriogram or CT angiogram: </B>disruption of integrity of the popliteal artery around the knee in concomitant vascular injury; visualization of intimal flaps of the popliteal artery<BR></div><BR><A href=\"epoc://dx/monograph/583\"><B class=\"view-dx-monograph\">View Dx Monograph</B></A><BR></div></div></html>",
   "type":"web"},

  {
   "id":"p-cat_1",
   "sections":
   [

    {
     "cells":
     [

      {
       "title":"Patellofemoral joint injuries",
       "type":"flex0",
       "target":"p_0"},

      {
       "title":" ! Dislocation",
       "type":"flex0",
       "target":"p_10"}      ]}    ],
   "type":"table"},

  {
   "id":"p_1",
   "title":"Knee injury eval",
   "html":"<html><div class=\"cell\"><div class=\"cellBlock\"><div class=\"cellTitle\">History</div><div class=\"cellBody\">subluxation on twisting, turning, or pivoting; some patients can feel it coming on, other patients are not able to feel it and may experience frequent falls due to their injury</div><div class=\"cellTitle\">Exam</div><div class=\"cellBody\">increase in anterior translation during the Lachman test and the anterior drawer test compared with the contralateral knee;<a href=\"epoc://current?article=12\">[12]</a> positive anterior drawer test in external rotation; positive pivot shift test</div><div class=\"cellTitle\">1st Tests</div><div class=\"cellBody\"><B>standing AP x-ray: </B>rules out fractures or any significant arthritis or joint subluxation<BR><B>lateral x-ray: </B>potential joint space narrowing of anterior and posterior aspects of the knee, and potential anterior subluxation of the tibia on the femur (for a chronic ACL injury); assessment of potential impaction fractures of the anterior lateral femoral condyle or posterior lateral tibial plateau<BR></div><div class=\"cellTitle\">Other Tests</div><div class=\"cellBody\"><B>arthroscopy: </B>direct visualization of the ACL injury; assessment of meniscal tears<BR><B>MRI: </B>ACL tear; concurrent meniscal tears or bone bruising<BR><B>KT-1000 or KT-2000 arthrometry: </B>increase of anterior tibial translation &gt;3 mm is usually indicative of an ACL tear; KT values 0-3 mm usually an indication of an intact ACL or ACL reconstruction graft<BR></div><BR><A href=\"epoc://dx/monograph/589\"><B class=\"view-dx-monograph\">View Dx Monograph</B></A><BR></div></div></html>",
   "type":"web"},

  {
   "id":"p_2",
   "title":"Knee injury eval",
   "html":"<html><div class=\"cell\"><div class=\"cellBlock\"><div class=\"cellTitle\">History</div><div class=\"cellBody\">sensation of side-to-side toggle with activities; difficulty with twisting or turning; difficulty with running or pivoting; joint thrusting in patients with medial compartment arthritis or medial compartment pseudolaxity</div><div class=\"cellTitle\">Exam</div><div class=\"cellBody\">increased valgus opening in extension and in 30° flexion; important to differentiate true joint line opening from increased motion due to joint line collapse and pseudolaxity, which can be found in patients with medial compartment arthritis</div><div class=\"cellTitle\">1st Tests</div><div class=\"cellBody\"><B>standing AP x-rays: </B>useful to look for avulsion fractures of the superficial MCL or evidence of heterotopic ossification (Pellegrini-Stieda disease is calcification from an old previous MCL injury)<BR></div><div class=\"cellTitle\">Other Tests</div><div class=\"cellBody\"><B>valgus stress x-rays: </B>increased medial joint space opening to an applied load; &gt;3.2 mm medial compartment gapping correlates with a complete superficial medial collateral ligament tear; &gt;9.8 mm of medial gapping correlates with a capsular grade III medial knee injury<a href=\"epoc://current?article=27\">[27]</a> <BR><B>MRI: </B>coronal view MRI scans are very useful to assess for both the location of an MCL tear (meniscofemoral or meniscotibial) or whether there is a partial or complete tear; can also reveal attachment avulsions or a midsubstance tear of the medial knee structures<BR></div><BR><A href=\"epoc://dx/monograph/828\"><B class=\"view-dx-monograph\">View Dx Monograph</B></A><BR></div></div></html>",
   "type":"web"},

  {
   "id":"p_3",
   "title":"Knee injury eval",
   "html":"<html><div class=\"cell\"><div class=\"cellBlock\"><div class=\"cellTitle\">History</div><div class=\"cellBody\">sensation of side-to-side toggle of knee with activity; weakness of foot and ankle that may be secondary to a concurrent common peroneal nerve neuropraxia or complete injury</div><div class=\"cellTitle\">Exam</div><div class=\"cellBody\">increased varus opening in extension indicates combined posterolateral corner injury plus an anterior cruciate ligament and/or a posterior cruciate ligament injury; increased varus opening at 30° knee flexion indicates an isolated or combined posterolateral corner injury; positive posterolateral drawer test; 15° more external rotation compared with the contralateral knee in dial test at 30° in knee flexion; positive reverse pivot shift test; dynamic thrusting of the knee with gait</div><div class=\"cellTitle\">1st Tests</div><div class=\"cellBody\"><B>standing AP x-rays: </B>useful to exclude avulsion fractures of the femur, tibia (Segond fractures), or fibular head (arcuate fractures)<BR><B>lateral x-ray: </B>useful to exclude fibular head (arcuate) fractures or tibial plateau fractures<BR></div><div class=\"cellTitle\">Other Tests</div><div class=\"cellBody\"><B>varus stress x-rays: </B>increased lateral joint space opening to an applied load; &gt;2.7 mm opening correlates with a fibular collateral ligament tear; &gt;4.0 mm correlates with a grade III posterolateral knee injury<a href=\"epoc://current?article=28\">[28]</a> <BR><B>MRI: </B>coronal, coronal oblique, and sagittal views (1.5- or 3-tesla, thin slice to include entire fibular head)<a href=\"epoc://current?article=29\">[29]</a> <BR></div></div></div></html>",
   "type":"web"},

  {
   "id":"p_4",
   "title":"Knee injury eval",
   "html":"<html><div class=\"cell\"><div class=\"cellBlock\"><div class=\"cellTitle\">History</div><div class=\"cellBody\">history of hyperextension mechanism or a blow to anterior aspect of knee; difficulty while going down inclines, descending stairs, or running down hills</div><div class=\"cellTitle\">Exam</div><div class=\"cellBody\">increase in posterior translation compared with the contralateral knee in the posterior drawer test; posterior sag of the tibia on the femur (posterior sag sign); positive quadriceps active test</div><div class=\"cellTitle\">1st Tests</div><div class=\"cellBody\"><B>AP x-ray: </B>bony avulsions of the posterior cruciate ligament off the tibia or concurrent fractures<BR><B>lateral x-ray: </B>narrowing of joint space of the anterior and posterior aspects of the knee; posterior subluxation of the tibia on the femur; bony avulsion of the PCL off the tibia<BR></div><div class=\"cellTitle\">Other Tests</div><div class=\"cellBody\"><B>kneeling PCL stress x-rays: </B>amount of posterior translation difference seen between normal knees is 0-2 mm; partial posterior cruciate ligament tears have between 2-7 mm of increased posterior translation; complete PCL tears have between 8-11 mm of increased posterior translation, while combined (severe) PCL injuries have ≥12 mm increased posterior translation of their injured knee compared with the normal contralateral side, indicative of a concurrent combined posterolateral and/or posteromedial knee injury<a href=\"epoc://current?article=30\">[30]</a> <BR><B>arthroscopy: </B>direct visualization of the PCL injury; assessment of concurrent meniscal tears or medial or lateral joint space gapping indicative of a combined ligament injury<BR><B>MRI: </B>T2 or proton-density MRI scans show edema within the substance of the ligament and possible ligament stretching or disruption; concurrent injuries of the posterolateral structures or a medial meniscus root tear<BR></div></div></div></html>",
   "type":"web"},

  {
   "id":"p-cat_2",
   "sections":
   [

    {
     "cells":
     [

      {
       "title":"Anterior cruciate ligament (ACL) injury",
       "type":"flex0",
       "target":"p_1"},

      {
       "title":"Medial collateral ligament (MCL) injury and associated valgus instability",
       "type":"flex0",
       "target":"p_2"},

      {
       "title":"Posterolateral knee injury and associated varus instability",
       "type":"flex0",
       "target":"p_3"},

      {
       "title":"Posterior cruciate ligament (PCL) injury",
       "type":"flex0",
       "target":"p_4"}      ]}    ],
   "type":"table"},

  {
   "id":"p_5",
   "title":"Knee injury eval",
   "html":"<html><div class=\"cell\"><div class=\"cellBlock\"><div class=\"cellTitle\">History</div><div class=\"cellBody\">joint line pain along affected side,<a href=\"epoc://current?article=6\">[6]</a> pain with maximal knee flexion or with deep squatting of the knees when symptomatic posterior horn meniscal tears are present; difficulty with twisting and turning or kicking an object</div><div class=\"cellTitle\">Exam</div><div class=\"cellBody\">lack of full flexion and extension; joint line crepitation and pain directly over the joint line;<a href=\"epoc://current?article=6\">[6]</a> positive assessment for meniscal tears; pain with maximal knee flexion</div><div class=\"cellTitle\">1st Tests</div><div class=\"cellBody\"><B>standing AP x-ray: </B>decrease in the joint space may indicate some underlying arthritic changes; calcification of the meniscus consistent with chondrocalcinosis<BR><B>lateral knee x-ray: </B>anterior or posterior joint line osteophytes may indicate some underlying arthritic process; calcification of the meniscus consistent with chondrocalcinosis<BR></div><div class=\"cellTitle\">Other Tests</div><div class=\"cellBody\"><B>MRI: </B>sagittal views: anterior and posterior meniscal tears; coronal view: far medial and far lateral meniscal tears and flap tears<BR><B>45° patella sunrise (axial) x-ray: </B>osteophytes along affected medial or lateral femoral condyle may indicate arthritic changes<BR><B>45° PA standing (Rosenberg) x-ray: </B>joint space narrowing in a patient who has had a previous partial meniscectomy or subtotal meniscectomy<BR><B>arthroscopy: </B>torn meniscal cartilage or meniscal root attachments<BR></div><BR><A href=\"epoc://dx/monograph/826\"><B class=\"view-dx-monograph\">View Dx Monograph</B></A><BR></div></div></html>",
   "type":"web"},

  {
   "id":"p-cat_3",
   "sections":
   [

    {
     "cells":
     [

      {
       "title":"Meniscal tear",
       "type":"flex0",
       "target":"p_5"}      ]}    ],
   "type":"table"},

  {
   "id":"p_6",
   "title":"Knee injury eval",
   "html":"<html><div class=\"cell\"><div class=\"cellBlock\"><div class=\"cellTitle\">History</div><div class=\"cellBody\">laceration extends down to associated fracture, any laceration around the knee with an underlying fracture has to be considered an open fracture until proven otherwise</div><div class=\"cellTitle\">Exam</div><div class=\"cellBody\">deformities and lacerations around the injured knee; pulses may be absent or diminished if vascular injury present; sensation or motor function may be decreased or absent if associated nerve injury</div><div class=\"cellTitle\">1st Tests</div><div class=\"cellBody\"><B>AP and lateral x-rays: </B>fracture or dislocation<BR></div><div class=\"cellTitle\">Other Tests</div><div class=\"cellBody\"><B>CT scan: </B>complex fracture of the femur, tibia, or patella<BR></div></div></div></html>",
   "type":"web"},

  {
   "id":"p-cat_4",
   "sections":
   [

    {
     "cells":
     [

      {
       "title":" ! Open fracture",
       "type":"flex0",
       "target":"p_6"}      ]}    ],
   "type":"table"},

  {
   "id":"p_7",
   "title":"Knee injury eval",
   "html":"<html><div class=\"cell\"><div class=\"cellBlock\"><div class=\"cellTitle\">History</div><div class=\"cellBody\">direct trauma to the anterior aspect of the knee, e.g., onto a dashboard in a car accident; fall onto a knee in the semiflexed position causing forceful contraction of the quadriceps</div><div class=\"cellTitle\">Exam</div><div class=\"cellBody\">joint deformity or shortening; swelling from effusion or hemarthrosis and/or bruising; severe pain on movement; limited knee extension; pulses may be absent or diminished if vascular injury present; sensation or motor function may be decreased or absent if associated nerve injury</div><div class=\"cellTitle\">1st Tests</div><div class=\"cellBody\"><B>AP and lateral x-rays: </B>patella fracture<BR><B>patellar sunrise x-ray: </B>patella fracture; bipartite patella (present in 2% of the population, it involves the superolateral aspect of the patella)<BR></div><div class=\"cellTitle\">Other Tests</div><div class=\"cellBody\"><B>CT scan: </B>complex fracture of the femur, tibia, or patella<BR></div></div></div></html>",
   "type":"web"},

  {
   "id":"p_8",
   "title":"Knee injury eval",
   "html":"<html><div class=\"cell\"><div class=\"cellBlock\"><div class=\"cellTitle\">History</div><div class=\"cellBody\">fall onto a flexed knee; fall from a height; vertical loading onto existing valgus or varus knee deformity; existing osteoporosis</div><div class=\"cellTitle\">Exam</div><div class=\"cellBody\">joint deformity or shortening; swelling from effusion or hemarthrosis and/or bruising; severe pain on movement; soft tissue damage; pulses may be absent or diminished if vascular injury present; sensation or motor function may be decreased or absent if associated nerve injury</div><div class=\"cellTitle\">1st Tests</div><div class=\"cellBody\"><B>AP and lateral x-rays: </B>femoral condyle fracture<BR></div><div class=\"cellTitle\">Other Tests</div><div class=\"cellBody\"><B>oblique view x-ray: </B>femoral condyle fracture; may show an obliquely oriented fracture<BR><B>CT scan: </B>complex fractures that may also involve the tibia and fibula; concurrent bony avulsions of ligaments or meniscal attachments<BR></div></div></div></html>",
   "type":"web"},

  {
   "id":"p_9",
   "title":"Knee injury eval",
   "html":"<html><div class=\"cell\"><div class=\"cellBlock\"><div class=\"cellTitle\">History</div><div class=\"cellBody\">injury mechanism involving valgus force (e.g., hit by a car bumper), compression (e.g., from parachuting), or both; may be unable to bear weight</div><div class=\"cellTitle\">Exam</div><div class=\"cellBody\">joint deformity or shortening; swelling from effusion or hemarthrosis and/or bruising; soft tissue damage; there may be severe pain on movement; pulses may be absent or diminished if vascular injury present; sensation or motor function may be decreased or absent if associated nerve injury</div><div class=\"cellTitle\">1st Tests</div><div class=\"cellBody\"><B>AP and lateral x-rays: </B>tibial plateau fracture or joint subluxation<BR><B>oblique view x-ray: </B>tibial plateau fracture and joint space displacement<BR></div><div class=\"cellTitle\">Other Tests</div><div class=\"cellBody\"><B>CT scan: </B>tibial plateau fracture or complex fracture<BR></div></div></div></html>",
   "type":"web"},

  {
   "id":"p-cat_5",
   "sections":
   [

    {
     "cells":
     [

      {
       "title":" ! Patella fracture",
       "type":"flex0",
       "target":"p_7"},

      {
       "title":" ! Femoral condyle fracture",
       "type":"flex0",
       "target":"p_8"},

      {
       "title":" ! Tibial plateau fracture",
       "type":"flex0",
       "target":"p_9"}      ]}    ],
   "type":"table"},

  {
   "id":"p_11",
   "title":"Knee injury eval",
   "html":"<html><div class=\"cell\"><div class=\"cellBlock\"><div class=\"cellTitle\">History</div><div class=\"cellBody\">often presents as anterior knee pain; history of previous hip injuries/pathologies; older patients; slipped capital femoral epiphysis in overweight adolescents</div><div class=\"cellTitle\">Exam</div><div class=\"cellBody\">decreased motion, groin pain (true hip pain), or pain referred to the knee (hip flexion and rotation) during assessment of hip range of motion; in adolescents assess for the presence of a slipped capital femoral epiphysis using the log rolling test</div><div class=\"cellTitle\">1st Tests</div><div class=\"cellBody\"><B>AP pelvic x-ray: </B>in osteoarthritis there will be evidence of osteophytes, joint space narrowing, and subchondral sclerosis; in slipped capital femoral epiphysis there will be evidence of posterior displacement or widening of epiphysis; for femoroacetabular impingement there will be evidence of bony prominence of the superior femoral neck<BR></div><div class=\"cellTitle\">Other Tests</div><div class=\"cellBody\"><B>frog-leg lateral hip x-ray: </B>in osteoarthritis there will be evidence of osteophytes, joint space narrowing, and subchondral sclerosis; in slipped capital femoral epiphysis there will be evidence of posterior displacement or widening of epiphysis; for femoroacetabular impingement there will be an increased bony prominence along the superior femoral neck<BR><B>MRI of hip: </B>will show evidence of a subtle epiphyseal slip not evident on x-ray; also useful to demonstrate stress fractures or acetabular tears<BR></div></div></div></html>",
   "type":"web"},

  {
   "id":"p_12",
   "title":"Knee injury eval",
   "html":"<html><div class=\"cell\"><div class=\"cellBlock\"><div class=\"cellTitle\">History</div><div class=\"cellBody\">significant pain, redness, warmth, and swelling around the knee; history of recent surgery, recent open fractures or lacerations with increased pain, warmth, or swelling</div><div class=\"cellTitle\">Exam</div><div class=\"cellBody\">redness or swelling and increased warmth</div><div class=\"cellTitle\">1st Tests</div><div class=\"cellBody\"><B>AP and lateral x-rays: </B>normal<BR></div><div class=\"cellTitle\">Other Tests</div><div class=\"cellBody\"><B>ESR: </B>elevated significantly above \"normal\" value<BR><B>CRP: </B>elevated<BR><B>CBC with differential: </B>elevated, especially with a left shift (increased neutrophils) on the differential<BR><B>aspiration (cell count, cell differential, Gram stain, aerobic/anaerobic cultures): </B>WBC &gt;50,000/microliter; left shift on the WBC differential indicates possible infection; Gram stains and aerobic/anaerobic culture can show evidence of bacterial infection<BR></div><BR><A href=\"epoc://dx/monograph/486\"><B class=\"view-dx-monograph\">View Dx Monograph</B></A><BR></div></div></html>",
   "type":"web"},

  {
   "id":"p-cat_6",
   "sections":
   [

    {
     "cells":
     [

      {
       "title":"Referred pain to knee",
       "type":"flex0",
       "target":"p_11"},

      {
       "title":" ! Infection",
       "type":"flex0",
       "target":"p_12"}      ]}    ],
   "type":"table"},

  {
   "id":"eval-differentials",
   "sections":
   [

    {
     "cells":
     [

      {
       "title":"Joint injury",
       "type":"flex0",
       "target":"p-cat_1"},

      {
       "title":"Ligament injury",
       "type":"flex0",
       "target":"p-cat_2"},

      {
       "title":"Cartilaginous injury",
       "type":"flex0",
       "target":"p-cat_3"},

      {
       "title":"Open fracture",
       "type":"flex0",
       "target":"p-cat_4"},

      {
       "title":"Closed fracture",
       "type":"flex0",
       "target":"p-cat_5"},

      {
       "title":"Other",
       "type":"flex0",
       "target":"p-cat_6"}      ]}    ],
   "type":"table"},

  {
   "id":"eval-diag_approach",
   "html":"<div class=\"cell\"><div class=\"cellBlock\"><div class=\"cellTitle\">Mechanism of injury</div><div class=\"cellBody\"><P>Patient description of the mechanism of injury is an essential part of the history. For example, most anterior cruciate ligament tears are noncontact twisting injuries. Some of the main aspects of the mechanism of injury to be investigated include location of contact, location of pain, history of previous injury, and areas of anesthesia/dysesthesia.<a href=\"epoc://current?article=6\">[6]</a> <a href=\"epoc://current?article=7\">[7]</a> </P></div><div class=\"cellTitle\">Location of contact</div><div class=\"cellBody\"><P>Blow to the anterior aspect of knee</P><ul><li>Blow to hyperextended knee: may cause anterior cruciate ligament (ACL) or posterolateral corner injuries.</li><li>Blow to flexed knee (such as in a dashboard injury): may cause posterior cruciate ligament (PCL) injury.</li></ul><P>Blow to the lateral aspect of knee (valgus injury)</P><ul><li>This injury would stretch the medial-sided knee structures, risking injury to the superficial medial collateral ligament most at risk for injury.</li></ul><P>Blow to the medial aspect of knee (varus injury)</P><ul><li>This would increase the stress on the outside of the knee, and may cause a posterolateral corner injury.</li></ul><P>Noncontact twisting injuries</P><ul><li>Patellar subluxation or dislocatoin may occur when the knee is twisted in extension. This is especially true in patients with patella alta where the patella is abnormally high in relation to the femur and is not well engaged within the trochlear groove.</li><li>If the knee was twisted while in flexion, a meniscus or ACL tear are important considerations.</li></ul></div><div class=\"cellTitle\">Location of pain</div><div class=\"cellBody\"><P>Medial knee pain</P><ul><li>For acute knee injuries: consider a medial meniscus injury, articular cartilage injury of the medial compartment, or medial collateral ligament (MCL) injury.</li><li>For chronic injuries: consider medial compartment arthritis, pes anserine bursitis, and a degenerative medial meniscal tear.</li></ul><P>Lateral knee pain</P><ul><li>For acute knee injuries: differentials include a lateral meniscus tear, lateral compartment articular cartilage injury, or posterolateral corner injury (to include the fibular collateral ligament).</li><li>For chronic knee injuries: consider lateral compartment arthritis, biceps femoris bursitis, iliotibial band friction syndrome, and a degenerative lateral meniscus tear.</li></ul><P>Anterior knee pain</P><ul><li>For acute injuries: patellar subluxation or dislocation and patellar or trochlear groove chondral injuries are possible diagnoses. Patellar tendon rupture should be considered in patients 30 to 45 years old; quadriceps tendon is a possbility in patients 45 to 60 years old.</li><li>For chronic injuries: consider patellofemoral joint chondromalacia (arthritis) and patellar tendonitis.<a href=\"epoc://current?article=6\">[6]</a> </li></ul><P>Posterior knee pain</P><ul><li>For acute knee injuries: differentials include posterior capsule injuries, posterior cruciate ligament injury, or posterior horn meniscal tears should be considered.</li><li>For chronic knee injuries: differentials include posterior horn meniscal tears or a Baker (popliteal) cyst is considered.</li></ul></div><div class=\"cellTitle\">History of previous injuries</div><div class=\"cellBody\"><P>Many patients have symptoms secondary to either a previous injury or previous surgery. It is important to recognize if any changes in the swelling or motion, when compared with the contralateral normal knee, are acute or chronic. Patients who have had previous ligament injuries, with or without surgery, are at an increased risk for reinjuring structures and causing other secondary injuries. In addition, patients who have had previous resections of their menisci for tears are at a high risk of developing arthritis of the same compartment, which could lead to pain and swelling with activities.</P></div><div class=\"cellTitle\">Areas of anesthesia/dysesthesia or strength deficiency</div><div class=\"cellBody\"><P>It is important to assess for any new areas of sensory change or weakness around the patient's knee and lower extremity after a knee injury.</P><ul><li>Direct blows to the anterior aspect of the knee can cause sensory changes in the infrapatellar branch of the saphenous nerve, resulting in altered sensation on the anterolateral aspect of the knee.</li><li>Blows to the anteromedial knee or a varus or hyperextension injury can cause a stretch injury to the common peroneal nerve. These patients will have decreased sensation in the first dorsal web space and lateral aspect of their foot, compared with the contralateral leg. In addition, they may have motor weakness of the extensor hallucis longus, small toe extensors, and foot evertors, and ankle dorsiflexion.<a class=\"inlineImage\" href=\"epoc://current?view=p-images-i_1\">Image</a></li><li>Patients with injuries to the medial aspect of their knee, including lacerations, may have decreased sensation along the medial aspect of the leg and foot consistent with an injury to the saphenous nerve (i.e., medial foot).<a class=\"inlineImage\" href=\"epoc://current?view=p-images-i_2\">Image</a></li><li>In patients with knee dislocation or a multiligament injury, it is necessary to assess the function of the tibial nerve by assessing the sensation on the sole of the foot, and ankle plantar flexion and inversion strength.<a class=\"inlineImage\" href=\"epoc://current?view=p-images-i_3\">Image</a></li><li>Assessment of quadriceps strength and full extension is recommended as an indication of patellar tendon injuries, patellofemoral dysfunction, and injuries involving the femoral nerve.</li><li>Assess hamstring strength as an indication of injuries to the tibial nerve and acute hamstring tears.<a class=\"inlineImage\" href=\"epoc://current?view=p-images-i_4\">Image</a></li></ul></div><div class=\"cellTitle\">General physical examination</div><div class=\"cellBody\"><P>A thorough physical exam is necessary to document specific pathologies associated with acute or chronic knee injuries. In the majority of cases, it is possible to determine the pathology that is present. Following a series of examination steps on a regular basis is important to obtain a thorough and complete physical exam.<a href=\"epoc://current?article=6\">[6]</a> </P></div><div class=\"cellBody\"><P>Acute effusion</P><ul><li>For young patients with an acute traumatic effusion, the most common injury is an anterior cruciate ligament tear, followed by meniscal tears and patellar subluxations/dislocations.<a href=\"epoc://current?article=8\">[8]</a> </li><li>In older patients, the pathology may involve meniscal tears, tibial plateau fractures, aggravations of underlying arthritic processes, or ligament injuries.</li><li>Joint warmth or redness may be indicative of an infectoin or an inflammatory process.</li></ul><P>Chronic knee effusions</P><ul><li>In chronic effusions (including those with obvious trauma), causes include an underlying osteoarthritic process, inflammatory process, infection, or tumor.</li><li>Subtle signs of effusions include having the patient flex the knee and looking for some anterior protrusion of the margins of the fat pad on either side of the patellar tendon, or in palpating the knee posteriorly to look for signs of a Baker cyst. A Baker cyst usually indicates that there is swelling elsewhere within the joint and that this fluid has leaked out posteriorly in the knee in the space between the direct arm of the semimembranosus tendon and the medial head of the gastrocnemius tendon.</li></ul></div><div class=\"cellTitle\">Deformities of the knee</div><div class=\"cellBody\"><ul><li>Deformities of the knee can be due to patellar dislocation (almost always lateral), fractures, knee dislocations, or penetrating wounds.</li><li>Knee dislocations are classified according to the tibial location on the femur.</li><li>Other deformities can be due to patellar tendon ruptures, with proximal migration of the patella and a visible step-off deformity distal to the patella. Quadriceps tendon ruptures show distal migration of the patella, with an obvious deformity proximal to the patella.</li></ul></div><div class=\"cellTitle\">Loss of skin integrity</div><div class=\"cellBody\"><ul><li>Lacerations around the knee are particularly concerning. They may indicate a penetrating wound into the knee joint, an open fracture, or an open knee dislocation.</li><li>Lacerations that extend into the prepatellar bursa are also very concerning due to the high risk of infection.</li></ul></div><div class=\"cellTitle\">Complete or incomplete range of motion</div><div class=\"cellBody\"><ul><li>Compare the range of motion of the injured knee to the normal contralateral knee.</li><li>Causes of lack of full extension include a bucket handle tear of the meniscus or trauma to the anterior aspect of the knee (retropatellar fat pad contusion, anterior horn meniscal tear, or fracture).</li><li>A lack of full flexion can be due to an injury to the posterior horn of the menisci, a knee effusion limiting full flexion, or other posterior knee pathologies.<a href=\"epoc://current?article=6\">[6]</a> </li><li>Document the location of the patients' pain when they are having their range of motion assessed. Anterior knee pain with flexion of the knee usually indicates a patellofemoral source of discomfort. Posterior knee pain with flexion of the knee has a higher likelihood of being due to meniscal pathology. Patients who have a lack of full extension in chronic injuries usually have some underlying arthritis, or may have postinjury or postsurgical changes.<a class=\"inlineImage\" href=\"epoc://current?view=p-images-i_5\">Image</a></li><li>Assess the range of motion of the hip joint.</li></ul><P>External rotation recurvatum test</P><ul><li>The great toe is lifted up while some gentle downward pressure is held on the anterior thigh (to hold it against the exam table) to see if there is any increase in recurvatum (i.e., hyperextension) compared with the contralateral side, usually measured in centimeters of heel height.</li><li> An increase in recurvatum is almost always due to a severe knee injury, which can include a combined ACL and posterolateral corner injury, a possible severe posteromedial knee injury with an MCL injury, or a knee dislocation.<a href=\"epoc://current?article=9\">[9]</a> <a href=\"epoc://current?article=10\">[10]</a><a class=\"inlineImage\" href=\"epoc://current?view=p-images-i_6\">Image</a></li></ul></div><div class=\"cellTitle\">Physical exam for patellofemoral joint injuries</div><div class=\"cellBody\"><P>The medial suprapatellar plica is palpated by rolling the medial plica over the medial femoral condyle with the index finger to assess for any associated pain.<a href=\"epoc://current?article=11\">[11]</a>This can commonly be a source of knee pain with patellofemoral dysfunction.<a class=\"inlineImage\" href=\"epoc://current?view=p-images-i_7\">Image</a></P><P>Patellar translation/instability assessment</P><ul><li>The lateral patellar apprehension test is usually performed at 45° of knee flexion. In this test, any increase in lateral translation that causes pain to the patient and a reactive contraction of the quadriceps muscle, when compared with the contralateral side, is indicative of a previous patellar dislocation.<a href=\"epoc://current?article=11\">[11]</a><a class=\"inlineImage\" href=\"epoc://current?view=p-images-i_8\">Image</a></li><li>Increased medial subluxation of the patella is almost always due to an excessive lateral release. In this circumstance, the patella can subluxate or dislocate medially in the initial flexion arc of the knee before the patella becomes engaged in the trochlear groove. This instability is usually in the first 0° to 40° of knee flexion.<a href=\"epoc://current?article=11\">[11]</a><a class=\"inlineImage\" href=\"epoc://current?view=p-images-i_9\">Image</a></li></ul><P>Assessment of retropatellar crepitation with translation of the patella in the trochlear groove</P><ul><li>The patient needs to be totally relaxed. The patella is translated medially and laterally in the trochlear groove, with the knee flexed to approximately 20° to 45°, to determine if there is any associated retropatellar crepitation and any associated pain with this test. In addition, the superior and inferior poles of the patella are rolled over the trochlear groove to assess for crepitation at these portions of the patella, which may indicate some localized chondromalacia. It is important to assess for pain or discomfort during this maneuver.<a class=\"inlineImage\" href=\"epoc://current?view=p-images-i_10\">Image</a></li></ul><P>Palpation of retropatellar fat pad</P><ul><li>The retropatellar fat pad can be a source of pain either postinjury or due to scar tissue following surgery. Palpation of the retropatellar fat pad is performed along the edges of the patellar tendon, and can help to determine if this location is a source of pathology.<a class=\"inlineImage\" href=\"epoc://current?view=p-images-i_11\">Image</a></li></ul></div><div class=\"cellTitle\">Physical exam for anterior cruciate ligament injuries</div><div class=\"cellBody\"><P>Lachman test</P><ul><li>Can be used to differentiate an ACL tear from other knee injuries. The test is performed between 20° and 30° of knee flexion. One hand stabilizes the thigh, while the other hand is placed just distal to the tibial tubercle. An anterior translation force is then applied to the tibia to see if there is any increase in anterior motion. Increases in anterior translation are most commonly due to a torn anterior cruciate ligament.<a href=\"epoc://current?article=12\">[12]</a> </li><li>Note that there may be a false negative Lachman test either in patients that do not totally relax or in patients who have sustained a bucket handle tear of either of the menisci.</li><li>A pseudo-Lachman test can be obtained when there is uncertainty where the starting point of the tibia is on the femur. In some patients with posterior cruciate ligament injuries, the knee may be subluxed posteriorly and there may be a false sense of increased anterior translation, when in fact the starting point is more posterior in the knee. To a lesser extent, a pseudo-Lachman test can be obtained in the face of a posterolateral corner injury when the knee starts off in a more posteriorly translated position. To differentiate a pseudo-Lachman from a true positive Lachman test, there is usually a hard endpoint felt at the end of the Lachman test rather than a soft endpoint. Further, the endpoint of the tibia in relation to the femur is not as anterior as one would expect when there is an ACL tear.<a class=\"inlineImage\" href=\"epoc://current?view=p-images-i_12\">Image</a></li></ul><P>Anterior drawer test</P><ul><li>Performed with the knee between 80° and 90° of knee flexion and the foot in neutral rotation.<a href=\"epoc://current?article=6\">[6]</a> In this test, an anterior translation force is applied to see if there is any increase in the anterior translation of the tibia on the femur, compared with the normal contralateral knee.</li><li>A positive anterior drawer test can be indicative of an ACL tear or an ACL tear combined with a posterior capsular knee injury. In addition, patients who have had the posterior horn of their menisci excised or injured may have a positive anterior drawer test.</li><li>The anterior drawer test by itself is not as pathognomonic for an ACL tear as the Lachman test.</li></ul><P>Anterior drawer test in external rotation</P><ul><li>Performed with the knee flexed to between 80° and 90°. The foot is then externally rotated approximately 15°. In this test, the knee is evaluated to determine if there is increased anterior medial rotation of the tibia on the femur. A positive anteromedial drawer test is indicative of a combined MCL and posteromedial joint injury. It is important to differentiate this test from the posterolateral drawer test, which looks at posterolateral rotation of the tibia on the femur.</li></ul><P>Pivot shift test</P><ul><li>Assesses the amount of anterolateral rotatory instability of the knee with an anterior cruciate ligament tear. In effect, this test is looking for the amount of anterolateral rotation of the tibia that occurs in the knee near full extension.<a href=\"epoc://current?article=13\">[13]</a> </li><li>The knee is positioned close to full extension. A valgus force is then applied to the knee, along with an internal rotation force. It is very important to make sure that the patient is completely relaxed. One way to help patients relax is to apply a slight traction force (distally) to the leg to slightly open the knee joint. The examiner then observes for anterolateral subluxation of the tibia on the femur. The knee is then flexed while applying the same forces, and one observes for a reduction of the anterolateral subluxation of the tibia on the femur. This is usually observed with an appreciable \"clunk\" noise heard by the examiner.</li><li>A positive pivot shift test is usually indicative of an anterior cruciate ligament tear.<a class=\"inlineImage\" href=\"epoc://current?view=p-images-i_13\">Image</a></li></ul><P>Pitfalls in pivot shift test assessment</P><ul><li>False negative pivot shift tests are very common. Examiner experience, as well as guarding by the patient may contribute. Thus, it is important to make sure that the patient is completely relaxed while performing this test.<a href=\"epoc://current?article=13\">[13]</a> The examiner should avoid gripping the leg tightly; a more gently applied force may help the patient relax sufficiently to determine if there is an anterior cruciate ligament tear.</li></ul><ul><li>In patients who have a bucket handle tear of their meniscus, there may be a false negative pivot shift test because the tibia is not able to sublux anteriorly on the lateral aspect of the femur. This pitfall is especially true for bucket handle tears of the lateral meniscus.</li></ul></div><div class=\"cellTitle\">Physical exam for medial collateral ligament injury and associated valgus laxity</div><div class=\"cellBody\"><P>Valgus laxity is a true rotation laxity; it is not pure medial joint line opening.</P><P>Assessment for valgus laxity</P><ul><li>The patient should be relaxed and positioned with the thigh on the examining table and the leg over the side of the bed. One hand on the foot applies the valgus force, to assess for the combined medial opening and rotational opening. The other hand has the fingers directly over the joint line, to assess for medial joint line opening.<a href=\"epoc://current?article=14\">[14]</a>It is important to differentiate true medial joint line opening from increased motion due to joint line collapse and pseudolaxity, which can be found in patients with medial compartment arthritis.</li><li>Increased valgus opening in extension is usually indicative of a severe medial-sided joint injury combined with an injury to one of the cruciate ligaments. Increased valgus opening at 30° can be indicative of a partial or complete MCL tear, depending upon whether there is a stable endpoint present after one applies the valgus force.<a href=\"epoc://current?article=14\">[14]</a><a class=\"inlineImage\" href=\"epoc://current?view=p-images-i_14\">Image</a></li></ul><P>Assessing medial collateral ligament injuries</P><ul><li>It is important to establish which portion of the superficial medial collateral ligament and deep MCL may have been injured. The portion of the superficial medial collateral ligament that attaches to the femur is called the meniscofemoral portion. This portion, more commonly injured, has a better prognosis in the case of isolated injuries.</li><li>The meniscotibial portion which attaches to the tibia, usually heals, but&nbsp;has a lesser chance of healing compared with the meniscofemoral portion.</li><li>It is useful for both physical therapist and the athlete to recognize the location of the MCL injury, as this may be useful in determining the type of physical therapy and/or bracing to include in the post-treatment regimen.</li></ul><P><a class=\"inlineImage\" href=\"epoc://current?view=p-images-i_15\">Image</a></P><P>Pitfalls in assessing for valgus instability</P><ul><li>In patients with open growth plates, a growth plate (physeal) fracture may mimic increased varus or valgus joint line opening. Therefore, it is important to utilize stress radiographs in this population.<a href=\"epoc://current?article=6\">[6]</a> </li><li>In older patients with seemingly increased amounts of joint line gapping, there may be associated fractures around the knee, including tibial plateau fractures and distal femoral or supracondylar femur fractures. Patients may have more pain and increased amounts of swelling in these circumstances.</li></ul></div><div class=\"cellTitle\">Physical exam for posterolateral knee injury and associated varus laxity</div><div class=\"cellBody\"><P>Since most posterolateral corner injuries occur as combined injuries, associated anterior cruciate ligament and posterior cruciate ligament pathology should also looked for.<a href=\"epoc://current?article=10\">[10]</a><a class=\"inlineImage\" href=\"epoc://current?view=p-images-i_16\">Image</a></P><P>Assessment of varus laxity</P><ul><li>This is assessed in a similar manner to valgus laxity. This test looks for an increase in lateral joint line opening. In the evaluation of lateral-sided knee injuries, the contralateral normal knee is also assessed. This is because most patients have a physiologic increased amount of varus opening, usually dependent upon the natural recurvatum of their knee. Thus, it is not possible to determine how much pathology may be present without comparing with the normal knee.</li><li>The thigh is kept stabilized on the examining table while the leg is placed over the foot of the bed. One hand should be on the patient's foot/ankle. This hand is then used to apply the varus force to see how much lateral joint line opening there may be. The other hand should have the fingers directly over the joint line to feel how much joint line opening occurs.<a href=\"epoc://current?article=10\">[10]</a> <a href=\"epoc://current?article=15\">[15]</a> </li><li>An increased amount of varus opening in extension is usually indicative of a combined posterolateral corner injury and either an anterior cruciate ligament and/or a posterior cruciate ligament.<a class=\"inlineImage\" href=\"epoc://current?view=p-images-i_17\">Image</a></li></ul><P>Varus opening at 30° of knee flexion</P><ul><li>Due to the important stabilizing effect of the fibular (lateral) collateral ligament, an intact structure should not allow for any increase in the amount of lateral joint line opening compared with the normal knee. An increased amount of varus opening at 30° of knee flexion is therefore indicative of an isolated or combined posterolateral corner injury.</li><li>It is important to assess whether there is an actual true opening of the joint or whether there is pseudolaxity present due to lateral compartment arthritis. This can be assessed for at the same time as determining for how much gapping is present at the joint.</li></ul><P>Pitfalls in assessing for varus instability</P><ul><li>In patients with open growth plates, a growth plate (physeal) fracture may mimic increased varus joint line opening. Therefore, it is important to utilize stress radiographs in this population.<a href=\"epoc://current?article=6\">[6]</a> </li><li>In older patients with seemingly increased amounts of joint line gapping, there may be associated fractures around the knee, including tibial plateau fractures and distal femoral or supracondylar femur fractures. Patients may have more pain and increased amounts of swelling in these circumstances.</li></ul><P>Posterolateral drawer test</P><ul><li>The posterolateral drawer test is performed in a similar manner to the posterior drawer test, except that the foot is externally rotated to approximately 15°.</li><li>The knee is flexed between 80° and 90°, the foot is externally rotated to approximately 15°, and a posterolateral rotation force is applied to the knee. The amount of posterolateral rotation of the tibia on the femur is observed and the relative subluxation that occurs is noted.<a href=\"epoc://current?article=9\">[9]</a> <a href=\"epoc://current?article=10\">[10]</a> <a href=\"epoc://current?article=15\">[15]</a> This movement can best be observed by noting how much the tibial tubercle externally rotates in relation to the femur. Due to significant physiological laxity among patients, it is important to grade the increase in posterolateral rotation compared with the normal contralateral knee.</li><li>In order to best determine the amount of posterolateral rotation that occurs with the tibia on the femur, it is often useful to sit directly on the patient's foot while applying the coupled posterior drawer and external rotation force. This can be differentiated from a positive anteromedial drawer test, where the tibia rotates anteromedially, which would indicate an MCL and posteromedial joint injury.</li><li>It is recommended to differentiate this test from the posterior drawer test in neutral rotation because the posterolateral drawer may be positive, even in the face of an intact posterior cruciate ligament. Therefore, it is important to recognize this test and not mistake it for a positive posterior drawer test.</li><li>Increases in the posterolateral drawer test can be due to an isolated posterolateral corner injury, a combined posterolateral corner injury and PCL injury, or, possibly, a knee dislocation.<a class=\"inlineImage\" href=\"epoc://current?view=p-images-i_18\">Image</a></li></ul><P>Pitfalls in assessment of the posterolateral drawer test</P><ul><li>Common pitfalls in assessing the posterolateral drawer test are misinterpretation of either the location of the external rotation or the amount of increased posterolateral rotation that is occurring.</li><li>Patients who have normal increased recurvatum of their knee will have some increase in their posterolateral drawer test physiologically.<a href=\"epoc://current?article=16\">[16]</a> In these patients, if the contralateral knee is not assessed, there may appear to be a significant increase in posterolateral rotation on this test.</li><li>Posteromedial knee and MCL injury in which there is an increased amount of anteromedial rotation of the tibia on the femur, may be incorrectly interpreted as being posterolateral rotation.</li><li>These differences can be very subtle, but need to be assessed. Other tests, such as varus or valgus stress testing at 30° of knee flexion, may help differentiate if this is a posterolateral corner or, possibly, a medial-sided knee injury.</li></ul><P>Dial test at 30° in knee flexion</P><ul><li>Assesses the amount of external rotation of the tibia on the femur. It can be performed with the patient prone or supine, which makes it useful for patients who have a chronic rather than an acute knee injury, due to their ability to lie prone.</li><li>Both feet are externally rotated to determine how much increased external rotation of the foot and ankle/foot occurs, compared with the contralateral side.<a href=\"epoc://current?article=10\">[10]</a> <a href=\"epoc://current?article=15\">[15]</a> Biomechanical laboratory testing has demonstrated that, in the face of a posterolateral corner injury, the knee will externally rotate approximately 15° more than the contralateral normal side.<a href=\"epoc://current?article=17\">[17]</a> This test makes it easier to discern between the normal and injured knees in patients who are \"tight\" and do not have a lot of physiologic laxity.</li><li>In those patients who have increased physiologic laxity where their tibial tubercle does rotate normally quite often, it is useful to place the patient in the prone position and assess for the amount of increased external rotation.<a class=\"inlineImage\" href=\"epoc://current?view=p-images-i_19\">Image</a></li></ul><P>Dial test at 90° in knee flexion</P><ul><li>Similar to the dial test at 30°. Can be performed both prone and supine.</li><li>When a patient has an isolated posterolateral corner injury, the amount of external rotation of the injured side is approximately 5° more than the contralateral normal knee.</li><li>In patients who have a combined posterior cruciate ligament and posterolateral corner injury, or a combined anterior cruciate ligament and posterolateral corner injury, there is an increase in external rotation compared with the uninjured side of approximately 10° to 15°. Therefore, the amount of external rotation that occurs is similar in this injury pattern to the amount of external rotation that is seen at 15° of knee flexion.<a href=\"epoc://current?article=10\">[10]</a> <a href=\"epoc://current?article=15\">[15]</a> <a href=\"epoc://current?article=17\">[17]</a><a class=\"inlineImage\" href=\"epoc://current?view=p-images-i_20\">Image</a></li></ul><P>Pitfall in dial test at 90°</P><ul><li>An increase in external rotation of the knee can occur when there is a combined MCL and posterior oblique ligament injury to the knee. Therefore, when the dial test is performed prone at 90° of knee flexion, it is possible to mistakenly identify an increase in external rotation at 90° as being due to a posterolateral corner injury when there is in fact a posteromedial corner injury.</li><li>It is important to differentiate between posteromedial and posterolateral corner injuries in terms of the amount of external rotation that can occur in the knee.</li></ul><P>Reverse pivot shift test</P><ul><li>This test is similar to a dynamic posterolateral drawer test.</li><li>The knee is flexed to approximately 70° to 80°. While cradling the leg with one hand, an external rotation force is applied to the foot and ankle.</li><li>A positive reverse pivot shift test will result in posterolateral rotation of the tibia on the femur. The knee is then slowly extended and a reduction \"clunk\" of the tibia on the femur, where the iliotibial band and popliteus complex reduce the tibia back to its more normal position, is assessed for.<a href=\"epoc://current?article=10\">[10]</a> <a href=\"epoc://current?article=15\">[15]</a> <a href=\"epoc://current?article=16\">[16]</a><a class=\"inlineImage\" href=\"epoc://current?view=p-images-i_21\">Image</a></li></ul><P>Pitfalls of the reverse pivot shift test interpretation</P><ul><li>The reverse pivot shift test has the most false positive results of any clinical knee test. It has been demonstrated that, under anesthesia, 35% of normal knees have a positive reverse pivot shift test.<a href=\"epoc://current?article=16\">[16]</a> In the majority of these knees, there is increased physiologic laxity, as demonstrated by an increase in genu recurvatum (hyperextension of the knees), as well as increased physiologic varus opening of the knee at 30° of knee flexion. Therefore, in the event of a positive reverse pivot shift test, it is very important to differentiate a pathologic state versus normal physiologic laxity.</li><li>In addition, it is possible to incorrectly interpret a positive reverse pivot shift test as a positive pivot shift test. These 2 tests can be differentiated by looking at the starting point of the tibia on the femur and observing how it subluxes. The reverse pivot shift test is different from the pivot shift test in that it starts with the tibia subluxed in flexion rather than in extension, and the tibia is located posterolaterally on the femur rather than anterolaterally.</li></ul><P>The figure-4 test</P><ul><li>Performed by placing the patient's foot over the contralateral knee. A positive test is indicated by lateral knee pain and suggests a possible tear of the popliteomeniscal fascicles to the lateral meniscus.<a href=\"epoc://current?article=18\">[18]</a><a class=\"inlineImage\" href=\"epoc://current?view=p-images-i_22\">Image</a></li></ul><P>Gait observations</P><ul><li>In patients who have acute posterolateral corner injuries with minimal discomfort and in patients with chronic posterolateral corner knee injuries, especially those with a varus alignment of their lower extremity, ambulation is possible with a varus thrust gait. The mechanism for this gait pattern occurs as the foot strikes the ground. Due to the incompetent posterolateral corner structures there is gapping of the lateral compartment of the knee, which is seen as an obvious thrust of the knee.<a href=\"epoc://current?article=6\">[6]</a> As the patient shifts his or her weight with gait, and as a result of the dynamic effect of the biceps tendon and the posterolateral corner of the knee, the knee will then close up the lateral compartment gapping. This is observed as a dynamic thrusting of the knee with gait.</li></ul><P>Pitfalls in assessment of varus thrust gait</P><ul><li>A varus thrust gait pattern due to a posterolateral corner injury is not much different than that observed in a patient who has significant medial compartment arthritis. Therefore, it is important to differentiate between patients who have a varus thrust gait due to medial compartment pseudolaxity versus those who have this gait pattern due to incompetent posterolateral corner structures, resulting in lateral compartment gapping.</li><li>The physical exam can differentiate between these injury patterns by palpating for lateral compartment opening versus medial compartment collapse, at 30° of knee flexion, during application of a varus stress. Plain anterior-posterior (AP) standing x-rays (where significant medial compartment arthritis is looked for) or bilateral varus stress radiographs (where the amount of lateral compartment gapping that occurs on the injured compared with the normal contralateral side is looked for) can also assist in differentiating between these injury patterns.</li></ul></div><div class=\"cellTitle\">Physical exam for posterior cruciate ligament injury</div><div class=\"cellBody\"><P>Many symptomatic posterior cruciate ligament injuries are combined with posterolateral corner injuries, and should also be assessed for.</P><P>Posterior drawer test</P><ul><li>This test is performed with the knee flexed to approximately 80° to 90° and with the foot in neutral rotation. The patient should be sufficiently relaxed such that the hamstrings at the posterior aspect of the knee are completely relaxed. A straight posterior force is then applied through the tibia, and the amount of increase in posterior translation compared with the contralateral knee is assessed. A normal knee will not have any increase in posterior translation.<a href=\"epoc://current?article=19\">[19]</a> </li><li>The posterior drawer test is graded according to how much increased translation there is of the tibia in relation to the distal femur. Grade 1 is an increase in posterior translation, but where the tibia is still anterior to the distal femur. Grade 2 is when the posterior translation of the tibia is such that it is directly in line with the femoral condyles. In those cases where the tibia is subluxed posterior to the anterior edge of the femoral condyles, this is a grade 3 PCL tear and is usually indicative of a combined posterolateral or posteromedial knee injury with the PCL tear.<a href=\"epoc://current?article=6\">[6]</a><a class=\"inlineImage\" href=\"epoc://current?view=p-images-i_23\">Image</a></li></ul><P>Pitfalls to performing the posterior drawer test</P><ul><li>In patients who cannot relax enough, or who may have an injury to the posterior horn of their menisci, any increase in anterior translation may be incorrectly assessed to be an increase in posterior translation.</li></ul><P>Posterior sag sign</P><ul><li>In this test, both knees are flexed to approximately 90° with the feet resting against the table. In knees that have a posterior cruciate ligament injury, gravity will result in the knee subluxing posteriorly. In thinner knees, this is more obvious. This test facilitates observation of where the tibia sits in relation to the femur.<a class=\"inlineImage\" href=\"epoc://current?view=p-images-i_24\">Image</a></li></ul><P>Quadriceps active test</P><ul><li>The patient actively translates the posteriorly subluxed tibia on the femur anteriorly by firing the quadriceps. This is performed with the patient's knee flexed to 90° and the foot on the examining table. The foot is then held and the patient is asked to try to straighten out the knee. By firing the quadriceps mechanism, a force is transmitted through the patella and patellar tendon on the anterior aspect of the tibia. If the tibia is subluxed posteriorly, the active force of the quadriceps mechanism will reduce the tibia back into its more normal position.<a href=\"epoc://current?article=19\">[19]</a> In cases where it is difficult to get the patient to relax, it is possible to attempt to push the tibia posteriorly, similar to a posterior drawer, and then have the patient fire the quadriceps mechanism to verify it is subluxed posteriorly.</li><li>This test is especially useful in patients who may have subtle findings, where it is difficult to determine if they have an ACL or PCL tear. The quadriceps active test will not be positive in the face of a normal posterior cruciate ligament. Patients who may have a multiligament injury to their knee, and where it is difficult to determine the severity of a potential posterior cruciate ligament injury because of the increased motion of the knee, the quadriceps active test may help to determine if there is a significant PCL injury.<a class=\"inlineImage\" href=\"epoc://current?view=p-images-i_25\">Image</a></li></ul></div><div class=\"cellTitle\">Physical exam for meniscal injuries</div><div class=\"cellBody\"><P>Assessment for meniscal tears</P><ul><li>This is commonly performed at the same time that medial or lateral joint line opening at 30° in knee flexion is assessed. Patients who have significant trauma may have significant displacement of the meniscus in the joint. These patients may have a lack of full flexion and extension, due either to a bucket handle tear of the posterior aspect of the meniscus anteriorly or to a significant flap tear posteriorly, which can considerably limit their motion. In addition, patients will commonly have joint line crepitation and pain directly over the joint line.<a href=\"epoc://current?article=6\">[6]</a> <a href=\"epoc://current?article=20\">[20]</a> <a href=\"epoc://current?article=21\">[21]</a> </li><li>Another useful meniscal assessment test is determining if the patient has pain with maximal knee flexion. This test has been shown to be positive in patients who have posterior horn meniscal tears. It is recommended to ask patients who experience pain during deep flexion if the pain is located over the anterior aspect of the knee (which would be more of a patellofemoral source of pain) or posteriorly. One of the most common causes of the posterior knee pain is a meniscus tear; however, patients may have pain from other posterior knee pathology (e.g., a Baker cyst).</li><li>In the assessment of bucket handle tears, it is important to recognize that these do not usually reduce. Therefore, it is appropriate to obtain an MRI scan to assess the extent of the tear before attempting a reduction.<a href=\"epoc://current?article=22\">[22]</a> <a href=\"epoc://current?article=23\">[23]</a><a class=\"inlineImage\" href=\"epoc://current?view=p-images-i_26\">Image</a></li></ul></div><div class=\"cellTitle\">Imaging</div><div class=\"cellBody\"><P>X-rays</P><P>Usually the first imaging modality.<a href=\"epoc://current?article=24\">[24]</a> A knee x-ray series is indicated for people who have sustained a knee injury and demonstrate any of the following:<a href=\"epoc://current?article=25\">[25]</a> </P><ul><li>Age 55 years or older</li><li>Isolated tenderness of patella (no bone tenderness of knee other than patella)</li><li>Tenderness of head of fibula</li><li>Inability to flex to 90°</li><li>Inability to bear weight, both immediately and in the emergency department, for 4 steps.</li></ul><P>A patellar sunrise x-ray is the most useful if a patellofemoral joint injury is suspected, whereas a standing anterior-posterior (AP) is the first x-ray performed if an anterior cruciate ligament is the most likely diagnosis.</P><P>The reliability and validity of radiologic assessment for patellar instability has been reviewed, but further studies are required.<a href=\"epoc://current?article=26\">[26]</a> </P><P>CT scans</P><P>Commonly used to assess for significant bony pathology. This includes the assessment of fractures, tumors, and postsurgical&nbsp;assessments where an MRI may not be possible (patients with pacemakers, significant metal around the knee). Thin slice images (2 mm or less) are recommended to assess the bony architecture of the knee.</P><P>Bone scan</P><P>This is usually obtained to look for tumors, healing issues after surgery, stress fractures, or other areas of high bone turnover. Thus, 3-phase bone scans with pinholes to better localize the knee architecture are most commonly obtained.</P><P>MRI scans of the knee</P><P>Useful for determining a&nbsp;diagnosis when there is doubt. MRI scans are particularly useful for diagnosis of acute injuries, where bleeding and edema are noted by increased signal uptake on the MRI scans.<a href=\"epoc://current?article=22\">[22]</a> <a href=\"epoc://current?article=23\">[23]</a> High field (1.5- or 3-tesla) MRI images are recommended to obtain the greatest detail.</P><P>Arteriography</P><ul><li>In certain instances (e.g., joint dislocation) arteriography may be helpful to identify deviation or disruption of the vasculature consistent with severe knee pathology.</li></ul></div><div class=\"cellTitle\">Invasive testing</div><div class=\"cellBody\"><P>Aspiration</P><P>Performed if there is an acute effusion. Analysis of a knee aspiration should include aerobic and anaerobic cultures, a cell count and differential of the aspirated fluid, analysis for crystals, and Gram stain. In general, bloody effusions are more consistent with trauma or tumor (pigmented villonodular synovitis), while nonbloody effusions can be associated with infection (the normal&nbsp;viscosity of the synovial fluid is significantly decreased) or inflammatory arthritis.</P><P>Arthroscopy</P><P>This is carried out if a meniscal, cartilage, or ligament injury is suspected and the diagnosis needs to be confirmed. Arthroscopy can also be used for treatment of these injuries.</P></div></div></div>",
   "type":"web"},

  {
   "id":"p-images-i_1",
   "title":"Images",
   "type":"image",
   "image_refs":
   [
0,
1,
2,
3,
4,
5    ]},

  {
   "id":"p-images-i_2",
   "title":"Images",
   "type":"image",
   "image_refs":
   [
6    ]},

  {
   "id":"p-images-i_3",
   "title":"Images",
   "type":"image",
   "image_refs":
   [
7,
8    ]},

  {
   "id":"p-images-i_4",
   "title":"Images",
   "type":"image",
   "image_refs":
   [
9,
10    ]},

  {
   "id":"p-images-i_5",
   "title":"Images",
   "type":"image",
   "image_refs":
   [
11,
12,
13,
14    ]},

  {
   "id":"p-images-i_6",
   "title":"Images",
   "type":"image",
   "image_refs":
   [
15    ]},

  {
   "id":"p-images-i_7",
   "title":"Images",
   "type":"image",
   "image_refs":
   [
16,
17,
18,
19,
20,
21    ]},

  {
   "id":"p-images-i_8",
   "title":"Images",
   "type":"image",
   "image_refs":
   [
22    ]},

  {
   "id":"p-images-i_9",
   "title":"Images",
   "type":"image",
   "image_refs":
   [
23    ]},

  {
   "id":"p-images-i_10",
   "title":"Images",
   "type":"image",
   "image_refs":
   [
24,
25    ]},

  {
   "id":"p-images-i_11",
   "title":"Images",
   "type":"image",
   "image_refs":
   [
26,
27    ]},

  {
   "id":"p-images-i_12",
   "title":"Images",
   "type":"image",
   "image_refs":
   [
28    ]},

  {
   "id":"p-images-i_13",
   "title":"Images",
   "type":"image",
   "image_refs":
   [
29    ]},

  {
   "id":"p-images-i_14",
   "title":"Images",
   "type":"image",
   "image_refs":
   [
30    ]},

  {
   "id":"p-images-i_15",
   "title":"Images",
   "type":"image",
   "image_refs":
   [
31,
32,
31    ]},

  {
   "id":"p-images-i_16",
   "title":"Images",
   "type":"image",
   "image_refs":
   [
33    ]},

  {
   "id":"p-images-i_17",
   "title":"Images",
   "type":"image",
   "image_refs":
   [
34    ]},

  {
   "id":"p-images-i_18",
   "title":"Images",
   "type":"image",
   "image_refs":
   [
35,
36    ]},

  {
   "id":"p-images-i_19",
   "title":"Images",
   "type":"image",
   "image_refs":
   [
37,
38    ]},

  {
   "id":"p-images-i_20",
   "title":"Images",
   "type":"image",
   "image_refs":
   [
39,
40    ]},

  {
   "id":"p-images-i_21",
   "title":"Images",
   "type":"image",
   "image_refs":
   [
41    ]},

  {
   "id":"p-images-i_22",
   "title":"Images",
   "type":"image",
   "image_refs":
   [
42    ]},

  {
   "id":"p-images-i_23",
   "title":"Images",
   "type":"image",
   "image_refs":
   [
43    ]},

  {
   "id":"p-images-i_24",
   "title":"Images",
   "type":"image",
   "image_refs":
   [
44    ]},

  {
   "id":"p-images-i_25",
   "title":"Images",
   "type":"image",
   "image_refs":
   [
45    ]},

  {
   "id":"p-images-i_26",
   "title":"Images",
   "type":"image",
   "image_refs":
   [
30,
34,
14    ]}  ],
 "citations":
 {
  "articles":
  [

   {
    "id":1,
    "key_article":false,
    "ref_article":true,
    "html":"Hansom D, Sutherland A. Injury prevention strategies in skiers and snowboarders. Curr Sports Med Rep. May-Jun 2010;9(3):169-75.<a href=\"http://www.ncbi.nlm.nih.gov/pubmed/20463501\"> [Abstract]</a>"},

   {
    "id":2,
    "key_article":false,
    "ref_article":true,
    "html":"Hauret KG, Jones BH, Bullock SH, et al. Musculoskeletal injuries: description of an under-recognized injury problem among military personnel. Am J Prev Med. 2010 Jan;38(1 Suppl):S61-70.<a href=\"http://www.ncbi.nlm.nih.gov/pubmed/20117601\"> [Abstract]</a>"},

   {
    "id":3,
    "key_article":false,
    "ref_article":true,
    "html":"Engebretsen L, Steffen K, Alonso JM, et al. Sports injuries and illnesses during the Winter Olympic Games 2010. Br J Sports Med. 2010 Sep;44(11):772-80.<a href=\"http://www.ncbi.nlm.nih.gov/pubmed/20820057\"> [Abstract]</a>"},

   {
    "id":4,
    "key_article":false,
    "ref_article":true,
    "html":"Nabian MH, Zadegan SA, Zanjani LO, et al. Epidemiology of Joint Dislocations and Ligamentous/Tendinous Injuries among 2,700 Patients: Five-year Trend of a Tertiary Center in Iran. Arch Bone Jt Surg. 2017 Nov;5(6):426-434.<a href=\"http://www.ncbi.nlm.nih.gov/pubmed/29299498\"> [Abstract]</a>"},

   {
    "id":5,
    "key_article":false,
    "ref_article":true,
    "html":"Green NE, Allen BL. Vascular injuries associated with dislocation of the knee. J Bone Joint Surg Am. 1977 Mar;59(2):236-9.<a href=\"http://www.ncbi.nlm.nih.gov/pubmed/845209\"> [Abstract]</a>"},

   {
    "id":6,
    "key_article":false,
    "ref_article":true,
    "html":"LaPrade RF, Wentorf F. Acute knee injuries: on-the-field and sideline evaluation. Phys Sportsmed. 1999 Oct;27(10):55-61."},

   {
    "id":7,
    "key_article":false,
    "ref_article":true,
    "html":"Quatman CE, Quatman-Yates CC, Hewett TE. A 'plane' explanation of anterior cruciate ligament injury mechanisms: a systematic review. Sports Med. 2010 Sep 1;40(9):729-46.<a href=\"http://www.ncbi.nlm.nih.gov/pubmed/20726620\"> [Abstract]</a>"},

   {
    "id":8,
    "key_article":false,
    "ref_article":true,
    "html":"Noyes FR, Bassett RW, Grood ES, et al. Arthroscopy in acute traumatic hemarthrosis of the knee. Incidence of anterior cruciate tears and other injuries. J Bone Joint Surg Am. 1980 Jul;62(5):687-95, 757.<a href=\"http://www.ncbi.nlm.nih.gov/pubmed/7391091\"> [Abstract]</a>"},

   {
    "id":9,
    "key_article":false,
    "ref_article":true,
    "html":"Hughston JC, Norwood LA Jr. The posterolateral drawer test and external rotational recurvatum test for posterolateral rotatory instability of the knee. Clin Orthop Relat Res. 1980 Mar-Apr;(147):82-7.<a href=\"http://www.ncbi.nlm.nih.gov/pubmed/7371321\"> [Abstract]</a>"},

   {
    "id":10,
    "key_article":false,
    "ref_article":true,
    "html":"LaPrade RF, Terry GC. Injuries to the posterolateral aspect of the knee. Association of anatomic injury patterns with clinical instability. Am J Sports Med. 1997 Jul-Aug;25(4):433-8.<a href=\"http://www.ncbi.nlm.nih.gov/pubmed/9240974\"> [Abstract]</a>"},

   {
    "id":11,
    "key_article":false,
    "ref_article":true,
    "html":"Jacobson KE, Flandry FC. Diagnosis of anterior knee pain. Clin Sports Med. 1989 Apr;8(2):179-95.<a href=\"http://www.ncbi.nlm.nih.gov/pubmed/2665950\"> [Abstract]</a>"},

   {
    "id":12,
    "key_article":false,
    "ref_article":true,
    "html":"Torg JS, Conrad W, Kalen V. Clinical diagnosis of anterior cruciate ligament instability in the athlete. Am J Sports Med. 1976 Mar-Apr;4(2):84-93.<a href=\"http://www.ncbi.nlm.nih.gov/pubmed/961972\"> [Abstract]</a>"},

   {
    "id":13,
    "key_article":false,
    "ref_article":true,
    "html":"Bach BR Jr, Warren RF, Wickiewicz TL. The pivot shift phenomenon: results and description of a modified clinical test for anterior cruciate ligament insufficiency. Am J Sports Med. 1988 Nov-Dec;16(6):571-6.<a href=\"http://www.ncbi.nlm.nih.gov/pubmed/3239613\"> [Abstract]</a>"},

   {
    "id":14,
    "key_article":false,
    "ref_article":true,
    "html":"Hughston JC, Andrews JR, Cross MJ, et al. Classification of knee ligament instabilities. Part 1. The medial compartment and cruciate ligaments. J Bone Joint Surg Am. 1976 Mar;58(2):159-72.<a href=\"http://www.ncbi.nlm.nih.gov/pubmed/1254619\"> [Abstract]</a>"},

   {
    "id":15,
    "key_article":false,
    "ref_article":true,
    "html":"Veltri DM, Warren RF. Posterolateral instability of the knee. J Bone Joint Surg Am. 1995;44:441-53.<a href=\"http://www.ncbi.nlm.nih.gov/pubmed/7797882\"> [Abstract]</a>"},

   {
    "id":16,
    "key_article":false,
    "ref_article":true,
    "html":"Cooper DE. Tests for posterolateral instability of the knee in normal subjects. Results of examination under anesthesia. J Bone Joint Surg Am. 1991 Jan;73(1):30-6.<a href=\"http://www.ncbi.nlm.nih.gov/pubmed/1985992\"> [Abstract]</a>"},

   {
    "id":17,
    "key_article":false,
    "ref_article":true,
    "html":"Grood ES, Stowers SF, Noyes FR. Limits of movement in the human knee. Effect of sectioning the posterior cruciate ligament and posterolateral structures. J Bone Joint Surg Am. 1988 Jan;70(1):88-97.<a href=\"http://www.ncbi.nlm.nih.gov/pubmed/3335577\"> [Abstract]</a>"},

   {
    "id":18,
    "key_article":false,
    "ref_article":true,
    "html":"LaPrade RF, Konowalchuk BK. Popliteomeniscal fascicle tears causing symptomatic lateral compartment knee pain: diagnosis by the figure-4 test and treatment by open repair. Am J Sports Med. 2005 Aug;33(8):1231-6.<a href=\"http://www.ncbi.nlm.nih.gov/pubmed/16000660\"> [Abstract]</a>"},

   {
    "id":19,
    "key_article":false,
    "ref_article":true,
    "html":"Daniel DM, Stone ML, Barnett P, et al. Use of the quadriceps active test to diagnose posterior cruciate-ligament disruption and measure posterior laxity of the knee. J Bone Joint Surg Am. 1988 Mar;70(3):386-91.<a href=\"http://www.ncbi.nlm.nih.gov/pubmed/3346263\"> [Abstract]</a>"},

   {
    "id":20,
    "key_article":false,
    "ref_article":true,
    "html":"Logerstedt DS, Snyder-Mackler L, Ritter RC, et al. Knee pain and mobility impairments: meniscal and articular cartilage lesions. J Orthop Sports Phys Ther. 2010 Jun;40(6):A1-A35.<a href=\"http://www.ncbi.nlm.nih.gov/pubmed/20511698\"> [Abstract]</a>"},

   {
    "id":21,
    "key_article":false,
    "ref_article":true,
    "html":"Ockert B, Haasters F, Polzer H, et al. Value of the clinical examination in suspected meniscal injuries. A meta-analysis [in German]. Unfallchirurg. 2010 Apr;113(4):293-9.<a href=\"http://www.ncbi.nlm.nih.gov/pubmed/19960176\"> [Abstract]</a>"},

   {
    "id":22,
    "key_article":false,
    "ref_article":true,
    "html":"Lathlean T et al; Australian Safety and Efficacy Register of New Interventional Procedures - Surgical (ASERNIP-S). Diagnostic arthroscopy for conditions of the knee. ASERNIP-S Report no 64. October 2008 [internet publication].<a href=\"https://www.surgeons.org/media/311101/Diagnostic_arthroscopy_for_conditions_of_the_knee.pdf\"> [Full Text]</a>"},

   {
    "id":23,
    "key_article":false,
    "ref_article":true,
    "html":"Hegedus EJ, Cook C, Hasselblad V, et al. Physical examination tests for assessing a torn meniscus in the knee: a systematic review with meta-analysis. J Orthop Sports Phys Ther. 2007 Sep;37(9):541-50.<a href=\"http://www.ncbi.nlm.nih.gov/pubmed/17939613\"> [Abstract]</a>"},

   {
    "id":24,
    "key_article":true,
    "ref_article":true,
    "html":"American College of Radiology. ACR Appropriateness Criteria: acute trauma to the knee. 2014 [internet publication] (last accessed June 2019).<a href=\"https://acsearch.acr.org/docs/69419/Narrative/\"> [Full Text]</a>"},

   {
    "id":25,
    "key_article":false,
    "ref_article":true,
    "html":"Stiell IG, Wells GA, McDowell I, et al. Use of radiography in acute knee injuries: need for clinical decision rules. Acad Emerg Med. 1995 Nov;2(11):966-73.<a href=\"http://www.ncbi.nlm.nih.gov/pubmed/8536122\"> [Abstract]</a>"},

   {
    "id":26,
    "key_article":false,
    "ref_article":true,
    "html":"Smith TO, Davies L, Toms AP, et al. The reliability and validity of radiological assessment for patellar instability: a systematic review and meta-analysis. Skeletal Radiol. 2011 Apr;40(4):399-414.<a href=\"http://www.ncbi.nlm.nih.gov/pubmed/20496065\"> [Abstract]</a>"},

   {
    "id":27,
    "key_article":false,
    "ref_article":true,
    "html":"LaPrade RF, Bernhardson AS, Griffith CJ, et al. Correlation of valgus stress radiographs with medial knee ligament injuries: an in vitro biomechanical study. Am J Sports Med. 2010 Feb;38(2):330-8.<a href=\"http://www.ncbi.nlm.nih.gov/pubmed/19966093\"> [Abstract]</a>"},

   {
    "id":28,
    "key_article":false,
    "ref_article":true,
    "html":"LaPrade RF, Heikes C, Bakker AJ, et al. The reproducibility and repeatability of varus stress radiographs in the assessment of isolated fibular collateral ligament and grade-III posterolateral knee injuries. An in vitro biomechanical study. J Bone Joint Surg Am. 2008 Oct;90(10):2069-76.<a href=\"http://www.ncbi.nlm.nih.gov/pubmed/18829903\"> [Abstract]</a>"},

   {
    "id":29,
    "key_article":false,
    "ref_article":true,
    "html":"LaPrade RF, Gilbert TJ, Bollom TS, et al. The magnetic resonance imaging appearance of individual structures of the posterolateral knee. A prospective study of normal knees and knees with surgically verified grade III injuries. Am J Sports Med. 2000 Mar-Apr;28(2):191-9.<a href=\"http://www.ncbi.nlm.nih.gov/pubmed/10750995\"> [Abstract]</a>"},

   {
    "id":30,
    "key_article":false,
    "ref_article":true,
    "html":"Hewett TE, Noyes FR, Lee MD. Diagnosis of complete and partial posterior cruciate ligament ruptures. Stress radiography compared with KT-1000 arthrometer and posterior drawer testing. Am J Sports Med. 1997 Sep-Oct;25(5):648-55.<a href=\"http://www.ncbi.nlm.nih.gov/pubmed/9302470\"> [Abstract]</a>"}   ]},
 "media":
 [

  {
   "file":"575-9.jpg",
   "thumb":"575-9-tn.jpg",
   "caption":"First dorsal web space sensation testing (common peroneal nerve)",
   "hilight":"false",
   "iline":"false",
   "auth":"false",
   "source":"From the personal library of Dr LaPrade; used with permission"},

  {
   "file":"575-41.jpg",
   "thumb":"575-41-tn.jpg",
   "caption":"Lateral foot sensation testing (superficial peroneal nerve)",
   "hilight":"false",
   "iline":"false",
   "auth":"false",
   "source":"From the personal library of Dr LaPrade; used with permission"},

  {
   "file":"575-7.jpg",
   "thumb":"575-7-tn.jpg",
   "caption":"Extensor hallucis longus strength testing",
   "hilight":"false",
   "iline":"false",
   "auth":"false",
   "source":"From the personal library of Dr LaPrade; used with permission"},

  {
   "file":"575-6.jpg",
   "thumb":"575-6-tn.jpg",
   "caption":"Small toe extensors strength testing",
   "hilight":"false",
   "iline":"false",
   "auth":"false",
   "source":"From the personal library of Dr LaPrade; used with permission"},

  {
   "file":"575-5.jpg",
   "thumb":"575-5-tn.jpg",
   "caption":"Foot eversion strength testing",
   "hilight":"false",
   "iline":"false",
   "auth":"false",
   "source":"From the personal library of Dr LaPrade; used with permission"},

  {
   "file":"575-3.jpg",
   "thumb":"575-3-tn.jpg",
   "caption":"Dorsiflexion strength testing",
   "hilight":"false",
   "iline":"false",
   "auth":"false",
   "source":"From the personal library of Dr LaPrade; used with permission"},

  {
   "file":"575-14.jpg",
   "thumb":"575-14-tn.jpg",
   "caption":"Medial foot sensation (saphenous nerve)",
   "hilight":"false",
   "iline":"false",
   "auth":"false",
   "source":"From the personal library of Dr LaPrade; used with permission"},

  {
   "file":"575-29.jpg",
   "thumb":"575-29-tn.jpg",
   "caption":"Plantar flexion strength testing",
   "hilight":"false",
   "iline":"false",
   "auth":"false",
   "source":"From the personal library of Dr LaPrade; used with permission"},

  {
   "file":"575-15.jpg",
   "thumb":"575-15-tn.jpg",
   "caption":"Foot inversion strength testing",
   "hilight":"false",
   "iline":"false",
   "auth":"false",
   "source":"From the personal library of Dr LaPrade; used with permission"},

  {
   "file":"575-36.jpg",
   "thumb":"575-36-tn.jpg",
   "caption":"Quadriceps strength testing",
   "hilight":"false",
   "iline":"false",
   "auth":"false",
   "source":"From the personal library of Dr LaPrade; used with permission"},

  {
   "file":"575-11.jpg",
   "thumb":"575-11-tn.jpg",
   "caption":"Hamstring strength testing",
   "hilight":"false",
   "iline":"false",
   "auth":"false",
   "source":"From the personal library of Dr LaPrade; used with permission"},

  {
   "file":"575-12.jpg",
   "thumb":"575-12-tn.jpg",
   "caption":"Hip external rotation",
   "hilight":"false",
   "iline":"false",
   "auth":"false",
   "source":"From the personal library of Dr LaPrade; used with permission"},

  {
   "file":"575-13.jpg",
   "thumb":"575-13-tn.jpg",
   "caption":"Hip internal rotation",
   "hilight":"false",
   "iline":"false",
   "auth":"false",
   "source":"From the personal library of Dr LaPrade; used with permission"},

  {
   "file":"575-18.jpg",
   "thumb":"575-18-tn.jpg",
   "caption":"Log rolling test",
   "hilight":"false",
   "iline":"false",
   "auth":"false",
   "source":"From the personal library of Dr LaPrade; used with permission"},

  {
   "file":"575-2.jpg",
   "thumb":"575-2-tn.jpg",
   "caption":"Deep flexion of the knee",
   "hilight":"false",
   "iline":"false",
   "auth":"false",
   "source":"From the collection of Dr LaPrade; used with permission"},

  {
   "file":"575-4.jpg",
   "thumb":"575-4-tn.jpg",
   "caption":"External rotation recurvatum test",
   "hilight":"false",
   "iline":"false",
   "auth":"false",
   "source":"From the personal library of Dr LaPrade; used with permission"},

  {
   "file":"575-20.jpg",
   "thumb":"575-20-tn.jpg",
   "caption":"Palpation of medial plica",
   "hilight":"false",
   "iline":"false",
   "auth":"false",
   "source":"From the personal library of Dr LaPrade; used with permission"},

  {
   "file":"575-25.jpg",
   "thumb":"575-25-tn.jpg",
   "caption":"Palpation of inferior pole of patella",
   "hilight":"false",
   "iline":"false",
   "auth":"false",
   "source":"From the personal library of Dr LaPrade; used with permission"},

  {
   "file":"575-27.jpg",
   "thumb":"575-27-tn.jpg",
   "caption":"Palpation of pes anserine bursae",
   "hilight":"false",
   "iline":"false",
   "auth":"false",
   "source":"From the personal library of Dr LaPrade; used with permission"},

  {
   "file":"575-33.jpg",
   "thumb":"575-33-tn.jpg",
   "caption":"Palpation of prepatellar bursae",
   "hilight":"false",
   "iline":"false",
   "auth":"false",
   "source":"From the personal library of Dr LaPrade; used with permission"},

  {
   "file":"575-37.jpg",
   "thumb":"575-37-tn.jpg",
   "caption":"Palpation of superior pole of patella",
   "hilight":"false",
   "iline":"false",
   "auth":"false",
   "source":"From the personal library of Dr LaPrade; used with permission"},

  {
   "file":"575-40.jpg",
   "thumb":"575-40-tn.jpg",
   "caption":"Palpation of semimembranosus bursa",
   "hilight":"false",
   "iline":"false",
   "auth":"false",
   "source":"From the personal library of Dr LaPrade; used with permission"},

  {
   "file":"575-17.jpg",
   "thumb":"575-17-tn.jpg",
   "caption":"Lateral patellar translation",
   "hilight":"false",
   "iline":"false",
   "auth":"false",
   "source":"From the personal library of Dr LaPrade; used with permission"},

  {
   "file":"575-19.jpg",
   "thumb":"575-19-tn.jpg",
   "caption":"Medial patellar translation",
   "hilight":"false",
   "iline":"false",
   "auth":"false",
   "source":"From the personal library of Dr LaPrade; used with permission"},

  {
   "file":"575-10.jpg",
   "thumb":"575-10-tn.jpg",
   "caption":"Rolling superior and inferior poles of patella within trochlear groove",
   "hilight":"false",
   "iline":"false",
   "auth":"false",
   "source":"From the personal library of Dr LaPrade; used with permission"},

  {
   "file":"575-26.jpg",
   "thumb":"575-26-tn.jpg",
   "caption":"Rolling superior and inferior poles of patella within trochlear groove",
   "hilight":"false",
   "iline":"false",
   "auth":"false",
   "source":"From the personal library of Dr LaPrade; used with permission"},

  {
   "file":"575-23.jpg",
   "thumb":"575-23-tn.jpg",
   "caption":"Palpation of lateral patellar fat pad",
   "hilight":"false",
   "iline":"false",
   "auth":"false",
   "source":"From the personal library of Dr LaPrade; used with permission"},

  {
   "file":"575-24.jpg",
   "thumb":"575-24-tn.jpg",
   "caption":"Palpation of medial patellar fat pad",
   "hilight":"false",
   "iline":"false",
   "auth":"false",
   "source":"From the personal library of Dr LaPrade; used with permission"},

  {
   "file":"575-16.jpg",
   "thumb":"575-16-tn.jpg",
   "caption":"Lachman test",
   "hilight":"false",
   "iline":"false",
   "auth":"false",
   "source":"From the personal library of Dr LaPrade; used with permission"},

  {
   "file":"575-28.jpg",
   "thumb":"575-28-tn.jpg",
   "caption":"Pivot shift test",
   "hilight":"false",
   "iline":"false",
   "auth":"false",
   "source":"From the personal library of Dr LaPrade; used with permission"},

  {
   "file":"575-45.jpg",
   "thumb":"575-45-tn.jpg",
   "caption":"Valgus stress test",
   "hilight":"false",
   "iline":"false",
   "auth":"false",
   "source":"From the personal library of Dr LaPrade; used with permission"},

  {
   "file":"575-21.jpg",
   "thumb":"575-21-tn.jpg",
   "caption":"Palpation of meniscofemoral MCL",
   "hilight":"false",
   "iline":"false",
   "auth":"false",
   "source":"From the personal library of Dr LaPrade; used with permission"},

  {
   "file":"575-22.jpg",
   "thumb":"575-22-tn.jpg",
   "caption":"Palpation of meniscotibial MCL",
   "hilight":"false",
   "iline":"false",
   "auth":"false",
   "source":"From the personal library of Dr LaPrade; used with permission"},

  {
   "file":"575-1-hlight.jpg",
   "thumb":"575-1-hlight-tn.jpg",
   "caption":"Palpation of the biceps femoris bursae",
   "hilight":"true",
   "iline":"false",
   "auth":"false",
   "source":"From the collection of Dr LaPrade; used with permission"},

  {
   "file":"575-46.jpg",
   "thumb":"575-46-tn.jpg",
   "caption":"Varus stress test",
   "hilight":"false",
   "iline":"false",
   "auth":"false",
   "source":"From the personal library of Dr LaPrade; used with permission"},

  {
   "file":"575-32.jpg",
   "thumb":"575-32-tn.jpg",
   "caption":"Posterolateral drawer test",
   "hilight":"false",
   "iline":"false",
   "auth":"false",
   "source":"From the personal library of Dr LaPrade; used with permission"},

  {
   "file":"575-44.jpg",
   "thumb":"575-44-tn.jpg",
   "caption":"Palpation of tibial tubercle",
   "hilight":"false",
   "iline":"false",
   "auth":"false",
   "source":"From the personal library of Dr LaPrade; used with permission"},

  {
   "file":"575-34.jpg",
   "thumb":"575-34-tn.jpg",
   "caption":"Dial test at 30° knee flexion in prone position",
   "hilight":"false",
   "iline":"false",
   "auth":"false",
   "source":"From the personal library of Dr LaPrade; used with permission"},

  {
   "file":"575-42.jpg",
   "thumb":"575-42-tn.jpg",
   "caption":"Dial test at 30° knee flexion in supine position",
   "hilight":"false",
   "iline":"false",
   "auth":"false",
   "source":"From the personal library of Dr LaPrade; used with permission"},

  {
   "file":"575-35.jpg",
   "thumb":"575-35-tn.jpg",
   "caption":"Dial test at 90° knee flexion in prone position",
   "hilight":"false",
   "iline":"false",
   "auth":"false",
   "source":"From the personal library of Dr LaPrade; used with permission"},

  {
   "file":"575-43.jpg",
   "thumb":"575-43-tn.jpg",
   "caption":"Dial test at 90° knee flexion in supine position",
   "hilight":"false",
   "iline":"false",
   "auth":"false",
   "source":"From the personal library of Dr LaPrade; used with permission"},

  {
   "file":"575-39.jpg",
   "thumb":"575-39-tn.jpg",
   "caption":"Reverse pivot shift test",
   "hilight":"false",
   "iline":"false",
   "auth":"false",
   "source":"From the personal library of Dr LaPrade; used with permission"},

  {
   "file":"575-8.jpg",
   "thumb":"575-8-tn.jpg",
   "caption":"Figure 4 test",
   "hilight":"false",
   "iline":"false",
   "auth":"false",
   "source":"From the personal library of Dr LaPrade; used with permission"},

  {
   "file":"575-30.jpg",
   "thumb":"575-30-tn.jpg",
   "caption":"Posterior drawer test",
   "hilight":"false",
   "iline":"false",
   "auth":"false",
   "source":"From the personal library of Dr LaPrade; used with permission"},

  {
   "file":"575-31.jpg",
   "thumb":"575-31-tn.jpg",
   "caption":"Posterior sag sign",
   "hilight":"false",
   "iline":"false",
   "auth":"false",
   "source":"From the personal library of Dr LaPrade; used with permission"},

  {
   "file":"575-38.jpg",
   "thumb":"575-38-tn.jpg",
   "caption":"Quadriceps active test",
   "hilight":"false",
   "iline":"false",
   "auth":"false",
   "source":"From the personal library of Dr LaPrade; used with permission"}  ]}