
{
 "id":646,
 "title":"Pleuritis eval",
 "views":
 [

  {
   "id":"root",
   "type":"table",
   "sections":
   [

    {
     "cells":
     [

      {
       "target":"eval-overview",
       "title":"Overview",
       "type":"flex0"}      ]},

    {
     "cells":
     [

      {
       "target":"eval-urgent",
       "title":"Urgent Considerations",
       "type":"flex0"},

      {
       "target":"eval-differentials",
       "title":"Differential Diagnosis",
       "type":"flex0"},

      {
       "target":"eval-diag_approach",
       "title":"Diagnostic Approach",
       "type":"flex0"}      ]}    ]},

  {
   "id":"eval-overview",
   "title":"Pleuritis eval",
   "html":"<div class=\"cell\"><div class=\"cellBlock\"><div class=\"cellBody\"><P>Pleuritis is defined as inflammation of the pleura. The pleural space, a thin fluid-filled space between the lung and the thoracic cavity, enables the smooth frictionless movement of the lung during respiration. It is lined by 2 layers of pleura: the visceral (covering the lung) and the parietal (covering the thoracic cage). Pain receptors are present on the parietal pleura. Irritation and inflammation of the pleura presents with symptoms of sharp lancing, fleeting pain in the chest that is exacerbated by deep breathing, coughing, sneezing, and Valsalva (forced expiration against a closed airway) or Mueller maneuvers (reverse of Valsalva maneuver).</P><P>It is important to exclude potentially life-threatening conditions such as pulmonary embolism, acute coronary syndrome, aortic dissection, and pneumothorax during evaluation. Pneumonia must also be considered. Though not causes of pleuritis per se, conditions such as pericarditis, perforated viscus, and costochondritis should be considered in the differential diagnosis when patients present with chest pain that is pleuritic in nature.</P></div><div class=\"cellTitle\">Pathophysiology</div><div class=\"cellBody\"><P>The pleural space is a potential space that can be filled with a variety of substances including transudative fluid, exudative fluid, pus, blood, air, or chyle. The pleural lining consists of a single layer of mesothelial cells supported by connective tissue. This layer not only acts as a mechanical envelope but also serves a biologic role. It regulates diffusion of substances into the pleural space and plays an integral role in inflammatory responses to stimuli such as infection, traumatic injury, or introduction of foreign substances such as air, blood, or asbestos. Mesothelial cells recognize invasion of the pleural space and initiate recruitment of cells through coordinated expression of cytokines, chemokines, and vascular adhesion molecules.<a href=\"epoc://current?article=1\">[1]</a> Prompt resolution of the inflammation may allow the pleural surface to return to normal with no sequelae. However, prolonged inflammation will result in distortion of normal structure by fibrosis, adhesions, and scarring. Resolution of inflammation is directed by initiation of neutrophil apoptosis by mesothelial cells.<a href=\"epoc://current?article=2\">[2]</a> </P></div><div class=\"cellTitle\">Authors / Peer Reviewers</div><div class=\"cellBody\"><ul><li>Steve Walker, MBChB</li><li>Nicholas Maskell, FRCP, DM</li><li>Philip W. Ind, BA (Cantab), MB BChir, MA (Cantab), FRCP</li><li>Sangeeta Bhorade, MD</li><li>Sanjay Sethi, MD</li></ul><br><b class=\"last-updated display-none\">Last Updated: 2020-08-14</b><div style=\"display: none\" class=\"last-updated\"><div class=\"last-updated-label\">Last Updated</div><div class=\"last-updated-date\">2020-08-14</div></div></div></div></div>",
   "type":"web"},

  {
   "id":"eval-urgent",
   "html":"<div class=\"cell\"><div class=\"cellBlock\"><div class=\"cellBody\"><div class=\"cellTitle\">Acute coronary syndrome (ACS)</div><div class=\"cellBody\"><P>ACS refers to acute myocardial ischemia caused by atherosclerotic coronary disease and includes ST elevation MI (STEMI), non-ST elevation MI (NSTEMI), and unstable angina. Evaluation includes ECG and cardiac enzymes.</P><P>ACS presents with substernal chest pain that radiates to the left arm, neck, or jaw. There can be associated nausea and vomiting. Patients with STEMI need to be urgently triaged as they may suffer from life-threatening arrhythmias, cardiogenic shock, or pulmonary edema. Anticoagulation and acute reperfusion therapy with angioplasty or thrombolytics (if no contraindications and angioplasty not available) should be considered based on guideline recommendations.<a href=\"epoc://current?article=23\">[23]</a> <a href=\"epoc://current?article=24\">[24]</a> <a href=\"epoc://current?article=25\">[25]</a> </P></div><div class=\"cellTitle\">Aortic dissection</div><div class=\"cellBody\"><P>Suggested by sudden onset severe, sharp, or tearing posterior chest or back pain or anterior chest pain. Asymmetric pulses and discordant blood pressure (BP) on exam of both upper extremities should be sought as an examination clue. A widened mediastinum on chest x-ray is suggestive and the definitive diagnosis is made by transesophageal echocardiography, magnetic resonance imaging (MRI), or dynamic contrast computed tomography (CT) scan. Patients should be admitted to the intensive care unit for monitoring and aggressive reduction in BP. Surgical management is indicated for dissections involving the ascending aorta.<a href=\"epoc://current?article=26\">[26]</a> </P></div><div class=\"cellTitle\">Pneumothorax</div><div class=\"cellBody\"><P>Stable patients with small spontaneous primary pneumothorax may be observed if asymptomatic, or needle aspiration considered if symptomatic. Large pneumothoraces with evidence of instability should be evacuated as an emergency with a chest tube.<a href=\"epoc://current?article=27\">[27]</a> Hypoxemia and hypotension with deviation of trachea to opposite side are indicative of tension pneumothorax and require urgent decompression with needle thoracostomy.<a class=\"inlineImage\" href=\"epoc://current?view=p-images-i_2\">Image</a></P><P></P></div><div class=\"cellTitle\">Pulmonary embolism</div><div class=\"cellBody\"><P>A potentially life-threatening condition that can cause sudden death from hypoxemia, shock, and hemodynamic compromise. Pretest possibility of pulmonary embolism should be assessed using modified Wells criteria.<a href=\"epoc://current?article=31\">[31]</a> <a href=\"epoc://current?article=32\">[32]</a> </P><P>D-dimer should be measured using one of the highly sensitive ELISAs for low probability cases.<a href=\"epoc://current?article=33\">[33]</a> For high probability cases, investigation should proceed directly to CT pulmonary angiogram or ventilation/perfusion (V/Q) scan.<a href=\"epoc://current?article=34\">[34]</a> Depending on the clinical condition, anticoagulation, thrombolysis, or rarely thrombectomy should be considered.<a class=\"inlineImage\" href=\"epoc://current?view=p-images-i_3\">Image</a></P></div><div class=\"cellTitle\">Pneumonia/empyema</div><div class=\"cellBody\"><P>Pneumonia with associated complicated effusion or empyema needs to be drained urgently as it can be a source of persistent infection and can eventually undergo fibrinous organization forming loculated effusion or trapped lung syndrome. Methods to drain the empyema include chest tube insertion, or surgical options such as video-assisted thoracoscopic surgery or open decortication.</P></div><div class=\"cellTitle\">Other causes of pleuritic chest pain</div><div class=\"cellBody\"><P>Though not causes of pleuritis per se, conditions such as pericarditis or perforated viscus should be considered in the differential diagnosis when patients present with chest pain that is pleuritic in nature.</P></div></div></div></div>",
   "type":"web"},

  {
   "id":"p_0",
   "title":"Pleuritis eval",
   "html":"<html><div class=\"cell\"><div class=\"cellBlock\"><div class=\"cellTitle\">History</div><div class=\"cellBody\">sudden onset of dyspnea and/or pleuritic chest pain; more common in patients with asthma or COPD, or those using positive pressure ventilation</div><div class=\"cellTitle\">Exam</div><div class=\"cellBody\">sudden deterioration in gas exchange and BP; decreased breath sounds with increased resonance on percussion; deviation of trachea away from affected side indicates a tension pneumothorax</div><div class=\"cellTitle\">1st Tests</div><div class=\"cellBody\"><B>chest x-ray: </B>evidence of a pleural line beyond which no parenchymal or vascular markings can be seen<BR></div><div class=\"cellTitle\">Other Tests</div><div class=\"cellBody\"><B>CT scan chest: </B>visceral pleural line easily identified<BR><B>thoracic ultrasound scan: </B>absent lung sliding<BR></div><BR><A href=\"epoc://dx/monograph/504\"><B class=\"view-dx-monograph\">View Dx Monograph</B></A><BR></div></div></html>",
   "type":"web"},

  {
   "id":"p_1",
   "title":"Pleuritis eval",
   "html":"<html><div class=\"cell\"><div class=\"cellBlock\"><div class=\"cellTitle\">History</div><div class=\"cellBody\">fever, cough, purulent sputum production, rhinorrhea</div><div class=\"cellTitle\">Exam</div><div class=\"cellBody\">reduced breath sounds on auscultation if effusion present; dullness to percussion; increased vocal fremitus over consolidated lung (decreased over effusion); egophony; crackles may be evident in areas of effusion with nearby parenchymal consolidation; friction rub may be heard</div><div class=\"cellTitle\">1st Tests</div><div class=\"cellBody\"><B>chest x-ray: </B>infiltrate; pleural effusion<BR><B>thoracic ultrasound scan: </B>may show pleural effusion<BR></div><div class=\"cellTitle\">Other Tests</div><div class=\"cellBody\"><B>CBC: </B>elevated WBC count with leftward shift (polymorphonuclear cell predominance or band forms)<BR><B>CRP: </B>elevated<BR><B>blood cultures: </B>positive growth of offending organism<BR><B>sputum cultures: </B>positive growth of offending organism<BR><B>thoracocentesis: </B>exudative effusion; pleural fluid cultures may show growth of the offending organism (empyema)<a href=\"epoc://current?article=38\">[38]</a> <BR></div><BR><A href=\"epoc://dx/monograph/1113\"><B class=\"view-dx-monograph\">View Dx Monograph</B></A><BR></div></div></html>",
   "type":"web"},

  {
   "id":"p_2",
   "title":"Pleuritis eval",
   "html":"<html><div class=\"cell\"><div class=\"cellBlock\"><div class=\"cellTitle\">History</div><div class=\"cellBody\">sudden onset of chest pain; history of prolonged immobility; prolonged travel by plane or automobile; hypercoagulable syndromes; recent leg trauma; history of malignancy; history of prior deep vein thrombosis (DVT) or pulmonary embolism; recent surgery; hemoptysis, dyspnea, pleuritic pain; can be asymptomatic</div><div class=\"cellTitle\">Exam</div><div class=\"cellBody\">tachypnea; hemoptysis; syncope; tachycardia; hypotension; jugular venous distention; pleural rub; exam may be normal</div><div class=\"cellTitle\">1st Tests</div><div class=\"cellBody\"><B>D-dimer: </B>&gt;500 nanograms/mL using rapid ELISA<BR><B>CT pulmonary angiogram: </B>presence of luminal filling defect in pulmonary arteries; small peripheral filling defects may be missed<a href=\"epoc://current?article=34\">[34]</a> <BR></div><div class=\"cellTitle\">Other Tests</div><div class=\"cellBody\"><B>V/Q scan: </B>presence of one or more segmental or subsegmental defects in perfusion in corresponding areas of normal ventilation<a href=\"epoc://current?article=34\">[34]</a> <BR><B>Doppler ultrasound of lower extremity: </B>deep veins above the popliteal fossa that are noncompressible due to clot and without flow augmentation with compression on Doppler analysis<a href=\"epoc://current?article=34\">[34]</a> <BR></div><BR><A href=\"epoc://dx/monograph/116\"><B class=\"view-dx-monograph\">View Dx Monograph</B></A><BR></div></div></html>",
   "type":"web"},

  {
   "id":"p_3",
   "title":"Pleuritis eval",
   "html":"<html><div class=\"cell\"><div class=\"cellBlock\"><div class=\"cellTitle\">History</div><div class=\"cellBody\">history of exposure to asbestos; occupation in construction or ship building or repair</div><div class=\"cellTitle\">Exam</div><div class=\"cellBody\">no specific findings distinguish asbestos-related pleural disease such as benign asbestos pleural effusion from other forms of pleural disease</div><div class=\"cellTitle\">1st Tests</div><div class=\"cellBody\"><B>chest x-ray: </B>pleural plaques, effusion, pleural thickening<BR></div><div class=\"cellTitle\">Other Tests</div><div class=\"cellBody\"><B>thoracocentesis: </B>exudative effusion<BR></div><BR><A href=\"epoc://dx/monograph/650\"><B class=\"view-dx-monograph\">View Dx Monograph</B></A><BR></div></div></html>",
   "type":"web"},

  {
   "id":"p_10",
   "title":"Pleuritis eval",
   "html":"<html><div class=\"cell\"><div class=\"cellBlock\"><div class=\"cellTitle\">History</div><div class=\"cellBody\">prodrome of viral illness (myalgias, malaise, rhinorrhea, cough, nasal congestion, low-grade temperatures); sick contacts</div><div class=\"cellTitle\">Exam</div><div class=\"cellBody\">pleural friction rub with or without low-grade fever; sometimes reproducible tenderness to palpation of chest when perichondritis or pleurodynia accompanies pleuritis</div><div class=\"cellTitle\">1st Tests</div><div class=\"cellBody\"><B>chest x-ray: </B>usually normal but can uncommonly have effusion<BR></div><div class=\"cellTitle\">Other Tests</div><div class=\"cellBody\"><B>CBC: </B>normal, or leukocytosis with lymphocytic predominance<BR><B>CRP: </B>may be normal or elevated<BR></div></div></div></html>",
   "type":"web"},

  {
   "id":"p-cat_1",
   "sections":
   [

    {
     "cells":
     [

      {
       "title":" ! Pneumothorax",
       "type":"flex0",
       "target":"p_0"},

      {
       "title":"Bacterial pneumonia",
       "type":"flex0",
       "target":"p_1"},

      {
       "title":" ! Pulmonary embolism",
       "type":"flex0",
       "target":"p_2"},

      {
       "title":" ! Asbestos-related benign pleural disease",
       "type":"flex0",
       "target":"p_3"},

      {
       "title":"Viral pleuritis",
       "type":"flex0",
       "target":"p_10"}      ]}    ],
   "type":"table"},

  {
   "id":"p_4",
   "title":"Pleuritis eval",
   "html":"<html><div class=\"cell\"><div class=\"cellBlock\"><div class=\"cellTitle\">History</div><div class=\"cellBody\">may be a history of exposure to asbestos; chest pain; cough; dyspnea; weight loss; fatigue; fevers and sweats</div><div class=\"cellTitle\">Exam</div><div class=\"cellBody\">unilateral dullness to percussion at the lung base; may be palpable lymph nodes; palpable chest wall masses</div><div class=\"cellTitle\">1st Tests</div><div class=\"cellBody\"><B>chest x-ray: </B>pleural based mass; unilateral pleural effusion; irregular pleural thickening<BR></div><div class=\"cellTitle\">Other Tests</div><div class=\"cellBody\"><B>CT scan chest: </B>irregular thickening of pleura; pleural effusion<BR><B>thoracocentesis + pleural biopsy: </B>exudative effusion; malignant cells on cytology and histology; elevated mesothelin levels<BR></div><BR><A href=\"epoc://dx/monograph/1184\"><B class=\"view-dx-monograph\">View Dx Monograph</B></A><BR></div></div></html>",
   "type":"web"},

  {
   "id":"p_5",
   "title":"Pleuritis eval",
   "html":"<html><div class=\"cell\"><div class=\"cellBlock\"><div class=\"cellTitle\">History</div><div class=\"cellBody\">TB infection in past; contact with patients with active TB; history of time spent in shelters or incarceration; origin in area of endemic TB; chronic cough with sputum production; fevers; night sweats; weight loss; failure to thrive; history of purified protein derivative (PPD; tuberculin) positivity</div><div class=\"cellTitle\">Exam</div><div class=\"cellBody\">dullness to percussion; diminished breath sounds in area of effusion; rarely, directly draining sinus tract of empyema necessitans (chronic untreated empyema that has eroded through the thoracic cage and formed a subcutaneous abscess)</div><div class=\"cellTitle\">1st Tests</div><div class=\"cellBody\"><B>chest x-ray: </B>infiltrate may or may not be evident; effusion may be present<BR><B>sputum smear: </B>may be positive for acid-fast bacilli<BR><B>sputum cultures: </B>may be positive<BR><B>tuberculin skin test: </B>positive: &gt;15 mm if no risk factors<BR></div><div class=\"cellTitle\">Other Tests</div><div class=\"cellBody\"><B>CT scan chest: </B>effusion sometimes seen<BR><B>blood cultures: </B>negative<BR><B>thoracocentesis: </B>exudative effusion with lymphocytic predominance; pleural adenosine deaminase &gt;40 U/L;<a href=\"epoc://current?article=45\">[45]</a> interferon gamma levels may be positive but negative levels do not exclude the diagnosis<a href=\"epoc://current?article=46\">[46]</a> <a href=\"epoc://current?article=47\">[47]</a> <BR></div><BR><A href=\"epoc://dx/monograph/166\"><B class=\"view-dx-monograph\">View Dx Monograph</B></A><BR></div></div></html>",
   "type":"web"},

  {
   "id":"p_6",
   "title":"Pleuritis eval",
   "html":"<html><div class=\"cell\"><div class=\"cellBlock\"><div class=\"cellTitle\">History</div><div class=\"cellBody\">prior diagnosis of connective tissue disease; arthritis; joint deformities; rash; alopecia; dry eyes or mouth</div><div class=\"cellTitle\">Exam</div><div class=\"cellBody\">malar rash; alopecia; joint tenderness; tenderness to muscle palpation (systemic lupus erythematosus [SLE]); joint deformities; synovitis (rheumatoid arthritis); dry mucous membranes (Sjogren syndrome)</div><div class=\"cellTitle\">1st Tests</div><div class=\"cellBody\"><B>chest x-ray: </B>pleural effusion<BR></div><div class=\"cellTitle\">Other Tests</div><div class=\"cellBody\"><B>thoracocentesis: </B>for rheumatoid pleuritis, effusions are exudative with low glucose &lt;60 mg/dL , low pH, and high LDH &gt;1000 IU/L;<a href=\"epoc://current?article=48\">[48]</a> pleural effusions of SLE are exudative with higher glucose and lower LDH than those associated with rheumatoid arthritis<a href=\"epoc://current?article=33\">[33]</a> <BR><B>specific serologic disease markers: </B>positive<BR></div></div></div></html>",
   "type":"web"},

  {
   "id":"p_7",
   "title":"Pleuritis eval",
   "html":"<html><div class=\"cell\"><div class=\"cellBlock\"><div class=\"cellTitle\">History</div><div class=\"cellBody\">recent use of hydralazine, procainamide, isoniazid, methyldopa, or chlorpromazine (lupus pleuritis); use of minoxidil, beta-blockers, amiodarone, bleomycin, methysergide, methotrexate, cyclophosphamide, valproic acid, phenytoin, or nitrofurantoin<a href=\"epoc://current?article=18\">[18]</a> </div><div class=\"cellTitle\">Exam</div><div class=\"cellBody\">nonspecific; essentially those signs seen with any pleural effusion (dullness to percussion over area of effusion, diminished breath sounds in the same distribution)</div><div class=\"cellTitle\">1st Tests</div><div class=\"cellBody\"><B>chest x-ray: </B>pleural thickening; pleural effusion<BR></div><div class=\"cellTitle\">Other Tests</div><div class=\"cellBody\"><B>thoracocentesis: </B>eosinophils constituting &gt;10% of cells in pleural fluid can be found in drug reactions<a href=\"epoc://current?article=18\">[18]</a> <BR></div></div></div></html>",
   "type":"web"},

  {
   "id":"p_8",
   "title":"Pleuritis eval",
   "html":"<html><div class=\"cell\"><div class=\"cellBlock\"><div class=\"cellTitle\">History</div><div class=\"cellBody\">primary lung, breast, gastrointestinal, or genitourinary cancer; lymphoma; constitutional symptoms such as malaise, weight loss, anorexia</div><div class=\"cellTitle\">Exam</div><div class=\"cellBody\">specific to the primary malignancy</div><div class=\"cellTitle\">1st Tests</div><div class=\"cellBody\"><B>chest x-ray: </B>may see primary or metastatic lung lesions; pleural effusion<BR></div><div class=\"cellTitle\">Other Tests</div><div class=\"cellBody\"><B>thoracocentesis: </B>malignant cells on cytology; exudative effusion with low glucose and pH<a href=\"epoc://current?article=16\">[16]</a> <BR><B>CT scan chest: </B>effusions, pulmonary mass(es) suggestive of lung primary or metastases may be evident<BR></div></div></div></html>",
   "type":"web"},

  {
   "id":"p_13",
   "title":"Pleuritis eval",
   "html":"<html><div class=\"cell\"><div class=\"cellBlock\"><div class=\"cellTitle\">History</div><div class=\"cellBody\">known renal impairment, malaise, itch</div><div class=\"cellTitle\">Exam</div><div class=\"cellBody\">sallow skin, confusion; exam may be normal</div><div class=\"cellTitle\">1st Tests</div><div class=\"cellBody\"><B>basic metabolic profile (including BUN and creatinine): </B>elevated serum creatinine and BUN, high serum potassium, metabolic acidosis<BR></div><div class=\"cellTitle\">Other Tests</div><div class=\"cellBody\"><B>thoracocentesis: </B>transudative effusion<BR></div><BR><A href=\"epoc://dx/monograph/84\"><B class=\"view-dx-monograph\">View Dx Monograph</B></A><BR></div></div></html>",
   "type":"web"},

  {
   "id":"p_14",
   "title":"Pleuritis eval",
   "html":"<html><div class=\"cell\"><div class=\"cellBlock\"><div class=\"cellTitle\">History</div><div class=\"cellBody\">history of alcohol misuse, intravenous drug use, unprotected sexual intercourse, obesity, blood transfusion, known hepatitis infection; fatigue, weakness, weight loss, or pruritus</div><div class=\"cellTitle\">Exam</div><div class=\"cellBody\">may include edema, jaundice, ascites, collateral circulation with distended abdominal veins (caput medusae), hepatosplenomegaly, leukonychia, palmar erythema, spider angiomata (spider nevi), telangiectasia, jaundiced sclerae, hepatic fetor, altered mental status</div><div class=\"cellTitle\">1st Tests</div><div class=\"cellBody\"><B>serum ALT and AST: </B>elevated with ALT:AST ratio ≥1 if hepatocellular damage; normal in cholestasis<BR><B>serum alkaline phosphatase and gamma-GT: </B>elevated in cholestasis<BR><B>serum sodium: </B>commonly reduced in patients with associated ascites<BR><B>serum albumin: </B>reduced<BR><B>platelet count: </B>reduced (platelet count &lt;150,000 mm³)<BR><B>prothrombin time: </B>prolonged<BR></div><div class=\"cellTitle\">Other Tests</div><div class=\"cellBody\"><B>thoracocentesis: </B>transudative effusion<BR><B>abdominal paracentesis: </B>transudative ascitic fluid<BR><B>abdominal ultrasound: </B>liver surface nodularity, small liver, possible hypertrophy of left/caudate lobe, ascites, splenomegaly, increased diameter of the portal vein (≥13 mm), or collateral vessels<BR></div><BR><A href=\"epoc://dx/monograph/278\"><B class=\"view-dx-monograph\">View Dx Monograph</B></A><BR></div></div></html>",
   "type":"web"},

  {
   "id":"p_15",
   "title":"Pleuritis eval",
   "html":"<html><div class=\"cell\"><div class=\"cellBlock\"><div class=\"cellTitle\">History</div><div class=\"cellBody\">pleuritis occurs in patients with severe acute illness associated with liver failure and/or renal failure, especially those who require multiple blood transfusions; risk factors: middle-aged women, young-to-middle-aged men, gallstones, high alcohol consumption, hypertriglyceridemia, drugs, endoscopic retrograde cholangiopancreatography procedure, HIV/AIDS, SLE, and Sjogren syndrome; nausea, vomiting, anorexia, epigastric pain</div><div class=\"cellTitle\">Exam</div><div class=\"cellBody\">Grey-Turner sign, Cullen sign, Fox sign, Chvostek sign, Trousseau sign, tachycardia, hypotension, abdominal distention</div><div class=\"cellTitle\">1st Tests</div><div class=\"cellBody\"><B>serum amylase: </B>elevated (3 times the upper limit of the normal)<BR><B>serum lipase: </B>elevated (3 times the upper limit of the normal)<BR></div><BR><A href=\"epoc://dx/monograph/66\"><B class=\"view-dx-monograph\">View Dx Monograph</B></A><BR></div></div></html>",
   "type":"web"},

  {
   "id":"p_16",
   "title":"Pleuritis eval",
   "html":"<html><div class=\"cell\"><div class=\"cellBlock\"><div class=\"cellTitle\">History</div><div class=\"cellBody\">history of alcohol abuse, nausea, vomiting, epigastric abdominal pain radiating to the back, steatorrhea, malnutrition, diabetes mellitus</div><div class=\"cellTitle\">Exam</div><div class=\"cellBody\">weight loss, jaundice</div><div class=\"cellTitle\">1st Tests</div><div class=\"cellBody\"><B>abdominal CT scan: </B>pancreatic calcifications, focal or diffuse enlargement of the pancreas, ductal dilatation, and/or vascular complications<BR></div><BR><A href=\"epoc://dx/monograph/67\"><B class=\"view-dx-monograph\">View Dx Monograph</B></A><BR></div></div></html>",
   "type":"web"},

  {
   "id":"p-cat_2",
   "sections":
   [

    {
     "cells":
     [

      {
       "title":"Mesothelioma",
       "type":"flex0",
       "target":"p_4"},

      {
       "title":" ! Pulmonary/extrapulmonary tuberculosis (TB)",
       "type":"flex0",
       "target":"p_5"},

      {
       "title":"Connective tissue disorders",
       "type":"flex0",
       "target":"p_6"},

      {
       "title":"Drug reactions",
       "type":"flex0",
       "target":"p_7"},

      {
       "title":" ! Nonmesothelioma malignancy",
       "type":"flex0",
       "target":"p_8"},

      {
       "title":"Uremia",
       "type":"flex0",
       "target":"p_13"},

      {
       "title":"Cirrhosis",
       "type":"flex0",
       "target":"p_14"},

      {
       "title":"Acute pancreatitis",
       "type":"flex0",
       "target":"p_15"},

      {
       "title":"Chronic pancreatitis",
       "type":"flex0",
       "target":"p_16"}      ]}    ],
   "type":"table"},

  {
   "id":"p_9",
   "title":"Pleuritis eval",
   "html":"<html><div class=\"cell\"><div class=\"cellBlock\"><div class=\"cellTitle\">History</div><div class=\"cellBody\">central chest pressure, squeezing, or heaviness; radiation to jaw or upper extremities; associated nausea, vomiting, dyspnea, dizziness, weakness; occurs at rest or accelerating tempo (crescendo); risk factors: smoking, age (M &gt;45 years, F &gt;55 years), positive family history of premature coronary artery disease, hypertension, hyperlipidemia, diabetes, stroke, or peripheral arterial disease<a href=\"epoc://current?article=23\">[23]</a> <a href=\"epoc://current?article=24\">[24]</a> </div><div class=\"cellTitle\">Exam</div><div class=\"cellBody\">jugular venous distention, S4 gallop, holosystolic murmur (mitral regurgitation), bibasilar crackles; hypotensive, tachycardic, bradycardic, or hypoxic depending on severity of ischemia<a href=\"epoc://current?article=23\">[23]</a> <a href=\"epoc://current?article=24\">[24]</a> </div><div class=\"cellTitle\">1st Tests</div><div class=\"cellBody\"><B>ECG: </B>ST-elevation myocardial infarction (STEMI): ST segment elevation of &gt;1 mm in ≥2 anatomically contiguous leads or new left bundle branch block; non-ST elevation myocardial infarction (NSTEMI) or unstable angina: nonspecific; ST segment depression or T wave inversion<BR><B>chest x-ray: </B>normal or signs of heart failure, such as increased alveolar markings<BR><B>cardiac enzymes: </B>elevated in STEMI and NSTEMI; not elevated in unstable angina<BR></div><div class=\"cellTitle\">Other Tests</div><div class=\"cellBody\"><B>BNP: </B>&gt;99th percentile of normal<BR><B>coronary angiography: </B>STEMI: critical occlusion of a coronary artery; NSTEMI and unstable angina: evidence of coronary artery narrowing<BR></div><BR><A href=\"epoc://dx/monograph/152\"><B class=\"view-dx-monograph\">View Dx Monograph</B></A><BR></div></div></html>",
   "type":"web"},

  {
   "id":"p_11",
   "title":"Pleuritis eval",
   "html":"<html><div class=\"cell\"><div class=\"cellBlock\"><div class=\"cellTitle\">History</div><div class=\"cellBody\">acute substernal tearing sensation, with radiation to intrascapular region of the back; pain may migrate with the propagation of the dissection; stroke, acute myocardial infarction due to obstruction of aortic branches; dyspnea due to acute aortic regurgitation; history of hypertension, Marfan syndrome, Ehlers-Danlos syndrome, or syphilis<a href=\"epoc://current?article=50\">[50]</a> <a href=\"epoc://current?article=51\">[51]</a> </div><div class=\"cellTitle\">Exam</div><div class=\"cellBody\">unequal pulses or BPs in both arms, hypotension due to cardiac tamponade; new diastolic murmur due to aortic regurgitation; muffled heart sounds if the dissection is complicated by cardiac tamponade; new focal neurologic findings due to involvement of the carotid or vertebral arteries<a href=\"epoc://current?article=50\">[50]</a> <a href=\"epoc://current?article=51\">[51]</a> </div><div class=\"cellTitle\">1st Tests</div><div class=\"cellBody\"><B>chest x-ray: </B>widened mediastinum<BR><B>CT scan chest with contrast: </B>false lumen or flap in the ascending or descending aorta<BR></div><div class=\"cellTitle\">Other Tests</div><div class=\"cellBody\"><B>transesophageal echocardiography: </B>false lumen or flap in the ascending or descending aorta; new aortic regurgitation or pericardial tamponade<BR><B>MRI angiography: </B>false lumen or flap in the ascending or descending aorta<BR></div><BR><A href=\"epoc://dx/monograph/445\"><B class=\"view-dx-monograph\">View Dx Monograph</B></A><BR></div></div></html>",
   "type":"web"},

  {
   "id":"p_12",
   "title":"Pleuritis eval",
   "html":"<html><div class=\"cell\"><div class=\"cellBlock\"><div class=\"cellTitle\">History</div><div class=\"cellBody\">fever and chest pain within 2 to 3 weeks after myocardial infarction (MI), or from 3 days to 1 year after coronary artery bypass surgery; chest pains usually precede fever and can vary from dull ache to pleuritic sharp pain or even agonizing crushing chest pain mimicking MI<a href=\"epoc://current?article=52\">[52]</a> </div><div class=\"cellTitle\">Exam</div><div class=\"cellBody\">pericardial friction rub; approximately 80% will have accompanying pleural effusions (dullness to percussion and decreased breath sounds at the lung bases)</div><div class=\"cellTitle\">1st Tests</div><div class=\"cellBody\"><B>CBC: </B>peripheral leukocytosis<BR><B>ESR: </B>elevated (often in excess of 100 mm/hour)<a href=\"epoc://current?article=52\">[52]</a> <BR></div><div class=\"cellTitle\">Other Tests</div><div class=\"cellBody\"><B>chest x-ray: </B>occasionally double density sign; pleural effusions in 80% of cases, usually bilateral (50% of the time); left-sided effusion when unilateral<a href=\"epoc://current?article=52\">[52]</a> <BR><B>thoracocentesis: </B>exudate with normal pH and normal glucose; bloody in 30% of patients; differential cell count may reveal polymorphonuclear leukocyte predominance or mononuclear cell predominance, depending on acuity<a href=\"epoc://current?article=53\">[53]</a> <BR></div></div></div></html>",
   "type":"web"},

  {
   "id":"p-cat_3",
   "sections":
   [

    {
     "cells":
     [

      {
       "title":" ! Acute coronary syndrome",
       "type":"flex0",
       "target":"p_9"},

      {
       "title":" ! Aortic dissection",
       "type":"flex0",
       "target":"p_11"},

      {
       "title":"Postcardiac injury syndrome (PCIS)",
       "type":"flex0",
       "target":"p_12"}      ]}    ],
   "type":"table"},

  {
   "id":"eval-differentials",
   "sections":
   [

    {
     "cells":
     [

      {
       "title":"Pulmonary",
       "type":"flex0",
       "target":"p-cat_1"},

      {
       "title":"Systemic",
       "type":"flex0",
       "target":"p-cat_2"},

      {
       "title":"Cardiovascular",
       "type":"flex0",
       "target":"p-cat_3"}      ]}    ],
   "type":"table"},

  {
   "id":"eval-diag_approach",
   "html":"<div class=\"cell\"><div class=\"cellBlock\"><div class=\"cellBody\"><P>History and physical exam followed by chest x-ray can narrow the differential of pleuritis. Further tests can be ordered depending on the clinical suspicion. It is important to evaluate and exclude potentially life-threatening conditions such as pulmonary embolism, acute coronary syndrome, aortic dissection, and pneumothorax during evaluation. Pneumonia must also be considered.</P></div><div class=\"cellTitle\">History</div><div class=\"cellBody\"><P>Important points to be noted include the following.</P><ul><li>Symptom onset: can give clues to etiology.<ul><li>Acute onset indicates myocardial infarction (MI), pulmonary embolism, or pneumothorax. History should be evaluated for prior venous thromboembolism. Presence of malignancy or hypercoagulable states increases the risk of pulmonary embolism. The modified Wells criteria should be used for risk stratification.<a class=\"inlineImage\" href=\"epoc://current?view=p-images-i_4\">Image</a></li><li>Subacute onset over hours to days suggests infection or inflammatory causes.</li><li>Chronic pain over weeks may indicate malignancy or tuberculosis (TB).</li></ul></li><li>Radiation of pain: to back, shoulder, arms, or jaw raises suspicion for aortic dissection, or MI.</li><li>Prodromes: viral prodrome, fever, sputum production, and sick contacts suggest an infectious etiology.</li><li>Drug history: recent initiation of a new drug can cause pleural inflammation.</li><li>Exposures: history of exposure to asbestos should be sought.<a href=\"epoc://current?article=35\">[35]</a> A thorough occupational history should be taken. Asbestos exposure may occur in occupations requiring work on brake and clutch linings, in construction or demolition work, or in dock and shipyard work. Electricians, plumbers, and launderers are also at risk. It is important to consider if there may have been para-occupational exposure (e.g., indirect contact via another close contact, household member, or spouse whose occupation involves direct contact with asbestos).<a href=\"epoc://current?article=35\">[35]</a> </li><li>Autoimmune features: suggested by the presence of other signs and symptoms such as malar rash in systemic lupus erythematosus, joint pain in rheumatoid arthritis, or dry mouth and eyes in Sjogren syndrome.</li></ul></div><div class=\"cellTitle\">Physical exam</div><div class=\"cellBody\"><P>Hypotension, hypertension, and hypoxemia are red flags that need urgent evaluation for pulmonary embolism, pneumothorax, and MI. Other important points in the examination include:</P><ul><li>Pulsus paradoxus is a sign of pericardial effusion and tamponade</li><li>A pericardial friction rub is heard in pericarditis</li><li>Unequal pulse and BP between arms is suggestive of aortic dissection</li><li>Decreased breath sounds with increased resonance on percussion suggests pneumothorax</li><li>Decreased breath sounds with dullness to percussion is suggestive of pleural effusion.</li></ul></div><div class=\"cellTitle\">Laboratory evaluation</div><div class=\"cellBody\"><P>Laboratory tests depend on clinical indications.</P><ul><li>Complete blood count (CBC) is useful to evaluate for elevated white blood cell (WBC) count when an infectious etiology is suspected (e.g., systemically ill patient, fever, tachycardia).</li><li>C-reactive protein may be elevated in the presence of infection, inflammation, or malignancy and should be ordered when these diagnoses are being considered.</li><li>Erythrocyte sedimentation rate and serologies for autoimmune disorders such as antinuclear antibody and rheumatoid factor should be ordered when connective tissue diseases suspected (e.g., history of connective tissue disease, arthritis, joint deformities, rash, alopecia, dry eyes, or mouth).</li><li>Blood cultures may help isolate the offending organism in the case of an infectious etiology such as bacterial pneumonia.</li><li>Sputum cultures may help isolate the offending organism in suspected bacterial pneumonia or TB. Sputum smear may be positive for acid-fast bacilli if TB is present and is considered an initial diagnostic test in the relevant clinical setting. Ideally, three deep-cough, spontaneously produced sputum samples should be sent for diagnosis of TB. One should be an early morning sample.<a href=\"epoc://current?article=36\">[36]</a> </li><li>D-dimer test using highly sensitive assay can be useful to rule out pulmonary embolism in cases of low pretest probability.</li><li>Cardiac enzymes including creatine phosphokinase, LDH, and troponins are ordered if there is suspicion of cardiac etiology of chest pain (e.g., substernal chest pain radiating to left arm, neck, or jaw).</li><li>Measurement of B-type natriuretic peptide (BNP) or N-terminal pro-BNP (NT-pro-BNP) may be considered to supplement assessment of global risk in patients with suspected acute coronary syndrome.<a href=\"epoc://current?article=24\">[24]</a> </li></ul></div><div class=\"cellTitle\">Imaging studies</div><div class=\"cellBody\"><ul><li>Chest x-ray is an essential initial imaging test to evaluate for pleural thickening, effusions, pulmonary infiltrate, or pneumothorax.</li><li>Chest x-ray can be abnormal in up to 84% of patients with pulmonary embolism but the findings such as atelectasis, parenchymal abnormalities, and effusion are nonspecific.<a href=\"epoc://current?article=37\">[37]</a> </li><li>Chest x-ray may also be used as an initial investigation when evaluating acute coronary syndrome or aortic dissection.</li><li>Computed tomography (CT) pulmonary angiography or ventilation/perfusion (V/Q) scan is indicated if pulmonary embolism is suspected (e.g., sudden-onset chest pain, history of prolonged immobility, hypercoagulable syndromes).</li><li>Doppler ultrasound of the lower extremity may be used to exclude a deep vein thrombosis above the popliteal fossa associated with pulmonary embolism.</li><li>Thoracic ultrasound scan is indicated following chest x-ray to confirm the presence of a pleural effusion and assess for loculations, pleural thickening, or nodules. Ultrasound is also recommended to mark a suitable site for thoracocentesis or chest drain insertion.</li><li>CT scan chest may be indicated to assess characteristics of effusions seen on plain chest x-ray (e.g., assess for loculation, pleural rind, empyema). CT may also be used to confirm the diagnosis of pneumothorax if diagnostic uncertainty as well as diagnosis of mesothelioma<a href=\"epoc://current?article=35\">[35]</a> and nonmesothelioma malignancy.</li><li>CT chest with contrast should be ordered as soon as diagnosis of aortic dissection suspected (e.g., acute substernal tearing sensation, with radiation to intrascapular region of the back, unequal pulses or BPs in both arms, widened mediastinum on chest x-ray).</li><li>Urgent coronary angiography should be considered for patients with acute coronary syndrome demonstrated on ECG.</li><li>Transesophageal echocardiography can be ordered as supplementary test in stable patients when acute proximal aortic dissection is suspected, or if CT is unavailable.</li><li>MRI angiography, although accurate, is rarely indicated in the acute setting of aortic dissection because it is difficult to obtain.<a class=\"inlineImage\" href=\"epoc://current?view=p-images-i_5\">Image</a></li></ul></div><div class=\"cellTitle\">Other studies</div><div class=\"cellBody\"><ul><li>Thoracocentesis: clinically significant pleural effusion &gt;10 mm thick on ultrasonography with no known cause should be sampled through thoracocentesis under ultrasound guidance and sent for lactate dehydrogenase (LDH) and protein levels. In case of exudates,<a href=\"epoc://current?article=38\">[38]</a> additional tests should be obtained, such as cell count with differential; culture; Gram stain; pH; glucose; microscopy, culture, and sensitivity; acid-fast bacilli; and cytology.<a href=\"epoc://current?article=38\">[38]</a> A pleural pH &lt;7.2 is the most specific indicator of a complicated pleural infection that requires drainage.<a href=\"epoc://current?article=3\">[3]</a> Neutrophilic effusions are associated with an acute process, including parapneumonic effusions and acute TB; lymphocyte-predominant effusions tend to be long-standing, and can be caused by a variety of etiologies, including malignancy and TB.<a href=\"epoc://current?article=3\">[3]</a> Pleural eosinophilia (&gt;10% WBC count in the pleural fluid) is suggestive of drug-induced pleuritis,<a href=\"epoc://current?article=18\">[18]</a> although other causes of eosinophilic pleural effusions such as pneumothorax, hemothorax, pulmonary embolism, malignancy, and parasitic infections should be kept in mind.</li><li>Pleural fluid cytology via thoracocentesis is typically done first to confirm the diagnosis of mesothelioma. However, most patients need a pleural biopsy as well because the sensitivity of pleural fluid cytology is variable.<a href=\"epoc://current?article=35\">[35]</a>&nbsp;Biopsy may be thoracoscopic (either by local anesthetic thoracoscopy or video-assisted thoracoscopy [VATS]) or guided by CT. The use of blind closed pleural biopsy is not recommended due to low diagnostic yield.<a href=\"epoc://current?article=39\">[39]</a> <a href=\"epoc://current?article=40\">[40]</a> </li><li>ECG can be useful in looking for ischemic changes to rule in myocardial ischemia or for signs of right heart strain (right atrial enlargement, right bundle branch block, S1Q3T3 sign, T-wave inversion in V4-V6, or right axis deviation) that might suggest pulmonary embolism.</li><li>If imaging and culture are non-diagnostic, tuberculin skin test should be considered when a diagnosis of TB is suspected. It should be noted that a negative result does not exclude TB.<a class=\"inlineImage\" href=\"epoc://current?view=p-images-i_6\">Image</a></li></ul></div><div class=\"cellTitle\">Diagnostic algorithm</div><div class=\"cellBody\"><P><a class=\"inlineImage\" href=\"epoc://current?view=p-images-i_7\">Image</a></P></div></div></div>",
   "type":"web"},

  {
   "id":"p-images-i_1",
   "title":"Images",
   "type":"image",
   "image_refs":
   [
0    ]},

  {
   "id":"p-images-i_2",
   "title":"Images",
   "type":"image",
   "image_refs":
   [
0    ]},

  {
   "id":"p-images-i_3",
   "title":"Images",
   "type":"image",
   "image_refs":
   [
1    ]},

  {
   "id":"p-images-i_4",
   "title":"Images",
   "type":"image",
   "image_refs":
   [
1    ]},

  {
   "id":"p-images-i_5",
   "title":"Images",
   "type":"image",
   "image_refs":
   [
2,
3,
4,
5,
6,
7,
8,
9,
10    ]},

  {
   "id":"p-images-i_6",
   "title":"Images",
   "type":"image",
   "image_refs":
   [
4    ]},

  {
   "id":"p-images-i_7",
   "title":"Images",
   "type":"image",
   "image_refs":
   [
11    ]},

  {
   "id":"p-images-i_8",
   "title":"Images",
   "type":"image",
   "image_refs":
   [
0    ]},

  {
   "id":"p-images-i_9",
   "title":"Images",
   "type":"image",
   "image_refs":
   [
3    ]},

  {
   "id":"p-images-i_10",
   "title":"Images",
   "type":"image",
   "image_refs":
   [
4    ]},

  {
   "id":"p-images-i_11",
   "title":"Images",
   "type":"image",
   "image_refs":
   [
9    ]},

  {
   "id":"p-images-i_12",
   "title":"Images",
   "type":"image",
   "image_refs":
   [
8    ]},

  {
   "id":"p-images-i_13",
   "title":"Images",
   "type":"image",
   "image_refs":
   [
3    ]},

  {
   "id":"p-images-i_14",
   "title":"Images",
   "type":"image",
   "image_refs":
   [
10    ]}  ],
 "citations":
 {
  "articles":
  [

   {
    "id":1,
    "key_article":false,
    "ref_article":true,
    "html":"Antony VB. Immunological mechanisms in pleural disease. Eur Respir J. 2003 Mar;21(3):539-44.<a href=\"http://www.ncbi.nlm.nih.gov/pubmed/12662014\"> [Abstract]</a><a href=\"http://erj.ersjournals.com/content/21/3/539.full\"> [Full Text]</a>"},

   {
    "id":2,
    "key_article":false,
    "ref_article":true,
    "html":"Anthony VB. Pleural inflammation In: Light RW, Lee YC, eds. Text book of pleural diseases. New York: Oxford University Press; 2003:56-62."},

   {
    "id":3,
    "key_article":false,
    "ref_article":true,
    "html":"Hooper C, Lee YC, Maskell N; BTS Pleural Guideline Group. Investigation of a unilateral pleural effusion in adults: British Thoracic Society pleural disease guideline 2010. Thorax. 2010 Aug;65 Suppl 2:ii4-17.<a href=\"http://www.ncbi.nlm.nih.gov/pubmed/20696692\"> [Abstract]</a><a href=\"https://thorax.bmj.com/content/65/Suppl_2/ii4.long\"> [Full Text]</a>"},

   {
    "id":4,
    "key_article":true,
    "ref_article":true,
    "html":"English JC, Leslie KO. Pathology of pleura. Clin Chest Med. 2006 Jun;27(2):157-80.<a href=\"http://www.ncbi.nlm.nih.gov/pubmed/16716811\"> [Abstract]</a>"},

   {
    "id":5,
    "key_article":false,
    "ref_article":true,
    "html":"Kass SM, Williams PM, Reamy BV. Pleurisy. Am Fam Physician. 2007 May 1;75(9):1357-64.<a href=\"http://www.ncbi.nlm.nih.gov/pubmed/17508531\"> [Abstract]</a>"},

   {
    "id":6,
    "key_article":true,
    "ref_article":true,
    "html":"Maskell NA, Batt S, Hedley EL, et al. The bacteriology of pleural infection by genetic and standard methods and its mortality significance. Am J Respir Crit Care Med. 2006 Oct 1;174(7):817-23.<a href=\"http://www.ncbi.nlm.nih.gov/pubmed/16840746\"> [Abstract]</a><a href=\"https://www.atsjournals.org/doi/full/10.1164/rccm.200601-074OC\"> [Full Text]</a>"},

   {
    "id":7,
    "key_article":false,
    "ref_article":true,
    "html":"Porcel JM, Madronero AB, Pardina M, et al. Analysis of pleural effusions in acute pulmonary embolism: radiological and pleural fluid data from 230 patients. Respirology. 2007 Mar;12(2):234-9.<a href=\"http://www.ncbi.nlm.nih.gov/pubmed/17298456\"> [Abstract]</a>"},

   {
    "id":8,
    "key_article":false,
    "ref_article":true,
    "html":"Romero Candeira S, Hernández Blasco L, Soler MJ, et al. Biochemical and cytologic characteristics of pleural effusions secondary to pulmonary embolism. Chest. 2002 Feb;121(2):465-9.<a href=\"http://www.ncbi.nlm.nih.gov/pubmed/11834658\"> [Abstract]</a>"},

   {
    "id":9,
    "key_article":false,
    "ref_article":true,
    "html":"Cugell DW, Kamp DW. Asbestos and the pleura: a review. Chest. 2004 Mar;125(3):1103-17.<a href=\"http://www.ncbi.nlm.nih.gov/pubmed/15006974\"> [Abstract]</a>"},

   {
    "id":10,
    "key_article":false,
    "ref_article":true,
    "html":"Mukherjee S, de Klerk N, Palmer LJ, et al. Chest pain in asbestos-exposed individuals with benign pleural and parenchymal disease. Am J Respir Crit Care Med. 2000 Nov;162(5):1807-11.<a href=\"http://www.ncbi.nlm.nih.gov/pubmed/11069817\"> [Abstract]</a>"},

   {
    "id":11,
    "key_article":false,
    "ref_article":true,
    "html":"Siebert AF, Haynes J Jr, Middleton R, et al. Tuberculous pleural effusion: twenty-year experience. Chest. 1991 Apr;99(4):883-6.<a href=\"http://www.ncbi.nlm.nih.gov/pubmed/1901261\"> [Abstract]</a>"},

   {
    "id":12,
    "key_article":false,
    "ref_article":true,
    "html":"Rieder HL, Snider DE Jr, Cauthen GM, et al. Extrapulmonary tuberculosis in the United States. Am Rev Resp Dis. 1990 Feb;141(2):347-51.<a href=\"http://www.ncbi.nlm.nih.gov/pubmed/2301852\"> [Abstract]</a>"},

   {
    "id":13,
    "key_article":false,
    "ref_article":true,
    "html":"Porcel JM. Advances in the diagnosis of tuberculous pleuritis. Ann Transl Med. 2016 Aug;4(15):282.<a href=\"http://www.ncbi.nlm.nih.gov/pubmed/27570776\"> [Abstract]</a><a href=\"http://atm.amegroups.com/article/view/11109/11808\"> [Full Text]</a>"},

   {
    "id":14,
    "key_article":false,
    "ref_article":true,
    "html":"Sahn SA, Huggins JT, San José ME, et al. Can tuberculous pleural effusions be diagnosed by pleural fluid analysis alone? Int J Tuberc Lung Dis. 2013 Jun;17(6):787-93.<a href=\"http://www.ncbi.nlm.nih.gov/pubmed/23676163\"> [Abstract]</a>"},

   {
    "id":15,
    "key_article":false,
    "ref_article":true,
    "html":"Valdés L, Ferreiro L, Cruz-Ferro E, et al. Recent epidemiological trends in tuberculous pleural effusion in Galicia, Spain. Eur J Intern Med. 2012 Dec;23(8):727-32.<a href=\"http://www.ncbi.nlm.nih.gov/pubmed/22818626\"> [Abstract]</a>"},

   {
    "id":16,
    "key_article":false,
    "ref_article":true,
    "html":"Roberts ME, Neville E, Berrisford RG, et al. Management of a malignant pleural effusion: British Thoracic Society pleural disease guideline 2010. Thorax. 2010 Aug;65 Suppl 2:ii32-40.<a href=\"http://www.ncbi.nlm.nih.gov/pubmed/20696691\"> [Abstract]</a><a href=\"https://thorax.bmj.com/content/65/Suppl_2/ii32.long\"> [Full Text]</a>"},

   {
    "id":17,
    "key_article":false,
    "ref_article":true,
    "html":"Takizawa H, Ishii Y, Kurasawa K. Prevalence of Sjogren's syndrome in patients with nonspecific pleuritis on thoracoscopic pleural biopsies: a retrospective study. Abstract B36, American Thoracic Society 2016 International Conference, 13-18 May 2016, San Francisco. Am J Respir Crit Care Med. 2016 May;193 Suppl:B36.A3241.<a href=\"https://www.atsjournals.org/doi/abs/10.1164/ajrccm-conference.2016.193.1_MeetingAbstracts.A3241\"> [Full Text]</a>"},

   {
    "id":18,
    "key_article":false,
    "ref_article":true,
    "html":"Huggins JT, Sahn SA. Drug-induced pleural disease. Clin Chest Med. 2004 Mar;25(1):141-53.<a href=\"http://www.ncbi.nlm.nih.gov/pubmed/15062606\"> [Abstract]</a>"},

   {
    "id":19,
    "key_article":false,
    "ref_article":true,
    "html":"Maher JF. Uremic pleuritis. Am J Kidney Dis. 1987 Jul;10(1):19-22.<a href=\"http://www.ncbi.nlm.nih.gov/pubmed/3300285\"> [Abstract]</a>"},

   {
    "id":20,
    "key_article":false,
    "ref_article":true,
    "html":"Yoshii C, Morita S, Tokunaga M, et al. Bilateral massive pleural effusions caused by uremic pleuritis. Intern Med. 2001 Jul;40(7):646-9.<a href=\"http://www.ncbi.nlm.nih.gov/pubmed/11506309\"> [Abstract]</a><a href=\"https://www.jstage.jst.go.jp/article/internalmedicine1992/40/7/40_7_646/_pdf\"> [Full Text]</a>"},

   {
    "id":21,
    "key_article":false,
    "ref_article":true,
    "html":"Onen F. Familial Mediterranean fever. Rheumatol Int. 2006 Apr;26(6):489-96.<a href=\"http://www.ncbi.nlm.nih.gov/pubmed/16283319\"> [Abstract]</a>"},

   {
    "id":22,
    "key_article":false,
    "ref_article":true,
    "html":"Shrivastava R, Venkatesh S, Pavlovich BB, et al. Immunological analysis of pleural fluid in post-cardiac injury syndrome. Postgrad Med J. 2002 Jun;78(920):362-3.<a href=\"http://www.ncbi.nlm.nih.gov/pubmed/12151693\"> [Abstract]</a>"},

   {
    "id":23,
    "key_article":false,
    "ref_article":true,
    "html":"O'Gara PT, Kushner FG, Ascheim DD, et al. 2013 ACCF/AHA guideline for the management of ST-elevation myocardial infarction: a report of the American College of Cardiology Foundation/American Heart Association Task Force on Practice Guidelines. Circulation. 2013 Jan 29;127(4):e362-425.<a href=\"http://www.ncbi.nlm.nih.gov/pubmed/23247304\"> [Abstract]</a><a href=\"https://www.ahajournals.org/doi/full/10.1161/cir.0b013e3182742cf6\"> [Full Text]</a>"},

   {
    "id":24,
    "key_article":false,
    "ref_article":true,
    "html":"Amsterdam EA, Wenger NK, Brindis RG, et al; ACC/AHA Task Force Members. 2014 AHA/ACC guideline for the management of patients with non-ST-elevation acute coronary syndromes: a report of the American College of Cardiology/American Heart Association Task Force on Practice Guidelines. Circulation. 2014 Dec 23;130(25):e344-426.<a href=\"http://www.ncbi.nlm.nih.gov/pubmed/25249585\"> [Abstract]</a><a href=\"https://www.ahajournals.org/doi/full/10.1161/cir.0000000000000134\"> [Full Text]</a>"},

   {
    "id":25,
    "key_article":false,
    "ref_article":true,
    "html":"Ibanez B, James S, Agewall S, et al; ESC Scientific Document Group. 2017 ESC guidelines for the management of acute myocardial infarction in patients presenting with ST-segment elevation. Eur Heart J. 2018 Jan 7;39(2):119-77.<a href=\"http://www.ncbi.nlm.nih.gov/pubmed/28886621\"> [Abstract]</a><a href=\"https://academic.oup.com/eurheartj/article/39/2/119/4095042\"> [Full Text]</a>"},

   {
    "id":26,
    "key_article":false,
    "ref_article":true,
    "html":"Erbel R, Aboyans V, Boileau C, et al; ESC Committee for Practice Guidelines. 2014 ESC guidelines on the diagnosis and treatment of aortic diseases: document covering acute and chronic aortic diseases of the thoracic and abdominal aorta of the adult. Eur Heart J. 2014 Nov 1;35(41):2873-926.<a href=\"http://www.ncbi.nlm.nih.gov/pubmed/25173340\"> [Abstract]</a><a href=\"https://academic.oup.com/eurheartj/article/35/41/2873/407693\"> [Full Text]</a>"},

   {
    "id":27,
    "key_article":false,
    "ref_article":true,
    "html":"MacDuff A, Arnold A, Harvey J; BTS Pleural Disease Guideline Group. Management of spontaneous pneumothorax: British Thoracic Society pleural disease guideline 2010. Thorax. 2010 Aug;65 Suppl 2:ii18-31.<a href=\"http://www.ncbi.nlm.nih.gov/pubmed/20696690\"> [Abstract]</a><a href=\"https://thorax.bmj.com/content/65/Suppl_2/ii18.long\"> [Full Text]</a>"},

   {
    "id":31,
    "key_article":false,
    "ref_article":true,
    "html":"Wells PS, Ginsberg JS, Anderson DR, et al. Use of a clinical model for safe management of patients with suspected pulmonary embolism. Ann Intern Med. 1998 Dec 15;129(12):997-1005.<a href=\"http://www.ncbi.nlm.nih.gov/pubmed/9867786\"> [Abstract]</a>"},

   {
    "id":32,
    "key_article":false,
    "ref_article":true,
    "html":"Wells PS, Anderson DR, Rodger M, et al. Derivation of a simple clinical model to categorize patients' probability of pulmonary embolism: increasing the model's utility with the SimpliRED D-dimer. Thromb Haemost. 2000 Mar;83(3):416-20.<a href=\"http://www.ncbi.nlm.nih.gov/pubmed/10744147\"> [Abstract]</a>"},

   {
    "id":33,
    "key_article":false,
    "ref_article":true,
    "html":"Kearon C, Ginsberg JS, Douketis J, et al; Canadian Pulmonary Embolism Diagnosis Study (CANPEDS) Group. An evaluation of D-dimer in the diagnosis of pulmonary embolism: a randomized trial. Ann Intern Med. 2006 Jun 6;144(11):812-21.<a href=\"http://www.ncbi.nlm.nih.gov/pubmed/16754923\"> [Abstract]</a>"},

   {
    "id":34,
    "key_article":false,
    "ref_article":true,
    "html":"Fedullo PF, Tapson VF. Clinical practice. The evaluation of suspected pulmonary embolism. N Engl J Med. 2003 Sep 25;349(13):1247-56.<a href=\"http://www.ncbi.nlm.nih.gov/pubmed/14507950\"> [Abstract]</a>"},

   {
    "id":35,
    "key_article":false,
    "ref_article":true,
    "html":"Woolhouse I, Bishop L, Darlison L, et al. British Thoracic Society Guideline for the investigation and management of malignant pleural mesothelioma. Thorax. 2018 Mar;73(Suppl 1):i1-30.<a href=\"http://www.ncbi.nlm.nih.gov/pubmed/29444986\"> [Abstract]</a><a href=\"https://thorax.bmj.com/content/73/Suppl_1/i1.long\"> [Full Text]</a>"},

   {
    "id":36,
    "key_article":false,
    "ref_article":true,
    "html":"National Institute for Health and Care Excellence. Tuberculosis. September 2019 [internet publication].<a href=\"https://www.nice.org.uk/guidance/ng33\"> [Full Text]</a>"},

   {
    "id":37,
    "key_article":false,
    "ref_article":true,
    "html":"Stein PD, Terrin ML, Hales CA, et al. Clinical, laboratory, roentgenographic, and electrocardiographic findings in patients with acute pulmonary embolism and no pre-existing cardiac or pulmonary disease. Chest. 1991 Sep;100(3):598-603.<a href=\"http://www.ncbi.nlm.nih.gov/pubmed/1909617\"> [Abstract]</a>"},

   {
    "id":38,
    "key_article":false,
    "ref_article":true,
    "html":"Light, RW. Clinical practice. Pleural effusion. N Engl J Med. 2002 Jun 20;346(25):1971-7.<a href=\"http://www.ncbi.nlm.nih.gov/pubmed/12075059\"> [Abstract]</a>"},

   {
    "id":39,
    "key_article":false,
    "ref_article":true,
    "html":"Boutin C, Rey F, Gouvernet J, et al. Thoracoscopy in pleural malignant mesothelioma: a prospective study of 188 consecutive patients. Part 2: Prognosis and staging. Cancer. 1993 Jul 15;72(2):394-404.<a href=\"http://www.ncbi.nlm.nih.gov/pubmed/8319171\"> [Abstract]</a>"},

   {
    "id":40,
    "key_article":false,
    "ref_article":true,
    "html":"Bibby AC, Maskell NA. Pleural biopsies in undiagnosed pleural effusions; Abrams vs image-guided vs thoracoscopic biopsies. Curr Opin Pulm Med. 2016 Jul;22(4):392-8.<a href=\"http://www.ncbi.nlm.nih.gov/pubmed/27055071\"> [Abstract]</a>"},

   {
    "id":41,
    "key_article":false,
    "ref_article":true,
    "html":"File TM. Community-acquired pneumonia. Lancet. 2003 Dec 13;362(9400):1991-2001.<a href=\"http://www.ncbi.nlm.nih.gov/pubmed/14683661\"> [Abstract]</a>"},

   {
    "id":42,
    "key_article":false,
    "ref_article":true,
    "html":"Mandell LA, Wunderink RG, Anzueto A, et al. Infectious Diseases Society of America/American Thoracic Society consensus guidelines on the management of community-acquired pneumonia in adults. Clin Infect Dis. 2007 Mar 1;44 Suppl 2:S27-72.<a href=\"http://www.ncbi.nlm.nih.gov/pubmed/17278083\"> [Abstract]</a><a href=\"https://academic.oup.com/cid/article/44/Supplement_2/S27/372079\"> [Full Text]</a>"},

   {
    "id":43,
    "key_article":false,
    "ref_article":true,
    "html":"Creaney J, Yeoman D, Naumoff LK, et al. Soluble mesothelin in effusions: a useful tool for the diagnosis of malignant mesothelioma. Thorax. 2007 Jul;62(7):569-76.<a href=\"http://www.ncbi.nlm.nih.gov/pubmed/17356060\"> [Abstract]</a><a href=\"https://thorax.bmj.com/content/62/7/569.long\"> [Full Text]</a>"},

   {
    "id":44,
    "key_article":false,
    "ref_article":true,
    "html":"Davies HE, Sadler RS, Bielsa S, et al. Clinical impact and reliability of pleural fluid mesothelin in undiagnosed pleural effusions. Am J Respir Crit Care Med. 2009 Sep 1;180(5):437-44.<a href=\"http://www.ncbi.nlm.nih.gov/pubmed/19299498\"> [Abstract]</a>"},

   {
    "id":45,
    "key_article":false,
    "ref_article":true,
    "html":"Gopi A, Madhaven SM, Sharma SK, et al. Diagnosis and treatment of tuberculous pleural effusion in 2006. Chest. 2007 Mar;131(3):880-9.<a href=\"http://www.ncbi.nlm.nih.gov/pubmed/17356108\"> [Abstract]</a>"},

   {
    "id":46,
    "key_article":false,
    "ref_article":true,
    "html":"Jiang J, Shi HZ, Liang QL, et al. Diagnostic value of interferon-gamma in tuberculous pleurisy: a metaanalysis. Chest. 2007 Apr;131(4):1133-41.<a href=\"http://www.ncbi.nlm.nih.gov/pubmed/17426220\"> [Abstract]</a>"},

   {
    "id":47,
    "key_article":false,
    "ref_article":true,
    "html":"Zhou Q, Chen YQ, Qin SM, et al. Diagnostic accuracy of T-cell interferon-gamma release assays in tuberculous pleurisy: a meta-analysis. Respirology. 2011 Apr;16(3):473-80.<a href=\"http://www.ncbi.nlm.nih.gov/pubmed/21299686\"> [Abstract]</a>"},

   {
    "id":48,
    "key_article":false,
    "ref_article":true,
    "html":"Joseph J, Lynch JP, Sahn SA. Effusions from collagen vascular disease. In: Light RW, Lee YC, eds. Textbook of pleural diseases. New York: Oxford University Press; 2003:370-81."},

   {
    "id":49,
    "key_article":false,
    "ref_article":true,
    "html":"Jeremias A, Gibson CM. Narrative review: alternative causes for elevated cardiac troponin levels when acute coronary syndromes are excluded. Ann Intern Med. 2005 May 3;142(9):786-91.<a href=\"http://www.ncbi.nlm.nih.gov/pubmed/15867411\"> [Abstract]</a>"},

   {
    "id":50,
    "key_article":false,
    "ref_article":true,
    "html":"Tsai TT, Nienaber CA, Eagle KA. Acute aortic syndromes. Circulation. 2005 Dec 13;112(24):3802-13.<a href=\"http://www.ncbi.nlm.nih.gov/pubmed/16344407\"> [Abstract]</a><a href=\"https://www.ahajournals.org/doi/full/10.1161/circulationaha.105.534198\"> [Full Text]</a>"},

   {
    "id":51,
    "key_article":false,
    "ref_article":true,
    "html":"Mészáros I, Mórocz J, Szlávi J, et al. Epidemiology and clinicopathology of aortic dissection. Chest. 2000 May;117(5):1271-8.<a href=\"http://www.ncbi.nlm.nih.gov/pubmed/10807810\"> [Abstract]</a>"},

   {
    "id":52,
    "key_article":false,
    "ref_article":true,
    "html":"Light RW. Pleural effusions following cardiac injury and coronary artery bypass graft surgery. Semin Respir Crit Care Med. 2001 Dec;22(6):657-64.<a href=\"http://www.ncbi.nlm.nih.gov/pubmed/16088710\"> [Abstract]</a>"},

   {
    "id":53,
    "key_article":false,
    "ref_article":true,
    "html":"Stelzner TJ, King TE, Anthony VB, et al. The pleuropulmonary manifestations of the postcardiac injury syndrome. Chest. 1983 Oct;84(4):383-7.<a href=\"http://www.ncbi.nlm.nih.gov/pubmed/6617272\"> [Abstract]</a>"},

   {
    "id":54,
    "key_article":false,
    "ref_article":true,
    "html":"Rompianesi G, Hann A, Komolafe O, et al. Serum amylase and lipase and urinary trypsinogen and amylase for diagnosis of acute pancreatitis. Cochrane Database Syst Rev. 2017 Apr 21;(4):CD012010.<a href=\"http://www.ncbi.nlm.nih.gov/pubmed/28431198\"> [Abstract]</a><a href=\"https://www.cochranelibrary.com/cdsr/doi/10.1002/14651858.CD012010.pub2/full\"> [Full Text]</a>"}   ],
  "online_refs":
  [

   {
    "id":1,
    "title":"Pneumotox: drug-induced respiratory diseases",
    "url":"http://www.pneumotox.com"}   ]},
 "media":
 [

  {
   "file":"646-7.jpg",
   "thumb":"646-7-tn.jpg",
   "caption":"Large left pneumothorax with visible pleural line and absence of lung markings beyond the line",
   "hilight":"false",
   "iline":"false",
   "auth":"false",
   "source":"From the collection of Dr Ami Rubinowitz; used with permission"},

  {
   "file":"646-10-iline.gif",
   "thumb":"",
   "caption":"Modified Wells criteria (score ≤4: PE unlikely; score >4: PE likely)",
   "hilight":"false",
   "iline":"true",
   "auth":"false",
   "source":"From Wells PS, Anderson DR, Rodger M, et al. Thromb Haemost. 2000;83:416. Used with permission"},

  {
   "file":"646-2.jpg",
   "thumb":"646-2-tn.jpg",
   "caption":"PA and lateral CXR showing calcified pleural plaques",
   "hilight":"false",
   "iline":"false",
   "auth":"false",
   "source":"From the collection of Dr Ami Rubinowitz; used with permission"},

  {
   "file":"646-14.jpg",
   "thumb":"646-14-tn.jpg",
   "caption":"CXR showing large right pleural effusion",
   "hilight":"false",
   "iline":"false",
   "auth":"false",
   "source":"From the collection of Dr Kathryn Bateman; used with permission"},

  {
   "file":"646-11.jpg",
   "thumb":"646-11-tn.jpg",
   "caption":"Thoracic ultrasound image of large, simple pleural effusion",
   "hilight":"false",
   "iline":"false",
   "auth":"false",
   "source":"From the collection of Dr Nicholas Maskell; used with permission"},

  {
   "file":"646-13.jpg",
   "thumb":"646-13-tn.jpg",
   "caption":"CT scan showing large right pleural effusion",
   "hilight":"false",
   "iline":"false",
   "auth":"false",
   "source":"From the collection of Dr Nicholas Maskell; used with permission"},

  {
   "file":"646-8.jpg",
   "thumb":"646-8-tn.jpg",
   "caption":"CT scan showing loculated pleural effusion",
   "hilight":"false",
   "iline":"false",
   "auth":"false",
   "source":"From the collection of Dr Ami Rubinowitz; used with permission"},

  {
   "file":"646-4.jpg",
   "thumb":"646-4-tn.jpg",
   "caption":"CT scan showing empyema with split pleura sign (enhancement of the thickened inner visceral and outer parietal pleura separated by a collection of pleural fluid)",
   "hilight":"false",
   "iline":"false",
   "auth":"false",
   "source":"From the collection of Dr Ami Rubinowitz; used with permission"},

  {
   "file":"646-3.jpg",
   "thumb":"646-3-tn.jpg",
   "caption":"CT scan of chest showing empyema necessitans (long arrow), a chronic untreated empyema that has eroded through the thoracic cage and formed a subcutaneous abscess (short arrow)",
   "hilight":"false",
   "iline":"false",
   "auth":"false",
   "source":"From the collection of Dr Ami Rubinowitz; used with permission"},

  {
   "file":"646-12.jpg",
   "thumb":"646-12-tn.jpg",
   "caption":"CT scan showing circumferential right-sided pleural thickening with significant volume loss due to mesothelioma",
   "hilight":"false",
   "iline":"false",
   "auth":"false",
   "source":"From the collection of Dr Nicholas Maskell; used with permission"},

  {
   "file":"646-5.jpg",
   "thumb":"646-5-tn.jpg",
   "caption":"CT scan showing metastatic malignancy of pleura",
   "hilight":"false",
   "iline":"false",
   "auth":"false",
   "source":"From the collection of Dr Ami Rubinowitz; used with permission"},

  {
   "file":"646-9-iline.gif",
   "thumb":"",
   "caption":"Schematic showing a summary of the diagnostic approach (CXR=chest x-ray, PE-pulmonary embolism, EKG=electrocardiogram)",
   "hilight":"false",
   "iline":"true",
   "auth":"false",
   "source":"Courtesy of Dr Ami Rubinowitz"}  ]}