
{
 "id":685,
 "title":"Hand-foot-mouth disease",
 "views":
 [

  {
   "id":"root",
   "type":"table",
   "sections":
   [

    {
     "cells":
     [

      {
       "target":"highlights",
       "title":"Highlights & Basics",
       "type":"flex0"}      ]},

    {
     "cells":
     [

      {
       "target":"tx_options",
       "title":"Treatment Options",
       "type":"flex0"},

      {
       "target":"tx_approach",
       "title":"Treatment Approach",
       "type":"flex0"},

      {
       "target":"hxexam",
       "title":"History & Exam",
       "type":"flex0"},

      {
       "target":"tests",
       "title":"Tests",
       "type":"flex0"},

      {
       "target":"differentials",
       "title":"Differential Diagnosis",
       "type":"flex0"},

      {
       "target":"diag_approach",
       "title":"Diagnostic Approach",
       "type":"flex0"},

      {
       "target":"followup",
       "title":"Follow-up",
       "type":"flex0"},

      {
       "target":"prevention",
       "title":"Prevention",
       "type":"flex0"},

      {
       "target":"complications",
       "title":"Complications",
       "type":"flex0"}      ]}    ]},

  {
   "id":"highlights",
   "title":"Hand-foot-mouth disease",
   "html":"<div class=\"cell\"><div class=\"cellBlock\"><div class=\"cellTitle\">Key Highlights</div><div class=\"cellBody\"><ul><li>Hand-foot-and-mouth disease is a highly contagious childhood viral infection.</li><li>Diagnosis is usually clinical, based on a typical history and characteristic clinical features.</li><li>Infection typically resolves spontaneously within 10 to 14 days, and treatment is mainly supportive.</li><li>In East and Southeast Asian countries, enterovirus 71 (EV71) is responsible for a more severe version of the disease with serious complications; however, this is uncommon in the US and Europe.</li></ul></div><div class=\"cellTitle\">Definition</div><div class=\"cellBody\"><P>A common childhood viral infection that is most commonly caused by a coxsackievirus in the US, characterized by low-grade fever, painful oral ulcers, and vesicles on the hands and feet. The disease has no relation to foot-and-mouth disease, which affects cattle and other cloven-hoofed animals.</P></div><div class=\"cellTitle\">Classification</div><div class=\"cellBody\"><h3>Viral classification</h3><P>Hand-foot-and-mouth disease is due to infection by some of the enteroviruses. The most common viruses implicated are the coxsackieviruses. Coxsackievirus A16 infection is the most common cause, but A4 through A7, A9, and A10 infections also occur.<a href=\"epoc://current?article=1\">[1]</a> <a href=\"epoc://current?article=2\">[2]</a> <a href=\"epoc://current?article=3\">[3]</a> <a href=\"epoc://current?article=4\">[4]</a> <a href=\"epoc://current?article=5\">[5]</a> <a href=\"epoc://current?article=6\">[6]</a> </P><P>Enterovirus 71 (EV71) also causes this disease, but a more severe version.<a href=\"epoc://current?article=1\">[1]</a> <a href=\"epoc://current?article=2\">[2]</a> <a href=\"epoc://current?article=3\">[3]</a> <a href=\"epoc://current?article=4\">[4]</a> <a href=\"epoc://current?article=5\">[5]</a> <a href=\"epoc://current?article=6\">[6]</a> <a href=\"epoc://current?article=7\">[7]</a> <a href=\"epoc://current?article=8\">[8]</a> <a href=\"epoc://current?article=9\">[9]</a> <a href=\"epoc://current?article=10\">[10]</a> <a href=\"epoc://current?article=11\">[11]</a> <a href=\"epoc://current?article=12\">[12]</a> However, although outbreaks due to EV71 infection have been reported in the US, they are uncommon.</P><P>Enteroviruses belong to the Picornaviridae family of viruses, which includes polioviruses, coxsackieviruses (groups A and B), and echoviruses. More recently identified enteroviruses have not been included in the original classification and have been allocated numbers (i.e., serotypes 68 to 71).</P></div><div class=\"cellTitle\">Epidemiology</div><div class=\"cellBody\"><P>The infection usually occurs as a sporadic event, but outbreaks do occur worldwide. Coxsackievirus infection is extremely contagious. It affects males and females equally and is most common in children &lt;10 years of age. However, infection in older children, adolescents, and adults can occur. Epidemics due to the more virulent strains of enterovirus 71 have occurred most often in East and Southeast Asian countries such as Taiwan and Malaysia. These have resulted in severe illness with significant associated morbidity and mortality.<a href=\"epoc://current?article=9\">[9]</a> <a href=\"epoc://current?article=10\">[10]</a> <a href=\"epoc://current?article=11\">[11]</a> <a href=\"epoc://current?article=12\">[12]</a> <a href=\"epoc://current?article=13\">[13]</a> <a href=\"epoc://current?article=14\">[14]</a> </P></div><div class=\"cellTitle\">Etiology</div><div class=\"cellBody\"><P>The most common viruses implicated are a group of enteroviruses known as the coxsackieviruses. Coxsackievirus A16 (CV-A16) infection is the most common cause, but A4 through A7, A9, and A10 infections also occur.<a href=\"epoc://current?article=1\">[1]</a> <a href=\"epoc://current?article=2\">[2]</a> <a href=\"epoc://current?article=3\">[3]</a> <a href=\"epoc://current?article=4\">[4]</a> <a href=\"epoc://current?article=5\">[5]</a> <a href=\"epoc://current?article=6\">[6]</a> Enterovirus 71 (EV71) also causes this disease, but a more severe version.<a href=\"epoc://current?article=1\">[1]</a> <a href=\"epoc://current?article=2\">[2]</a> <a href=\"epoc://current?article=3\">[3]</a> <a href=\"epoc://current?article=4\">[4]</a> <a href=\"epoc://current?article=5\">[5]</a> <a href=\"epoc://current?article=6\">[6]</a> <a href=\"epoc://current?article=7\">[7]</a> <a href=\"epoc://current?article=8\">[8]</a> <a href=\"epoc://current?article=9\">[9]</a> <a href=\"epoc://current?article=10\">[10]</a> <a href=\"epoc://current?article=11\">[11]</a> EV71 infection is uncommon in the US and Europe. Etiological changes in the main pathogenic agents of hand-foot-and-mouth disease have been noted in Hunan province in China. The number of patients hospitalized with the disease caused by EV71 and CV-A16 declined between 2014 and 2017, while the number of cases caused by other enteric viruses increased.<a href=\"epoc://current?article=15\">[15]</a> The enteroviruses are icosahedral nonenveloped viruses that are approximately 30 nanometers in diameter. The genome is made of a single-stranded linear molecule of RNA. Enteroviruses resist lipid solvents and tolerate a wide range of pH and temperature. They are inactivated at temperatures of &gt;122°F (&gt;50°C), but remain infectious at refrigerator temperatures.</P></div><div class=\"cellTitle\">Authors / Peer Reviewers</div><div class=\"cellBody\"><ul><li>Malobi I. Ogboli, MBBS, FRCP</li><li>Helen Goodyear, MBChB, MRCP, FRCPCH, MD, MMed</li><li>Andrew Riordan, MD, FRCPCH, MRCP, DTM&amp;H</li><li>David Cassarino, MD, PhD</li><li>Leonid Izikson, MD</li><li>Aisha Sethi, MD</li></ul></div><br><b class=\"last-updated display-none\">Last Updated: 2021-01-05</b><div style=\"display: none\" class=\"last-updated\"><div class=\"last-updated-label\">Last Updated</div><div class=\"last-updated-date\">2021-01-05</div></div></div></div>",
   "type":"web"},

  {
   "id":"p-p_tx-c_0",
   "sections":
   [

    {
     "type":"table",
     "cells":
     [

      {
       "target":"tx-3",
       "title":"with immunocompromise or complications or EV71 infection",
       "type":"flex0"},

      {
       "target":"tx-0",
       "title":"not otherwise specified",
       "type":"flex0"}      ]}    ],
   "type":"table"},

  {
   "id":"tx_options",
   "sections":
   [

    {
     "headerText":"Acute",
     "cells":
     [

      {
       "target":"p-p_tx-c_0",
       "title":"all patients",
       "type":"flex0"}      ]}    ],
   "type":"table"},

  {
   "id":"tx_approach",
   "title":"Hand-foot-mouth disease",
   "html":"<div class=\"cell\"><div class=\"cellBlock\"><div class=\"cellBody\"><P>The illness is generally mild and self-limited, and treatment is supportive in most cases. The main goals are to relieve pain and ensure that hydration and nutrition are maintained. Resolution of lesions usually occurs within 10 days.</P></div><div class=\"cellTitle\">Supportive care</div><div class=\"cellBody\"><P>Simple oral analgesics and antipyretics such as acetaminophen and ibuprofen may be used to lower fever and relieve pain. Aspirin is not recommended for fever due to its association with Reye syndrome. Topical anesthetics (e.g., lidocaine) may also help alleviate the pain from the ulcers in the mouth. A mixture of diphenhydramine, aluminum, magnesium hydroxide, and viscous lidocaine with or without sucralfate (magic mouthwash) can be used topically for symptomatic pain control of ulcers; however, this is not a proprietary product and a pharmacist must be consulted to make up this mixture. Oral lesions may be painful and oral hydration difficult. For children with moderate-to-severe dehydration, intravenous hydration may be necessary.</P></div><div class=\"cellTitle\">Patients with immunocompromise or enterovirus 71 (EV71) infection or complications</div><div class=\"cellBody\"><P>Complications are rare. Those that can occur with EV71 infection include aseptic meningitis, encephalitis, encephalomyelitis, pulmonary edema, pulmonary hemorrhage, myocarditis, a polio-like syndrome, and death.<a href=\"epoc://current?article=9\">[9]</a> <a href=\"epoc://current?article=10\">[10]</a> <a href=\"epoc://current?article=11\">[11]</a> <a href=\"epoc://current?article=12\">[12]</a> These patients will require hospitalization and supportive treatment for the complications. In immunocompromised patients, symptoms may be more severe and prolonged.</P></div></div></div>",
   "type":"web"},

  {
   "id":"hxexam_details",
   "sections":
   [

    {
     "type":"table",
     "headerText":"Strong",
     "cells":
     [

      {
       "title":"immunosuppression",
       "type":"flex0",
       "targetHTML":"<div class=\"cell\"><div class=\"cellBlock\"><div class=\"cellBody\"><P>Immunocompromised children or children on immunosuppressive treatment are more prone to infection.</P></div></div></div>"},

      {
       "title":"age <10 years",
       "type":"flex0",
       "targetHTML":"<div class=\"cell\"><div class=\"cellBlock\"><div class=\"cellBody\"><P>Children &lt;10 years of age are most commonly affected.</P></div></div></div>"},

      {
       "title":"family or school contacts with infection",
       "type":"flex0",
       "targetHTML":"<div class=\"cell\"><div class=\"cellBlock\"><div class=\"cellBody\"><P>Infection is spread by direct contact with nose and throat discharges, saliva, vesicle fluid, or fecal material from an infected person. The virus may persist in fecal material for up to 1 month.</P></div></div></div>"}      ]}    ],
   "type":"table"},

  {
   "id":"p-hxexam_factor-key_0",
   "title":"Hand-foot-mouth disease",
   "html":"<html><div class=\"cell\"><div class=\"cellBlock\"><div class=\"cellBody\"><P>The fever is usually &lt;101.3°F (&lt;38.5°C).</P></div></div></div></html>",
   "type":"web"},

  {
   "id":"p-hxexam_factor-key_1",
   "title":"Hand-foot-mouth disease",
   "html":"<html><div class=\"cell\"><div class=\"cellBlock\"><div class=\"cellBody\"><P>The oropharynx is inflamed, with scattered papules, macules, or vesicles, or more commonly yellowish ulcers on an erythematous base are present on the tongue, pharynx, buccal mucosa, gingiva, and occasionally the lips. Lesions heal within 1 week.</P><P><a class=\"inlineImage\" href=\"epoc://current?view=p-images-i_2\">Image</a></P></div></div></div></html>",
   "type":"web"},

  {
   "id":"p-hxexam_factor-key_2",
   "title":"Hand-foot-mouth disease",
   "html":"<html><div class=\"cell\"><div class=\"cellBlock\"><div class=\"cellBody\"><P>The rash consists of small oval or linear gray-white vesicopustules. The vesicles are flaccid and thin-walled, with an erythematous halo. They may occasionally be painful or pruritic. They tend to ulcerate and become crusted. Lesions may last up to 10 days.</P><P><a class=\"inlineImage\" href=\"epoc://current?view=p-images-i_3\">Image</a></P></div></div></div></html>",
   "type":"web"},

  {
   "id":"p-hxexam_factor-other_3",
   "title":"Hand-foot-mouth disease",
   "html":"<html><div class=\"cell\"><div class=\"cellBlock\"><div class=\"cellBody\"><P>Patient may present with general malaise.</P></div></div></div></html>",
   "type":"web"},

  {
   "id":"p-hxexam_factor-other_4",
   "title":"Hand-foot-mouth disease",
   "html":"<html><div class=\"cell\"><div class=\"cellBlock\"><div class=\"cellBody\"><P>Oral lesions may be painful.</P></div></div></div></html>",
   "type":"web"},

  {
   "id":"p-hxexam_factor-other_5",
   "title":"Hand-foot-mouth disease",
   "html":"<html><div class=\"cell\"><div class=\"cellBlock\"><div class=\"cellBody\"><P>Symptoms may include loss of appetite.</P></div></div></div></html>",
   "type":"web"},

  {
   "id":"p-hxexam_factor-other_6",
   "title":"Hand-foot-mouth disease",
   "html":"<html><div class=\"cell\"><div class=\"cellBlock\"><div class=\"cellBody\"><P>Patient may have a sore throat.</P></div></div></div></html>",
   "type":"web"},

  {
   "id":"p-hxexam_factor-other_7",
   "title":"Hand-foot-mouth disease",
   "html":"<html><div class=\"cell\"><div class=\"cellBlock\"><div class=\"cellBody\"><P>A maculopapular rash may be seen on the buttocks in infants and small children, but it does not usually ulcerate. Lesions may last up to 10 days.</P></div></div></div></html>",
   "type":"web"},

  {
   "id":"p-hxexam_factor-other_8",
   "title":"Hand-foot-mouth disease",
   "html":"<html><div class=\"cell\"><div class=\"cellBlock\"><div class=\"cellBody\"><P>Symptoms may include abdominal pain.</P></div></div></div></html>",
   "type":"web"},

  {
   "id":"p-hxexam_factor-other_9",
   "title":"Hand-foot-mouth disease",
   "html":"<html><div class=\"cell\"><div class=\"cellBlock\"><div class=\"cellBody\"><P>Symptoms may include diarrhea.</P></div></div></div></html>",
   "type":"web"},

  {
   "id":"p-hxexam_factor-other_10",
   "title":"Hand-foot-mouth disease",
   "html":"<html><div class=\"cell\"><div class=\"cellBlock\"><div class=\"cellBody\"><P>Symptoms may include cough.</P></div></div></div></html>",
   "type":"web"},

  {
   "id":"p-hxexam_factor-other_11",
   "title":"Hand-foot-mouth disease",
   "html":"<html><div class=\"cell\"><div class=\"cellBlock\"><div class=\"cellBody\"><P>Erythema and edema of the tongue may occur.</P></div></div></div></html>",
   "type":"web"},

  {
   "id":"p-hxexam_factor-other_12",
   "title":"Hand-foot-mouth disease",
   "html":"<html><div class=\"cell\"><div class=\"cellBlock\"><div class=\"cellBody\"><P>This occurs occasionally.</P></div></div></div></html>",
   "type":"web"},

  {
   "id":"hxexam",
   "sections":
   [

    {
     "headerText":"Risk Factors",
     "cells":
     [

      {
       "target":"hxexam_details",
       "title":"Details",
       "type":"flex0"}      ]},

    {
     "dividerType":"divider0",
     "headers":
     [

      {
       "title":"Key Diagnostic Factors"},

      {
       "title":"common",
       "type":"header1"}      ],
     "cells":
     [

      {
       "title":"low-grade fever",
       "target":"p-hxexam_factor-key_0",
       "type":"flex0"},

      {
       "title":"oral vesicles and ulcers",
       "target":"p-hxexam_factor-key_1",
       "type":"flex0"},

      {
       "title":"rash and/or vesicles on the hands and feet",
       "target":"p-hxexam_factor-key_2",
       "type":"flex0"}      ]},

    {
     "dividerType":"divider0",
     "headers":
     [

      {
       "title":"Other Diagnostic Factors"},

      {
       "title":"common",
       "type":"header1"}      ],
     "cells":
     [

      {
       "title":"malaise",
       "target":"p-hxexam_factor-other_3",
       "type":"flex0"},

      {
       "title":"sore mouth",
       "target":"p-hxexam_factor-other_4",
       "type":"flex0"},

      {
       "title":"loss of appetite",
       "target":"p-hxexam_factor-other_5",
       "type":"flex0"},

      {
       "title":"sore throat",
       "target":"p-hxexam_factor-other_6",
       "type":"flex0"}      ]},

    {
     "headers":
     [

      {
       "title":"uncommon",
       "type":"header1"}      ],
     "cells":
     [

      {
       "title":"rash and/or vesicles on the buttocks",
       "target":"p-hxexam_factor-other_7",
       "type":"flex0"},

      {
       "title":"abdominal pain",
       "target":"p-hxexam_factor-other_8",
       "type":"flex0"},

      {
       "title":"diarrhea",
       "target":"p-hxexam_factor-other_9",
       "type":"flex0"},

      {
       "title":"cough",
       "target":"p-hxexam_factor-other_10",
       "type":"flex0"},

      {
       "title":"tongue erythema/edema",
       "target":"p-hxexam_factor-other_11",
       "type":"flex0"},

      {
       "title":"arthralgia",
       "target":"p-hxexam_factor-other_12",
       "type":"flex0"}      ]}    ],
   "type":"table"},

  {
   "id":"p-test-t_0",
   "title":"viral culture",
   "html":"<html><div class=\"cell\"><div class=\"cellBlock\"><div class=\"cellTitle\">Result</div><div class=\"cellBody\">isolation of EV71 virus</div><div class=\"cellTitle\">Test Details</div><div class=\"cellBody\"><li>Only used if exposure to enterovirus 71 (EV71) is a possibility (e.g., recent travel to East or Southeast Asia).</li><li>Culture from stool or vesicle fluid is preferred, although a throat swab may also be used.</li></div></div></div></html>",
   "type":"web"},

  {
   "id":"p-test-t_1",
   "title":"CBC",
   "html":"<html><div class=\"cell\"><div class=\"cellBlock\"><div class=\"cellTitle\">Result</div><div class=\"cellBody\">elevated WBC count, atypical lymphocytes</div><div class=\"cellTitle\">Test Details</div><div class=\"cellBody\"><li>Only used if exposure to enterovirus 71 (EV71) is a possibility (e.g., recent travel to East or Southeast Asia).</li></div></div></div></html>",
   "type":"web"},

  {
   "id":"tests",
   "sections":
   [

    {
     "headerText":"Other Tests to Consider",
     "cells":
     [

      {
       "target":"p-test-t_0",
       "title":"viral culture",
       "type":"flex0"},

      {
       "target":"p-test-t_1",
       "title":"CBC",
       "type":"flex0"}      ]}    ],
   "type":"table"},

  {
   "id":"differentials",
   "sections":
   [

    {
     "cells":
     [

      {
       "title":"Aphthous stomatitis or oral aphthous ulcers",
       "type":"flex0",
       "targetHTML":"<div class=\"cell\"><div class=\"cellBlock\"><div class=\"cellTitle\">Signs/Sx</div><div class=\"cellBody\"><ul><li>Ulcers are on the mucosal surfaces of the mouth.</li><li>The child is well, with no fever, malaise, or rash.</li></ul></div><div class=\"cellTitle\">Tests</div><div class=\"cellBody\"><ul><li>Diagnosis is clinical.</li></ul></div><a href=\"epoc://dx/monograph/564\"><b class=\"view-dx-monograph\">View Dx Monograph</b></a></div></div>"},

      {
       "title":"Herpes simplex",
       "type":"flex0",
       "targetHTML":"<div class=\"cell\"><div class=\"cellBlock\"><div class=\"cellTitle\">Signs/Sx</div><div class=\"cellBody\"><ul><li>In most cases, there is a high fever, &gt;100.4°F (&gt;38°C).</li><li>Acute gingivitis and widespread oral ulceration are present.</li><li>On the skin, the vesicles are small and oval, on an erythematous base, and grouped together.</li><li>Usually no rash on the palms and soles, although young children who suck their fingers or toes may have lesions on 1 or 2 digits.<a href=\"epoc://current?article=8\">[8]</a></li></ul></div><div class=\"cellTitle\">Tests</div><div class=\"cellBody\"><ul><li>A Tzanck smear of vesicle fluid will show multinucleated giant cells.</li><li>A direct fluorescent antigen test for herpes simplex virus can also be done.</li><li>These tests are rarely indicated as the diagnosis can usually be made clinically.</li></ul></div><a href=\"epoc://dx/monograph/53\"><b class=\"view-dx-monograph\">View Dx Monograph</b></a></div></div>"},

      {
       "title":"Herpangina",
       "type":"flex0",
       "targetHTML":"<div class=\"cell\"><div class=\"cellBlock\"><div class=\"cellTitle\">Signs/Sx</div><div class=\"cellBody\"><ul><li>Cervical lymphadenopathy is present, and ulcers are also seen on the soft palate.</li><li>A rash does not usually occur.<a href=\"epoc://current?article=8\">[8]</a></li></ul></div><div class=\"cellTitle\">Tests</div><div class=\"cellBody\"><ul><li>Diagnosis is clinical.</li></ul></div></div></div>"},

      {
       "title":"Chickenpox",
       "type":"flex0",
       "targetHTML":"<div class=\"cell\"><div class=\"cellBlock\"><div class=\"cellTitle\">Signs/Sx</div><div class=\"cellBody\"><ul><li>The rash is usually limited to the trunk and extremities and highly pruritic. The classic lesion is a round vesicle on an erythematous base that evolves into a pustule.<a href=\"epoc://current?article=8\">[8]</a></li></ul></div><div class=\"cellTitle\">Tests</div><div class=\"cellBody\"><ul><li>A direct fluorescent antigen test for varicella virus.</li></ul></div><a href=\"epoc://dx/monograph/603\"><b class=\"view-dx-monograph\">View Dx Monograph</b></a></div></div>"}      ]}    ],
   "type":"table"},

  {
   "id":"diag_approach",
   "title":"Hand-foot-mouth disease",
   "html":"<div class=\"cell\"><div class=\"cellBlock\"><div class=\"cellBody\"><P>This is a minor illness causing only a few days of fever and relatively mild signs and symptoms. Diagnosis is usually clinical, based on a typical history and characteristic clinical features. Testing is not typically warranted unless exposure to enterovirus 71 (EV71) is a possibility. EV71 causes a more severe illness and requires greater vigilance to detect complications early.</P></div><div class=\"cellTitle\">History</div><div class=\"cellBody\"><P>In most cases, the patient is &lt;10 years of age and presents with a sudden onset of low-grade fever, loss of appetite, sore throat, cough, abdominal pain, diarrhea, and general malaise. Arthralgia occurs occasionally. This prodromal period may last 3 to 4 days and is typically followed by sores appearing on the oral mucosa. Rash on the palms of the hands and soles of the feet and on the buttocks can follow within 1 or 2 days. The disease may cause all of the above signs and symptoms or just a few of them.</P></div><div class=\"cellTitle\">Physical exam</div><div class=\"cellBody\"><P>The oropharynx is inflamed, with scattered papules, macules, vesicles, or ulcers on an erythematous base present on the tongue, pharynx, buccal mucosa, gingiva, and occasionally the lips. If the child presents late, only yellowish ulcerations will be seen, as vesicles tend to rupture quickly. The ulcers are 4 to 8 mm in size and may be sharply marginated. Lesions do not usually involve the soft palate, and generalized ulceration in the mouth is unusual. Erythema and edema of the tongue may also occur.</P><P>There is usually an acral rash involving the palms and soles, with small oval or linear gray-white vesicopustules. The vesicles are flaccid and thin-walled, with an erythematous halo. They may occasionally be painful or pruritic. They tend to ulcerate and become crusted. Lesions heal within 1 week. A maculopapular rash may be seen on the buttocks in infants and small children, but it does not usually ulcerate.<a href=\"epoc://current?article=6\">[6]</a> <a href=\"epoc://current?article=7\">[7]</a> <a href=\"epoc://current?article=8\">[8]</a> Younger children tend to have all the features, whereas older children may have only the oral lesions or the acral lesions.</P><P><a class=\"inlineImage\" href=\"epoc://current?view=p-images-i_1\">Image</a></P><P>In EV71 infection, the rash may be more papular, with petechiae. Also, diffuse areas of erythema may be seen on the trunk and limbs. In addition, vomiting and a high fever of &gt;102.2°F (&gt;39°C) lasting &gt;3 days are more common, with accompanying headache and irritability. Infection with this virus is more severe, with a significantly greater frequency of serious complications and fatality.<a href=\"epoc://current?article=9\">[9]</a> <a href=\"epoc://current?article=10\">[10]</a> <a href=\"epoc://current?article=11\">[11]</a> <a href=\"epoc://current?article=12\">[12]</a> </P></div><div class=\"cellTitle\">Laboratory tests</div><div class=\"cellBody\"><P>Laboratory testing may be necessary and helpful if exposure to EV71 is a possibility, such as with recent travel to East or Southeast Asian countries. To identify the causative virus, culture from stool or vesicle fluid is preferred, although a throat swab may also be used. PCR molecular assays can rapidly distinguish between coxsackievirus A16 and enterovirus 71, but these are not widely available. Complete blood count is not needed routinely, but if done will reveal an elevated white blood cell count and atypical lymphocytes.</P></div></div></div>",
   "type":"web"},

  {
   "id":"followup",
   "title":"Hand-foot-mouth disease",
   "html":"<div class=\"cell\"><div class=\"cellBlock\"><div class=\"cellTitle\">Prognosis</div><div class=\"cellBody\"><div class=\"cellBody\"><P>Spontaneous recovery with no complications is normal, and therefore follow-up is not usually required. However, infection with enterovirus 71, which occurs most often in East and Southeast Asian countries, has caused more severe illness, with significant associated morbidity and mortality; one study from Taiwan found that 4% of patients had long-term sequelae, and death occurred in 8% of patients.<a href=\"epoc://current?article=10\">[10]</a> </P></div></div><div class=\"cellTitle\">Patient Instructions</div><div class=\"cellBody\"><P>Patients and their parents or caregivers should pay particular attention to hand washing before and after personal care and food-preparation activities. Because the disease is highly contagious, people with the illness should limit their exposure to others while they have active signs and symptoms.<a href=\"http://www.cdc.gov/hand-foot-mouth/index.html\">CDC: hand, foot, and mouth disease</a> <a href=\"http://www.mayoclinic.com/health/hand-foot-and-mouth-disease/DS00599\">Mayo Clinic: hand-foot-and-mouth disease</a> </P><P>Patients should be advised that certain foods and drinks may cause stinging in the mouth when consumed. They should avoid food and drinks that are hot, spicy, salty, or acidic. Cold drinks such as milk or ice-water tend to be soothing.</P></div></div></div>",
   "type":"web"},

  {
   "id":"prevention",
   "title":"Hand-foot-mouth disease",
   "html":"<div class=\"cell\"><div class=\"cellBlock\"><div class=\"cellTitle\">Prevention</div><div class=\"cellBody\"><h4>Primary Prevention</h4><P>The risk of infection can be lowered by following good hygiene practices. Patients and their parents or caregivers should pay particular attention to hand washing before and after personal care and food-preparation activities. Items and surfaces contaminated with body fluids should be cleaned with diluted bleach solutions. Because the disease is highly contagious, people with the illness should limit their exposure to others while they have active signs and symptoms. The disease is most contagious during the first week of illness, but the virus may spread after the signs and symptoms have disappeared because it persists in fecal material for up to 1 month.<a href=\"http://www.cdc.gov/hand-foot-mouth/index.html\">CDC: hand, foot, and mouth disease</a> In parts of Asia where the disease is thought to be caused by enterovirus 71 (EV71) and to lead to epidemics, a vaccine is now available.<a href=\"epoc://current?article=16\">[16]</a> <a href=\"epoc://current?article=17\">[17]</a> <a href=\"epoc://current?article=18\">[18]</a> </P><h4>Secondary Prevention</h4><P>Good hygiene practices will help prevent the spread of the infection. In outbreaks that occur in institutional settings, this is more important. Items and surfaces that may have been contaminated with body fluids such as saliva, vesicle fluid, or feces should be washed and disinfected with a diluted solution of chlorine-containing bleach.</P><P>As a general rule, people with the infection should keep away from public places. However, the CDC has no specific guidelines on whether infected children should attend childcare, school, or other group settings. The spread of the infection may be reduced if children are kept at home during the first few days of illness, when they have vesicles in their mouths and drool, or if they have weeping lesions on their hands. However, this will not prevent the spread of the infection, since the virus may still be excreted for weeks after symptoms have ended.<a href=\"http://www.cdc.gov/hand-foot-mouth/index.html\">CDC: hand, foot, and mouth disease</a> </P></div></div></div>",
   "type":"web"},

  {
   "id":"complications",
   "sections":
   [

    {
     "headerText":"Medium Likelihood",
     "cells":
     [

      {
       "title":"volume depletion",
       "type":"flex0",
       "targetHTML":"<div class=\"cell\"><div class=\"cellBlock\"><div class=\"cellBody\"><P>Due to reduced fluid intake secondary to the painful mouth ulcers. Adequate fluid replacement (oral or intravenous) according to the patient's age and clinical condition will be required.</P><A href=\"epoc://dx/monograph/706\"><B class=\"view-dx-monograph\">View Dx monograph</B></A></div></div></div>"},

      {
       "title":"secondary bacterial infection",
       "type":"flex0",
       "targetHTML":"<div class=\"cell\"><div class=\"cellBlock\"><div class=\"cellBody\"><P>Patients with localized or diffuse spreading skin erythema and/or persistent fever should be evaluated for infection and considered for empiric oral antibiotic coverage.</P></div></div></div>"}      ]},

    {
     "headerText":"Low Likelihood",
     "cells":
     [

      {
       "title":"enterovirus 71 (EV71)-related encephalitis or encephalomyelitis",
       "type":"flex0",
       "targetHTML":"<div class=\"cell\"><div class=\"cellBlock\"><div class=\"cellBody\"><P>Infection with EV71 may lead to this complication.</P><P>An acute or subacute onset of a febrile illness, altered mental status, focal neurologic abnormalities, and seizures raises suspicion for this condition.</P><P>The patient should be admitted to the hospital for symptomatic and supportive treatment.</P><A href=\"epoc://dx/monograph/436\"><B class=\"view-dx-monograph\">View Dx monograph</B></A></div></div></div>"},

      {
       "title":"EV71-related flaccid paralysis (polio-like syndrome)",
       "type":"flex0",
       "targetHTML":"<div class=\"cell\"><div class=\"cellBlock\"><div class=\"cellBody\"><P>Infection with EV71 may lead to this complication.</P><P>The patient will have limb weakness.</P><P>The patient should be admitted to the hospital for symptomatic and supportive treatment.</P></div></div></div>"},

      {
       "title":"EV71-related aseptic meningitis",
       "type":"flex0",
       "targetHTML":"<div class=\"cell\"><div class=\"cellBlock\"><div class=\"cellBody\"><P>Infection with EV71 may lead to aseptic meningitis.</P><P>Viral meningitis may cause fever, headache, stiff neck, or back pain.</P><P>The patient should be admitted to the hospital for symptomatic and supportive treatment.</P><A href=\"epoc://dx/monograph/540\"><B class=\"view-dx-monograph\">View Dx monograph</B></A></div></div></div>"},

      {
       "title":"EV71-related myocarditis",
       "type":"flex0",
       "targetHTML":"<div class=\"cell\"><div class=\"cellBlock\"><div class=\"cellBody\"><P>Infection with EV71 may lead to this complication.</P><P>Symptoms may include chest pain, dyspnea, orthopnea, syncope, fatigue, and palpitations.</P><P>The patient should be admitted to the hospital for symptomatic and supportive treatment.</P><A href=\"epoc://dx/monograph/244\"><B class=\"view-dx-monograph\">View Dx monograph</B></A></div></div></div>"},

      {
       "title":"EV71-related pulmonary edema and hemorrhage",
       "type":"flex0",
       "targetHTML":"<div class=\"cell\"><div class=\"cellBlock\"><div class=\"cellBody\"><P>Infection with EV71 may lead to these complications.</P><P>The patient will have shortness of breath and respiratory distress.</P><P>The patient should be admitted to the hospital for symptomatic and supportive treatment.</P></div></div></div>"},

      {
       "title":"congenital EV71 infection",
       "type":"flex0",
       "targetHTML":"<div class=\"cell\"><div class=\"cellBlock\"><div class=\"cellBody\"><P>Can occur when a woman contracts EV71 infection during her pregnancy.<a href=\"epoc://current?article=20\">[20]</a></P><P>Fetal damage can occur during gestation, and infection can be associated with numerous congenital abnormalities and death.</P></div></div></div>"},

      {
       "title":"spontaneous miscarriage",
       "type":"flex0",
       "targetHTML":"<div class=\"cell\"><div class=\"cellBlock\"><div class=\"cellBody\"><P>Can occur when a woman has hand-foot-and-mouth disease caused by coxsackievirus A16 during pregnancy.<a href=\"epoc://current?article=21\">[21]</a></P><A href=\"epoc://dx/monograph/666\"><B class=\"view-dx-monograph\">View Dx monograph</B></A></div></div></div>"}      ]}    ],
   "type":"table"},

  {
   "id":"p-tx-c_0",
   "title":"ignoreme",
   "html":"<html><div class=\"cell\"><div class=\"cellBlock\"><div class=\"cellTitle\">Primary Options</div><div class=\"cellBody\"><UL class=\"tx-options\"><LI><span><A href=\"epoc://rx/monograph/306\">acetaminophen</A>: children &lt;12 years of age: 15 mg/kg orally every 4-6 hours when required, maximum 75 mg/kg/day; children &gt;12 years of age: 325-1000 mg orally every 4-6 hours when required, maximum 4000 mg/day<BR></span></LI><LI><span><A href=\"epoc://rx/monograph/233\">ibuprofen</A>: children &lt;12 years of age: 5-10 mg/kg orally every 6-8 hours when required, maximum 40 mg/kg/day; children &gt;12 years of age: 400-600 mg every 4-6 hours when required, maximum 2400 mg/day<BR></span></LI></UL></div><div class=\"cellTitle\">Comments</div><div class=\"cellBody\"><ul><li>Simple oral analgesics and antipyretics such as acetaminophen and ibuprofen may be used to lower fever and relieve pain.</li><li>Aspirin is not recommended for fever due to its association with Reye syndrome.</li></ul></div></div></div></html>",
   "type":"web"},

  {
   "id":"p-tx-c_1",
   "title":"ignoreme",
   "html":"<html><div class=\"cell\"><div class=\"cellBlock\"><div class=\"cellTitle\">Primary Options</div><div class=\"cellBody\"><UL class=\"tx-options\"><LI><span><A href=\"epoc://rx/monograph/6709\">lidocaine oropharyngeal viscous solution</A>: (2%) apply to the affected area(s) with a cotton-tip applicator up to three times daily when required<BR></span></LI></UL></div><div class=\"cellTitle\">Comments</div><div class=\"cellBody\"><ul><li>Lidocaine can be used topically as an initial treatment for small, sparse mouth ulcers.</li><li>A mixture of aluminum and magnesium hydroxide, diphenhydramine, and viscous lidocaine with or without sucralfate can also be used topically for symptomatic pain control of mouth ulcers. A pharmacist must be consulted to make up this mixture.</li><li>Swishing elixir or mixture around in the mouth is not suitable for young children; mixture should be applied using a cotton-tipped applicator.</li></ul></div></div></div></html>",
   "type":"web"},

  {
   "id":"p-tx-c_2",
   "title":"ignoreme",
   "html":"<html><div class=\"cell\"><div class=\"cellBlock\"><div class=\"cellTitle\">Comments</div><div class=\"cellBody\"><ul><li>Maintaining adequate fluid and nutritional intake is important but may be difficult in patients with oral ulcers.</li><li>For children with moderate-to-severe dehydration, intravenous hydration may be necessary.</li></ul></div></div></div></html>",
   "type":"web"},

  {
   "id":"tx-0",
   "sections":
   [

    {
     "cells":
     [

      {
       "target":"p-tx-c_0",
       "title":"analgesics and antipyretics",
       "flag":"1st",
       "type":"flex1"},

      {
       "target":"p-tx-c_1",
       "title":"topical anesthetics",
       "flag":"adj.",
       "type":"flex1"},

      {
       "target":"p-tx-c_2",
       "title":"adequate fluid and nutritional intake",
       "flag":"adj.",
       "type":"flex1"}      ]}    ],
   "type":"table"},

  {
   "id":"p-tx-p_0",
   "title":"ignoreme",
   "html":"<html><div class=\"cell\"><div class=\"cellBlock\"><div class=\"cellTitle\">Primary Options</div><div class=\"cellBody\"><UL class=\"tx-options\"><LI><span><A href=\"epoc://rx/monograph/306\">acetaminophen</A>: children &lt;12 years of age: 15 mg/kg orally every 4-6 hours when required, maximum 75 mg/kg/day; children &gt;12 years of age: 325-1000 mg orally every 4-6 hours when required, maximum 4000 mg/day<BR></span></LI><LI><span><A href=\"epoc://rx/monograph/233\">ibuprofen</A>: children &lt;12 years of age: 5-10 mg/kg orally every 6-8 hours when required, maximum 40 mg/kg/day; children &gt;12 years of age: 400-600 mg every 4-6 hours when required, maximum 2400 mg/day<BR></span></LI></UL></div><div class=\"cellTitle\">Comments</div><div class=\"cellBody\"><ul><li>Simple oral analgesics and antipyretics such as acetaminophen and ibuprofen may be used to lower fever and relieve pain.</li><li>Aspirin is not recommended for fever due to its association with Reye syndrome.</li></ul></div></div></div></html>",
   "type":"web"},

  {
   "id":"p-tx-p_1",
   "title":"ignoreme",
   "html":"<html><div class=\"cell\"><div class=\"cellBlock\"><div class=\"cellTitle\">Primary Options</div><div class=\"cellBody\"><UL class=\"tx-options\"><LI><span><A href=\"epoc://rx/monograph/6709\">lidocaine oropharyngeal viscous solution</A>: (2%) apply to the affected area(s) with a cotton-tip applicator up to three times daily when required<BR></span></LI></UL></div><div class=\"cellTitle\">Comments</div><div class=\"cellBody\"><ul><li>Lidocaine can be used topically as an initial treatment for small, sparse mouth ulcers.</li><li>A mixture of aluminum and magnesium hydroxide, diphenhydramine, and viscous lidocaine with or without sucralfate can also be used topically for symptomatic pain control of mouth ulcers. A pharmacist must be consulted to make up this mixture.</li><li>Swishing elixir or mixture around in the mouth is not suitable for young children; mixture should be applied using a cotton-tipped applicator.</li></ul></div></div></div></html>",
   "type":"web"},

  {
   "id":"p-tx-p_2",
   "title":"ignoreme",
   "html":"<html><div class=\"cell\"><div class=\"cellBlock\"><div class=\"cellTitle\">Comments</div><div class=\"cellBody\"><ul><li>Maintaining adequate fluid and nutritional intake is important but may be difficult in patients with oral ulcers.</li><li>For children with moderate-to-severe dehydration, intravenous hydration may be necessary.</li></ul></div></div></div></html>",
   "type":"web"},

  {
   "id":"p-tx-c_3",
   "title":"ignoreme",
   "html":"<html><div class=\"cell\"><div class=\"cellBlock\"><div class=\"cellTitle\">Comments</div><div class=\"cellBody\"><ul><li>Complications are rare. Hospitalization and supportive treatment for complications is likely to be required for these patients.</li><li>The complications that can occur with enterovirus 71 (EV71) infection include aseptic meningitis, encephalitis, encephalomyelitis, pulmonary edema, pulmonary hemorrhage, myocarditis, a polio-like syndrome, and death.<a href=\"epoc://current?article=9\">[9]</a> <a href=\"epoc://current?article=10\">[10]</a> <a href=\"epoc://current?article=11\">[11]</a> <a href=\"epoc://current?article=12\">[12]</a> </li><li>In immunocompromised patients, symptoms may be more severe and prolonged.</li></ul></div></div></div></html>",
   "type":"web"},

  {
   "id":"tx-3",
   "sections":
   [

    {
     "cells":
     [

      {
       "target":"p-tx-p_0",
       "title":"analgesics and antipyretics",
       "flag":"1st",
       "type":"flex1"},

      {
       "target":"p-tx-p_1",
       "title":"topical anesthetics",
       "flag":"adj.",
       "type":"flex1"},

      {
       "target":"p-tx-p_2",
       "title":"adequate fluid and nutritional intake",
       "flag":"adj.",
       "type":"flex1"},

      {
       "target":"p-tx-c_3",
       "title":"hospitalization and supportive treatment",
       "flag":"plus",
       "type":"flex1"}      ]}    ],
   "type":"table"},

  {
   "id":"p-images-i_1",
   "title":"Images",
   "type":"image",
   "image_refs":
   [
0,
1    ]},

  {
   "id":"p-images-i_2",
   "title":"Images",
   "type":"image",
   "image_refs":
   [
0    ]},

  {
   "id":"p-images-i_3",
   "title":"Images",
   "type":"image",
   "image_refs":
   [
1    ]}  ],
 "citations":
 {
  "articles":
  [

   {
    "id":1,
    "key_article":false,
    "ref_article":true,
    "html":"Robinson CR, Doane FW, Rhodes AJ. Report of an outbreak of febrile illness with pharyngeal lesions and exanthem: Toronto, summer 1957; isolation of group A Coxsackie virus. Can Med Assoc J. 1958;79:615-621.<a href=\"http://www.ncbi.nlm.nih.gov/pubmed/13585281\"> [Abstract]</a><a href=\"http://www.ncbi.nlm.nih.gov/pmc/articles/PMC1830188/pdf/canmedaj00791-0002.pdf\"> [Full Text]</a>"},

   {
    "id":2,
    "key_article":true,
    "ref_article":true,
    "html":"Alsop J, Flewett TH, Foster JR. \"Hand-foot-and-mouth disease\" in Birmingham in 1959. Br Med J. 1960;2:1708-1711.<a href=\"http://www.ncbi.nlm.nih.gov/pubmed/13682692\"> [Abstract]</a><a href=\"http://www.pubmedcentral.nih.gov/picrender.fcgi?artid=2098292&amp;blobtype=pdf\"> [Full Text]</a>"},

   {
    "id":3,
    "key_article":false,
    "ref_article":true,
    "html":"Miller GD, Tindall JP. Hand-foot-and-mouth disease. JAMA. 1968;203:827-830.<a href=\"http://www.ncbi.nlm.nih.gov/pubmed/5694203\"> [Abstract]</a>"},

   {
    "id":4,
    "key_article":false,
    "ref_article":true,
    "html":"Chang LY, King CC, Hsu KH, et al. Risk factors of enterovirus 71 infection and associated hand, foot, and mouth disease/herpangina in children during an epidemic in Taiwan. Pediatrics. 2002;109:e88.<a href=\"http://www.ncbi.nlm.nih.gov/pubmed/12042582\"> [Abstract]</a><a href=\"http://pediatrics.aappublications.org/cgi/content/full/109/6/e88\"> [Full Text]</a>"},

   {
    "id":5,
    "key_article":true,
    "ref_article":true,
    "html":"Ishimaru Y, Nakano S, Yamaoka K, et al. Outbreaks of hand, foot, and mouth disease by enterovirus 71. High incidence of complication disorders of central nervous system. Arch Dis Child. 1980;55:583-588.<a href=\"http://www.ncbi.nlm.nih.gov/pubmed/6254449\"> [Abstract]</a><a href=\"http://www.ncbi.nlm.nih.gov/pmc/articles/PMC1627055/pdf/archdisch00778-0009.pdf\"> [Full Text]</a>"},

   {
    "id":6,
    "key_article":true,
    "ref_article":true,
    "html":"Dolin R. Hand-foot-and-mouth disease. In: Freedberg I, ed. Fitzpatrick's dermatology in general medicine. 6th ed. New York, NY: McGraw-Hill; 2003:2049-2052."},

   {
    "id":7,
    "key_article":true,
    "ref_article":true,
    "html":"Weston WL, Lane AT, Morelli JG. Color textbook of pediatric dermatology. 3rd ed. St Louis, MO: Mosby Inc.; 2002:108-109."},

   {
    "id":8,
    "key_article":false,
    "ref_article":true,
    "html":"Krafchik BR, Tellier R. Viral exanthems. In: Harper J, Oranje A, Prose N, eds. Textbook of pediatric dermatology. 2nd ed. Hoboken, NJ: Wiley-Blackwell. 2005:415-416."},

   {
    "id":9,
    "key_article":true,
    "ref_article":true,
    "html":"Chang LY, Tsao KC, Hsia SH, et al. Transmission and clinical features of enterovirus 71 infections in household contacts in Taiwan. JAMA. 2004;291:222-227.<a href=\"http://www.ncbi.nlm.nih.gov/pubmed/14722149\"> [Abstract]</a><a href=\"http://jama.ama-assn.org/cgi/content/full/291/2/222\"> [Full Text]</a>"},

   {
    "id":10,
    "key_article":false,
    "ref_article":true,
    "html":"Chang LY, Huang LM, Gau SS, et al. Neurodevelopment and cognition in children after enterovirus 71 infection. N Engl J Med. 2007;356:1226-1234.<a href=\"http://www.ncbi.nlm.nih.gov/pubmed/17377160\"> [Abstract]</a><a href=\"http://www.nejm.org/doi/full/10.1056/NEJMoa065954#t=article\"> [Full Text]</a>"},

   {
    "id":11,
    "key_article":true,
    "ref_article":true,
    "html":"Chang LY, Lin TY, Huang YC, et al. Comparison of enterovirus 71 and coxsackie-virus A16 clinical illnesses during the Taiwan enterovirus epidemic, 1998. Pediatr Infect Dis J. 1999;18:1092-1096.<a href=\"http://www.ncbi.nlm.nih.gov/pubmed/10608631\"> [Abstract]</a>"},

   {
    "id":12,
    "key_article":false,
    "ref_article":true,
    "html":"Lee TC, Guo HR, Su HJ, et al. Diseases caused by enterovirus 71 infection. Pediatr Infect Dis J. 2009;28:904-910.<a href=\"http://www.ncbi.nlm.nih.gov/pubmed/20118685\"> [Abstract]</a>"},

   {
    "id":13,
    "key_article":false,
    "ref_article":true,
    "html":"Centers for Disease Control and Prevention. CDC Yellow Book 2020: Health Information for International Travel. New York: Oxford University Press; 2020. <a href=\"https://wwwnc.cdc.gov/travel/page/yellowbook-home\"> [Full Text]</a>"},

   {
    "id":14,
    "key_article":false,
    "ref_article":true,
    "html":"World Health Organization. Emerging disease surveillance and response. Hand, foot and mouth disease information sheet. 2012 [internet publication].<a href=\"http://www.wpro.who.int/emerging_diseases/hfmd.information.sheet/en/\"> [Full Text]</a>"},

   {
    "id":15,
    "key_article":false,
    "ref_article":true,
    "html":"Qiu J, Yan H, Cheng N, et al. The clinical and epidemiological study of children with hand, foot, and mouth disease in Hunan, China from 2013 to 2017. Sci Rep. 2019 Aug 12;9(1):11662.<a href=\"http://www.ncbi.nlm.nih.gov/pubmed/31406192\"> [Abstract]</a><a href=\"https://www.doi.org/10.1038/s41598-019-48259-1\"> [Full Text]</a>"},

   {
    "id":16,
    "key_article":true,
    "ref_article":true,
    "html":"Zhu FC, Meng FY, Li JX, et al. Efficacy, safety, and immunology of an inactivated alum-adjuvant enterovirus 71 vaccine in children in China: a multicentre, randomised, double-blind, placebo-controlled, phase 3 trial. Lancet. 2013;381:2024-2032.<a href=\"http://www.ncbi.nlm.nih.gov/pubmed/23726161\"> [Abstract]</a>"},

   {
    "id":17,
    "key_article":false,
    "ref_article":true,
    "html":"Zhu F, Xu W, Xia J, et al. Efficacy, safety, and immunogenicity of an enterovirus 71 vaccine in China. N Engl J Med. 2014;370:818-828.<a href=\"http://www.ncbi.nlm.nih.gov/pubmed/24571754\"> [Abstract]</a>"},

   {
    "id":18,
    "key_article":false,
    "ref_article":true,
    "html":"Li R, Liu L, Mo Z, et al. An inactivated enterovirus 71 vaccine in healthy children. N Engl J Med. 2014;370:829-837.<a href=\"http://www.ncbi.nlm.nih.gov/pubmed/24571755\"> [Abstract]</a>"},

   {
    "id":19,
    "key_article":false,
    "ref_article":true,
    "html":"Tsao KC, Chang PY, Ning HC, et al. Use of molecular assay in diagnosis of hand, foot and mouth disease caused by enterovirus 71 or coxsackievirus A 16. J Virol Methods. 2002;102:9-14.<a href=\"http://www.ncbi.nlm.nih.gov/pubmed/11879688\"> [Abstract]</a>"},

   {
    "id":20,
    "key_article":false,
    "ref_article":true,
    "html":"Chow KC, Lee CC, Lin TY, et al. Congenital enterovirus 71 infection: a case study with virology and immunohistochemistry. Clin Infect Dis. 2000;31:509-512.<a href=\"http://www.ncbi.nlm.nih.gov/pubmed/10987713\"> [Abstract]</a>"},

   {
    "id":21,
    "key_article":false,
    "ref_article":true,
    "html":"Ogilvie MM, Tearne CF. Spontaneous abortion after hand-foot-and-mouth disease caused by Coxsackie virus A16. Br Med J. 1980;281:1527-1528.<a href=\"http://www.ncbi.nlm.nih.gov/pubmed/6254606\"> [Abstract]</a><a href=\"http://www.ncbi.nlm.nih.gov/pmc/articles/PMC1714960/pdf/brmedj00050-0021b.pdf\"> [Full Text]</a>"}   ],
  "online_refs":
  [

   {
    "id":1,
    "title":"CDC: hand, foot, and mouth disease",
    "url":"http://www.cdc.gov/hand-foot-mouth/index.html"},

   {
    "id":2,
    "title":"Mayo Clinic: hand-foot-and-mouth disease",
    "url":"http://www.mayoclinic.com/health/hand-foot-and-mouth-disease/DS00599"}   ]},
 "media":
 [

  {
   "file":"685-1.jpg",
   "thumb":"685-1-tn.jpg",
   "caption":"Hand, foot and mouth disease. Rash around the mouth of a 1 year old boy with hand foot and mouth disease (HFMD). HFMD is caused by intestinal viruses of the picornaviridae family. The most common strains causing HFMD are coxsackie A virus A16 and enterovirus 71 (EF-71).",
   "hilight":"false",
   "iline":"false",
   "auth":"false",
   "source":"Dr P. Marazzi/Science Photo Library"},

  {
   "file":"685-2.jpg",
   "thumb":"685-2-tn.jpg",
   "caption":"Hand, foot and mouth disease. Close-up of a blisters (known as vesicles) on the hand of a 3 year old boy with hand foot and mouth disease (HFMD). HFMD is caused by intestinal viruses of the picornaviridae family. The most common strains causing HFMD are coxsackie A virus A16 and enterovirus 71 (EF-71).",
   "hilight":"false",
   "iline":"false",
   "auth":"false",
   "source":"Dr P. Marazzi/Science Photo Library "}  ]}