
{
 "id":732,
 "title":"Craniopharyngioma",
 "views":
 [

  {
   "id":"root",
   "type":"table",
   "sections":
   [

    {
     "cells":
     [

      {
       "target":"highlights",
       "title":"Highlights & Basics",
       "type":"flex0"}      ]},

    {
     "cells":
     [

      {
       "target":"tx_options",
       "title":"Treatment Options",
       "type":"flex0"},

      {
       "target":"tx_emerging",
       "title":"Emerging Treatments",
       "type":"flex0"},

      {
       "target":"tx_approach",
       "title":"Treatment Approach",
       "type":"flex0"},

      {
       "target":"hxexam",
       "title":"History & Exam",
       "type":"flex0"},

      {
       "target":"tests",
       "title":"Tests",
       "type":"flex0"},

      {
       "target":"differentials",
       "title":"Differential Diagnosis",
       "type":"flex0"},

      {
       "target":"diag_approach",
       "title":"Diagnostic Approach",
       "type":"flex0"},

      {
       "target":"followup",
       "title":"Follow-up",
       "type":"flex0"},

      {
       "target":"complications",
       "title":"Complications",
       "type":"flex0"}      ]}    ]},

  {
   "id":"highlights",
   "title":"Craniopharyngioma",
   "html":"<div class=\"cell\"><div class=\"cellBlock\"><div class=\"cellTitle\">Key Highlights</div><div class=\"cellBody\"><ul><li>Benign nonglial epithelial CNS tumor, constituting 1% to 3% of intracranial tumors in adults, most often located near the optic chiasm.</li><li>Bimodal age incidence with 50% in children aged between 5 and 14 years and a second peak in adults 50 to 70 years of age.</li><li>Common acute presentations are sudden visual loss and symptoms of intracranial hypertension.</li><li>Pituitary dysfunction is also common; children may present with growth failure and adults with diabetes insipidus and sexual dysfunction.</li><li>Primary treatment consists of surgery. Following surgery, radiation therapy may be required.</li><li>The majority of patients require adjunctive endocrine replacement therapy.</li></ul></div><div class=\"cellTitle\">Definition</div><div class=\"cellBody\"><P>Craniopharyngiomas are benign, extra-axial, nonglial epithelial tumors of the CNS and are seen in both children and adults. They most commonly arise within the sellar/suprasellar space. Clinically, craniopharyngiomas cause mass effect symptoms, including visual loss or symptoms of intracranial hypertension. In addition, pituitary dysfunction is common and the majority of patients will have an associated endocrinopathy.</P></div><div class=\"cellTitle\">Classification</div><div class=\"cellBody\"><h3>Pathological classification<a href=\"epoc://current?article=1\">[1]</a> </h3><P>Adamantinous type (&gt;80% of tumors):</P><ul><li>Adamantinous epithelium, with calcification, keratin nodule formation; often poorly demarcated from brain.<a class=\"inlineImage\" href=\"epoc://current?view=p-images-i_1\">Image</a></li></ul><P>Squamous papillary type (&lt;20% of tumors):</P><ul><li>Squamous epithelium, with squamous papillary formations; well demarcated from brain; occur mostly in adults.</li></ul></div><div class=\"cellTitle\">Epidemiology</div><div class=\"cellBody\"><P>Craniopharyngioma is a common intracranial tumor constituting 6% to 13% of all childhood brain tumors and 1% to 3% of all adult brain tumors, with a stable incidence of approximately 1 to 1.5 cases per 1,000,000 per year.<a href=\"epoc://current?article=4\">[4]</a> <a href=\"epoc://current?article=7\">[7]</a> <a href=\"epoc://current?article=12\">[12]</a> It is the most common sellar region tumor in childhood, and the most common nonglial intracranial tumor. Although it may present at any age, a bimodal age distribution is reported with a peak between 5 and 14 years of age in children and between 50 and 70 years of age in adults.<a href=\"epoc://current?article=4\">[4]</a> <a href=\"epoc://current?article=7\">[7]</a> <a href=\"epoc://current?article=12\">[12]</a> <a href=\"epoc://current?article=13\">[13]</a> Craniopharyngioma is found worldwide and has no gender preference.<a href=\"epoc://current?article=4\">[4]</a> One study has found a higher incidence rate in black people, although any racial disparity will need to be confirmed in further studies.<a href=\"epoc://current?article=14\">[14]</a> </P></div><div class=\"cellTitle\">Etiology</div><div class=\"cellBody\"><P>The etiology of craniopharyngioma is unknown at present and the pathogenesis is not completely understood. The tumor epithelium is thought to originate in either of 2 ways: from embryologic remnants or by metaplasia of mature tissues.<a href=\"epoc://current?article=4\">[4]</a> <a href=\"epoc://current?article=11\">[11]</a> <a href=\"epoc://current?article=15\">[15]</a> The most common histologic form of craniopharyngioma, the adamantinous variant (present in nearly all childhood instances and the majority of those in adults), is thought to arise from neoplastic transformation of embryonic remnant squamous cell nests of the involuted craniopharyngeal duct (which in cranial development initially connects the Rathke pouch with the stomodeum).<a href=\"epoc://current?article=4\">[4]</a> <a href=\"epoc://current?article=11\">[11]</a> <a href=\"epoc://current?article=15\">[15]</a> During the process of growth and rotation of the Rathke pouch, leading to formation of the anterior pituitary, these cell remnants remain throughout the sellar region, extending superiorly to the median eminence. Their proliferation results in tumor formation. The metaplastic hypothesis suggests that the squamous variant (15% of all adult craniopharyngiomas) arises as a result of metaplasia of the adenohypophyseal cells in the pars tuberalis with formation of squamous cell nests.<a href=\"epoc://current?article=4\">[4]</a> <a href=\"epoc://current?article=11\">[11]</a> <a href=\"epoc://current?article=15\">[15]</a> On a molecular basis, the adamantinous variant has a dysregulated Wnt signaling pathway with excess beta-catenin accumulation.<a href=\"epoc://current?article=16\">[16]</a> As beta-catenin-mediated Wnt signaling regulates cellular proliferation, morphology, and development, mutations in genes encoding beta-catenin (e.g., CTNNB and APC) may play a role in tumor initiation and growth. Unlike the adamantinous variant, the squamous variant does not show evidence of accumulation of beta-catenin and dysregulated Wnt signaling, and the underlying mechanisms in this form are unclear.</P></div><div class=\"cellTitle\">Authors / Peer Reviewers</div><div class=\"cellBody\"><ul><li>Marc C. Chamberlain, MD</li><li>Daniel L. Silbergeld, MD</li><li>Larry Junck, MD</li><li>Jeff Raizer, MD</li><li>Ramez Kirollos, MBChB, FRCS(ed.), FRCS (Eng.), MD, FRSC (NeuroSurg.)</li><li>Keyoumars Ashkan, BA, BSc, MB BCh, MRCP, FRCS, FRCPS, FRCS(SN), MD</li></ul></div><br><b class=\"last-updated display-none\">Last Updated: 2018-11-28</b><div style=\"display: none\" class=\"last-updated\"><div class=\"last-updated-label\">Last Updated</div><div class=\"last-updated-date\">2018-11-28</div></div></div></div>",
   "type":"web"},

  {
   "id":"p-p_tx-c_0",
   "sections":
   [

    {
     "type":"table",
     "cells":
     [

      {
       "target":"tx-2",
       "title":"surgical biopsy only or incomplete surgical resection",
       "type":"flex0"},

      {
       "target":"tx-0",
       "title":"not otherwise specified",
       "type":"flex0"}      ]}    ],
   "type":"table"},

  {
   "id":"p-p_tx-c_3",
   "sections":
   [

    {
     "type":"table",
     "cells":
     [

      {
       "target":"tx-4",
       "title":"recurrent/refractory tumors",
       "type":"flex0"},

      {
       "target":"tx-3",
       "title":"not otherwise specified",
       "type":"flex0"}      ]}    ],
   "type":"table"},

  {
   "id":"tx_options",
   "sections":
   [

    {
     "headerText":"Acute",
     "cells":
     [

      {
       "target":"p-p_tx-c_0",
       "title":"at initial treatment",
       "type":"flex0"}      ]},

    {
     "headerText":"Ongoing",
     "cells":
     [

      {
       "target":"p-p_tx-c_3",
       "title":"post initial treatment",
       "type":"flex0"}      ]}    ],
   "type":"table"},

  {
   "id":"tx_emerging",
   "title":"Craniopharyngioma",
   "html":"<div class=\"cell\"><div class=\"cellBlock\"><div class=\"cellTitle\">Conformal radiotherapy</div><div class=\"cellBody\">Intensity-modulated radiotherapy (IMRT), by modulating the radiotherapy beams, allows external fractionated beam radiotherapy to be delivered more precisely, with less exposure of normal uninvolved brain tissue, and a higher dose directed to the tumor. However, it is considerably more expensive than conventional radiation therapy, and clinical data are limited.<a href=\"epoc://current?article=37\">[37]</a> <a href=\"epoc://current?article=53\">[53]</a> </div><div class=\"cellTitle\">Proton radiotherapy</div><div class=\"cellBody\">Proton (or other heavy particle) radiotherapies permit very precise tumor targeting and spare normal surrounding tissue. Similar to stereotactic therapies, such tumor targeting potentially permits an increase in the delivered radiation dose. However, very few centers exist in the US, where proton radiotherapy is available. As such, although this method has a reasonable rationale, data are limited.<a href=\"epoc://current?article=54\">[54]</a> </div><div class=\"cellTitle\">Chemotherapy/biologic therapy/targeted therapy</div><div class=\"cellBody\">Few studies have addressed the role of chemotherapy in the treatment of craniopharyngioma. A small trial suggests subcutaneous interferon alfa may be of palliative benefit in patients with refractory disease,<a href=\"epoc://current?article=55\">[55]</a> and a further study has reported efficacy of intratumoral chemotherapy using interferon alfa for the control of cystic craniopharyngiomas,<a href=\"epoc://current?article=56\">[56]</a> although its use remains under investigation. However, as the molecular oncology of this disease is dissected, opportunities to target specific genes/gene product pathways may be possible (e.g., the upregulation of beta-catenin).<a href=\"epoc://current?article=16\">[16]</a> </div></div></div>",
   "type":"web"},

  {
   "id":"tx_approach",
   "title":"Craniopharyngioma",
   "html":"<div class=\"cell\"><div class=\"cellBlock\"><div class=\"cellBody\"><P>Essentially, all patients with craniopharyngioma require surgery regardless of age.<a href=\"epoc://current?article=2\">[2]</a> <a href=\"epoc://current?article=5\">[5]</a> <a href=\"epoc://current?article=23\">[23]</a> <a href=\"epoc://current?article=24\">[24]</a> <a href=\"epoc://current?article=25\">[25]</a> <a href=\"epoc://current?article=26\">[26]</a> Surgery establishes a diagnosis, relieves raised intracranial pressure if present (with or without CSF shunting), and may reverse visual compromise due to compression by tumor (improvement in nearly 40% of patients). Contrast-enhanced brain imaging (MRI/CT) helps determine the surgical approach and provides a baseline for evaluating residual disease and response to treatment. Baseline endocrine and ophthalmologic evaluations with appropriate consults must be performed to aid in monitoring effects of surgery upon endocrine function.<a href=\"epoc://current?article=6\">[6]</a> <a href=\"epoc://current?article=8\">[8]</a> <a href=\"epoc://current?article=9\">[9]</a> <a href=\"epoc://current?article=20\">[20]</a> However, detailed endocrinologic evaluation should not delay surgery in cases of rapid deterioration of vision.</P><P>Following primary surgery, radiation therapy may be required.<a href=\"epoc://current?article=27\">[27]</a> As endocrinopathies are common (both pre- and postoperatively), hormone replacement therapy is usually necessary, depending upon the specific endocrine deficiencies.<a class=\"inlineImage\" href=\"epoc://current?view=p-images-i_7\">Image</a></P></div><div class=\"cellTitle\">Surgery</div><div class=\"cellBody\"><P>The extent of surgical resection and the potential risks of surgery depend on tumor size and location.<a href=\"epoc://current?article=10\">[10]</a> <a href=\"epoc://current?article=17\">[17]</a> <a href=\"epoc://current?article=24\">[24]</a> <a href=\"epoc://current?article=25\">[25]</a> <a href=\"epoc://current?article=28\">[28]</a> Although trying to maximize resection, the aim is to minimize the long-term side effects bearing in mind the availability of adjuvant radiation therapy for subtotally resected lesions. When adherent to nearby structures, such as the basilar artery, hypothalamus, or optic chiasm, surgery may be limited. In these cases, tissue biopsy for diagnosis and decompression of important anatomic structures is often attempted, without complete resection. Caution is also required if intracystic instillation of agents such as bleomycin are used, as leakage carries toxicity to the optic structures and perforator vessels.</P><P>The surgical approach depends upon the anatomy (relationship to the sella, optic chiasm, and third ventricle) and size of the tumor as determined preoperatively by cranial MRI.<a href=\"epoc://current?article=21\">[21]</a> A number of surgical approaches may be used:</P><ul><li>Transcortical or transcallosal approaches allow a transventricular (from above) approach, which is indicated for tumors that involve the third ventricle and are above the optic chiasm</li><li>Subfrontal and interhemispheric approaches (from underneath or between the frontal lobes) are indicated for tumors located anterior to the optic chiasm or just behind the lamina terminalis</li><li>Pterional approach (fronto-temporal window, through the opened Sylvian fissure) is used for small tumors in close proximity to the optic chiasm</li><li>Transsphenoidal approach (either trans-nasal or sub-labial) is utilized if the tumor is partly or totally intrasellar (pituitary fossa).</li></ul><P>For multicompartmental tumors, a combined approach using 2 or more of these options may be used.<a href=\"epoc://current?article=10\">[10]</a> <a href=\"epoc://current?article=28\">[28]</a> Endoscopic endonasal surgery is increasingly utilized and is no longer reserved only for sellar or small cystic suprasellar lesions.<a href=\"epoc://current?article=24\">[24]</a> <a href=\"epoc://current?article=29\">[29]</a> </P><P>Surgical complications include risks of arterial injury (anterior cerebral arteries and the basilar artery), pituitary dysfunction, diabetes insipidus, visual loss, and hypothalamic dysfunction.</P></div><div class=\"cellTitle\">Radiation therapy</div><div class=\"cellBody\"><P>Radiation therapy is reserved for patients who have had surgical biopsy only or incompletely resected tumors.<a href=\"epoc://current?article=30\">[30]</a> Although some clinicians consider that long-term outcome is comparable in patients treated with complete resection versus incomplete resection followed by radiation therapy, longer-term follow-up data favor completely resected tumors.<a href=\"epoc://current?article=31\">[31]</a> <a href=\"epoc://current?article=32\">[32]</a> <a href=\"epoc://current?article=33\">[33]</a> </P><P>The radiation therapy modality used (conventional or fractionated external beam, or stereotactic) is dependent upon the size of the residual tumor and its relationship to the optic nerve and chiasma. Conventional fractionated external beam radiation therapy (photon-based) administered daily for 5 to 6 weeks with a median tumor dose of 54 Gy is considered the standard of care for most tumors.<a href=\"epoc://current?article=32\">[32]</a> <a href=\"epoc://current?article=33\">[33]</a> </P><P>Fractionated radiosurgery can be used for tumors that abut the optic apparatus.<a href=\"epoc://current?article=34\">[34]</a> Small-volume residual tumors separated from the optic apparatus may be treated with stereotactic radiosurgery. With this modality, a single large fraction, or several fractions, of radiation dosage is delivered either via a linear accelerator (LINAC) or as multiple cobalt beams (gamma knife). Limited studies exist, although experience with other extra-axial intracranial tumors (e.g., meningiomas) suggests this is credible and effective therapy. Because the optic chiasm and nerve are relatively intolerant of large fraction radiotherapy doses, this treatment is reserved for tumors that are anatomically separate from these critical neural structures. Additionally, this modality of treatment is limited by tumor size and geometry: small (&lt;2 cm) spherical tumors are best suited.<a href=\"epoc://current?article=32\">[32]</a> <a href=\"epoc://current?article=35\">[35]</a> <a href=\"epoc://current?article=36\">[36]</a> <a href=\"epoc://current?article=37\">[37]</a> </P><P>Radiation therapy in many instances will result in hypopituitarism and consequently the need for hormone replacement therapy.<a href=\"epoc://current?article=20\">[20]</a> <a href=\"epoc://current?article=36\">[36]</a> <a href=\"epoc://current?article=38\">[38]</a> Other possible complications include loss of vision (secondary to a radiation-induced optic neuropathy), rarely radiation injury/necrosis of the anterior temporal lobes, radiation injury to the hypothalamus, and induction of neurocognitive deficits.<a href=\"epoc://current?article=39\">[39]</a> <a href=\"epoc://current?article=40\">[40]</a> </P></div><div class=\"cellTitle\">Endocrine therapy</div><div class=\"cellBody\"><P>Endocrine replacement therapy depends upon the specific endocrine deficiency.<a href=\"epoc://current?article=4\">[4]</a> <a href=\"epoc://current?article=8\">[8]</a> <a href=\"epoc://current?article=9\">[9]</a> <a href=\"epoc://current?article=11\">[11]</a> <a href=\"epoc://current?article=38\">[38]</a> No improvement is seen in baseline endocrine dysfunction following surgery (with the possible exception of hyperprolactinemia). Indeed, the incidence increases following therapy as a consequence of surgery (lowest risk with transsphenoidal surgery).</P><P>Approximate prevalence of specific deficiencies includes growth hormone (75%), hypogonadotropic hypogonadism (75%), ACTH deficiency (25%), hypothyroidism (25%), and diabetes insipidus (&gt;70% in children; 50% in adults).<a href=\"epoc://current?article=4\">[4]</a> <a href=\"epoc://current?article=8\">[8]</a> <a href=\"epoc://current?article=9\">[9]</a> <a href=\"epoc://current?article=38\">[38]</a> </P></div><div class=\"cellTitle\">Management of recurrent/refractory disease</div><div class=\"cellBody\"><P>Recurrent or treatment refractory disease is established both clinically and radiographically. If present, repeat surgery may be indicated. In other instances, recurrences may manifest as a recalcitrant tumor cyst requiring surgical drainage (aspiration) and sometimes placement of an intratumoral cyst catheter and subgaleal reservoir. This allows repeated fluid aspiration and, if necessary, instillation of intracavitary radioactive colloidal phosphorus/yttrium.<a href=\"epoc://current?article=41\">[41]</a> <a href=\"epoc://current?article=42\">[42]</a> <a href=\"epoc://current?article=43\">[43]</a> Alternatively, chemotherapy agents may be placed; a variety of drugs have been utilized, including bleomycin, methotrexate, and cytarabine.</P><P>In exceptional instances (e.g., tumors having failed prior surgery/radiotherapy and no longer operable), patients may be treated with systemic chemotherapy.<a href=\"epoc://current?article=44\">[44]</a> However, data for chemotherapy in refractory craniopharyngioma are limited, and there is no standard systemic regimen.</P></div><div class=\"cellTitle\">Long-term sequelae</div><div class=\"cellBody\"><P>In addition to immediate management of the craniopharyngioma and endocrine deficiencies it is important, especially in children, that attention is paid to the detection and management of the potential longer-term sequelae such as delayed optic atrophy and hypopituitarism, obesity, hyperlipidemia, and diabetes mellitus.<a href=\"epoc://current?article=38\">[38]</a> <a href=\"epoc://current?article=45\">[45]</a> <a href=\"epoc://current?article=46\">[46]</a> </P><P>Quality of life is significantly impacted. Craniopharyngioma is best thought of as chronic disease that is multidimensional.<a href=\"epoc://current?article=47\">[47]</a> Additionally, adults with craniopharyngioma have a substantially elevated risk of cardiovascular disease relative to the general population, added to the reduced health already common to these patients.<a href=\"epoc://current?article=48\">[48]</a> </P></div></div></div>",
   "type":"web"},

  {
   "id":"hxexam_details",
   "sections":
   [

    {
     "type":"table",
     "headerText":"Weak",
     "cells":
     [

      {
       "title":"age 5 to 14 years",
       "type":"flex0",
       "targetHTML":"<div class=\"cell\"><div class=\"cellBlock\"><div class=\"cellBody\"><P>Although craniopharyngioma may present at any age, a bimodal age distribution is reported with a peak between 5 and 14 years of age in children and between 50 and 70 years of age in adults.<a href=\"epoc://current?article=4\">[4]</a><a href=\"epoc://current?article=7\">[7]</a><a href=\"epoc://current?article=12\">[12]</a></P></div></div></div>"},

      {
       "title":"age 50 to 70 years",
       "type":"flex0",
       "targetHTML":"<div class=\"cell\"><div class=\"cellBlock\"><div class=\"cellBody\"><P>Although craniopharyngioma may present at any age, a bimodal age distribution is reported with a peak between 5 and 14 years of age in children and between 50 and 70 years of age in adults.<a href=\"epoc://current?article=4\">[4]</a><a href=\"epoc://current?article=7\">[7]</a><a href=\"epoc://current?article=12\">[12]</a></P></div></div></div>"}      ]}    ],
   "type":"table"},

  {
   "id":"p-hxexam_factor-key_0",
   "title":"Craniopharyngioma",
   "html":"<html><div class=\"cell\"><div class=\"cellBlock\"><div class=\"cellBody\"><P>Due to anterior optic tract compression or tumor infiltration.<a href=\"epoc://current?article=4\">[4]</a> <a href=\"epoc://current?article=6\">[6]</a> <a href=\"epoc://current?article=20\">[20]</a> Children are more likely to present with acute loss of vision; in other age groups visual loss, although common, may be insidious in onset.</P></div></div></div></html>",
   "type":"web"},

  {
   "id":"p-hxexam_factor-key_1",
   "title":"Craniopharyngioma",
   "html":"<html><div class=\"cell\"><div class=\"cellBlock\"><div class=\"cellBody\"><P>Macrocephaly may be seen in infants before intracranial sutures fuse, and suggests hydrocephalus, secondary to ventricular outflow obstruction by an intracranial mass.<a href=\"epoc://current?article=3\">[3]</a> <a href=\"epoc://current?article=4\">[4]</a> </P></div></div></div></html>",
   "type":"web"},

  {
   "id":"p-hxexam_factor-key_2",
   "title":"Craniopharyngioma",
   "html":"<html><div class=\"cell\"><div class=\"cellBlock\"><div class=\"cellBody\"><P>Craniopharyngioma is the most common cause of growth failure due to an intracranial tumor.<a href=\"epoc://current?article=4\">[4]</a> <a href=\"epoc://current?article=8\">[8]</a> <a href=\"epoc://current?article=17\">[17]</a> </P><P>Growth hormone deficiency (causing growth failure in children) is the most common endocrinopathy seen in patients with craniopharyngioma. However, this is rarely a presenting symptom in children.</P></div></div></div></html>",
   "type":"web"},

  {
   "id":"p-hxexam_factor-other_3",
   "title":"Craniopharyngioma",
   "html":"<html><div class=\"cell\"><div class=\"cellBlock\"><div class=\"cellBody\"><P>Craniopharyngioma may present with common symptoms of endocrine dysfunction in older patients.<a href=\"epoc://current?article=4\">[4]</a> <a href=\"epoc://current?article=8\">[8]</a> <a href=\"epoc://current?article=9\">[9]</a> <a href=\"epoc://current?article=10\">[10]</a> <a href=\"epoc://current?article=17\">[17]</a> </P><P>Symptoms of hypogonadism in women include primary or secondary amenorrhea and, in men, erectile dysfunction due to low testosterone secondary to compression of the adenohypophysis or to elevated prolactin.</P></div></div></div></html>",
   "type":"web"},

  {
   "id":"p-hxexam_factor-other_4",
   "title":"Craniopharyngioma",
   "html":"<html><div class=\"cell\"><div class=\"cellBlock\"><div class=\"cellBody\"><P>Brain tumors often cause headaches that are progressive, often associated with other neurologic symptoms, and may be worse in the morning.<a href=\"epoc://current?article=2\">[2]</a> <a href=\"epoc://current?article=3\">[3]</a> <a href=\"epoc://current?article=4\">[4]</a> </P></div></div></div></html>",
   "type":"web"},

  {
   "id":"p-hxexam_factor-other_5",
   "title":"Craniopharyngioma",
   "html":"<html><div class=\"cell\"><div class=\"cellBlock\"><div class=\"cellBody\"><P>Raised intracranial pressure is seen with large craniopharyngiomas. Develops as a consequence of tumor obstructing the aqueduct or foramina of Monroe, resulting in hydrocephalus.<a href=\"epoc://current?article=2\">[2]</a> <a href=\"epoc://current?article=3\">[3]</a> <a href=\"epoc://current?article=4\">[4]</a> </P><P>May develop acutely.</P></div></div></div></html>",
   "type":"web"},

  {
   "id":"p-hxexam_factor-other_7",
   "title":"Craniopharyngioma",
   "html":"<html><div class=\"cell\"><div class=\"cellBlock\"><div class=\"cellBody\"><P>Result of hyperprolactinemia secondary to compression of the adenohypophysis, the pituitary stalk, or hypothalamus.<a href=\"epoc://current?article=4\">[4]</a> <a href=\"epoc://current?article=8\">[8]</a> <a href=\"epoc://current?article=9\">[9]</a> <a href=\"epoc://current?article=17\">[17]</a> </P></div></div></div></html>",
   "type":"web"},

  {
   "id":"p-hxexam_factor-other_6",
   "title":"Craniopharyngioma",
   "html":"<html><div class=\"cell\"><div class=\"cellBlock\"><div class=\"cellBody\"><P>Due to chronic optic nerve compression by tumor or chronic intracranial hypertension.<a href=\"epoc://current?article=2\">[2]</a> <a href=\"epoc://current?article=3\">[3]</a> <a href=\"epoc://current?article=4\">[4]</a> </P></div></div></div></html>",
   "type":"web"},

  {
   "id":"p-hxexam_factor-other_8",
   "title":"Craniopharyngioma",
   "html":"<html><div class=\"cell\"><div class=\"cellBlock\"><div class=\"cellBody\"><P>Result of diabetes insipidus with decreased vasopressin release secondary to pituitary stalk or hypothalamic compression by tumor.<a href=\"epoc://current?article=4\">[4]</a> <a href=\"epoc://current?article=8\">[8]</a> <a href=\"epoc://current?article=9\">[9]</a> <a href=\"epoc://current?article=17\">[17]</a> </P></div></div></div></html>",
   "type":"web"},

  {
   "id":"hxexam",
   "sections":
   [

    {
     "headerText":"Risk Factors",
     "cells":
     [

      {
       "target":"hxexam_details",
       "title":"Details",
       "type":"flex0"}      ]},

    {
     "dividerType":"divider0",
     "headers":
     [

      {
       "title":"Key Diagnostic Factors"},

      {
       "title":"common",
       "type":"header1"}      ],
     "cells":
     [

      {
       "title":"visual loss",
       "target":"p-hxexam_factor-key_0",
       "type":"flex0"},

      {
       "title":"macrocephaly and hydrocephalus",
       "target":"p-hxexam_factor-key_1",
       "type":"flex0"},

      {
       "title":"growth failure",
       "target":"p-hxexam_factor-key_2",
       "type":"flex0"}      ]},

    {
     "dividerType":"divider0",
     "headers":
     [

      {
       "title":"Other Diagnostic Factors"},

      {
       "title":"common",
       "type":"header1"}      ],
     "cells":
     [

      {
       "title":"symptoms of hypogonadotropic hypogonadism (amenorrhea, erectile dysfunction)",
       "target":"p-hxexam_factor-other_3",
       "type":"flex0"},

      {
       "title":"headache ",
       "target":"p-hxexam_factor-other_4",
       "type":"flex0"},

      {
       "title":"symptoms of intracranial hypertension (nausea, vomiting, decreased sensorium, diplopia)",
       "target":"p-hxexam_factor-other_5",
       "type":"flex0"},

      {
       "title":"galactorrhea",
       "target":"p-hxexam_factor-other_7",
       "type":"flex0"}      ]},

    {
     "headers":
     [

      {
       "title":"uncommon",
       "type":"header1"}      ],
     "cells":
     [

      {
       "title":"optic atrophy",
       "target":"p-hxexam_factor-other_6",
       "type":"flex0"},

      {
       "title":"polyuria/polydipsia",
       "target":"p-hxexam_factor-other_8",
       "type":"flex0"}      ]}    ],
   "type":"table"},

  {
   "id":"p-test-t_0",
   "title":"MRI brain (contrast-enhanced)",
   "html":"<html><div class=\"cell\"><div class=\"cellBlock\"><div class=\"cellTitle\">Result</div><div class=\"cellBody\">variable; T1 signal (T1 hyperintensity secondary to high protein content in cystic component); mixed solid and cystic components with enhancement of the solid component and cyst wall; T2 and FLAIR show heterogeneous signal in the solid components and cyst hyperintensity; calcification has low signal on T2</div><div class=\"cellTitle\">Test Details</div><div class=\"cellBody\"><li>Most sensitive and specific imaging modality.<a class=\"inlineImage\" href=\"epoc://current?view=p-images-i_4\">Image</a></li><li>Allows clinician to define the size and location of the tumor in relationship to surrounding structures, determine the surgical approach, assess extent of resection, and plan radiation therapy.</li></div></div></div></html>",
   "type":"web"},

  {
   "id":"p-test-t_1",
   "title":"CT brain (contrast-enhanced)",
   "html":"<html><div class=\"cell\"><div class=\"cellBlock\"><div class=\"cellTitle\">Result</div><div class=\"cellBody\">frequent tumor calcification (90% children; 70% adults); mixed cystic and solid mass with enhancement of the solid component and cyst wall</div><div class=\"cellTitle\">Test Details</div><div class=\"cellBody\"><li>Used when there is no MRI available or if patient has any contraindications to MRI.</li><li>Of value in demonstrating tumor location in relationship to the sella, and in assessing response to treatment during follow-up.<a class=\"inlineImage\" href=\"epoc://current?view=p-images-i_5\">Image</a></li></div></div></div></html>",
   "type":"web"},

  {
   "id":"p-test-t_2",
   "title":"serum prolactin",
   "html":"<html><div class=\"cell\"><div class=\"cellBlock\"><div class=\"cellTitle\">Result</div><div class=\"cellBody\">variable; commonly elevated</div><div class=\"cellTitle\">Test Details</div><div class=\"cellBody\"><li>Increased secretion is due to tumor compression of pituitary stalk.</li></div></div></div></html>",
   "type":"web"},

  {
   "id":"p-test-t_3",
   "title":"serum growth hormone (GH)",
   "html":"<html><div class=\"cell\"><div class=\"cellBlock\"><div class=\"cellTitle\">Result</div><div class=\"cellBody\">variable; commonly depressed</div><div class=\"cellTitle\">Test Details</div><div class=\"cellBody\"><li>Used to diagnose GH deficiency.</li></div></div></div></html>",
   "type":"web"},

  {
   "id":"p-test-t_4",
   "title":"serum insulin-like growth factor 1 (IGF-1)",
   "html":"<html><div class=\"cell\"><div class=\"cellBlock\"><div class=\"cellTitle\">Result</div><div class=\"cellBody\">variable; commonly depressed</div><div class=\"cellTitle\">Test Details</div><div class=\"cellBody\"><li>Used to diagnose GH deficiency.</li></div></div></div></html>",
   "type":"web"},

  {
   "id":"p-test-t_5",
   "title":"serum insulin-like growth factor binding protein-3 (IGFBP-3)",
   "html":"<html><div class=\"cell\"><div class=\"cellBlock\"><div class=\"cellTitle\">Result</div><div class=\"cellBody\">variable; commonly depressed</div><div class=\"cellTitle\">Test Details</div><div class=\"cellBody\"><li>Used to diagnose GH deficiency.</li></div></div></div></html>",
   "type":"web"},

  {
   "id":"p-test-t_6",
   "title":"provocative GH tests",
   "html":"<html><div class=\"cell\"><div class=\"cellBlock\"><div class=\"cellTitle\">Result</div><div class=\"cellBody\">variable; commonly may show failure to induce GH</div><div class=\"cellTitle\">Test Details</div><div class=\"cellBody\"><li>Provocative agents (e.g., levodopa, insulin, glucagon) are given to stimulate pituitary to release GH.</li><li>Used to diagnose GH deficiency; may be required if other screening tests (GH, IGF-1, IGFBP-3) are equivocal.</li></div></div></div></html>",
   "type":"web"},

  {
   "id":"p-test-t_7",
   "title":"serum LH",
   "html":"<html><div class=\"cell\"><div class=\"cellBlock\"><div class=\"cellTitle\">Result</div><div class=\"cellBody\">variable; commonly depressed</div><div class=\"cellTitle\">Test Details</div><div class=\"cellBody\"><li>Used to diagnose gonadotropin hormone deficiency.</li></div></div></div></html>",
   "type":"web"},

  {
   "id":"p-test-t_8",
   "title":"serum FSH",
   "html":"<html><div class=\"cell\"><div class=\"cellBlock\"><div class=\"cellTitle\">Result</div><div class=\"cellBody\">variable; commonly depressed</div><div class=\"cellTitle\">Test Details</div><div class=\"cellBody\"><li>Used to diagnose gonadotropin hormone deficiency.</li></div></div></div></html>",
   "type":"web"},

  {
   "id":"p-test-t_9",
   "title":"morning serum testosterone",
   "html":"<html><div class=\"cell\"><div class=\"cellBlock\"><div class=\"cellTitle\">Result</div><div class=\"cellBody\">variable; commonly depressed</div><div class=\"cellTitle\">Test Details</div><div class=\"cellBody\"><li>Used to diagnose gonadotropin hormone deficiency.</li><li>Blood should be drawn between 8 a.m. and 9 a.m.</li></div></div></div></html>",
   "type":"web"},

  {
   "id":"p-test-t_10",
   "title":"serum TSH and T3/T4",
   "html":"<html><div class=\"cell\"><div class=\"cellBlock\"><div class=\"cellTitle\">Result</div><div class=\"cellBody\">variable; commonly depressed</div><div class=\"cellTitle\">Test Details</div><div class=\"cellBody\"><li>Used to diagnose thyroid hormone deficiency.</li></div></div></div></html>",
   "type":"web"},

  {
   "id":"p-test-t_11",
   "title":"morning serum cortisol and ACTH",
   "html":"<html><div class=\"cell\"><div class=\"cellBlock\"><div class=\"cellTitle\">Result</div><div class=\"cellBody\">variable; commonly depressed in association with nonelevated levels of ACTH</div><div class=\"cellTitle\">Test Details</div><div class=\"cellBody\"><li>Used to diagnose adrenal insufficiency.</li><li>Blood should be drawn between 8 a.m. and 9 a.m., when cortisol levels peak.</li><li>It is important to realize that diabetes insipidus cannot occur in the presence of chronic low mineralocorticoids; administration of corticosteroids can unmask low vasopressin and result in the onset of severe diabetes insipidus.</li></div></div></div></html>",
   "type":"web"},

  {
   "id":"p-test-t_12",
   "title":"serum electrolytes",
   "html":"<html><div class=\"cell\"><div class=\"cellBlock\"><div class=\"cellTitle\">Result</div><div class=\"cellBody\">variable; hypernatremia</div><div class=\"cellTitle\">Test Details</div><div class=\"cellBody\"><li>Used to diagnose diabetes insipidus.</li></div></div></div></html>",
   "type":"web"},

  {
   "id":"p-test-t_13",
   "title":"urine and serum osmolality",
   "html":"<html><div class=\"cell\"><div class=\"cellBlock\"><div class=\"cellTitle\">Result</div><div class=\"cellBody\">variable; commonly elevated plasma osmolality</div><div class=\"cellTitle\">Test Details</div><div class=\"cellBody\"><li>Used to diagnose diabetes insipidus.</li></div></div></div></html>",
   "type":"web"},

  {
   "id":"p-test-t_14",
   "title":"urine specific gravity",
   "html":"<html><div class=\"cell\"><div class=\"cellBlock\"><div class=\"cellTitle\">Result</div><div class=\"cellBody\">variable; commonly low</div><div class=\"cellTitle\">Test Details</div><div class=\"cellBody\"><li>Used to diagnose diabetes insipidus.</li></div></div></div></html>",
   "type":"web"},

  {
   "id":"p-test-t_15",
   "title":"ophthalmologic evaluation; computerized visual-field examination",
   "html":"<html><div class=\"cell\"><div class=\"cellBlock\"><div class=\"cellTitle\">Result</div><div class=\"cellBody\">may reveal unilateral or bitemporal hemianopsia</div><div class=\"cellTitle\">Test Details</div><div class=\"cellBody\"><li>Performed in all people with craniopharyngioma with suprasellar extension and chiasmal compression.</li></div></div></div></html>",
   "type":"web"},

  {
   "id":"p-test-t_16",
   "title":"plain x-rays for bone age",
   "html":"<html><div class=\"cell\"><div class=\"cellBlock\"><div class=\"cellTitle\">Result</div><div class=\"cellBody\">often show a delayed bone age in children</div><div class=\"cellTitle\">Test Details</div><div class=\"cellBody\"><li>Used to diagnose GH deficiency.</li></div></div></div></html>",
   "type":"web"},

  {
   "id":"p-test-t_17",
   "title":"tissue histology",
   "html":"<html><div class=\"cell\"><div class=\"cellBlock\"><div class=\"cellTitle\">Result</div><div class=\"cellBody\">adamantinous/squamous epithelial tumor; calcification</div><div class=\"cellTitle\">Test Details</div><div class=\"cellBody\"><li>Allows for definitive diagnosis following surgical biopsy/resection with pathologic analysis of tumor tissue.<a class=\"inlineImage\" href=\"epoc://current?view=p-images-i_6\">Image</a></li></div></div></div></html>",
   "type":"web"},

  {
   "id":"tests",
   "sections":
   [

    {
     "headerText":"Initial Tests",
     "cells":
     [

      {
       "target":"p-test-t_0",
       "title":"MRI brain (contrast-enhanced)",
       "type":"flex0"},

      {
       "target":"p-test-t_1",
       "title":"CT brain (contrast-enhanced)",
       "type":"flex0"},

      {
       "target":"p-test-t_2",
       "title":"serum prolactin",
       "type":"flex0"},

      {
       "target":"p-test-t_3",
       "title":"serum growth hormone (GH)",
       "type":"flex0"},

      {
       "target":"p-test-t_4",
       "title":"serum insulin-like growth factor 1 (IGF-1)",
       "type":"flex0"},

      {
       "target":"p-test-t_5",
       "title":"serum insulin-like growth factor binding protein-3 (IGFBP-3)",
       "type":"flex0"},

      {
       "target":"p-test-t_6",
       "title":"provocative GH tests",
       "type":"flex0"},

      {
       "target":"p-test-t_7",
       "title":"serum LH",
       "type":"flex0"},

      {
       "target":"p-test-t_8",
       "title":"serum FSH",
       "type":"flex0"},

      {
       "target":"p-test-t_9",
       "title":"morning serum testosterone",
       "type":"flex0"},

      {
       "target":"p-test-t_10",
       "title":"serum TSH and T3/T4",
       "type":"flex0"},

      {
       "target":"p-test-t_11",
       "title":"morning serum cortisol and ACTH",
       "type":"flex0"},

      {
       "target":"p-test-t_12",
       "title":"serum electrolytes",
       "type":"flex0"},

      {
       "target":"p-test-t_13",
       "title":"urine and serum osmolality",
       "type":"flex0"},

      {
       "target":"p-test-t_14",
       "title":"urine specific gravity",
       "type":"flex0"},

      {
       "target":"p-test-t_15",
       "title":"ophthalmologic evaluation; computerized visual-field examination",
       "type":"flex0"},

      {
       "target":"p-test-t_16",
       "title":"plain x-rays for bone age",
       "type":"flex0"}      ]},

    {
     "headerText":"Other Tests to Consider",
     "cells":
     [

      {
       "target":"p-test-t_17",
       "title":"tissue histology",
       "type":"flex0"}      ]}    ],
   "type":"table"},

  {
   "id":"differentials",
   "sections":
   [

    {
     "cells":
     [

      {
       "title":"Pituitary adenoma",
       "type":"flex0",
       "targetHTML":"<div class=\"cell\"><div class=\"cellBlock\"><div class=\"cellTitle\">Signs/Sx</div><div class=\"cellBody\"><ul><li>Rare in children and adolescents, although quite common in adults.</li><li>Rarely extend into (as opposed to compressing) the third ventricle and rarely cause hydrocephalus.</li><li>May be hormone secreting with symptoms consistent with prolactinoma, Cushing disease, or acromegaly.</li></ul></div><div class=\"cellTitle\">Tests</div><div class=\"cellBody\"><ul><li>MRI/CT: tumor arises from sella with suprasellar extension, or is confined to sella (unlike most craniopharyngiomas) and is nearly always solid and enhancing.</li><li>Endocrine tests show elevated hormones (dependent upon tumor type).</li><li>Histopathology provides definitive diagnosis.</li></ul></div><a href=\"epoc://dx/monograph/1030\"><b class=\"view-dx-monograph\">View Dx Monograph</b></a></div></div>"},

      {
       "title":"Diaphragmatic meningioma",
       "type":"flex0",
       "targetHTML":"<div class=\"cell\"><div class=\"cellBlock\"><div class=\"cellTitle\">Signs/Sx</div><div class=\"cellBody\"><ul><li>Rare in children and adolescents, more common in older adults.</li><li>May be no differentiating signs or symptoms.</li></ul></div><div class=\"cellTitle\">Tests</div><div class=\"cellBody\"><ul><li>MRI/CT: homogeneous enhancement, enhancing dural \"tail,\" bony hyperostosis.</li><li>Histopathology provides definitive diagnosis.</li></ul></div><a href=\"epoc://dx/monograph/730\"><b class=\"view-dx-monograph\">View Dx Monograph</b></a></div></div>"},

      {
       "title":"Chiasmatic epidermoid",
       "type":"flex0",
       "targetHTML":"<div class=\"cell\"><div class=\"cellBlock\"><div class=\"cellTitle\">Signs/Sx</div><div class=\"cellBody\"><ul><li>Paramidline tumors seen in children and young adults.</li><li>May be no differentiating signs or symptoms.</li></ul></div><div class=\"cellTitle\">Tests</div><div class=\"cellBody\"><ul><li>MRI/CT: lesion off midline, cystic, show restricted water movement.</li><li>Histopathology provides definitive diagnosis.</li></ul></div></div></div>"},

      {
       "title":"Chiasmatic glioma",
       "type":"flex0",
       "targetHTML":"<div class=\"cell\"><div class=\"cellBlock\"><div class=\"cellTitle\">Signs/Sx</div><div class=\"cellBody\"><ul><li>Most common in infants and children; often seen in association with neurofibromatosis type 1.</li><li>May be no differentiating signs or symptoms.</li></ul></div><div class=\"cellTitle\">Tests</div><div class=\"cellBody\"><ul><li>MRI/CT: intra-axial tumor of the optic chiasm or nerve, usually noncystic and may or may not enhance.</li><li>Histopathology provides definitive diagnosis.</li></ul></div></div></div>"},

      {
       "title":"Rathke pouch cyst, pars intermedia cyst",
       "type":"flex0",
       "targetHTML":"<div class=\"cell\"><div class=\"cellBlock\"><div class=\"cellTitle\">Signs/Sx</div><div class=\"cellBody\"><ul><li>Uncommon benign embryologic malformation.</li><li>May be no differentiating signs or symptoms.</li></ul></div><div class=\"cellTitle\">Tests</div><div class=\"cellBody\"><ul><li>Histopathology provides definitive diagnosis.</li></ul></div></div></div>"},

      {
       "title":"Primary germ cell neoplasm",
       "type":"flex0",
       "targetHTML":"<div class=\"cell\"><div class=\"cellBlock\"><div class=\"cellTitle\">Signs/Sx</div><div class=\"cellBody\"><ul><li>A malignant CNS neoplasm seen in children, adolescents, and young adults.</li><li>May be no differentiating signs or symptoms.</li></ul></div><div class=\"cellTitle\">Tests</div><div class=\"cellBody\"><ul><li>Elevated serum and CSF onco-fetal proteins (alpha-fetal protein or beta-human chorionic gonadotropin).</li><li>Histopathology provides definitive diagnosis.</li></ul></div></div></div>"}      ]}    ],
   "type":"table"},

  {
   "id":"diag_approach",
   "title":"Craniopharyngioma",
   "html":"<div class=\"cell\"><div class=\"cellBlock\"><div class=\"cellBody\"><P>Patients with craniopharyngiomas most often present in 1 of 4 ways: raised intracranial pressure with accompanying hydrocephalus, visual loss, endocrine disturbance, or any of these in combination.<a href=\"epoc://current?article=4\">[4]</a> <a href=\"epoc://current?article=8\">[8]</a> <a href=\"epoc://current?article=17\">[17]</a> <a href=\"epoc://current?article=18\">[18]</a> <a href=\"epoc://current?article=19\">[19]</a> </P><P>Such presentations may be acute (sudden visual loss or symptoms of intracranial hypertension) or more insidious in onset. Symptoms of raised intracranial pressure (headache, nausea, vomiting, diplopia, decreased level of consciousness) always suggest a potential intracranial mass and warrant urgent contrast-enhanced cranial imaging (preferably MRI). Visual loss also warrants intracranial imaging to exclude a mass affecting the optic nerves or chiasma.</P></div><div class=\"cellTitle\">Clinical evaluation and recommended consultations</div><div class=\"cellBody\"><P>The majority of patients present with visual loss (either acuity or visual field); however, this may be challenging to ascertain in preverbal children. An ophthalmology consult is always indicated to perform formal visual field testing and assess the patient for optic atrophy and visual acuity. Furthermore, baseline assessment permits subsequent comparisons and response to treatment.<a href=\"epoc://current?article=4\">[4]</a> <a href=\"epoc://current?article=6\">[6]</a> <a href=\"epoc://current?article=20\">[20]</a> Macrocephaly may be seen in infants with unfused intracranial sutures, as hydrocephalus secondary to ventricular outflow obstruction by an intracranial mass may occur.<a href=\"epoc://current?article=3\">[3]</a> <a href=\"epoc://current?article=4\">[4]</a> </P><P>All patients require an endocrinologic assessment, as the majority manifest endocrine deficiencies and an endocrine consult is recommended.<a href=\"epoc://current?article=4\">[4]</a> <a href=\"epoc://current?article=8\">[8]</a> <a href=\"epoc://current?article=9\">[9]</a> In children, the most commonly seen endocrinopathy is growth hormone (GH) deficiency, suggested by a history of growth failure that is confirmed by plotting height and weight on a standardized growth curve. Diabetes insipidus, suggested clinically by polyuria and polydipsia, may also be a presenting symptom in children and teenagers. In adults, amenorrhea or erectile dysfunction may indicate hypogonadotropic hypogonadism. Galactorrhea may also be a feature. Other common endocrinopathies include hypocortisolism, suggested by muscle weakness/fatigue, and hypothyroidism, which may manifest as fatigue, cold intolerance, or constipation.</P></div><div class=\"cellTitle\">Imaging</div><div class=\"cellBody\"><P>Contrast-enhanced cranial imaging is required in all patients with possible intracranial mass lesions.<a href=\"epoc://current?article=21\">[21]</a> MRI is preferred for anatomic localization, as the tumor is best appreciated in 3 planes (axial, coronal, and sagittal) and MRI better defines the tumor's anatomic relationship to adjacent structures. However, CT imaging is helpful for ascertaining the presence of calcifications and cysts. Tumor location (e.g., sellar or chiasmatic) and appearance (dystrophic calcification, cystic component, contrast-enhancing solid component) are suggestive of craniopharyngioma.<a class=\"inlineImage\" href=\"epoc://current?view=p-images-i_2\">Image</a></P></div><div class=\"cellTitle\">Laboratory evaluation</div><div class=\"cellBody\"><P>Because endocrine dysfunction is so common in patients with craniopharyngioma (30% to 80% of patients), both at presentation and following treatment, a careful endocrinologic baseline evaluation is required in all patients.<a href=\"epoc://current?article=4\">[4]</a> <a href=\"epoc://current?article=8\">[8]</a> <a href=\"epoc://current?article=9\">[9]</a> This aspect of care is best coordinated by a consulting endocrinologist and should include serum prolactin (often elevated), GH and related assays (serum GH levels as well as provocative stimulation, and serum insulin-like growth factor and growth factor protein levels), thyroid function (T3, T4, and TSH), cortisol and serum ACTH levels, and an assessment for diabetes insipidus (serum sodium, serum/urine osmolality).</P><P>For assessment of hypogonadotropic hypogonadism, FSH and LH should be measured in both sexes and, in males, also testosterone.</P><P>Although a provisional diagnosis may be made following a full clinical, imaging, and endocrine work-up, definitive diagnosis is following surgical biopsy/resection with pathologic analysis of tumor tissue.<a href=\"epoc://current?article=22\">[22]</a><a class=\"inlineImage\" href=\"epoc://current?view=p-images-i_3\">Image</a></P></div></div></div>",
   "type":"web"},

  {
   "id":"followup",
   "title":"Craniopharyngioma",
   "html":"<div class=\"cell\"><div class=\"cellBlock\"><div class=\"cellTitle\">Prognosis</div><div class=\"cellBody\"><div class=\"cellBody\"><P>Quality of life is significantly impacted. Craniopharyngioma is best thought of as chronic disease that is multidimensional.<a href=\"epoc://current?article=47\">[47]</a> Additionally, adults with craniopharyngioma have a substantially elevated risk of cardiovascular disease relative to the general population, added to the reduced health already common to these patients.<a href=\"epoc://current?article=48\">[48]</a> </P></div><div class=\"cellTitle\">Completely resected tumors</div><div class=\"cellBody\"><P>Recurrence risks range from 10% to 35%. The lowest recurrence rates are seen in tumors completely resected via a transsphenoidal surgical approach, although there is an approximately 1% operative mortality.<a href=\"epoc://current?article=10\">[10]</a> <a href=\"epoc://current?article=57\">[57]</a> Most recurrences occur in the first 5 years after primary surgery. More than 70% of patients are functionally independent following surgery and with long-term follow-up.<a href=\"epoc://current?article=20\">[20]</a> <a href=\"epoc://current?article=39\">[39]</a> <a href=\"epoc://current?article=40\">[40]</a> <a href=\"epoc://current?article=58\">[58]</a> <a href=\"epoc://current?article=59\">[59]</a> <a href=\"epoc://current?article=60\">[60]</a> </P><P>Radical surgery increases the risk of hypothalamic injury (hyperphagia, obesity, neurobehavioral abnormalities), a major source of long-term morbidity.<a href=\"epoc://current?article=17\">[17]</a> <a href=\"epoc://current?article=28\">[28]</a> <a href=\"epoc://current?article=51\">[51]</a> <a href=\"epoc://current?article=60\">[60]</a> </P><P>Following surgery, some improvement or deterioration in vision may be noted. However visual impairment remains in up to 80% of patients.<a href=\"epoc://current?article=20\">[20]</a> <a href=\"epoc://current?article=39\">[39]</a> </P><P>Multiple endocrinopathies are seen in the majority of patients (&gt;80%), requiring hormone replacement therapy.<a href=\"epoc://current?article=38\">[38]</a> <a href=\"epoc://current?article=61\">[61]</a> <a href=\"epoc://current?article=62\">[62]</a> </P></div><div class=\"cellTitle\">Incompletely resected tumors treated with radiation therapy</div><div class=\"cellBody\"><P>There is a 25% to 50% recurrence risk.<a href=\"epoc://current?article=31\">[31]</a> <a href=\"epoc://current?article=32\">[32]</a> <a href=\"epoc://current?article=33\">[33]</a> <a href=\"epoc://current?article=36\">[36]</a> Most recurrences occur in the first 5 years after primary surgery. Although some clinicians consider that long-term outcome is comparable in patients treated with complete resection versus incomplete resection followed by radiation therapy, longer-term follow-up data favor completely resected tumors.</P></div></div><div class=\"cellTitle\">Monitoring</div><div class=\"cellBody\"><P>All patients require long-term follow-up using periodic brain MRI scans. Regular endocrinologic follow-up is required in all patients with craniopharyngioma; ophthalmology follow-up postoperatively and at subsequent periodic intervals is also recommended.<a href=\"epoc://current?article=8\">[8]</a> <a href=\"epoc://current?article=18\">[18]</a> <a href=\"epoc://current?article=20\">[20]</a> <a href=\"epoc://current?article=38\">[38]</a> <a href=\"epoc://current?article=39\">[39]</a> <a href=\"epoc://current?article=58\">[58]</a> Most patients are followed every 6 to 12 months, recognizing that most recurrences occur relatively early (within the first several years). Patients with complications following treatment (hypothalamic syndrome, seizures, cognitive loss) may be followed on a more frequent basis. Patients are best managed by a multidisciplinary team, which may include a pediatrician or internist/primary care physician, endocrinologist, ophthalmologist, radiation oncologist, and neurosurgeon. Coordination of care may be challenging given the multiple specialties involved and is best managed at tertiary medical centers. Ideally, patients and families need a single contact person (physician or nurse), as care may seem fragmented and overly complicated. Having simple, direct lines of communication provides patients and families with a sense of continuity of care, and improves care in a complex condition.</P></div><div class=\"cellTitle\">Patient Instructions</div><div class=\"cellBody\"><P>Families and patients should be advised that tumor recurrence may occur. Regular follow-up (brain imaging, endocrine, and ophthalmologic reassessment) and medication compliance is critical.</P></div></div></div>",
   "type":"web"},

  {
   "id":"complications",
   "sections":
   [

    {
     "headerText":"High Likelihood",
     "cells":
     [

      {
       "title":"growth hormone deficiency",
       "type":"flex0",
       "targetHTML":"<div class=\"cell\"><div class=\"cellBlock\"><div class=\"cellBody\"><P>Seen in 75% of patients.</P><P>Reflects direct tumor damage and surgical/radiation therapy morbidity.<a href=\"epoc://current?article=36\">[36]</a><a href=\"epoc://current?article=38\">[38]</a><a href=\"epoc://current?article=52\">[52]</a><a href=\"epoc://current?article=61\">[61]</a><a href=\"epoc://current?article=62\">[62]</a></P><P>Treated by replacement therapy.</P><A href=\"epoc://dx/monograph/839\"><B class=\"view-dx-monograph\">View Dx monograph</B></A></div></div></div>"},

      {
       "title":"hypogonadotropic hypogonadism",
       "type":"flex0",
       "targetHTML":"<div class=\"cell\"><div class=\"cellBlock\"><div class=\"cellBody\"><P>Seen in 75% of patients.</P><P>Reflects direct tumor damage and surgical/radiation therapy morbidity.<a href=\"epoc://current?article=36\">[36]</a><a href=\"epoc://current?article=38\">[38]</a><a href=\"epoc://current?article=52\">[52]</a><a href=\"epoc://current?article=61\">[61]</a><a href=\"epoc://current?article=62\">[62]</a></P><P>Treated by replacement therapy.</P><A href=\"epoc://dx/monograph/1093\"><B class=\"view-dx-monograph\">View Dx monograph</B></A></div></div></div>"},

      {
       "title":"diabetes insipidus",
       "type":"flex0",
       "targetHTML":"<div class=\"cell\"><div class=\"cellBlock\"><div class=\"cellBody\"><P>Seen in 70% of children, 50% of adults.</P><P>Reflects injury by tumor and surgical morbidity and as a consequence of radiation therapy.<a href=\"epoc://current?article=36\">[36]</a><a href=\"epoc://current?article=61\">[61]</a><a href=\"epoc://current?article=62\">[62]</a></P><P>Treated by replacement therapy.</P><A href=\"epoc://dx/monograph/288\"><B class=\"view-dx-monograph\">View Dx monograph</B></A></div></div></div>"},

      {
       "title":"ACTH deficiency",
       "type":"flex0",
       "targetHTML":"<div class=\"cell\"><div class=\"cellBlock\"><div class=\"cellBody\"><P>Seen in 25% of patients.</P><P>Reflects direct tumor damage and surgical/radiation therapy morbidity.<a href=\"epoc://current?article=36\">[36]</a><a href=\"epoc://current?article=61\">[61]</a><a href=\"epoc://current?article=62\">[62]</a></P><P>Treated by replacement therapy.</P></div></div></div>"},

      {
       "title":"hypothyroidism",
       "type":"flex0",
       "targetHTML":"<div class=\"cell\"><div class=\"cellBlock\"><div class=\"cellBody\"><P>Seen in 25% of patients.</P><P>Reflects direct tumor damage and surgical/radiation therapy morbidity.<a href=\"epoc://current?article=36\">[36]</a><a href=\"epoc://current?article=38\">[38]</a><a href=\"epoc://current?article=52\">[52]</a><a href=\"epoc://current?article=61\">[61]</a><a href=\"epoc://current?article=62\">[62]</a></P><P>Treated by replacement therapy.</P><A href=\"epoc://dx/monograph/36\"><B class=\"view-dx-monograph\">View Dx monograph</B></A></div></div></div>"}      ]},

    {
     "headerText":"Medium Likelihood",
     "cells":
     [

      {
       "title":"visual impairment",
       "type":"flex0",
       "targetHTML":"<div class=\"cell\"><div class=\"cellBlock\"><div class=\"cellBody\"><P>Seen in more than 80% of patients.</P><P>Reflects injury by tumor and surgical morbidity.<a href=\"epoc://current?article=20\">[20]</a><a href=\"epoc://current?article=36\">[36]</a><a href=\"epoc://current?article=39\">[39]</a><a href=\"epoc://current?article=40\">[40]</a></P><A href=\"epoc://dx/monograph/960\"><B class=\"view-dx-monograph\">View Dx monograph</B></A></div></div></div>"}      ]},

    {
     "headerText":"Low Likelihood",
     "cells":
     [

      {
       "title":"hypothalamic injury",
       "type":"flex0",
       "targetHTML":"<div class=\"cell\"><div class=\"cellBlock\"><div class=\"cellBody\"><P>Seen in 15% to 25% of patients.</P><P>Reflects direct tumor damage and surgical/radiation therapy morbidity.<a href=\"epoc://current?article=17\">[17]</a><a href=\"epoc://current?article=28\">[28]</a><a href=\"epoc://current?article=36\">[36]</a><a href=\"epoc://current?article=60\">[60]</a></P><P>May manifest as hyperphagia, obesity, and behavioral abnormalities.</P></div></div></div>"},

      {
       "title":"seizures",
       "type":"flex0",
       "targetHTML":"<div class=\"cell\"><div class=\"cellBlock\"><div class=\"cellBody\"><P>Seen in 10% to 20% of patients.</P><P>Reflects injury by tumor and surgical morbidity.</P><A href=\"epoc://dx/monograph/112\"><B class=\"view-dx-monograph\">View Dx monograph</B></A></div></div></div>"},

      {
       "title":"cognitive dysfunction",
       "type":"flex0",
       "targetHTML":"<div class=\"cell\"><div class=\"cellBlock\"><div class=\"cellBody\"><P>Seen in more than 35% of patients.</P><P>Reflects injury by tumor and surgical/radiation therapy morbidity.<a href=\"epoc://current?article=40\">[40]</a><a href=\"epoc://current?article=62\">[62]</a><a href=\"epoc://current?article=63\">[63]</a></P><P>Includes short-term memory loss, personality change.</P></div></div></div>"},

      {
       "title":"work disability",
       "type":"flex0",
       "targetHTML":"<div class=\"cell\"><div class=\"cellBlock\"><div class=\"cellBody\"><P>Seen in more than 25% of patients.</P><P>Reflects injury by tumor and surgical/radiation therapy morbidity.<a href=\"epoc://current?article=58\">[58]</a><a href=\"epoc://current?article=62\">[62]</a><a href=\"epoc://current?article=63\">[63]</a></P></div></div></div>"},

      {
       "title":"cardiovascular morbidity",
       "type":"flex0",
       "targetHTML":"<div class=\"cell\"><div class=\"cellBlock\"><div class=\"cellBody\"><P>Seen in approximately 20% of patients.</P><P>Increased risk reflects increased prevalence of risk factors (obesity, diabetes, and metabolic syndrome) associated with endocrine dysfunction.<a href=\"epoc://current?article=63\">[63]</a></P></div></div></div>"}      ]}    ],
   "type":"table"},

  {
   "id":"p-tx-c_0",
   "title":"ignoreme",
   "html":"<html><div class=\"cell\"><div class=\"cellBlock\"><div class=\"cellTitle\">Comments</div><div class=\"cellBody\"><ul><li>Surgery is almost always performed to obtain tissue for definitive diagnosis and, when possible, relieve mass effect on surrounding neural structures.<a href=\"epoc://current?article=11\">[11]</a> <a href=\"epoc://current?article=17\">[17]</a> <a href=\"epoc://current?article=49\">[49]</a> </li><li>Surgery may include biopsy only, cyst aspiration CSF shunting, or tumor resection (either partial or complete).</li><li>The surgical approach depends upon the anatomy (relationship to the sella, optic chiasm, and third ventricle) and size of the tumor as determined by cranial MRI. Approaches include:</li><li>Transventricular (transcortical or transcallosal; from above) for tumors that involve the third ventricle and are above the optic chiasm</li><li>Subfrontal and interhemispheric approaches (from underneath or between the frontal lobes) for tumors located anterior to the optic chiasm or just behind the lamina terminalis</li><li>Pterional approach (fronto-temporal window, through the opened Sylvian fissure) for small tumors in close proximity to the optic chiasm</li><li>Transsphenoidal approach (either transnasal or sublabial) for partly or totally intrasellar (pituitary fossa) tumors. In some cases an endoscopic surgical approach may be used.<a href=\"epoc://current?article=50\">[50]</a> </li><li>For multicompartmental tumors, a combined approach using 2 or more of these options may be used.</li></ul></div></div></div></html>",
   "type":"web"},

  {
   "id":"p-tx-c_1",
   "title":"ignoreme",
   "html":"<html><div class=\"cell\"><div class=\"cellBlock\"><div class=\"cellTitle\">Comments</div><div class=\"cellBody\"><ul><li>Endocrinopathies require replacement therapy depending upon the specific endocrine deficiencies.<a href=\"epoc://current?article=4\">[4]</a> <a href=\"epoc://current?article=8\">[8]</a> <a href=\"epoc://current?article=9\">[9]</a> <a href=\"epoc://current?article=11\">[11]</a> <a href=\"epoc://current?article=38\">[38]</a> <a href=\"epoc://current?article=51\">[51]</a> <a href=\"epoc://current?article=52\">[52]</a> </li><li>No improvement is seen in endocrine dysfunction following surgery (with the possible exception of hyperprolactinemia). Indeed, the incidence increases following therapy as a consequence of surgery (lowest risk with transsphenoidal surgery).</li><li>Approximate prevalences of specific deficiencies include growth hormone (75%), hypogonadotropic hypogonadism (75%), ACTH deficiency (25%), hypothyroidism (25%), and diabetes insipidus (&gt;70% in children; 50% in adults).<a href=\"epoc://current?article=4\">[4]</a> <a href=\"epoc://current?article=8\">[8]</a> <a href=\"epoc://current?article=9\">[9]</a> </li></ul></div></div></div></html>",
   "type":"web"},

  {
   "id":"tx-0",
   "sections":
   [

    {
     "cells":
     [

      {
       "target":"p-tx-c_0",
       "title":"surgical biopsy ± resection",
       "flag":"1st",
       "type":"flex1"},

      {
       "target":"p-tx-c_1",
       "title":"endocrine replacement therapy",
       "flag":"plus",
       "type":"flex1"}      ]}    ],
   "type":"table"},

  {
   "id":"p-tx-p_0",
   "title":"ignoreme",
   "html":"<html><div class=\"cell\"><div class=\"cellBlock\"><div class=\"cellTitle\">Comments</div><div class=\"cellBody\"><ul><li>Surgery is almost always performed to obtain tissue for definitive diagnosis and, when possible, relieve mass effect on surrounding neural structures.<a href=\"epoc://current?article=11\">[11]</a> <a href=\"epoc://current?article=17\">[17]</a> <a href=\"epoc://current?article=49\">[49]</a> </li><li>Surgery may include biopsy only, cyst aspiration CSF shunting, or tumor resection (either partial or complete).</li><li>The surgical approach depends upon the anatomy (relationship to the sella, optic chiasm, and third ventricle) and size of the tumor as determined by cranial MRI. Approaches include:</li><li>Transventricular (transcortical or transcallosal; from above) for tumors that involve the third ventricle and are above the optic chiasm</li><li>Subfrontal and interhemispheric approaches (from underneath or between the frontal lobes) for tumors located anterior to the optic chiasm or just behind the lamina terminalis</li><li>Pterional approach (fronto-temporal window, through the opened Sylvian fissure) for small tumors in close proximity to the optic chiasm</li><li>Transsphenoidal approach (either transnasal or sublabial) for partly or totally intrasellar (pituitary fossa) tumors. In some cases an endoscopic surgical approach may be used.<a href=\"epoc://current?article=50\">[50]</a> </li><li>For multicompartmental tumors, a combined approach using 2 or more of these options may be used.</li></ul></div></div></div></html>",
   "type":"web"},

  {
   "id":"p-tx-p_1",
   "title":"ignoreme",
   "html":"<html><div class=\"cell\"><div class=\"cellBlock\"><div class=\"cellTitle\">Comments</div><div class=\"cellBody\"><ul><li>Endocrinopathies require replacement therapy depending upon the specific endocrine deficiencies.<a href=\"epoc://current?article=4\">[4]</a> <a href=\"epoc://current?article=8\">[8]</a> <a href=\"epoc://current?article=9\">[9]</a> <a href=\"epoc://current?article=11\">[11]</a> <a href=\"epoc://current?article=38\">[38]</a> <a href=\"epoc://current?article=51\">[51]</a> <a href=\"epoc://current?article=52\">[52]</a> </li><li>No improvement is seen in endocrine dysfunction following surgery (with the possible exception of hyperprolactinemia). Indeed, the incidence increases following therapy as a consequence of surgery (lowest risk with transsphenoidal surgery).</li><li>Approximate prevalences of specific deficiencies include growth hormone (75%), hypogonadotropic hypogonadism (75%), ACTH deficiency (25%), hypothyroidism (25%), and diabetes insipidus (&gt;70% in children; 50% in adults).<a href=\"epoc://current?article=4\">[4]</a> <a href=\"epoc://current?article=8\">[8]</a> <a href=\"epoc://current?article=9\">[9]</a> </li></ul></div></div></div></html>",
   "type":"web"},

  {
   "id":"p-tx-c_2",
   "title":"ignoreme",
   "html":"<html><div class=\"cell\"><div class=\"cellBlock\"><div class=\"cellTitle\">Comments</div><div class=\"cellBody\"><ul><li>Radiation therapy is reserved for patients who have had surgical biopsy only, or incompletely resected tumors.<a href=\"epoc://current?article=31\">[31]</a> <a href=\"epoc://current?article=32\">[32]</a> <a href=\"epoc://current?article=33\">[33]</a> <a href=\"epoc://current?article=30\">[30]</a> </li><li>The radiation therapy modality (conventional or fractionated external beam or stereotactic) is dependent upon tumor size and anatomic relationship to surrounding neural structures and, in particular, the optic chiasm.</li><li>Conventional fractionated external beam radiation therapy (photon-based) administered daily for 5 to 6 weeks with a median tumor dose of 54 Gy (standard of care).<a href=\"epoc://current?article=32\">[32]</a> <a href=\"epoc://current?article=33\">[33]</a> </li><li>Stereotactic radiation therapy (gamma knife, cyberknife, or LINAC-based) is used for small (&lt;2 cm) residual tumors that are anatomically separate from the optic chiasm.<a href=\"epoc://current?article=32\">[32]</a> <a href=\"epoc://current?article=34\">[34]</a> <a href=\"epoc://current?article=35\">[35]</a> <a href=\"epoc://current?article=36\">[36]</a> <a href=\"epoc://current?article=37\">[37]</a> </li><li>Fractionated radiosurgery can be used for tumors that abut the optic apparatus.</li><li>Although some clinicians consider that long-term outcome is comparable in patients treated with complete resection versus incomplete resection followed by radiation therapy, longer-term follow-up data favor completely resected tumors.</li></ul></div></div></div></html>",
   "type":"web"},

  {
   "id":"tx-2",
   "sections":
   [

    {
     "cells":
     [

      {
       "target":"p-tx-p_0",
       "title":"surgical biopsy ± resection",
       "flag":"1st",
       "type":"flex1"},

      {
       "target":"p-tx-p_1",
       "title":"endocrine replacement therapy",
       "flag":"plus",
       "type":"flex1"},

      {
       "target":"p-tx-c_2",
       "title":"radiation therapy",
       "flag":"plus",
       "type":"flex1"}      ]}    ],
   "type":"table"},

  {
   "id":"p-tx-c_3",
   "title":"ignoreme",
   "html":"<html><div class=\"cell\"><div class=\"cellBlock\"><div class=\"cellTitle\">Comments</div><div class=\"cellBody\"><ul><li>Endocrinopathies require continued replacement therapy depending upon the specific endocrine deficiencies.<a href=\"epoc://current?article=4\">[4]</a> <a href=\"epoc://current?article=8\">[8]</a> <a href=\"epoc://current?article=9\">[9]</a> <a href=\"epoc://current?article=11\">[11]</a> <a href=\"epoc://current?article=38\">[38]</a> </li><li>No improvement is seen in endocrine dysfunction following surgery (with the possible exception of hyperprolactinemia). Indeed, the incidence increases following therapy as a consequence of surgery (lowest risk with transsphenoidal surgery).</li><li>Approximate prevalences of specific deficiencies include growth hormone (75%), hypogonadotropic hypogonadism (75%), ACTH deficiency (25%), hypothyroidism (25%), and diabetes insipidus (&gt;70% in children; 50% in adults).<a href=\"epoc://current?article=4\">[4]</a> <a href=\"epoc://current?article=8\">[8]</a> <a href=\"epoc://current?article=9\">[9]</a> <a href=\"epoc://current?article=38\">[38]</a> <a href=\"epoc://current?article=51\">[51]</a> <a href=\"epoc://current?article=52\">[52]</a> </li></ul></div></div></div></html>",
   "type":"web"},

  {
   "id":"tx-3",
   "sections":
   [

    {
     "cells":
     [

      {
       "target":"p-tx-c_3",
       "title":"continued endocrine replacement therapy",
       "flag":"1st",
       "type":"flex1"}      ]}    ],
   "type":"table"},

  {
   "id":"p-tx-p_3",
   "title":"ignoreme",
   "html":"<html><div class=\"cell\"><div class=\"cellBlock\"><div class=\"cellTitle\">Comments</div><div class=\"cellBody\"><ul><li>Endocrinopathies require continued replacement therapy depending upon the specific endocrine deficiencies.<a href=\"epoc://current?article=4\">[4]</a> <a href=\"epoc://current?article=8\">[8]</a> <a href=\"epoc://current?article=9\">[9]</a> <a href=\"epoc://current?article=11\">[11]</a> <a href=\"epoc://current?article=38\">[38]</a> </li><li>No improvement is seen in endocrine dysfunction following surgery (with the possible exception of hyperprolactinemia). Indeed, the incidence increases following therapy as a consequence of surgery (lowest risk with transsphenoidal surgery).</li><li>Approximate prevalences of specific deficiencies include growth hormone (75%), hypogonadotropic hypogonadism (75%), ACTH deficiency (25%), hypothyroidism (25%), and diabetes insipidus (&gt;70% in children; 50% in adults).<a href=\"epoc://current?article=4\">[4]</a> <a href=\"epoc://current?article=8\">[8]</a> <a href=\"epoc://current?article=9\">[9]</a> <a href=\"epoc://current?article=38\">[38]</a> <a href=\"epoc://current?article=51\">[51]</a> <a href=\"epoc://current?article=52\">[52]</a> </li></ul></div></div></div></html>",
   "type":"web"},

  {
   "id":"p-tx-c_4",
   "title":"ignoreme",
   "html":"<html><div class=\"cell\"><div class=\"cellBlock\"><div class=\"cellTitle\">Comments</div><div class=\"cellBody\"><ul><li>Repeat surgery may be of benefit.<a href=\"epoc://current?article=44\">[44]</a> Recalcitrant cystic tumors may require surgical drainage/aspiration and sometimes placement of an intratumoral cyst catheter and subgaleal reservoir.</li><li>This allows repeated fluid aspiration and, if necessary, instillation of intracavitary radioactive colloidal phosphorus or yttrium.<a href=\"epoc://current?article=41\">[41]</a> <a href=\"epoc://current?article=42\">[42]</a> <a href=\"epoc://current?article=43\">[43]</a> </li><li>Alternatively, chemotherapy agents may be placed; a variety of drugs have been utilized, including bleomycin, methotrexate, and cytarabine.</li></ul></div></div></div></html>",
   "type":"web"},

  {
   "id":"p-tx-c_5",
   "title":"ignoreme",
   "html":"<html><div class=\"cell\"><div class=\"cellBlock\"><div class=\"cellTitle\">Comments</div><div class=\"cellBody\"><ul><li>Data for chemotherapy in refractory craniopharyngioma are limited, and there is no standard systemic regimen.</li><li>In general, chemotherapy is reserved for patients having failed previous surgery and radiation therapy and in whom there are no other therapeutic options.</li></ul></div></div></div></html>",
   "type":"web"},

  {
   "id":"tx-4",
   "sections":
   [

    {
     "cells":
     [

      {
       "target":"p-tx-p_3",
       "title":"continued endocrine replacement therapy",
       "flag":"1st",
       "type":"flex1"},

      {
       "target":"p-tx-c_4",
       "title":"surgery ± intracavitary chemotherapy/radiation therapy",
       "flag":"plus",
       "type":"flex1"},

      {
       "target":"p-tx-c_5",
       "title":"systemic chemotherapy",
       "flag":"adj.",
       "type":"flex1"}      ]}    ],
   "type":"table"},

  {
   "id":"p-images-i_1",
   "title":"Images",
   "type":"image",
   "image_refs":
   [
0,
1,
2    ]},

  {
   "id":"p-images-i_2",
   "title":"Images",
   "type":"image",
   "image_refs":
   [
3,
4,
5,
6    ]},

  {
   "id":"p-images-i_3",
   "title":"Images",
   "type":"image",
   "image_refs":
   [
0,
1,
2    ]},

  {
   "id":"p-images-i_4",
   "title":"Images",
   "type":"image",
   "image_refs":
   [
3,
4,
5    ]},

  {
   "id":"p-images-i_5",
   "title":"Images",
   "type":"image",
   "image_refs":
   [
6    ]},

  {
   "id":"p-images-i_6",
   "title":"Images",
   "type":"image",
   "image_refs":
   [
0,
1,
2    ]},

  {
   "id":"p-images-i_7",
   "title":"Images",
   "type":"image",
   "image_refs":
   [
5,
7    ]}  ],
 "citations":
 {
  "articles":
  [

   {
    "id":1,
    "key_article":false,
    "ref_article":true,
    "html":"Adamson TE, Wiestler OD, Kleihues P, et al. Correlation of clinical and pathological features in surgically treated craniopharyngiomas. J Neurosurg. 1990;73:12-17.<a href=\"http://www.ncbi.nlm.nih.gov/pubmed/2352012\"> [Abstract]</a>"},

   {
    "id":2,
    "key_article":false,
    "ref_article":true,
    "html":"Van Effenterre R, Boch AL. Craniopharyngioma in adults and children: a study of 122 surgical cases. J Neurosurg. 2002;97:3-11.<a href=\"http://www.ncbi.nlm.nih.gov/pubmed/12134929\"> [Abstract]</a>"},

   {
    "id":3,
    "key_article":false,
    "ref_article":true,
    "html":"Carmel PW, Antunes JL, Chang CH. Craniopharyngiomas in children. Neurosurgery. 1982;2:382-389.<a href=\"http://www.ncbi.nlm.nih.gov/pubmed/7133354\"> [Abstract]</a>"},

   {
    "id":4,
    "key_article":false,
    "ref_article":true,
    "html":"Karavitaki N, Cudlip S, Adams CB, et al. Craniopharyngiomas. Endocr Rev. 2006;27:371-397.<a href=\"http://www.ncbi.nlm.nih.gov/pubmed/16543382\"> [Abstract]</a><a href=\"http://edrv.endojournals.org/content/27/4/371.long\"> [Full Text]</a>"},

   {
    "id":5,
    "key_article":false,
    "ref_article":true,
    "html":"Baskin DS, Wilson CB. Surgical management of craniopharyngiomas. A review of 74 cases. J Neurosurg. 1986;65:22-27.<a href=\"http://www.ncbi.nlm.nih.gov/pubmed/3712025\"> [Abstract]</a>"},

   {
    "id":6,
    "key_article":false,
    "ref_article":true,
    "html":"Defoort-Dhellemmes S, Moritz F, Bouacha I, et al. Craniopharyngioma: ophthalmological aspects at diagnosis. J Pediatr Endocrinol Metab. 2006;19(suppl 1):321-324.<a href=\"http://www.ncbi.nlm.nih.gov/pubmed/16700306\"> [Abstract]</a>"},

   {
    "id":7,
    "key_article":false,
    "ref_article":true,
    "html":"Bunin GR, Surawicz TS, Witman PA, et al. The descriptive epidemiology of craniopharyngiomas. J Neurosurg. 1998;89:547-551.<a href=\"http://www.ncbi.nlm.nih.gov/pubmed/9761047\"> [Abstract]</a>"},

   {
    "id":8,
    "key_article":false,
    "ref_article":true,
    "html":"Halac I, Zimmerman D. Endocrine manifestations of craniopharyngioma. Childs Nerv Syst. 2005;21:640-648.<a href=\"http://www.ncbi.nlm.nih.gov/pubmed/16047216\"> [Abstract]</a>"},

   {
    "id":9,
    "key_article":false,
    "ref_article":true,
    "html":"Hopper N, Albanese A, Ghirardello S, et al. The preoperative endocrine assessment of craniopharyngiomas. J Pediatr Endocrinol Metab. 2006;19(suppl 1):325-327.<a href=\"http://www.ncbi.nlm.nih.gov/pubmed/16700307\"> [Abstract]</a>"},

   {
    "id":10,
    "key_article":false,
    "ref_article":true,
    "html":"Dhellemmes P, Vinchon M. Radical resection for craniopharyngiomas in children: surgical technique and clinical results. J Pediatr Endocrinol Metab. 2006;19(suppl 1):329-335.<a href=\"http://www.ncbi.nlm.nih.gov/pubmed/16700308\"> [Abstract]</a>"},

   {
    "id":11,
    "key_article":true,
    "ref_article":true,
    "html":"Garre ML, Cama A. Craniopharyngioma: modern concepts in pathogenesis and treatment. Curr Opin Pediatr. 2007;19:471-479.<a href=\"http://www.ncbi.nlm.nih.gov/pubmed/17630614\"> [Abstract]</a>"},

   {
    "id":12,
    "key_article":false,
    "ref_article":true,
    "html":"Haupt R, Magnani C, Pavanello M, et al. Epidemiological aspects of craniopharyngioma. J Pediatr Endocrinol Metab. 2006;19(suppl 1):289-293.<a href=\"http://www.ncbi.nlm.nih.gov/pubmed/16700303\"> [Abstract]</a>"},

   {
    "id":13,
    "key_article":false,
    "ref_article":true,
    "html":"Nielsen EH, Feldt-Rasmussen U, Poulsgaard L, et al. Incidence of craniopharyngioma in Denmark (n = 189) and estimated world incidence of craniopharyngioma in children and adults. J Neurooncol. 2011;104:755-763.<a href=\"http://www.ncbi.nlm.nih.gov/pubmed/21336771\"> [Abstract]</a>"},

   {
    "id":14,
    "key_article":false,
    "ref_article":true,
    "html":"Zacharia BE, Bruce SS, Goldstein H, et al. Incidence, treatment and survival of patients with craniopharyngioma in the surveillance, epidemiology and end results program. Neuro Oncol. 2012;14:1070-1078.<a href=\"http://www.ncbi.nlm.nih.gov/pubmed/22735773\"> [Abstract]</a>"},

   {
    "id":15,
    "key_article":false,
    "ref_article":true,
    "html":"Crotty TB, Scheithauer BW, Young WF, et al. Papillary craniopharyngiomas: a clinicopathological study of 48 cases. J Neurosurg. 1995;83:206-214.<a href=\"http://www.ncbi.nlm.nih.gov/pubmed/7616262\"> [Abstract]</a>"},

   {
    "id":16,
    "key_article":false,
    "ref_article":true,
    "html":"Hofmann B, Kreutzer J, Saeger W, et al. Nuclear beta-catenin accumulation as reliable marker for the differentiation between cystic craniopharyngiomas and rathke cleft cysts: a clinico-pathologic approach. Am J Surg Path. 2006;30:1595-1603.<a href=\"http://www.ncbi.nlm.nih.gov/pubmed/17122517\"> [Abstract]</a>"},

   {
    "id":17,
    "key_article":true,
    "ref_article":true,
    "html":"Puget S, Garnett M, Wray A, et al. Pediatric craniopharyngiomas: classification and treatment according to the degree of hypothalamic involvement. J Neurosurg. 2007;106:3-12.<a href=\"http://www.ncbi.nlm.nih.gov/pubmed/17233305\"> [Abstract]</a>"},

   {
    "id":18,
    "key_article":false,
    "ref_article":true,
    "html":"Rajan B, Ashley S, Thomas DG, et al. Craniopharyngioma: improving outcome by early recognition and treatment of acute complications. Int J Radiat Oncol Biol Phys. 1997;37:517-521.<a href=\"http://www.ncbi.nlm.nih.gov/pubmed/9112447\"> [Abstract]</a>"},

   {
    "id":19,
    "key_article":false,
    "ref_article":true,
    "html":"Hukin J, Visser J, Sargent M, et al. Childhood craniopharyngioma: Vancouver experience. Childs Nerv Syst. 2005;21:758-765.<a href=\"http://www.ncbi.nlm.nih.gov/pubmed/15959732\"> [Abstract]</a>"},

   {
    "id":20,
    "key_article":false,
    "ref_article":true,
    "html":"Sorva R, Heiskanen O, Perheetupa J. Craniopharyngioma surgery in children: endocrine and visual outcome. Childs Nerv Syst. 1998;4:97-99.<a href=\"http://www.ncbi.nlm.nih.gov/pubmed/3401877\"> [Abstract]</a>"},

   {
    "id":21,
    "key_article":false,
    "ref_article":true,
    "html":"Curran JG, O'Connor E. Imaging of craniopharyngioma. Childs Nerv Syst. 2005;21:635-639.<a href=\"http://www.ncbi.nlm.nih.gov/pubmed/16078078\"> [Abstract]</a>"},

   {
    "id":22,
    "key_article":false,
    "ref_article":true,
    "html":"Zada G, Lin N, Ojerholm E, et al. Craniopharyngioma and other cystic epithelial lesions of the sellar region: a review of clinical, imaging, and histopathological relationships. Neurosurg Focus. 2010;28:E4.<a href=\"http://www.ncbi.nlm.nih.gov/pubmed/20367361\"> [Abstract]</a>"},

   {
    "id":23,
    "key_article":false,
    "ref_article":true,
    "html":"Fischer EG, Welch K, Shillito J, et al. Craniopharyngiomas in children. Long-term effects of conservative surgical procedures combined with radiation therapy. J Neurosurg. 1990;73:534-540.<a href=\"http://www.ncbi.nlm.nih.gov/pubmed/2398383\"> [Abstract]</a>"},

   {
    "id":24,
    "key_article":false,
    "ref_article":true,
    "html":"Clark AJ, Cage TA, Aranda D, et al. Treatment-related morbidity and the management of pediatric craniopharyngioma: a systematic review. J Neurosurg Pediatr. 2012;10:293-301.<a href=\"http://www.ncbi.nlm.nih.gov/pubmed/22920295\"> [Abstract]</a>"},

   {
    "id":25,
    "key_article":false,
    "ref_article":true,
    "html":"Komotar RJ, Starke RM, Raper DM, et al. Endoscopic skull base surgery: a comprehensive comparison with open transcranial approaches. Br J Neurosurg. 2012;26:637-648.<a href=\"http://www.ncbi.nlm.nih.gov/pubmed/22324437\"> [Abstract]</a>"},

   {
    "id":26,
    "key_article":false,
    "ref_article":true,
    "html":"Hankinson TC, Palmeri NO, Williams SA, et al. Patterns of care for craniopharyngioma: survey of members of the american association of neurological surgeons. Pediatr Neurosurg. 2013;49:131-136.<a href=\"http://www.ncbi.nlm.nih.gov/pubmed/24577430\"> [Abstract]</a>"},

   {
    "id":27,
    "key_article":false,
    "ref_article":true,
    "html":"Stripp DC, Maity A, Janss AJ, et al. Surgery with or without radiation therapy in the management of craniopharyngiomas in children and young adults. Int J Radiat Oncol Biol Phys. 2004;58:714-720.<a href=\"http://www.ncbi.nlm.nih.gov/pubmed/14967425\"> [Abstract]</a>"},

   {
    "id":28,
    "key_article":false,
    "ref_article":true,
    "html":"Hoffman HJ, De Silva M, Humphreys RP, et al. Aggressive surgical management of craniopharyngiomas in children. J Neurosurg. 1992;76:47-52.<a href=\"http://www.ncbi.nlm.nih.gov/pubmed/1727168\"> [Abstract]</a>"},

   {
    "id":29,
    "key_article":false,
    "ref_article":true,
    "html":"Fernandez-Miranda JC, Gardner PA, Snyderman CH, et al. Craniopharyngioma: A pathologic, clinical, and surgical review. Head Neck. 2012;34:1036-1044.<a href=\"http://www.ncbi.nlm.nih.gov/pubmed/21584897\"> [Abstract]</a>"},

   {
    "id":30,
    "key_article":false,
    "ref_article":true,
    "html":"Clark AJ, Cage TA, Aranda D, et al. A systematic review of the results of surgery and radiotherapy on tumor control for pediatric craniopharyngioma. Childs Nerv Syst. 2013;29:231-238.<a href=\"http://www.ncbi.nlm.nih.gov/pubmed/23089933\"> [Abstract]</a>"},

   {
    "id":31,
    "key_article":false,
    "ref_article":true,
    "html":"Weiss M, Sutton L, Marcial V, et al. The role of radiation therapy in the management of childhood craniopharyngioma. Int J Radiat Oncol Biol Phys. 1989;17:1313-1321.<a href=\"http://www.ncbi.nlm.nih.gov/pubmed/2689398\"> [Abstract]</a>"},

   {
    "id":32,
    "key_article":false,
    "ref_article":true,
    "html":"Habrand JL, Ganry O, Couanet D, et al. The role of radiation therapy in the management of craniopharyngioma: a 25-year experience and review of the literature. Int J Radiat Oncol Biol Phys. 1999;44:255-263.<a href=\"http://www.ncbi.nlm.nih.gov/pubmed/10760417\"> [Abstract]</a>"},

   {
    "id":33,
    "key_article":false,
    "ref_article":true,
    "html":"Varlotto JM, Flickinger JC, Kondziolka D, et al. External beam irradiation of craniopharyngioma: long-term analysis of tumor control and morbidity. Int J Radiat Oncol Biol Phys. 2002;54:492-499.<a href=\"http://www.ncbi.nlm.nih.gov/pubmed/12243827\"> [Abstract]</a>"},

   {
    "id":34,
    "key_article":false,
    "ref_article":true,
    "html":"Niranjan A, Kano H, Mathieu D, et al. Radiosurgery for craniopharyngioma. Int J Radiat Oncol Biol Phys. 2010;78:64-71.<a href=\"http://www.ncbi.nlm.nih.gov/pubmed/20005637\"> [Abstract]</a>"},

   {
    "id":35,
    "key_article":false,
    "ref_article":true,
    "html":"Chung WY, Pan DH, Shiau CY, et al. Gamma knife radiosurgery for craniopharyngiomas. J Neurosurg. 2000;93(suppl 3):47-56.<a href=\"http://www.ncbi.nlm.nih.gov/pubmed/11143262\"> [Abstract]</a>"},

   {
    "id":36,
    "key_article":false,
    "ref_article":true,
    "html":"Scarzello G, Buzzaccarini MS, Perilongo G, et al. Acute and late morbidity after limited resection and focal radiation therapy in craniopharyngiomas. J Pediatr Endocrinol Metab. 2006 Apr;19 Suppl 1:399-405.<a href=\"http://www.ncbi.nlm.nih.gov/pubmed/16700317\"> [Abstract]</a>"},

   {
    "id":37,
    "key_article":true,
    "ref_article":true,
    "html":"Minniti G, Saran F, Traish D, et al. Fractionated stereotactic conformal radiotherapy following conservative surgery in the control of craniopharyngiomas. Radiother Oncol. 2007;82:90-95.<a href=\"http://www.ncbi.nlm.nih.gov/pubmed/17161483\"> [Abstract]</a>"},

   {
    "id":38,
    "key_article":false,
    "ref_article":true,
    "html":"Müller HL. Consequences of craniopharyngioma surgery in children. J Clin Endocrinol Metab. 2011;96:1981-1991.<a href=\"http://www.ncbi.nlm.nih.gov/pubmed/21508127\"> [Abstract]</a><a href=\"http://jcem.endojournals.org/content/96/7/1981.long\"> [Full Text]</a>"},

   {
    "id":39,
    "key_article":false,
    "ref_article":true,
    "html":"Poretti A, Grotzer MA, Ribi K, et al. Outcome of craniopharyngioma in children: long-term complications and quality of life. Dev Med Child Neurol. 2004;46:220-229.<a href=\"http://www.ncbi.nlm.nih.gov/pubmed/15077699\"> [Abstract]</a><a href=\"http://onlinelibrary.wiley.com/doi/10.1111/j.1469-8749.2004.tb00476.x/pdf\"> [Full Text]</a>"},

   {
    "id":40,
    "key_article":false,
    "ref_article":true,
    "html":"Kiehna EN, Mulhem RK, Li C, et al. Changes in attentional performance of children and young adults with localized primary brain tumors after conformal radiation therapy. J Clin Oncol. 2006;24:5283-5290.<a href=\"http://www.ncbi.nlm.nih.gov/pubmed/17114662\"> [Abstract]</a><a href=\"http://jco.ascopubs.org/cgi/content/full/24/33/5283\"> [Full Text]</a>"},

   {
    "id":41,
    "key_article":false,
    "ref_article":true,
    "html":"Julow J, Backlund E-O, Lanyi F, et al. Long-term results and late complications after intracavitary yttrium-90 colloid irradiation of recurrent cystic craniopharyngiomas. Neurosurgery. 2007;61:288-295.<a href=\"http://www.ncbi.nlm.nih.gov/pubmed/17762741\"> [Abstract]</a>"},

   {
    "id":42,
    "key_article":false,
    "ref_article":true,
    "html":"Van den Berg JH, Blaauw G, Breeman WA, et al. Intracavitary brachytherapy of cystic craniopharyngiomas. J Neurosurg. 1992;77:545-550.<a href=\"http://www.ncbi.nlm.nih.gov/pubmed/1527612\"> [Abstract]</a>"},

   {
    "id":43,
    "key_article":false,
    "ref_article":true,
    "html":"Pollack IF, Lunsford LD, Slamovits TI, et al. Stereotaxic intracavitary irradiation for cystic craniopharyngiomas. J Neurosurg. 1988;68:227-233.<a href=\"http://www.ncbi.nlm.nih.gov/pubmed/3276836\"> [Abstract]</a>"},

   {
    "id":44,
    "key_article":false,
    "ref_article":true,
    "html":"Liubinas SV, Munshey AS, Kaye AH. Management of recurrent craniopharyngioma. J Clin Neurosci. 2011;18:451-457.<a href=\"http://www.ncbi.nlm.nih.gov/pubmed/21316970\"> [Abstract]</a>"},

   {
    "id":45,
    "key_article":false,
    "ref_article":true,
    "html":"Sahakitrungruang T, Klomchan T, Supornsilchai V, et al. Obesity, metabolic syndrome, and insulin dynamics in children after craniopharyngioma surgery. Eur J Pediatr. 2011;170:763-769.<a href=\"http://www.ncbi.nlm.nih.gov/pubmed/21107605\"> [Abstract]</a>"},

   {
    "id":46,
    "key_article":false,
    "ref_article":true,
    "html":"Lo AC, Howard AF, Nichol A, et al. Long-term outcomes and complications in patients with craniopharyngioma: the British Columbia Cancer Agency experience. Int J Radiat Oncol Biol Phys. 2014;88:1011-1018.<a href=\"http://www.ncbi.nlm.nih.gov/pubmed/24661653\"> [Abstract]</a>"},

   {
    "id":47,
    "key_article":false,
    "ref_article":true,
    "html":"Müller HL. Childhood craniopharyngioma. Pituitary. 2013;16:56-67.<a href=\"http://www.ncbi.nlm.nih.gov/pubmed/22678820\"> [Abstract]</a><a href=\"http://rd.springer.com/article/10.1007%2Fs11102-012-0401-0\"> [Full Text]</a>"},

   {
    "id":48,
    "key_article":false,
    "ref_article":true,
    "html":"Erfurth EM. Endocrine aspects and sequel in patients with craniopharyngioma. J Pediatr Endocrinol Metab. 2015;28:19-26.<a href=\"http://www.ncbi.nlm.nih.gov/pubmed/25514328\"> [Abstract]</a>"},

   {
    "id":49,
    "key_article":false,
    "ref_article":true,
    "html":"Mortini P, Losa M, Pozzobon G, et al. Neurosurgical treatment of craniopharyngioma in adults and children: early and long-term results in a large case series. J Neurosurg. 2011;114:1350-1359.<a href=\"http://www.ncbi.nlm.nih.gov/pubmed/21214336\"> [Abstract]</a>"},

   {
    "id":50,
    "key_article":false,
    "ref_article":true,
    "html":"Liu JK, Christiano LD, Patel SK, et al. Surgical nuances for removal of retrochiasmatic craniopharyngioma via the endoscopic endonasal extended transsphenoidal transplanum transtuberculum approach. Neurosurg Focus. 2011;30:E14.<a href=\"http://www.ncbi.nlm.nih.gov/pubmed/21456925\"> [Abstract]</a>"},

   {
    "id":51,
    "key_article":false,
    "ref_article":true,
    "html":"Müller HL, Gebhardt U, Teske C, et al. Post-operative hypothalamic lesions and obesity in childhood craniopharyngioma: results of the multinational prospective trial KRANIOPHARYNGEOM 2000 after three year follow-up. Eur J Endocrinol. 2011;165:17-24.<a href=\"http://www.ncbi.nlm.nih.gov/pubmed/21490122\"> [Abstract]</a><a href=\"http://www.eje-online.org/content/165/1/17.full.pdf\"> [Full Text]</a>"},

   {
    "id":52,
    "key_article":false,
    "ref_article":true,
    "html":"Winkfield KM, Tsai HK, Yao X, et al. Long-term clinical outcomes following treatment of childhood craniopharyngioma. Pediatr Blood Cancer. 2011;56:1120-1126.<a href=\"http://www.ncbi.nlm.nih.gov/pubmed/21488157\"> [Abstract]</a>"},

   {
    "id":53,
    "key_article":false,
    "ref_article":true,
    "html":"Merchant TE, Kiehna EN, Kun LE, et al. Phase II trial of conformal radiation therapy for pediatric patients with craniopharyngioma and correlation of surgical factors and radiation dosimetry with change in cognitive function. J Neurosurg. 2006;104(suppl 2):94-102.<a href=\"http://www.ncbi.nlm.nih.gov/pubmed/16506496\"> [Abstract]</a>"},

   {
    "id":54,
    "key_article":false,
    "ref_article":true,
    "html":"Fitzek MM, Linggood RM, Adams J, et al. Combined proton and photon irradiation for craniopharyngioma: long-term results of the early cohort of patients treated at Harvard Cyclotron Laboratory and Massachusetts General Hospital. Int J Radiat Oncol Biol Phys. 2006;64:1348-1354.<a href=\"http://www.ncbi.nlm.nih.gov/pubmed/16580494\"> [Abstract]</a>"},

   {
    "id":55,
    "key_article":false,
    "ref_article":true,
    "html":"Jakacki RI, Cohen BH, Jamison C, et al. Phase II evaluation of interferon alpha-2a for progressive or recurrent craniopharyngiomas. J Neurosurg. 2000;92:255-260.<a href=\"http://www.ncbi.nlm.nih.gov/pubmed/10659012\"> [Abstract]</a>"},

   {
    "id":56,
    "key_article":false,
    "ref_article":true,
    "html":"Cavalheiro S, Di Rocco C, Valenzuela S, et al. Craniopharyngiomas: intratumoral chemotherapy with interferon-alpha: a multicenter preliminary study with 60 cases. Neurosurg Focus. 2010;28:E12.<a href=\"http://www.ncbi.nlm.nih.gov/pubmed/20367356\"> [Abstract]</a>"},

   {
    "id":57,
    "key_article":false,
    "ref_article":true,
    "html":"Fahlbusch R, Honegger J, Paulus W, et al. Surgical treatment of craniopharyngiomas: experience with 168 patients. J Neurosurg. 1999;90:237-250.<a href=\"http://www.ncbi.nlm.nih.gov/pubmed/9950494\"> [Abstract]</a>"},

   {
    "id":58,
    "key_article":true,
    "ref_article":true,
    "html":"Dekkers OM, Biermasz NR, Smit JW, et al. Quality of life in treated adult craniopharyngioma patients. Eur J Endocrinol. 2006;154:483-489.<a href=\"http://www.ncbi.nlm.nih.gov/pubmed/16498063\"> [Abstract]</a><a href=\"http://www.eje-online.org/content/154/3/483.full.pdf\"> [Full Text]</a>"},

   {
    "id":59,
    "key_article":false,
    "ref_article":true,
    "html":"Gupta DK, Ojha BK, Sarkar C, et al. Recurrence in craniopharyngiomas: analysis of clinical and histological features. J Clin Neurosci. 2006;13:438-442.<a href=\"http://www.ncbi.nlm.nih.gov/pubmed/16678722\"> [Abstract]</a>"},

   {
    "id":60,
    "key_article":false,
    "ref_article":true,
    "html":"De Vile CJ, Grant DB, Kendall BE, et al. Management of childhood craniopharyngioma: can the morbidity of radical surgery be predicted? J Neurosurg. 1996;85:73-81.<a href=\"http://www.ncbi.nlm.nih.gov/pubmed/8683285\"> [Abstract]</a>"},

   {
    "id":61,
    "key_article":false,
    "ref_article":true,
    "html":"Honegger J, Buchfelder M, Fahlbusch R. Surgical treatment of craniopharyngiomas: endocrinological results. J Neurosurg. 1999 Feb;90(2):251-7.<a href=\"http://www.ncbi.nlm.nih.gov/pubmed/9950495\"> [Abstract]</a>"},

   {
    "id":62,
    "key_article":false,
    "ref_article":true,
    "html":"Duff JM, Meyer FB, Ilstrup DM, et al. Long-term outcomes for surgically resected craniopharyngiomas. Neurosurgery. 2000;46:291-305.<a href=\"http://www.ncbi.nlm.nih.gov/pubmed/10690718\"> [Abstract]</a>"},

   {
    "id":63,
    "key_article":false,
    "ref_article":true,
    "html":"Pereira AM, Schmid EM, Schutte PJ, et al. High prevalence of long-term cardiovascular, neurological and psychosocial morbidity after treatment for craniopharyngioma. Clin Endocrinol (Oxf). 2005;62:197-204.<a href=\"http://www.ncbi.nlm.nih.gov/pubmed/15670196\"> [Abstract]</a>"}   ]},
 "media":
 [

  {
   "file":"732-6.jpg",
   "thumb":"732-6-tn.jpg",
   "caption":"Craniopharyngioma: adamantinous histology (low power) with complex arrangements of epithelium, cysts, and gliotic brain",
   "hilight":"false",
   "iline":"false",
   "auth":"false",
   "source":"From the collection of Dr Marc C. Chamberlain"},

  {
   "file":"732-7.jpg",
   "thumb":"732-7-tn.jpg",
   "caption":"Craniopharyngioma: adamantinous histology (medium power) with epithelial ribbons showing reticular areas and nodules of keratin",
   "hilight":"false",
   "iline":"false",
   "auth":"false",
   "source":"From the collection of Dr Marc C. Chamberlain"},

  {
   "file":"732-8.jpg",
   "thumb":"732-8-tn.jpg",
   "caption":"Craniopharyngioma: adamantinous histology (high power) with basal-aligned columnar cells, stellate reticulum, and epithelial keratinization",
   "hilight":"false",
   "iline":"false",
   "auth":"false",
   "source":"From the collection of Dr Marc C. Chamberlain"},

  {
   "file":"732-1-hlight.jpg",
   "thumb":"732-1-hlight-tn.jpg",
   "caption":"Craniopharyngioma: coronal postcontrast MRI",
   "hilight":"true",
   "iline":"false",
   "auth":"false",
   "source":"From the collection of Dr Marc C. Chamberlain"},

  {
   "file":"732-2.jpg",
   "thumb":"732-2-tn.jpg",
   "caption":"Craniopharyngioma: axial postcontrast MRI",
   "hilight":"false",
   "iline":"false",
   "auth":"false",
   "source":"From the collection of Dr Marc C. Chamberlain"},

  {
   "file":"732-3.jpg",
   "thumb":"732-3-tn.jpg",
   "caption":"Craniopharyngioma: sagittal postcontrast MRI",
   "hilight":"false",
   "iline":"false",
   "auth":"false",
   "source":"From the collection of Dr Marc C. Chamberlain"},

  {
   "file":"732-4.jpg",
   "thumb":"732-4-tn.jpg",
   "caption":"Craniopharyngioma: sagittal postcontrast CT",
   "hilight":"false",
   "iline":"false",
   "auth":"false",
   "source":"From the collection of Dr Marc C. Chamberlain"},

  {
   "file":"732-5.jpg",
   "thumb":"732-5-tn.jpg",
   "caption":"Craniopharyngioma (postoperative): sagittal postcontrast MRI",
   "hilight":"false",
   "iline":"false",
   "auth":"false",
   "source":"From the collection of Dr Marc C. Chamberlain"}  ]}