
{
 "id":749,
 "title":"Short stature eval",
 "views":
 [

  {
   "id":"root",
   "type":"table",
   "sections":
   [

    {
     "cells":
     [

      {
       "target":"eval-overview",
       "title":"Overview",
       "type":"flex0"}      ]},

    {
     "cells":
     [

      {
       "target":"eval-urgent",
       "title":"Urgent Considerations",
       "type":"flex0"},

      {
       "target":"eval-differentials",
       "title":"Differential Diagnosis",
       "type":"flex0"},

      {
       "target":"eval-diag_approach",
       "title":"Diagnostic Approach",
       "type":"flex0"}      ]}    ]},

  {
   "id":"eval-overview",
   "title":"Short stature eval",
   "html":"<div class=\"cell\"><div class=\"cellBlock\"><div class=\"cellBody\"><P>Short stature is defined as a height that is 2 or more standard deviations below the mean for age and sex within a population (below the 2.5th percentile).</P><P>Growth deceleration is defined as a growth velocity that is below the 5th percentile for age and sex (e.g., &lt;5 cm/year after the age of 5 years), or a height drop across 2 or more percentiles on the growth chart.</P></div><div class=\"cellTitle\">Epidemiology</div><div class=\"cellBody\"><P>About 2% of all children, or more than 1 million children in the US, present with short stature. Boys come to medical attention because of short stature more frequently than girls. However, one study found that 38% of boys and 20% of girls who were referred were of normal height, the referral being due to errors in measurement, errors in plotting on the growth chart, or failure to account for the child's genetic height potential.<a href=\"epoc://current?article=1\">[1]</a> <a href=\"epoc://current?article=2\">[2]</a> </P><P>In a school-based study, 14% of children who were shorter than the 3rd percentile and growing at &lt;5 cm/year were found to have an underlying medical condition, of which 5% were endocrine in origin.<a href=\"epoc://current?article=3\">[3]</a> In resource-poor settings short stature is often a consequence of malnutrition. Prevalence rates for stunting in adolescents and children range from 9% to 11% in South America and are as high as 30% in parts of Africa.<a href=\"epoc://current?article=4\">[4]</a> <a href=\"epoc://current?article=5\">[5]</a> <a href=\"epoc://current?article=6\">[6]</a> </P></div><div class=\"cellTitle\">Normal growth</div><div class=\"cellBody\"><P>Factors determining normal growth depend on the child's age. An alteration in any of the factors can lead to growth failure.<a href=\"epoc://current?article=1\">[1]</a> <a href=\"epoc://current?article=7\">[7]</a> </P><ul><li>Prenatal growth: the major determinants of fetal growth are uterine size, placental function, maternal nutrition, insulin, insulin-like growth factors (IGFs), and IGF-binding proteins (IGFBPs).</li><li>Postnatal growth: this is characterized by an initial rapid growth rate that declines progressively, reaching a plateau of about 5 to 7 cm/year between 3 years of age until puberty. Babies born large or small for their genetic potential will \"channel\" to their correct percentile in their first 2 years. Growth hormone, thyroid hormones, nutrition, and insulin play major roles at this time.</li><li>Pubertal growth: immediately prior to puberty, growth usually slows down (\"prepubertal dip\"), only to be followed by the pubertal growth spurt. Sex hormones exert important growth effects during puberty, in addition to other factors such as growth hormone, thyroid hormones, nutrition, and insulin. Girls have their growth spurt early in puberty. Boys experience their growth spurt toward the end of puberty and achieve greater height velocities than girls. This, combined with the fact that boys grow for approximately 2 years more than girls, explains the 13 cm (5 inches) difference in final heights between the sexes.</li></ul></div><div class=\"cellTitle\">Authors / Peer Reviewers</div><div class=\"cellBody\"><ul><li>Renee Bargman, MS, MD</li><li>Maria Vogiatzi, MD</li><li>Ian Marshall, MD</li><li>Raphael David, MD</li></ul><br><b class=\"last-updated display-none\">Last Updated: 2020-12-02</b><div style=\"display: none\" class=\"last-updated\"><div class=\"last-updated-label\">Last Updated</div><div class=\"last-updated-date\">2020-12-02</div></div></div></div></div>",
   "type":"web"},

  {
   "id":"eval-urgent",
   "html":"<div class=\"cell\"><div class=\"cellBlock\"><div class=\"cellBody\"><div class=\"cellBody\"><P>Short stature is never evaluated as an emergency because by its nature it is a condition that develops over time. However, crossing height percentiles in the downward direction always needs to be evaluated.</P><P>Short stature may be the presenting sign of a number of serious or even life-threatening conditions. Prompt identification of cardiac defects, inflammatory bowel disease, cystic fibrosis, chronic renal failure, poorly controlled diabetes mellitus, and malignancy are mandatory in normalizing growth and targeting treatment.</P><P>Urgent considerations include:</P><ul><li>Congenital primary hypothyroidism<ul><li>Cause of short stature and mental delay</li><li>Preventable by early detection through newborn screening programs</li><li>Treatment with levothyroxine recommended within first 2 weeks of life.</li></ul></li><li>Craniopharyngioma and other central nervous system malignancies<ul><li>Craniopharyngioma presents with diplopia, vision loss, headaches, and short stature</li><li>Patients need an urgent neurologic and endocrinologic evaluation, including a brain scan and evaluation for other pituitary hormone deficiencies.</li></ul></li></ul></div></div></div></div>",
   "type":"web"},

  {
   "id":"p_0",
   "title":"Short stature eval",
   "html":"<html><div class=\"cell\"><div class=\"cellBlock\"><div class=\"cellTitle\">History</div><div class=\"cellBody\">typically born adequate for gestational age; steady growth below the 5th percentile; final height appropriate for short target height; puberty usually not delayed<a href=\"epoc://current?article=27\">[27]</a> </div><div class=\"cellTitle\">Exam</div><div class=\"cellBody\">normal examination; proportionate short stature; appropriate weight gain for age<a href=\"epoc://current?article=27\">[27]</a> </div><div class=\"cellTitle\">1st Tests</div><div class=\"cellBody\"><B>no initial test: </B>clinical diagnosis<BR></div><div class=\"cellTitle\">Other Tests</div><div class=\"cellBody\"><B>bone age: </B>normal (same as chronologic age)<BR></div></div></div></html>",
   "type":"web"},

  {
   "id":"p_1",
   "title":"Short stature eval",
   "html":"<html><div class=\"cell\"><div class=\"cellBlock\"><div class=\"cellTitle\">History</div><div class=\"cellBody\">more frequent in boys; growth deceleration during the first 2 years followed by a normal growth velocity with acceleration late in adolescence; final height close to the target height; late pubertal development in either parent</div><div class=\"cellTitle\">Exam</div><div class=\"cellBody\">usually normal although these children are frequently relatively thin and sexually immature for age; proportionate short stature</div><div class=\"cellTitle\">1st Tests</div><div class=\"cellBody\"><B>bone age: </B>delayed by 1-2 years<BR></div></div></div></html>",
   "type":"web"},

  {
   "id":"p-cat_1",
   "sections":
   [

    {
     "cells":
     [

      {
       "title":"Familial short stature (genetic short stature)",
       "type":"flex0",
       "target":"p_0"},

      {
       "title":"Constitutional delay of growth and development",
       "type":"flex0",
       "target":"p_1"}      ]}    ],
   "type":"table"},

  {
   "id":"p_2",
   "title":"Short stature eval",
   "html":"<html><div class=\"cell\"><div class=\"cellBlock\"><div class=\"cellTitle\">History</div><div class=\"cellBody\">short but otherwise healthy; no weight deceleration; normal target height</div><div class=\"cellTitle\">Exam</div><div class=\"cellBody\">normal; proportionate short stature; puberty starts and proceeds normally</div><div class=\"cellTitle\">1st Tests</div><div class=\"cellBody\"><B>bone age: </B>appropriate for chronologic age<BR><B>insulin-like growth factor 1 (IGF-1): </B>normal for age and sex<BR><B>IGF-binding protein 3 (IGFBP-3): </B>normal for age and sex<BR></div><div class=\"cellTitle\">Other Tests</div><div class=\"cellBody\"><B>growth hormone (GH) stimulation tests: </B>normal; peak GH level &gt;10 nanograms/mL<BR></div></div></div></html>",
   "type":"web"},

  {
   "id":"p_3",
   "title":"Short stature eval",
   "html":"<html><div class=\"cell\"><div class=\"cellBlock\"><div class=\"cellTitle\">History</div><div class=\"cellBody\">intrauterine growth restriction without a particular syndrome; SGA at birth<a href=\"epoc://current?article=9\">[9]</a> </div><div class=\"cellTitle\">Exam</div><div class=\"cellBody\">usually normal;<a href=\"epoc://current?article=9\">[9]</a> proportionate short stature</div><div class=\"cellTitle\">1st Tests</div><div class=\"cellBody\"><B>no initial test: </B>clinical diagnosis<BR></div></div></div></html>",
   "type":"web"},

  {
   "id":"p-cat_2",
   "sections":
   [

    {
     "cells":
     [

      {
       "title":"Idiopathic short stature",
       "type":"flex0",
       "target":"p_2"},

      {
       "title":"Small for gestational age (SGA) without catch-up growth by 2 years of age",
       "type":"flex0",
       "target":"p_3"}      ]}    ],
   "type":"table"},

  {
   "id":"p_4",
   "title":"Short stature eval",
   "html":"<html><div class=\"cell\"><div class=\"cellBlock\"><div class=\"cellTitle\">History</div><div class=\"cellBody\">hypoglycemia or micropenis at birth; adequate for gestational age; growth deceleration occurs after the age of 2 years; may be accompanied by other pituitary deficiencies<a href=\"epoc://current?article=1\">[1]</a> <a href=\"epoc://current?article=3\">[3]</a> </div><div class=\"cellTitle\">Exam</div><div class=\"cellBody\">striking growth retardation; proportionate short stature; \"cherubic\" appearance (looking much younger than their stated age with a low muscle-to-fat ratio); boys may have micropenis; midline defects such as a single incisor, cleft lip/palate, midfacial hypoplasia in congenital GH deficiency<a href=\"epoc://current?article=1\">[1]</a> </div><div class=\"cellTitle\">1st Tests</div><div class=\"cellBody\"><B>bone age: </B>delayed<BR><B>insulin-like growth factor 1 (IGF-1): </B>low for age and sex<BR><B>IGF-binding protein 3 (IGFBP-3): </B>may be normal or low for age and sex<BR></div><div class=\"cellTitle\">Other Tests</div><div class=\"cellBody\"><B>GH stimulation tests: </B>low; peak GH level &lt;10 nanograms/mL on 2 occasions<BR><B>MRI brain: </B>may be normal or reveal a pituitary abnormality such as an ectopic posterior pituitary or central nervous system (CNS) malignancy<BR><B>full pituitary hormone assessment: </B>may reveal other pituitary hormone deficiencies<BR></div><BR><A href=\"epoc://dx/monograph/839\"><B class=\"view-dx-monograph\">View Dx Monograph</B></A><BR></div></div></html>",
   "type":"web"},

  {
   "id":"p_5",
   "title":"Short stature eval",
   "html":"<html><div class=\"cell\"><div class=\"cellBlock\"><div class=\"cellTitle\">History</div><div class=\"cellBody\">fatigue, cold intolerance, dry skin, hair loss, constipation, lethargy, and weight gain; growth deceleration can occur at any age; newborn screening programs may detect congenital primary hypothyroidism; acquired autoimmune hypothyroidism more common in girls<a href=\"epoc://current?article=30\">[30]</a> </div><div class=\"cellTitle\">Exam</div><div class=\"cellBody\">proportionate short stature; facial coarsening, non-pitting edema; growth deceleration in the presence of increased weight gain; bradycardia, hypothermia in severe cases<a href=\"epoc://current?article=30\">[30]</a> </div><div class=\"cellTitle\">1st Tests</div><div class=\"cellBody\"><B>Thyroid-stimulating hormone (TSH): </B>&gt;10 milliunits/L is overt primary hypothyroidism; 6-10 milliunits/L indicates subclinical primary hypothyroidism<BR><B>free or total T4: </B>low<BR></div><BR><A href=\"epoc://dx/monograph/833\"><B class=\"view-dx-monograph\">View Dx Monograph</B></A><BR></div></div></html>",
   "type":"web"},

  {
   "id":"p_6",
   "title":"Short stature eval",
   "html":"<html><div class=\"cell\"><div class=\"cellBlock\"><div class=\"cellTitle\">History</div><div class=\"cellBody\">recent excessive weight gain in a cushingoid distribution coupled with growth failure, easy bruising, new striae, mood swings; history of asthma or inflammatory conditions that are treated with corticosteroids;<a href=\"epoc://current?article=31\">[31]</a> more subtle changes and growth deceleration with inhaled corticosteroids<a href=\"epoc://current?article=32\">[32]</a> </div><div class=\"cellTitle\">Exam</div><div class=\"cellBody\">increased weight for height ratio, proportionate short stature, acne, obesity with cushingoid features (e.g., buffalo hump), hirsutism, violaceous striae, hypertension<a href=\"epoc://current?article=31\">[31]</a> <a href=\"epoc://current?article=32\">[32]</a> </div><div class=\"cellTitle\">1st Tests</div><div class=\"cellBody\"><B>diurnal cortisol levels: </B>loss of diurnal rhythm<BR></div><div class=\"cellTitle\">Other Tests</div><div class=\"cellBody\"><B>24-hour urine collection for cortisol: </B>elevated<BR><B>dexamethasone suppression test: </B>no suppression in cortisol levels<BR></div><BR><A href=\"epoc://dx/monograph/205\"><B class=\"view-dx-monograph\">View Dx Monograph</B></A><BR></div></div></html>",
   "type":"web"},

  {
   "id":"p_7",
   "title":"Short stature eval",
   "html":"<html><div class=\"cell\"><div class=\"cellBlock\"><div class=\"cellTitle\">History</div><div class=\"cellBody\">severe short stature with normal birth weight and length; history of hypoglycemia at birth<a href=\"epoc://current?article=33\">[33]</a> </div><div class=\"cellTitle\">Exam</div><div class=\"cellBody\">proportionate short stature with a good weight-to-height ratio<a href=\"epoc://current?article=33\">[33]</a> </div><div class=\"cellTitle\">1st Tests</div><div class=\"cellBody\"><B>insulin-like growth factor 1 (IGF-1): </B>low for age and sex<BR><B>IGF-binding protein 3 (IGFBP-3): </B>low for age and sex<BR><B>GH stimulation tests: </B>normal or elevated after stimulation<BR></div><div class=\"cellTitle\">Other Tests</div><div class=\"cellBody\"><B>basal GH: </B>normal or elevated<BR></div></div></div></html>",
   "type":"web"},

  {
   "id":"p_8",
   "title":"Short stature eval",
   "html":"<html><div class=\"cell\"><div class=\"cellBlock\"><div class=\"cellTitle\">History</div><div class=\"cellBody\">headache, diplopia, symptoms of other pituitary hormone deficiencies (e.g., polyuria, delayed puberty); past history may include surgery/radiation therapy for craniopharyngioma</div><div class=\"cellTitle\">Exam</div><div class=\"cellBody\">proportionate short stature, papilledema, vision loss</div><div class=\"cellTitle\">1st Tests</div><div class=\"cellBody\"><B>MRI brain: </B>mixed solid/cystic tumor with calcification<BR><B>CT brain: </B>mixed solid/cystic tumor with calcification<BR><B>GH stimulation tests: </B>low; peak GH level &lt;10 nanograms/mL on 2 occasions<BR><B>full pituitary hormone assessment: </B>reveals other pituitary hormone deficiencies<BR></div><BR><A href=\"epoc://dx/monograph/732\"><B class=\"view-dx-monograph\">View Dx Monograph</B></A><BR></div></div></html>",
   "type":"web"},

  {
   "id":"p-cat_3",
   "sections":
   [

    {
     "cells":
     [

      {
       "title":" ! Growth hormone (GH) deficiency",
       "type":"flex0",
       "target":"p_4"},

      {
       "title":" ! Hypothyroidism",
       "type":"flex0",
       "target":"p_5"},

      {
       "title":" ! Cushing syndrome",
       "type":"flex0",
       "target":"p_6"},

      {
       "title":"GH insensitivity (Laron syndrome)",
       "type":"flex0",
       "target":"p_7"},

      {
       "title":" ! Craniopharyngioma",
       "type":"flex0",
       "target":"p_8"}      ]}    ],
   "type":"table"},

  {
   "id":"p_9",
   "title":"Short stature eval",
   "html":"<html><div class=\"cell\"><div class=\"cellBlock\"><div class=\"cellTitle\">History</div><div class=\"cellBody\">may present primarily with short stature; history of lymphedema at birth; congenital heart or renal disease, delayed or arrested puberty, hearing loss, and learning difficulties<a href=\"epoc://current?article=34\">[34]</a> </div><div class=\"cellTitle\">Exam</div><div class=\"cellBody\">may be normal except for proportionate short stature or presence of webbed neck, low posterior hairline, broad chest with widely spaced nipples, hypertelorism, posteriorly rotated ears, increased carrying angle, may have a heart murmur<a href=\"epoc://current?article=34\">[34]</a> </div><div class=\"cellTitle\">1st Tests</div><div class=\"cellBody\"><B>karyotype: </B>45 XO, 46/45 XX/XO, partial X chromosome deletion or circular X chromosome<BR></div><div class=\"cellTitle\">Other Tests</div><div class=\"cellBody\"><B>serum gonadotropins and estradiol: </B>elevated gonadotropins with low estradiol; may be normal in rare occasions<BR><B>ultrasound abdomen/pelvis: </B>ovarian dysgenesis; may have renal abnormalities<BR><B>echocardiogram: </B>aortic valvular abnormalities or coarctation of the aorta<BR></div><BR><A href=\"epoc://dx/monograph/1106\"><B class=\"view-dx-monograph\">View Dx Monograph</B></A><BR></div></div></html>",
   "type":"web"},

  {
   "id":"p_10",
   "title":"Short stature eval",
   "html":"<html><div class=\"cell\"><div class=\"cellBlock\"><div class=\"cellTitle\">History</div><div class=\"cellBody\">some present only with short stature; others have dysmorphic features, congenital heart disease, and learning difficulties<a href=\"epoc://current?article=35\">[35]</a> </div><div class=\"cellTitle\">Exam</div><div class=\"cellBody\">may be normal except for proportionate short stature or have webbed neck, low posterior hairline, low-set ears; may have a heart murmur</div><div class=\"cellTitle\">1st Tests</div><div class=\"cellBody\"><B>no initial test: </B>clinical diagnosis<BR></div><div class=\"cellTitle\">Other Tests</div><div class=\"cellBody\"><B>genetic testing: </B>may be positive for a mutation in the PTPN11 gene<BR><B>echocardiogram: </B>pulmonary valvular abnormalities<BR></div></div></div></html>",
   "type":"web"},

  {
   "id":"p_11",
   "title":"Short stature eval",
   "html":"<html><div class=\"cell\"><div class=\"cellBlock\"><div class=\"cellTitle\">History</div><div class=\"cellBody\">born small for gestational age; feeding difficulties, increased sweating, history of hypoglycemia</div><div class=\"cellTitle\">Exam</div><div class=\"cellBody\">small triangular face, asymmetry, clinodactyly; proportionate short stature<a href=\"epoc://current?article=36\">[36]</a> </div><div class=\"cellTitle\">1st Tests</div><div class=\"cellBody\"><B>no initial test: </B>clinical diagnosis<BR></div></div></div></html>",
   "type":"web"},

  {
   "id":"p_12",
   "title":"Short stature eval",
   "html":"<html><div class=\"cell\"><div class=\"cellBlock\"><div class=\"cellTitle\">History</div><div class=\"cellBody\">diagnosis generally confirmed at birth due to dysmorphic features; advanced maternal age; developmental delay, congenital cardiac or gastrointestinal (GI) abnormalities</div><div class=\"cellTitle\">Exam</div><div class=\"cellBody\">proportionate short stature, hypotonia, dysmorphic features (e.g., large tongue, upward slant of palpebral fissures, round face, brachycephaly, simian palmar crease, and hypotonia); may have a heart murmur</div><div class=\"cellTitle\">1st Tests</div><div class=\"cellBody\"><B>karyotype: </B>trisomy 21<BR></div><div class=\"cellTitle\">Other Tests</div><div class=\"cellBody\"><B>echocardiogram: </B>increased incidence of congenital defects such as atrioventricular septal defect, ventricular septal defect<BR></div><BR><A href=\"epoc://dx/monograph/700\"><B class=\"view-dx-monograph\">View Dx Monograph</B></A><BR></div></div></html>",
   "type":"web"},

  {
   "id":"p_13",
   "title":"Short stature eval",
   "html":"<html><div class=\"cell\"><div class=\"cellBlock\"><div class=\"cellTitle\">History</div><div class=\"cellBody\">obesity, hyperphagia, learning difficulties</div><div class=\"cellTitle\">Exam</div><div class=\"cellBody\">proportionate short stature, small hands and feet, marked obesity</div><div class=\"cellTitle\">1st Tests</div><div class=\"cellBody\"><B>genetic testing: </B>deletion of the paternal copy of genes on chromosome 15<BR></div></div></div></html>",
   "type":"web"},

  {
   "id":"p_14",
   "title":"Short stature eval",
   "html":"<html><div class=\"cell\"><div class=\"cellBlock\"><div class=\"cellTitle\">History</div><div class=\"cellBody\">dysmorphic features at birth; feeding difficulties due to cleft palate and esophageal fistulas; learning difficulties</div><div class=\"cellTitle\">Exam</div><div class=\"cellBody\">cleft palate, heart murmur, proportionate short stature</div><div class=\"cellTitle\">1st Tests</div><div class=\"cellBody\"><B>karyotype: </B>submicroscopic deletion in chromosome 22<BR></div><div class=\"cellTitle\">Other Tests</div><div class=\"cellBody\"><B>echocardiogram: </B>tetralogy of Fallot, interrupted aortic arch, ventricular septal defect and persistent truncus arteriosus are the commonest congenital heart defects<BR><B>bone profile: </B>hypocalcemia and hypoparathyroidism<BR></div><BR><A href=\"epoc://dx/monograph/947\"><B class=\"view-dx-monograph\">View Dx Monograph</B></A><BR></div></div></html>",
   "type":"web"},

  {
   "id":"p-cat_4",
   "sections":
   [

    {
     "cells":
     [

      {
       "title":"Turner syndrome",
       "type":"flex0",
       "target":"p_9"},

      {
       "title":"Noonan syndrome",
       "type":"flex0",
       "target":"p_10"},

      {
       "title":"Russell-Silver syndrome",
       "type":"flex0",
       "target":"p_11"},

      {
       "title":"Trisomy 21",
       "type":"flex0",
       "target":"p_12"},

      {
       "title":"Prader-Willi syndrome",
       "type":"flex0",
       "target":"p_13"},

      {
       "title":"DiGeorge syndrome (velocardiofacial syndrome)",
       "type":"flex0",
       "target":"p_14"}      ]}    ],
   "type":"table"},

  {
   "id":"p_15",
   "title":"Short stature eval",
   "html":"<html><div class=\"cell\"><div class=\"cellBlock\"><div class=\"cellTitle\">History</div><div class=\"cellBody\">diarrhea, weight loss, abdominal pain<a href=\"epoc://current?article=37\">[37]</a> </div><div class=\"cellTitle\">Exam</div><div class=\"cellBody\">proportionate short stature, poor weight for height ratio, pallor, abdominal distension, muscle wasting</div><div class=\"cellTitle\">1st Tests</div><div class=\"cellBody\"><B>endomysial antibodies: </B>elevated<BR><B>CBC: </B>anemia, elevated or low WBC and platelet count<BR><B>complete metabolic panel: </B>elevated liver enzymes, low albumin<BR><B>tissue transglutaminase antibody: </B>positive<BR></div><BR><A href=\"epoc://dx/monograph/636\"><B class=\"view-dx-monograph\">View Dx Monograph</B></A><BR></div></div></html>",
   "type":"web"},

  {
   "id":"p_16",
   "title":"Short stature eval",
   "html":"<html><div class=\"cell\"><div class=\"cellBlock\"><div class=\"cellTitle\">History</div><div class=\"cellBody\">recurrent chest infections, malabsorption, diarrhea, poor weight gain</div><div class=\"cellTitle\">Exam</div><div class=\"cellBody\">proportionate short stature, poor weight for height ratio, pallor, muscle wasting, abnormal lung examination and tachypnea</div><div class=\"cellTitle\">1st Tests</div><div class=\"cellBody\"><B>sweat test: </B>increased sodium and chloride in sweat<BR><B>CBC: </B>anemia, elevated or low WBC and platelet count<BR><B>complete metabolic panel: </B>elevated liver enzymes, acidosis, low albumin<BR></div><div class=\"cellTitle\">Other Tests</div><div class=\"cellBody\"><B>genetic analysis: </B>mutations in the CFTR gene<BR></div><BR><A href=\"epoc://dx/monograph/403\"><B class=\"view-dx-monograph\">View Dx Monograph</B></A><BR></div></div></html>",
   "type":"web"},

  {
   "id":"p_17",
   "title":"Short stature eval",
   "html":"<html><div class=\"cell\"><div class=\"cellBlock\"><div class=\"cellTitle\">History</div><div class=\"cellBody\">recurrent cough, wheeze, inhaler therapy, eczema, frequent admissions and/or corticosteroids</div><div class=\"cellTitle\">Exam</div><div class=\"cellBody\">proportionate short stature, poor weight for height ratio, abnormal lung examination and tachypnea</div><div class=\"cellTitle\">1st Tests</div><div class=\"cellBody\"><B>no initial test: </B>clinical diagnosis<BR></div><div class=\"cellTitle\">Other Tests</div><div class=\"cellBody\"><B>spirometry: </B>may show obstructive pattern<BR><B>chest x-ray: </B>hyperinflated lung fields<BR></div><BR><A href=\"epoc://dx/monograph/782\"><B class=\"view-dx-monograph\">View Dx Monograph</B></A><BR></div></div></html>",
   "type":"web"},

  {
   "id":"p_18",
   "title":"Short stature eval",
   "html":"<html><div class=\"cell\"><div class=\"cellBlock\"><div class=\"cellTitle\">History</div><div class=\"cellBody\">fatigue, dyspnea, poor feeding, chest pain, exercise intolerance, cyanosis; previous cardiac surgery</div><div class=\"cellTitle\">Exam</div><div class=\"cellBody\">proportionate short stature, poor weight for height ratio, pallor, heart murmur, tachycardia, sternal scars</div><div class=\"cellTitle\">1st Tests</div><div class=\"cellBody\"><B>echocardiogram: </B>cardiac defect or poor cardiac function<BR></div></div></div></html>",
   "type":"web"},

  {
   "id":"p_19",
   "title":"Short stature eval",
   "html":"<html><div class=\"cell\"><div class=\"cellBlock\"><div class=\"cellTitle\">History</div><div class=\"cellBody\">polyuria, polydipsia, poor weight gain, history of frequent urinary infections, poor appetite; on insulin therapy with poor compliance</div><div class=\"cellTitle\">Exam</div><div class=\"cellBody\">proportionate short stature, poor weight for height ratio, injection site scars</div><div class=\"cellTitle\">1st Tests</div><div class=\"cellBody\"><B>HbA1c: </B>elevated<BR></div><BR><A href=\"epoc://dx/monograph/534\"><B class=\"view-dx-monograph\">View Dx Monograph</B></A><BR></div></div></html>",
   "type":"web"},

  {
   "id":"p_20",
   "title":"Short stature eval",
   "html":"<html><div class=\"cell\"><div class=\"cellBlock\"><div class=\"cellTitle\">History</div><div class=\"cellBody\">frequent urinary infections, slow weight gain, poor appetite, hematuria, proteinuria; family history of early renal disease<a href=\"epoc://current?article=39\">[39]</a> </div><div class=\"cellTitle\">Exam</div><div class=\"cellBody\">proportionate short stature, poor weight for height ratio, pallor, edema, hypertension<a href=\"epoc://current?article=39\">[39]</a> </div><div class=\"cellTitle\">1st Tests</div><div class=\"cellBody\"><B>complete metabolic profile: </B>elevated BUN, creatinine, acidosis or low albumin<BR><B>urinalysis: </B>hematuria, proteinuria<BR><B>CBC: </B>anemia, elevated or low WBC and platelet count<BR></div><BR><A href=\"epoc://dx/monograph/84\"><B class=\"view-dx-monograph\">View Dx Monograph</B></A><BR></div></div></html>",
   "type":"web"},

  {
   "id":"p_21",
   "title":"Short stature eval",
   "html":"<html><div class=\"cell\"><div class=\"cellBlock\"><div class=\"cellTitle\">History</div><div class=\"cellBody\">joint pains, fever</div><div class=\"cellTitle\">Exam</div><div class=\"cellBody\">proportionate short stature, limping, joint swellings, rash</div><div class=\"cellTitle\">1st Tests</div><div class=\"cellBody\"><B>CBC: </B>anemia, elevated or low WBC and platelet count<BR><B>erythrocyte sedimentation rate (ESR): </B>&gt;20 mm/hour<BR><B>complete metabolic panel: </B>elevated liver enzymes<BR><B>rheumatoid factor: </B>may be positive<BR></div><BR><A href=\"epoc://dx/monograph/806\"><B class=\"view-dx-monograph\">View Dx Monograph</B></A><BR></div></div></html>",
   "type":"web"},

  {
   "id":"p_22",
   "title":"Short stature eval",
   "html":"<html><div class=\"cell\"><div class=\"cellBlock\"><div class=\"cellTitle\">History</div><div class=\"cellBody\">abdominal pain, diarrhea, joint pains, bloody stools.<a href=\"epoc://current?article=38\">[38]</a> </div><div class=\"cellTitle\">Exam</div><div class=\"cellBody\">proportionate short stature, poor weight for height ratio, pallor, abdominal distension and tenderness, skin rashes, arthritis, anal involvement, fistulae</div><div class=\"cellTitle\">1st Tests</div><div class=\"cellBody\"><B>endoscopy: </B>inflammatory lesions in the small intestine or colon<BR><B>CBC: </B>anemia, elevated or low WBC and platelet count<BR><B>ESR: </B>&gt;20 mm/hour<BR><B>complete metabolic panel: </B>elevated liver enzymes, low albumin<BR></div><BR><A href=\"epoc://dx/monograph/42\"><B class=\"view-dx-monograph\">View Dx Monograph</B></A><BR></div></div></html>",
   "type":"web"},

  {
   "id":"p_23",
   "title":"Short stature eval",
   "html":"<html><div class=\"cell\"><div class=\"cellBlock\"><div class=\"cellTitle\">History</div><div class=\"cellBody\">abdominal pain, diarrhea, joint pains, bloody stools<a href=\"epoc://current?article=38\">[38]</a> </div><div class=\"cellTitle\">Exam</div><div class=\"cellBody\">poor weight for height ratio, proportionate short stature, pallor, abdominal distension and tenderness, skin rashes, arthritis, sparing of anal involvement</div><div class=\"cellTitle\">1st Tests</div><div class=\"cellBody\"><B>endoscopy: </B>inflammatory lesions in the colon<BR><B>CBC: </B>anemia, elevated or low WBC and platelet count<BR><B>ESR: </B>&gt;20 mm/hour<BR><B>complete metabolic panel: </B>elevated liver enzymes, low albumin<BR></div><BR><A href=\"epoc://dx/monograph/43\"><B class=\"view-dx-monograph\">View Dx Monograph</B></A><BR></div></div></html>",
   "type":"web"},

  {
   "id":"p_24",
   "title":"Short stature eval",
   "html":"<html><div class=\"cell\"><div class=\"cellBlock\"><div class=\"cellTitle\">History</div><div class=\"cellBody\">history of any malignancy; poor feeding; fatigue, low-grade fever, pain; patient may already be on chemotherapy or radiation therapy</div><div class=\"cellTitle\">Exam</div><div class=\"cellBody\">poor weight for height ratio, proportionate short stature, pallor, abnormal systemic examination</div><div class=\"cellTitle\">1st Tests</div><div class=\"cellBody\"><B>CBC: </B>anemia, elevated or low WBC and platelet count<BR><B>complete metabolic panel: </B>elevated liver enzymes, acidosis, low albumin<BR></div></div></div></html>",
   "type":"web"},

  {
   "id":"p_25",
   "title":"Short stature eval",
   "html":"<html><div class=\"cell\"><div class=\"cellBlock\"><div class=\"cellTitle\">History</div><div class=\"cellBody\">poor weight gain, poor appetite, hematuria, renal pain</div><div class=\"cellTitle\">Exam</div><div class=\"cellBody\">poor weight for height ratio, pallor, proportionate short stature</div><div class=\"cellTitle\">1st Tests</div><div class=\"cellBody\"><B>complete metabolic profile: </B>elevated BUN, creatinine, acidosis, low albumin, hypokalemia<BR><B>urinalysis: </B>hematuria, proteinuria, aminoaciduria<BR><B>CBC: </B>anemia, elevated or low WBC and platelet count<BR></div><BR><A href=\"epoc://dx/monograph/239\"><B class=\"view-dx-monograph\">View Dx Monograph</B></A><BR></div></div></html>",
   "type":"web"},

  {
   "id":"p-cat_5",
   "sections":
   [

    {
     "cells":
     [

      {
       "title":"Celiac disease",
       "type":"flex0",
       "target":"p_15"},

      {
       "title":"Cystic fibrosis",
       "type":"flex0",
       "target":"p_16"},

      {
       "title":"Asthma (moderate or severe)",
       "type":"flex0",
       "target":"p_17"},

      {
       "title":"Chronic heart disease (congenital or acquired)",
       "type":"flex0",
       "target":"p_18"},

      {
       "title":" ! Diabetes mellitus",
       "type":"flex0",
       "target":"p_19"},

      {
       "title":"Chronic renal failure",
       "type":"flex0",
       "target":"p_20"},

      {
       "title":"Juvenile idiopathic arthritis",
       "type":"flex0",
       "target":"p_21"},

      {
       "title":"Crohn disease",
       "type":"flex0",
       "target":"p_22"},

      {
       "title":"Ulcerative colitis",
       "type":"flex0",
       "target":"p_23"},

      {
       "title":" ! Malignancy",
       "type":"flex0",
       "target":"p_24"},

      {
       "title":" ! Renal tubular acidosis",
       "type":"flex0",
       "target":"p_25"}      ]}    ],
   "type":"table"},

  {
   "id":"p_26",
   "title":"Short stature eval",
   "html":"<html><div class=\"cell\"><div class=\"cellBlock\"><div class=\"cellTitle\">History</div><div class=\"cellBody\">bone pains, dental problems, tetany, muscle weakness, poor diet, or decreased exposure to sunlight</div><div class=\"cellTitle\">Exam</div><div class=\"cellBody\">bony deformities (genu varum, genu valgum, rachitic rosary), open fontanel, disproportionate short stature (in severe cases)</div><div class=\"cellTitle\">1st Tests</div><div class=\"cellBody\"><B>bone profile: </B>hypocalcemia, hypophosphatemia (in nutritional rickets), elevated alkaline phosphatase<BR><B>x-ray wrist: </B>decreased mineralization<BR></div><BR><A href=\"epoc://dx/monograph/635\"><B class=\"view-dx-monograph\">View Dx Monograph</B></A><BR></div></div></html>",
   "type":"web"},

  {
   "id":"p_27",
   "title":"Short stature eval",
   "html":"<html><div class=\"cell\"><div class=\"cellBlock\"><div class=\"cellTitle\">History</div><div class=\"cellBody\">recurrent fractures without major trauma in osteogenesis imperfecta; recurrent otitis media with hydrocephalus in achondroplasia; family history of bone dysplasia<a href=\"epoc://current?article=21\">[21]</a> </div><div class=\"cellTitle\">Exam</div><div class=\"cellBody\">disproportionate short stature, bone deformities, blue sclera (in osteogenesis imperfecta), kyphoscoliosis (in achondroplasia), open fontanel<a href=\"epoc://current?article=21\">[21]</a> </div><div class=\"cellTitle\">1st Tests</div><div class=\"cellBody\"><B>skeletal survey: </B>abnormal<BR></div></div></div></html>",
   "type":"web"},

  {
   "id":"p_28",
   "title":"Short stature eval",
   "html":"<html><div class=\"cell\"><div class=\"cellBlock\"><div class=\"cellTitle\">History</div><div class=\"cellBody\">may have known congenital deformity such as hemivertebrae; previous malignancy treated with irradiation or spinal surgery<a href=\"epoc://current?article=17\">[17]</a> </div><div class=\"cellTitle\">Exam</div><div class=\"cellBody\">disproportionate short stature with a shorter upper segment<a href=\"epoc://current?article=17\">[17]</a> </div><div class=\"cellTitle\">1st Tests</div><div class=\"cellBody\"><B>x-ray spine: </B>reveals deformity<BR></div></div></div></html>",
   "type":"web"},

  {
   "id":"p-cat_6",
   "sections":
   [

    {
     "cells":
     [

      {
       "title":" ! Rickets",
       "type":"flex0",
       "target":"p_26"},

      {
       "title":"Skeletal dysplasias (e.g., achondroplasia, hypochondroplasia, osteogenesis imperfecta)",
       "type":"flex0",
       "target":"p_27"},

      {
       "title":"Spinal disorders (irradiation, surgery, congenital deformities)",
       "type":"flex0",
       "target":"p_28"}      ]}    ],
   "type":"table"},

  {
   "id":"p_29",
   "title":"Short stature eval",
   "html":"<html><div class=\"cell\"><div class=\"cellBlock\"><div class=\"cellTitle\">History</div><div class=\"cellBody\">abuse, neglect, institutionalization, unstable home environment, recurrent fractures, poor weight gain</div><div class=\"cellTitle\">Exam</div><div class=\"cellBody\">signs of neglect (diaper rash, sores, poor hygiene), signs of abuse (bruises, fractures), signs of malnutrition (muscle wasting, decreased subcutaneous fat), retinal hemorrhages if the child has been shaken violently, proportionate short stature</div><div class=\"cellTitle\">1st Tests</div><div class=\"cellBody\"><B>no initial test: </B>clinical diagnosis<BR></div><BR><A href=\"epoc://dx/monograph/846\"><B class=\"view-dx-monograph\">View Dx Monograph</B></A><BR></div></div></html>",
   "type":"web"},

  {
   "id":"p_30",
   "title":"Short stature eval",
   "html":"<html><div class=\"cell\"><div class=\"cellBlock\"><div class=\"cellTitle\">History</div><div class=\"cellBody\">poor weight gain, low calorie count, abnormal eating patterns, family history of eating disorders, history of ADHD medications</div><div class=\"cellTitle\">Exam</div><div class=\"cellBody\">low weight for height ratio, proportionate short stature, little subcutaneous fat</div><div class=\"cellTitle\">1st Tests</div><div class=\"cellBody\"><B>psychiatric evaluation: </B>diagnostic of anorexia nervosa<BR></div><BR><A href=\"epoc://dx/monograph/440\"><B class=\"view-dx-monograph\">View Dx Monograph</B></A><BR></div></div></html>",
   "type":"web"},

  {
   "id":"p_31",
   "title":"Short stature eval",
   "html":"<html><div class=\"cell\"><div class=\"cellBlock\"><div class=\"cellTitle\">History</div><div class=\"cellBody\">poor weight gain, low calorie count, bingeing followed by purging, abnormal eating patterns, family history of eating disorders, history of ADHD medications</div><div class=\"cellTitle\">Exam</div><div class=\"cellBody\">low weight for height ratio, proportionate short stature, little subcutaneous fat</div><div class=\"cellTitle\">1st Tests</div><div class=\"cellBody\"><B>psychiatric evaluation: </B>diagnostic of bulimia nervosa<BR></div><BR><A href=\"epoc://dx/monograph/441\"><B class=\"view-dx-monograph\">View Dx Monograph</B></A><BR></div></div></html>",
   "type":"web"},

  {
   "id":"p_32",
   "title":"Short stature eval",
   "html":"<html><div class=\"cell\"><div class=\"cellBlock\"><div class=\"cellTitle\">History</div><div class=\"cellBody\">antenatal ingestion of alcohol in mother, poor social history, small for gestational age at birth, learning difficulties</div><div class=\"cellTitle\">Exam</div><div class=\"cellBody\">craniofacial and CNS abnormalities in the presence of proportionate short stature</div><div class=\"cellTitle\">1st Tests</div><div class=\"cellBody\"><B>no initial test: </B>clinical diagnosis<BR></div><BR><A href=\"epoc://dx/monograph/1141\"><B class=\"view-dx-monograph\">View Dx Monograph</B></A><BR></div></div></html>",
   "type":"web"},

  {
   "id":"p-cat_7",
   "sections":
   [

    {
     "cells":
     [

      {
       "title":" ! Psychosocial deprivation (abuse, neglect, starvation, institutionalization)",
       "type":"flex0",
       "target":"p_29"},

      {
       "title":" ! Anorexia nervosa",
       "type":"flex0",
       "target":"p_30"},

      {
       "title":" ! Bulimia nervosa",
       "type":"flex0",
       "target":"p_31"},

      {
       "title":" ! Fetal alcohol syndrome",
       "type":"flex0",
       "target":"p_32"}      ]}    ],
   "type":"table"},

  {
   "id":"p_33",
   "title":"Short stature eval",
   "html":"<html><div class=\"cell\"><div class=\"cellBlock\"><div class=\"cellTitle\">History</div><div class=\"cellBody\">slow down in growth and/or weight gain after beginning ADHD treatment with stimulants; controversial, and effect sizes are small with likely minimal clinical impact.<a href=\"epoc://current?article=11\">[11]</a> <a href=\"epoc://current?article=12\">[12]</a> <a href=\"epoc://current?article=13\">[13]</a> </div><div class=\"cellTitle\">Exam</div><div class=\"cellBody\">proportionate short stature</div><div class=\"cellTitle\">1st Tests</div><div class=\"cellBody\"><B>no initial test: </B>clinical diagnosis<BR></div></div></div></html>",
   "type":"web"},

  {
   "id":"p-cat_8",
   "sections":
   [

    {
     "cells":
     [

      {
       "title":"Stimulant medications for ADHD",
       "type":"flex0",
       "target":"p_33"}      ]}    ],
   "type":"table"},

  {
   "id":"eval-differentials",
   "sections":
   [

    {
     "cells":
     [

      {
       "title":"Normal variant",
       "type":"flex0",
       "target":"p-cat_1"},

      {
       "title":"Idiopathic condition",
       "type":"flex0",
       "target":"p-cat_2"},

      {
       "title":"Endocrine condition",
       "type":"flex0",
       "target":"p-cat_3"},

      {
       "title":"Genetic syndrome",
       "type":"flex0",
       "target":"p-cat_4"},

      {
       "title":"Chronic illness",
       "type":"flex0",
       "target":"p-cat_5"},

      {
       "title":"Musculoskeletal condition",
       "type":"flex0",
       "target":"p-cat_6"},

      {
       "title":"Psychosocial condition",
       "type":"flex0",
       "target":"p-cat_7"},

      {
       "title":"Iatrogenic",
       "type":"flex0",
       "target":"p-cat_8"}      ]}    ],
   "type":"table"},

  {
   "id":"eval-diag_approach",
   "html":"<div class=\"cell\"><div class=\"cellBlock\"><div class=\"cellBody\"><P>Normal variation accounts for the majority of cases of short stature. Pathologic causes are numerous but rare, and require comprehensive evaluation.<a href=\"epoc://current?article=3\">[3]</a> </P><P>A graded diagnostic approach, with a careful history, physical examination, and targeted laboratory and radiologic evaluation is recommended in order to determine the etiology and guide treatment. The first evaluation may not yield the diagnosis, and careful follow-up over months or even years is sometimes required. Meticulous measurements, accurate plotting, growth velocity derivations, and pubertal status assessments help the physician elucidate the cause.</P><P>After reaching a diagnosis, it is important to reevaluate the patient periodically to confirm the diagnosis.<a href=\"epoc://current?article=1\">[1]</a> <a href=\"epoc://current?article=2\">[2]</a> <a href=\"epoc://current?article=3\">[3]</a> <a href=\"epoc://current?article=9\">[9]</a> <a href=\"epoc://current?article=14\">[14]</a> <a href=\"epoc://current?article=15\">[15]</a> </P></div><div class=\"cellTitle\">History</div><div class=\"cellBody\"><P>A thorough history is important in establishing the cause of a child's short stature.<a href=\"epoc://current?article=7\">[7]</a> </P><P>Birth history</P><ul><li>Birth weight, length and gestation will identify whether the child was born small for gestational age.</li><li>Perinatal complications, such as hypoglycemia or micropenis, are suggestive of growth hormone (GH) deficiency.</li></ul><P>Medical history</P><ul><li>Dyspnea may suggest a cardiac or pulmonary cause, such as moderate/severe asthma, or chronic heart disease.</li><li>Diarrhea may suggest celiac disease or other malabsorption syndromes.</li><li>Blood in stools may indicate inflammatory bowel disease.</li><li>Joint pains and rash may indicate a systemic inflammatory condition such as juvenile idiopathic arthritis.</li><li>Recurrent respiratory infections with diarrhea may raise suspicion of cystic fibrosis. Other symptoms include nasal polyps, delayed puberty, and failure to thrive.</li><li>Patient may have diabetes with symptoms of polyuria, polydipsia, and weight loss.</li><li>Growth delay in the second year of life with a \"cherubic\" appearance (looking much younger than stated age with a low muscle-to-fat ratio) and perinatal hypoglycemia suggests GH deficiency. The growth pattern in GH insensitivity is often similar to that of GH deficiency, with extreme short stature.</li><li>There may be a history of headache or diplopia, suggestive of a craniopharyngioma with other pituitary hormone dysfunction, or there may be a history of recent brain surgery. The child may be a long-term survivor of other malignancies such as acute lymphoblastic leukemia, having received chemotherapy or radiation therapy.<a href=\"epoc://current?article=16\">[16]</a> Radiation therapy to the spine results in disproportionate short stature.<a href=\"epoc://current?article=17\">[17]</a> </li><li>Recent weight gain, acne, mood swings, and headaches may be present with Cushing syndrome.</li><li>Fatigue, cold intolerance, dry skin, hair loss, constipation, lethargy, and weight gain suggest hypothyroidism.</li><li>Presence of multiple systemic congenital abnormalities (e.g., Turner syndrome, trisomy 21, DiGeorge syndrome) may raise suspicion of syndromic short stature.<a href=\"epoc://current?article=18\">[18]</a> </li><li>History of psychological abnormalities, bingeing, purging, and altered body image suggests anorexia nervosa or bulimia nervosa.</li></ul><P>Family history</P><ul><li>Elicit any history of chronic illnesses or antenatal ingestion of alcohol or other drugs</li><li>Parental heights and calculation of the target height, and weights and heights of siblings, should be undertaken. A history of late pubertal development in either parent or of parental consanguinity should also be obtained.</li><li>Social history should ascertain family dynamics and raise any suspicion of neglect, abuse, or starvation. Parent-child bonding and interaction should be observed.</li></ul><P>Dietary history</P><ul><li>Adequate caloric intake and access to food should be ensured.</li></ul><P>Medication history</P><ul><li>Chronic corticosteroid treatment may lead to iatrogenic short stature.</li><li>The patient may already be receiving insulin therapy if known diabetic.</li><li>Other medication history such as treatment for attention deficit-hyperactivity disorder should be obtained.</li></ul><P>Development</P><ul><li>May be delayed in syndromic short stature such as Prader-Willi syndrome, DiGeorge syndrome, and trisomy 21.</li><li>May also be delayed in severe cases of psychosocial deprivation.</li></ul></div><div class=\"cellTitle\">Growth data</div><div class=\"cellBody\"><P>An examination of a child's growth over the years can provide important clues to the correct diagnosis. Accurate measurements, using correct age- and sex-specific growth charts, are mandatory to confirm that the child is short. Care must be taken to plot the height and weight based on the child's actual chronologic age. Length should be measured supine in infants until 2 years of age, and standing thereafter.</P><P>Head circumference should be followed in children ages &lt;3 years. Hydrocephalus may be present with achondroplasia or central nervous system (CNS) tumors.</P><P>Height should ideally be measured with a wall-mounted stadiometer while making sure that the child is shoeless, standing up straight, and not leaning on the wall, with his/her feet together and looking directly forward. Infant length should be measured from crown of head to outstretched heel on a firm platform with a fixed headplate and a moveable footplate.</P><P>Growth charts</P><P>Clinicians in the US use growth charts that are developed by the Centers for Disease Control and Prevention (CDC).<a href=\"https://www.cdc.gov/growthcharts/\">CDC: growth charts</a> In 2006, the World Health Organization (WHO) released international growth charts for children aged 0 to 59 months. Similar to the 2000 CDC growth charts, these charts describe weight for age, length (or stature) for age, weight for length (or stature), and body mass index for age.</P><P>The 2006 WHO international growth charts are recommended for children aged &lt;24 months. The CDC growth charts should continue to be used for the assessment of growth in people ages 2 to 19 years.<a href=\"epoc://current?article=19\">[19]</a> </P><P>WHO charts reflect growth patterns in breastfed children</P><P>The recommendation to use the 2006 WHO international growth charts for children aged &lt;24 months is based on several considerations, including the recognition that breastfeeding is the recommended standard for infant feeding. Because breast-fed infants demonstrate slower growth during 3 to 18 months of age compared with formula-fed infants, fewer children will be identified as underweight using the WHO charts compared with the CDC charts. However, gaining weight more rapidly than is indicated on the WHO charts might signal early signs of overweight.<a class=\"inlineImage\" href=\"epoc://current?view=p-images-i_1\">Image</a></P><P>Premature infants and disease-specific charts</P><P>Premature infants should have their growth plotted on charts designed to account for their gestational age (i.e., until 24 months for weight, 40 months for length, and 18 months for head circumference).</P><P>Disease-specific growth charts may also be used for syndromic short stature to compare growth with data from other children with the same pathology (e.g., Turner syndrome, achondroplasia, trisomy 21). Special charts may be used to plot the upper and lower segments separately.</P><ul><li>Proportionate short stature: involves both the torso and the lower extremities equally.</li><li>Disproportionate short stature: involves one segment more then the other. It generally suggests a diagnosis of skeletal dysplasia, such as achondroplasia (short lower segment), or a spinal disorder, such as previous spinal irradiation (short upper segment).<a href=\"epoc://current?article=20\">[20]</a> <a href=\"epoc://current?article=21\">[21]</a> </li></ul><P>Weight versus height</P><P>It is important to determine whether the child's weight or height is more affected.</P><ul><li>Decreased or normal weight-to-height ratio suggests inadequate caloric intake or chronic illness as the etiology for the short stature.</li><li>A high weight-to-height ratio suggests an endocrine etiology, such as GH deficiency, GH insensitivity, hypothyroidism or glucocorticoid excess, and should be referred to a pediatric endocrinologist.</li></ul></div><div class=\"cellTitle\">Target height</div><div class=\"cellBody\"><P>Growth is strongly related to the genetic potential. A child's target height is calculated as follows:</P><ul><li>Girl = ([height of mother in inches + height of father in inches]/2) - 2.5 inches</li><li>Boy = ([height of mother in inches + height of father in inches]/2) + 2.5 inches.</li></ul><P>A short child who is growing close to his/her target height percentile is likely to have familial short stature.<a href=\"epoc://current?article=22\">[22]</a> Growth deceleration during the first 2 years followed by a normal growth velocity, with acceleration late in adolescence, leading to a final height that is close to the target height suggests constitutional delay in growth and development.<a class=\"inlineImage\" href=\"epoc://current?view=p-images-i_2\">Image</a></P></div><div class=\"cellTitle\">Growth velocity</div><div class=\"cellBody\"><P>During an evaluation of a child with short stature, it is important to have serial measurements plotted on a growth chart.</P><P>Growth velocity determines the change in height over time. It is calculated as the difference in height on 2 different occasions annualized over a year. Growth velocities depend on age and pubertal status.</P><P>Height that plots stably along a given percentile on the growth chart reflects normal growth velocity. Crossing percentiles in the downward or upward directions reflects abnormally low or accelerated growth velocities, respectively.<a href=\"epoc://current?article=1\">[1]</a><a class=\"inlineImage\" href=\"epoc://current?view=p-images-i_3\">Image</a></P></div><div class=\"cellTitle\">Physical examination</div><div class=\"cellBody\"><P>A complete review of systems needs to be undertaken in order to help exclude an undiagnosed syndrome or chronic medical condition.</P><P>Dysmorphic features:</P><ul><li>Trisomy 21: hypotonia, upward slanting of palpebral fissures, round face, micrognathia, single palmar crease, brachycephaly</li><li>Turner syndrome: webbed neck, low hairline, broad chest, increased carrying angle, hypertelorism, posteriorly rotated ears</li><li>Russell-Silver syndrome: triangular face, asymmetry, clinodactyly</li><li>Prader-Willi syndrome: obesity, small hands and feet</li><li>DiGeorge syndrome: minor facial dysmorphism, cleft palate</li><li>Noonan syndrome: hypertelorism, low-set ears</li><li>Congenital GH deficiency: associated midline abnormalities such as cleft lip and palate, midfacial hypoplasia, single central incisor.</li></ul><P>Vital signs:</P><ul><li>Tachycardia may indicate cardiac failure; bradycardia may suggest eating disorders or severe hypothyroidism</li><li>Tachypnea may be observed in respiratory disorders such as cystic fibrosis, or other chronic cardiac and pulmonary diseases</li><li>Pallor may indicate anemia due to chronic illnesses, malabsorption syndromes, or malignancies</li><li>Hypothermia may be observed in chronic hypothyroidism</li><li>Hypertension is present in Cushing syndrome.</li></ul><P>General examination:</P><ul><li>Pallor, dry skin, facial coarsening, hair loss, non-pitting edema suggest hypothyroidism</li><li>Lymphedema is observed with Turner syndrome</li><li>Increased weight, cushingoid features (buffalo hump, hirsutism, violaceous striae) are present in Cushing syndrome; \"cherubic\" appearance (looking much younger than stated age with a low muscle-to-fat ratio) suggests GH deficiency</li><li>Midline defects such as a single incisor or cleft palate may be found with congenital GH deficiency<a href=\"epoc://current?article=1\">[1]</a> </li><li>Blue sclera and fractures are present in osteogenesis imperfecta</li><li>Characteristic bony deformities such as rachitic rosary or genu varum suggest rickets</li><li>Milk bottle caries, poor hygiene, or severe diaper rash suggest neglect; bruising in preambulatory infants or patterned bruising in older children suggest abuse, as do inadequately explained injuries; retinal hemorrhages may be present if the child has been shaken violently</li><li>Disproportionate short stature with shortening of the distal or proximal sections of upper or lower extremities is indicative of skeletal dysplasia; kyphoscoliosis or other spinal deformities are evident in children with achondroplasia, or there may be evidence of spinal surgeries</li><li>Muscle wasting, anemia, and other signs of malnutrition suggest malabsorption, anorexia nervosa, bulimia nervosa, starvation, child abuse, neglect, or chronic severe medical conditions</li><li>Joint swellings, rash, murmur are present in juvenile idiopathic arthritis.</li></ul><P>Systemic examination:</P><ul><li>A murmur suggests congenital heart disease, isolated or associated with genetic syndromes</li><li>Signs of pneumonia may be present in cystic fibrosis and other respiratory conditions</li><li>Abdominal distension suggests celiac disease and other malnutrition states</li><li>Abnormal neurology may be present with CNS tumors.</li></ul></div><div class=\"cellTitle\">Pubertal examination</div><div class=\"cellBody\"><P>Pubertal status needs to be carefully assessed because it indicates skeletal maturation and growth potential. Pubertal delay points to a possibility of constitutional delay of growth and development, or hypogonadotropic hypogonadism due to hypopituitarism.</P></div><div class=\"cellTitle\">Bone age assessment</div><div class=\"cellBody\"><P>Skeletal maturation is assessed by radiography. The appearance of representative epiphyseal centers on the x-ray is compared with age- and sex-appropriate published standards. The most commonly used method is that of Greulich and Pyle, which examines the left wrist and hand but other methods such as the knee examination may be more helpful in infants. Bone age may also be used to predict final height, using the tables of Bayley and Pinneau.<a href=\"epoc://current?article=23\">[23]</a> <a href=\"epoc://current?article=24\">[24]</a> </P><P>Many conditions that cause poor linear growth may also cause a delay in skeletal maturation, so the finding of maturation delay is not diagnostic of any particular condition.<a href=\"epoc://current?article=8\">[8]</a> Delayed bone age does, however, indicate that the short stature is partially reversible, because linear growth will continue until the epiphyses fuse.</P></div><div class=\"cellTitle\">Laboratory evaluation</div><div class=\"cellBody\"><P>Choice of tests should be based on the potential etiologies after a careful history and physical examination.</P><P>First-line tests include:</P><ul><li>CBC</li><li>Complete metabolic profile (to screen for electrolyte abnormalities in renal and other chronic diseases) including looking for metabolic acidosis, and for hypocalcemia (e.g., in DiGeorge syndrome, rickets)</li><li>Erythrocyte sedimentation rate to rule out underlying undiagnosed chronic inflammatory illness</li><li>Tissue transglutaminase to rule out celiac disease</li><li>Urinalysis to rule out infection, hematuria, or proteinuria (with chronic renal disease), and to detect renal tubular acidosis</li><li>Thyroid function tests to screen for hypothyroidism</li><li>Insulin-like growth factor 1 (IGF-1) and IGF-binding protein 3 (IGFBP-3) to screen for GH deficiency</li><li>Karyotype in girls to rule out Turner syndrome.</li></ul><P>Subsequent tests depend on the diagnosis and may include:</P><ul><li>GH stimulation tests for GH deficiency;<a href=\"epoc://current?article=25\">[25]</a> patients may also need magnetic resonance imaging of the brain and full pituitary evaluation to identify coexisting pathology</li><li>Diurnal cortisol levels, urinary cortisol levels, and a dexamethasone suppression test for Cushing syndrome</li><li>X-ray wrist and vitamin D levels for rickets; a skeletal survey in osteogenesis imperfecta, achondroplasia</li><li>An IGF-1 generation test in patients with a high basal GH and suspected to have GH insensitivity</li><li>Echocardiogram for congenital heart disease</li><li>Genetic evaluation with karyotyping for other genetic syndromes</li><li>Referral to a psychologist for eating disorders</li><li>Referral to the child protection team if there are concerns regarding abuse or neglect</li><li>Appropriate investigations for chronic illnesses such as a sweat test for cystic fibrosis, rheumatoid factor in juvenile idiopathic arthritis, HbA1C in diabetes mellitus, endoscopy in inflammatory bowel disease, and a referral to the appropriate specialist if underlying undiagnosed medical condition identified.</li></ul></div><div class=\"cellTitle\">Diagnostic algorithm</div><div class=\"cellBody\"><P>A practical way to approach the differential diagnosis of pathologic short stature is to divide patients into those with dysmorphic features and those without.<a href=\"epoc://current?article=26\">[26]</a> </P><P>Dysmorphic features are suggestive of genetic syndromes and may be disproportionate or proportionate based on the upper-to-lower segment ratio. Those who are not dysmorphic can be divided depending on the weight-to-height ratio.</P><P>The following algorithm will aid in narrowing the differential diagnosis.<a class=\"inlineImage\" href=\"epoc://current?view=p-images-i_4\">Image</a></P></div></div></div>",
   "type":"web"},

  {
   "id":"p-images-i_1",
   "title":"Images",
   "type":"image",
   "image_refs":
   [
0    ]},

  {
   "id":"p-images-i_2",
   "title":"Images",
   "type":"image",
   "image_refs":
   [
1,
2    ]},

  {
   "id":"p-images-i_3",
   "title":"Images",
   "type":"image",
   "image_refs":
   [
3    ]},

  {
   "id":"p-images-i_4",
   "title":"Images",
   "type":"image",
   "image_refs":
   [
4    ]},

  {
   "id":"p-images-i_5",
   "title":"Images",
   "type":"image",
   "image_refs":
   [
5    ]}  ],
 "citations":
 {
  "articles":
  [

   {
    "id":1,
    "key_article":false,
    "ref_article":true,
    "html":"Lifshitz F (ed). Pediatric endocrinology. 5th ed. New York City, NY: Informa HealthCare; 2007."},

   {
    "id":2,
    "key_article":false,
    "ref_article":true,
    "html":"Grimberg A, Kutikov J, Cucchiara A. Sex differences in patients referred for evaluation of poor growth. J Pediatr. 2005 Feb;146(2):212-6.<a href=\"http://www.ncbi.nlm.nih.gov/pubmed/15689911\"> [Abstract]</a>"},

   {
    "id":3,
    "key_article":true,
    "ref_article":true,
    "html":"Lindsay R, Feldkamp M, Harris D, et al. Utah growth study: growth standards and the prevalence of growth hormone deficiency. J Pediatr. 1994 Jul;125(1):29-35.<a href=\"http://www.ncbi.nlm.nih.gov/pubmed/8021781\"> [Abstract]</a>"},

   {
    "id":4,
    "key_article":false,
    "ref_article":true,
    "html":"Vitolo MR, Gama CM, Bortolini GA, et al. Some risk factors associated with overweight, stunting and wasting among children under 5 years old. J Pediatr (Rio J). 2008 May-Jun;84(3):251-7.<a href=\"http://www.ncbi.nlm.nih.gov/pubmed/18535734\"> [Abstract]</a>"},

   {
    "id":5,
    "key_article":false,
    "ref_article":true,
    "html":"Romaguera D, Samman N, Farfan N, et al. Nutritional status of the Andean population of Puna and Quebrada of Humahuaca, Jujuy, Argentina. Public Health Nutr. 2008 Jun;11(6):606-15.<a href=\"http://www.ncbi.nlm.nih.gov/pubmed/17894917\"> [Abstract]</a>"},

   {
    "id":6,
    "key_article":false,
    "ref_article":true,
    "html":"Custodio E, Descalzo MA, Roche JS, et al. Nutritional status and its correlates in Equatorial Guinean preschool children: results from a nationally representative survey. Food Nutr Bull. 2008 Mar;29(1):49-58.<a href=\"http://www.ncbi.nlm.nih.gov/pubmed/18510205\"> [Abstract]</a>"},

   {
    "id":7,
    "key_article":false,
    "ref_article":true,
    "html":"Wit JM, Kamp GA, Oostdijk W, et al. Towards a rational and efficient diagnostic approach in children referred for growth failure to the general paediatrician. Horm Res Paediatr. 2019;91(4):223-40.<a href=\"http://www.ncbi.nlm.nih.gov/pubmed/31195397\"> [Abstract]</a><a href=\"https://www.doi.org/10.1159/000499915\"> [Full Text]</a>"},

   {
    "id":8,
    "key_article":false,
    "ref_article":true,
    "html":"Lifshitz F, Tarim O. Worrisome growth patterns in children. Int Pediatr. 1994;9:181-8."},

   {
    "id":9,
    "key_article":false,
    "ref_article":true,
    "html":"Clayton PE, Cianfarani S, Czernichow P, et al. Management of the child born small for gestational age through to adulthood: a consensus statement of the International Societies of Pediatric Endocrinology and the Growth Hormone Research Society. J Clin Endocrinol Metab. 2007 Mar;92(3):804-10.<a href=\"http://www.ncbi.nlm.nih.gov/pubmed/17200164\"> [Abstract]</a><a href=\"https://www.doi.org/10.1210/jc.2006-2017\"> [Full Text]</a>"},

   {
    "id":10,
    "key_article":false,
    "ref_article":true,
    "html":"Singh AD, Singh P, Farooqui N, et al. Prevalence of celiac disease in patients with short stature: A systematic review and meta-analysis. J Gastroenterol Hepatol. 2020 Jul 3 [Epub ahead of print].<a href=\"http://www.ncbi.nlm.nih.gov/pubmed/32621396\"> [Abstract]</a>"},

   {
    "id":11,
    "key_article":false,
    "ref_article":true,
    "html":"Poulton A. Growth on stimulant medication; clarifying the confusion: a review. Arch Dis Child. 2005 Aug;90(8):801-6.<a href=\"http://www.ncbi.nlm.nih.gov/pubmed/16040876\"> [Abstract]</a><a href=\"https://adc.bmj.com/content/90/8/801.long\"> [Full Text]</a>"},

   {
    "id":12,
    "key_article":false,
    "ref_article":true,
    "html":"Biederman J, Faraone SV, Monuteaux MC, et al. Growth deficits and attention-deficit/hyperactivity disorder revisited: impact of gender, development, and treatment. Pediatrics. 2003 May;111(5 Pt 1):1010-6.<a href=\"http://www.ncbi.nlm.nih.gov/pubmed/12728081\"> [Abstract]</a>"},

   {
    "id":13,
    "key_article":false,
    "ref_article":true,
    "html":"Carucci S, Balia C, Gagliano A, et al. Long term methylphenidate exposure and growth in children and adolescents with ADHD. A systematic review and meta-analysis. Neurosci Biobehav Rev. 2020 Oct 17 [Epub ahead of print].<a href=\"http://www.ncbi.nlm.nih.gov/pubmed/33080250\"> [Abstract]</a>"},

   {
    "id":14,
    "key_article":false,
    "ref_article":true,
    "html":"Bondy CA; Turner Syndrome Consensus Study Group. Care of girls and women with Turner syndrome: a guideline of the Turner Syndrome Study Group. J Clin Endocrinol Metab. 2007 Jan;92(1):10-25.<a href=\"http://www.ncbi.nlm.nih.gov/pubmed/17047017\"> [Abstract]</a><a href=\"https://academic.oup.com/jcem/article/92/1/10/2597828\"> [Full Text]</a>"},

   {
    "id":15,
    "key_article":false,
    "ref_article":true,
    "html":"Giovenale D, Meazza C, Cardinale GM, et al. The prevalence of growth hormone deficiency and celiac disease in short children. Clin Med Res. 2006 Sep;4(3):180-3.<a href=\"http://www.ncbi.nlm.nih.gov/pubmed/16988097\"> [Abstract]</a><a href=\"http://www.clinmedres.org/content/4/3/180.long\"> [Full Text]</a>"},

   {
    "id":16,
    "key_article":false,
    "ref_article":true,
    "html":"Sklar CA, Antal Z, Chemaitilly W, et al. Hypothalamic-pituitary and growth disorders in survivors of childhood cancer: an Endocrine Society clinical practice guideline. J Clin Endocrinol Metab. 2018 Aug 1;103(8):2761-84.<a href=\"http://www.ncbi.nlm.nih.gov/pubmed/29982476\"> [Abstract]</a><a href=\"https://www.doi.org/10.1210/jc.2018-01175\"> [Full Text]</a>"},

   {
    "id":17,
    "key_article":true,
    "ref_article":true,
    "html":"Chow EJ, Friedman DL, Yasui Y, et al. Decreased adult height in survivors of childhood acute lymphoblastic leukemia: a report from the childhood cancer survivor study. J Pediatr. 2007 Apr;150(4):370-5.<a href=\"http://www.ncbi.nlm.nih.gov/pubmed/17382112\"> [Abstract]</a>"},

   {
    "id":18,
    "key_article":false,
    "ref_article":true,
    "html":"Bravo-Valenzuela NJ, Passarelli ML, Coates MV. Growth charts in children with Down syndrome: a systematic review [in Portuguese]. Rev Paul Pediatr. 2011 Jun;29(2):261-9.<a href=\"http://www.scielo.br/scielo.php?script=sci_arttext&amp;pid=S0103-05822011000200019\"> [Full Text]</a>"},

   {
    "id":19,
    "key_article":false,
    "ref_article":true,
    "html":"Grummer-Strawn LM, Reinold C, Krebs NF; Centers for Disease Control and Prevention (CDC). Use of World Health Organization and CDC growth charts for children aged 0-59 months in the United States. MMWR Recomm Rep. 2010 Sep 10;59(RR-9):1-15.<a href=\"http://www.ncbi.nlm.nih.gov/pubmed/20829749\"> [Abstract]</a><a href=\"https://www.cdc.gov/mmwr/preview/mmwrhtml/rr5909a1.htm\"> [Full Text]</a>"},

   {
    "id":20,
    "key_article":false,
    "ref_article":true,
    "html":"Hall JG, Froster-Iskenius U, Allanson JE. Handbook of normal physical measurements. New York City, NY: Oxford University Press; 1990."},

   {
    "id":21,
    "key_article":false,
    "ref_article":true,
    "html":"Jones KL. Smith's recognizable patterns of human malformations. 6th ed. Philadelphia, PA: Elsevier Saunders; 2006."},

   {
    "id":22,
    "key_article":false,
    "ref_article":true,
    "html":"Tanner JM, Goldstein H, Whitehouse RH. Standards for children's height at ages 2-9 years allowing for heights of parents. Arch Dis Child. 1970 Dec;45(244):755-62.<a href=\"http://www.ncbi.nlm.nih.gov/pubmed/5491878\"> [Abstract]</a>"},

   {
    "id":23,
    "key_article":false,
    "ref_article":true,
    "html":"Greulich WW, Pyle SI. Radiographic atlas of skeletal development of the hand and the wrist. Stanford, CA: Stanford University Press; 1950."},

   {
    "id":24,
    "key_article":false,
    "ref_article":true,
    "html":"Bayley N, Pinneau SR. Tables for predicting adult height from skeletal age: revised for use with the Greulich-Pylehand standard. J Pediatr. 1952 Apr;40(4):423-41.<a href=\"http://www.ncbi.nlm.nih.gov/pubmed/14918032\"> [Abstract]</a>"},

   {
    "id":25,
    "key_article":false,
    "ref_article":true,
    "html":"Grimberg A, DiVall SA, Polychronakos C, et al. Guidelines for growth hormone and insulin-like growth factor-I treatment in children and adolescents: growth hormone deficiency, idiopathic short stature, and primary insulin-like growth factor-I deficiency. Horm Res Paediatr. 2016;86(6):361-97.<a href=\"http://www.ncbi.nlm.nih.gov/pubmed/27884013\"> [Abstract]</a><a href=\"https://www.karger.com/Article/FullText/452150\"> [Full Text]</a>"},

   {
    "id":26,
    "key_article":false,
    "ref_article":true,
    "html":"Rogol AD, Hayden GF. Etiologies and early diagnosis of short stature and growth failure in children and adolescents. J Pediatr. 2014 May;164(5 suppl):S1-14.e6.<a href=\"http://www.ncbi.nlm.nih.gov/pubmed/24731744\"> [Abstract]</a><a href=\"https://www.doi.org/10.1016/j.jpeds.2014.02.027\"> [Full Text]</a>"},

   {
    "id":27,
    "key_article":false,
    "ref_article":true,
    "html":"Solans C, Lifshitz F. Body weight progression and nutritional status of patients with familial short stature with and without constitutional delay in growth. Am J Dis Child. 1992 Mar;146(3):296-302.<a href=\"http://www.ncbi.nlm.nih.gov/pubmed/1543175\"> [Abstract]</a>"},

   {
    "id":28,
    "key_article":true,
    "ref_article":true,
    "html":"Bryant J, Baxter L, Cave CB, et al. Recombinant growth hormone for idiopathic short stature in children and adolescents. Cochrane Database Syst Rev. 2007 Jul 18;(3):CD004440.<a href=\"http://www.ncbi.nlm.nih.gov/pubmed/17636758\"> [Abstract]</a><a href=\"https://www.cochranelibrary.com/cdsr/doi/10.1002/14651858.CD004440.pub2/full\"> [Full Text]</a>"},

   {
    "id":29,
    "key_article":false,
    "ref_article":true,
    "html":"Hilczer M, Smyczynska J, Lewinski A. Limitations of clinical utility of growth hormone stimulating tests in diagnosing children with short stature. Endocr Regul. 2006 Sep;40(3):69-75.<a href=\"http://www.ncbi.nlm.nih.gov/pubmed/17100548\"> [Abstract]</a>"},

   {
    "id":30,
    "key_article":false,
    "ref_article":true,
    "html":"Canaris GJ, Steiner JF, Ridgway EC. Do traditional symptoms of hypothyroidism correlate with biochemical disease? J Gen Intern Med. 1997 Sep;12(9):544-50.<a href=\"http://www.ncbi.nlm.nih.gov/pubmed/9294788\"> [Abstract]</a><a href=\"https://www.ncbi.nlm.nih.gov/pmc/articles/PMC1497160/\"> [Full Text]</a>"},

   {
    "id":31,
    "key_article":false,
    "ref_article":true,
    "html":"Liddle GW, Shute AM. The evolution of Cushing's syndrome as a clinical entity. Adv Intern Med. 1969;15:155-75.<a href=\"http://www.ncbi.nlm.nih.gov/pubmed/4314454\"> [Abstract]</a>"},

   {
    "id":32,
    "key_article":false,
    "ref_article":true,
    "html":"Kelly HW, Sternberg AL, Lescher R, et al; CAMP Research Group. Effect of inhaled glucocorticoids in childhood on adult height. N Engl J Med. 2012 Sep 6;367(10):904-12.<a href=\"http://www.ncbi.nlm.nih.gov/pubmed/22938716\"> [Abstract]</a><a href=\"https://www.nejm.org/doi/full/10.1056/NEJMoa1203229\"> [Full Text]</a>"},

   {
    "id":33,
    "key_article":false,
    "ref_article":true,
    "html":"Nwosu BJ, Coco M, Jones J. Short stature with normal growth hormone stimulation testing: lack of evidence for partial growth hormone deficiency or insensitivity. Horm Res. 2004;62(2):97-102.<a href=\"http://www.ncbi.nlm.nih.gov/pubmed/15256821\"> [Abstract]</a>"},

   {
    "id":34,
    "key_article":false,
    "ref_article":true,
    "html":"Gravholt CH, Andersen NH, Conway GS, et al. Clinical practice guidelines for the care of girls and women with Turner syndrome: proceedings from the 2016 Cincinnati International Turner Syndrome Meeting. Eur J Endocrinol. 2017 Sep;177(3):G1-G70.<a href=\"http://www.ncbi.nlm.nih.gov/pubmed/28705803\"> [Abstract]</a><a href=\"https://www.doi.org/10.1530/EJE-17-0430\"> [Full Text]</a>"},

   {
    "id":35,
    "key_article":false,
    "ref_article":true,
    "html":"Romano AA, Allanson JE, Dahlgren J, et al. Noonan syndrome: clinical features, diagnosis, and management guidelines. Pediatrics. 2010 Oct;126(4):746-59.<a href=\"http://www.ncbi.nlm.nih.gov/pubmed/20876176\"> [Abstract]</a>"},

   {
    "id":36,
    "key_article":false,
    "ref_article":true,
    "html":"Wakeling EL, Brioude F, Lokulo-Sodipe O, et al. Diagnosis and management of Silver-Russell syndrome: first international consensus statement. Nat Rev Endocrinol. 2017 Feb;13(2):105-24.<a href=\"http://www.ncbi.nlm.nih.gov/pubmed/27585961\"> [Abstract]</a><a href=\"https://www.doi.org/10.1038/nrendo.2016.138\"> [Full Text]</a>"},

   {
    "id":37,
    "key_article":false,
    "ref_article":true,
    "html":"Doganci T, Bozkurt S. Celiac disease with various presentations. Pediatr Int. 2004 Dec;46(6):693-6.<a href=\"http://www.ncbi.nlm.nih.gov/pubmed/15660869\"> [Abstract]</a>"},

   {
    "id":38,
    "key_article":false,
    "ref_article":true,
    "html":"Buller HA. Problems in diagnosis of IBD in children. Neth J Med. 1997 Feb;50(2):S8-11.<a href=\"http://www.ncbi.nlm.nih.gov/pubmed/9050326\"> [Abstract]</a>"},

   {
    "id":39,
    "key_article":false,
    "ref_article":true,
    "html":"Drube J, Wan M, Bonthuis M, et al. Clinical practice recommendations for growth hormone treatment in children with chronic kidney disease. Nat Rev Nephrol. 2019 Sep;15(9):577-89.<a href=\"http://www.ncbi.nlm.nih.gov/pubmed/31197263\"> [Abstract]</a><a href=\"https://www.doi.org/10.1038/s41581-019-0161-4\"> [Full Text]</a>"},

   {
    "id":40,
    "key_article":false,
    "ref_article":true,
    "html":"Green WH, Campbell M, David R. Psychosocial dwarfism: a critical review of the evidence. J Am Acad Child Psychiatry. 1984 Jan;23(1):39-48.<a href=\"http://www.ncbi.nlm.nih.gov/pubmed/6319472\"> [Abstract]</a>"}   ],
  "online_refs":
  [

   {
    "id":1,
    "title":"CDC: growth charts",
    "url":"https://www.cdc.gov/growthcharts/"}   ]},
 "media":
 [

  {
   "file":"749-7-iline.gif",
   "thumb":"",
   "caption":"The WHO and CDC growth charts",
   "hilight":"false",
   "iline":"true",
   "auth":"false",
   "source":"From the collection of Maria G Vogiatzi MD"},

  {
   "file":"749-2-iline.gif",
   "thumb":"",
   "caption":"Familial short stature (TH target height)",
   "hilight":"false",
   "iline":"true",
   "auth":"false",
   "source":"From the collection of Maria G Vogiatzi MD"},

  {
   "file":"749-3-iline.gif",
   "thumb":"",
   "caption":"Constitutional delay of growth and development (TH target height)",
   "hilight":"false",
   "iline":"true",
   "auth":"false",
   "source":"From the collection of Maria G Vogiatzi MD"},

  {
   "file":"749-4-iline.gif",
   "thumb":"",
   "caption":"Severe growth hormone deficiency prior to treatment (TH target height)",
   "hilight":"false",
   "iline":"true",
   "auth":"false",
   "source":"From the collection of Maria G Vogiatzi MD"},

  {
   "file":"749-5-iline.gif",
   "thumb":"",
   "caption":"Diagnostic algorithm of short stature",
   "hilight":"false",
   "iline":"true",
   "auth":"false",
   "source":"From the collection of Maria G Vogiatzi MD"},

  {
   "file":"749-7.jpg",
   "thumb":"749-7-tn.jpg",
   "caption":"Craniopharyngioma: coronal postcontrast MRI",
   "hilight":"false",
   "iline":"false",
   "auth":"false",
   "source":"From the collection of Marc C. Chamberlain, University of Washington, Seattle, WA"}  ]}