
{
 "id":753,
 "title":"Intestinal malrotation",
 "views":
 [

  {
   "id":"root",
   "type":"table",
   "sections":
   [

    {
     "cells":
     [

      {
       "target":"highlights",
       "title":"Highlights & Basics",
       "type":"flex0"}      ]},

    {
     "cells":
     [

      {
       "target":"tx_options",
       "title":"Treatment Options",
       "type":"flex0"},

      {
       "target":"tx_approach",
       "title":"Treatment Approach",
       "type":"flex0"},

      {
       "target":"hxexam",
       "title":"History & Exam",
       "type":"flex0"},

      {
       "target":"tests",
       "title":"Tests",
       "type":"flex0"},

      {
       "target":"differentials",
       "title":"Differential Diagnosis",
       "type":"flex0"},

      {
       "target":"diag_approach",
       "title":"Diagnostic Approach",
       "type":"flex0"},

      {
       "target":"followup",
       "title":"Follow-up",
       "type":"flex0"},

      {
       "target":"prevention",
       "title":"Prevention",
       "type":"flex0"},

      {
       "target":"complications",
       "title":"Complications",
       "type":"flex0"}      ]}    ]},

  {
   "id":"highlights",
   "title":"Intestinal malrotation",
   "html":"<div class=\"cell\"><div class=\"cellBlock\"><div class=\"cellTitle\">Key Highlights</div><div class=\"cellBody\"><ul><li>An entire spectrum of rotational and fixation disturbances that can occur during embryonic development.</li><li>The anatomic variant that poses the highest risk of volvulus is a narrow midgut mesenteric base accompanied by lack of retroperitoneal midgut fixation. This variant cannot be reliably determined from any radiologic studies.</li><li>Malrotation predisposes patients to a risk of midgut volvulus.</li><li>Emergency surgical consultation is appropriate before obtaining any diagnostic studies if midgut volvulus is suspected. Upper GI contrast studies should be ordered in patients who are stable.</li><li>Treatment is surgical correction, the procedure of choice being the Ladd procedure.</li></ul></div><div class=\"cellTitle\">Definition</div><div class=\"cellBody\"><P>Intestinal malrotation is a term used to describe an entire spectrum of rotational and fixation disturbances that can occur during embryonic development.</P><P>Abnormal cecal attachments to the right upper peritoneal cavity (i.e., the Ladd bands) can cross the second portion of the duodenum creating an extraluminal low-grade obstruction of the duodenum, which may present with signs of partial obstruction. However, the most significant pathologic concerns in malrotation are a lack of intestinal fixation to the retroperitoneum and a narrow midgut mesenteric base that predisposes to a twisting of the small bowel in the form of midgut volvulus. This condition creates an abrupt obstruction of the duodenum, resulting in bilious vomiting.<a class=\"inlineImage\" href=\"epoc://current?view=p-images-i_1\">Image</a></P><P>If the twisting at the base also obstructs flow in the superior mesenteric artery, the entire small intestine and proximal colon may become acutely ischemic and subsequently necrotic within a few hours.</P><P>Patients with malrotation are at risk for volvulus and should be identified whenever possible to allow for proper therapy.</P></div><div class=\"cellTitle\">Classification</div><div class=\"cellBody\"><h3>Clinical classification schema</h3><P>Normal rotation</P><ul><li>Two separate, but connected, 270° counterclockwise turns occur in the foregut-midgut junction and midgut-hindgut junction resulting in a retroperitoneal duodenum, ligament of Treitz on the left of the spine, and cecum fixed to the right lower lateral abdominal wall. Hence, a broad-based mesentery is created, fixed at opposing sites in the left upper abdomen and right lower abdomen.</li></ul><ul><li>Occurence of midgut volvulus is difficult in this setting without secondary adhesions present anteriorly.</li></ul><P>Incomplete rotation (or classic malrotation) is limited (90° to 180°) counterclockwise rotation in the foregut-midgut and midgut-hindgut junctions resulting in:</P><ul><li>Failure of the duodenojejunal limb to rotate posterior and to the left of the superior mesenteric artery, resulting in the lack of a ligament of Treitz, or one that lies to the right of the spine</li><li>Incomplete rotation of the cecocolic limb, which normally leads to the Ladd bands attaching the cecum across the duodenum in the right upper abdomen</li></ul><ul><li>Close proximity of the fixation points for the proximal and distal midgut mesentery.<a class=\"inlineImage\" href=\"epoc://current?view=p-images-i_2\">Image</a></li></ul><P>Nonrotation</P><ul><li>Minimal (&lt;90°) rotations occurring in the primitive gut junctions around the superior mesenteric artery resulting in no ligament of Treitz, lack of lateral cecal fixation, and variable proximity between the proximal and distal midgut mesentery.</li></ul><P>Reverse rotation</P><ul><li>Partial clockwise rotation of the foregut-midgut junction anterior to the superior mesenteric artery</li></ul><ul><li>This is rare.</li></ul></div><div class=\"cellTitle\">Epidemiology</div><div class=\"cellBody\"><P>All reported epidemiologic statistics on rotational abnormalities likely dramatically underscore the true prevalence, given that many people with incomplete rotation remain asymptomatic and never diagnosed. Rotational abnormalities have been noted as an incidental finding on 0.2% of upper GI contrast studies.<a href=\"epoc://current?article=1\">[1]</a> This denominator is also misleading, as it selects patients with some illness given they required such a study. Autopsy series have documented nonrotation in 0.5%.<a href=\"epoc://current?article=2\">[2]</a> Those who come to clinically evident presentation have been estimated in 1 in 6000 live births.<a href=\"epoc://current?article=3\">[3]</a> </P></div><div class=\"cellTitle\">Etiology</div><div class=\"cellBody\"><P>The primitive midgut becomes identifiable in the fourth week of gestation.<a href=\"epoc://current?article=4\">[4]</a> In the 5-week embryo, the midgut is a linear tube from duodenum to rectum suspended from the dorsal abdominal wall by a continuous mesentery.<a href=\"epoc://current?article=5\">[5]</a> At this stage, the duodenum begins extending in a straight anterior direction into the cephalic limb (jejunum and ileum) to the vitelline duct, which communicates with the extracorporeal yolk sac. The duct exits at the terminal point of the superior mesenteric artery (SMA). This cephalic or duodenojejunal limb runs parallel and superior to the SMA. The caudal or cecocolic limb courses posteriorly, running parallel and inferior to the SMA to the cloaca.</P><P>At 6 weeks, the midgut herniates out of the abdomen into the umbilical cord until the 10th week, when it returns. There is a 90° counterclockwise rotation during herniation and an additional 180° rotation during return to complete a 270° counterclockwise rotation.<a href=\"epoc://current?article=5\">[5]</a> </P><P>During the return, while the cecum is completing a separate 270° counterclockwise rotation anterior to the small intestine, the colonic attachments to the posterior abdominal wall develop.</P><P>Rotation may be arrested at any point in this process, creating subsequent abnormalities in intestinal fixation points, and the myriad conditions described by the term malrotation.</P></div><div class=\"cellTitle\">Authors / Peer Reviewers</div><div class=\"cellBody\"><ul><li>Fizan Abdullah, MD, PhD</li><li>Omar Karim, MD</li><li>Casey M. Calkins, MD</li><li>Steve Rothenberg, MD</li><li>KuoJen Tsao, MD</li><li>Eric Nicholls, MD</li></ul></div><br><b class=\"last-updated display-none\">Last Updated: 2020-04-02</b><div style=\"display: none\" class=\"last-updated\"><div class=\"last-updated-label\">Last Updated</div><div class=\"last-updated-date\">2020-04-02</div></div></div></div>",
   "type":"web"},

  {
   "id":"tx_options",
   "sections":
   [

    {
     "headerText":"Presumptive",
     "cells":
     [

      {
       "target":"tx-0",
       "title":"obstruction with ischemia",
       "type":"flex0"}      ]},

    {
     "headerText":"Acute",
     "cells":
     [

      {
       "target":"tx-2",
       "title":"obstruction without ischemia",
       "type":"flex0"},

      {
       "target":"tx-4",
       "title":"intermittent or partial volvulus or obstructing Ladd bands",
       "type":"flex0"},

      {
       "target":"tx-6",
       "title":"questionable malrotation or asymptomatic finding",
       "type":"flex0"}      ]}    ],
   "type":"table"},

  {
   "id":"tx_approach",
   "title":"Intestinal malrotation",
   "html":"<div class=\"cell\"><div class=\"cellBlock\"><div class=\"cellBody\"><P>If malrotation is suspected or the diagnosis is confirmed, the timing of surgery (i.e., elective, urgent, or emergent) is predicated on the level of concern for bowel ischemia, the type of malrotation, and the underlying condition of the patient. Most patients with intestinal malrotation without volvulus require urgent surgery in the form of the Ladd procedure. Patients with midgut volvulus require an emergent Ladd procedure to potentially reverse intestinal ischemia before necrosis occurs.<a href=\"epoc://current?article=6\">[6]</a> Less frequently, the Ladd procedure may be performed electively if there are truly incidental findings without symptoms, or when the risk of surgery and anesthesia for the patient outweighs the risk of developing midgut volvulus (e.g., patients with congenital heart disease).<a href=\"epoc://current?article=12\">[12]</a> </P></div><div class=\"cellTitle\">Ladd procedure</div><div class=\"cellBody\"><P>Once bowel viability has been assessed at exploration, the Ladd procedure is completed by detorsion of volvulus when present, lysis of the Ladd bands, and separation of the duodenum and cecum by broadening the mesenteric base. Once the duodenum and cecum are separated, the small bowel is placed in the right peritoneal cavity and the colon on the left.</P><P>Controversy exists as to whether it is still beneficial to perform an incidental appendectomy for the concern of future atypical appendicitis from abnormal appendiceal location, and this decision is left to surgeon preference along with parental discussion.</P><P>The Ladd procedure can be challenging to perform for those surgeons inexperienced with the technique, particularly in the infant with volvulus. The base of the volvulized bowel can be disorienting, and the volvulus may inadvertantly be tightened with erratic exploration.</P><P>One needs to remember that almost all patients twist is in a clockwise direction. Therefore, detorsion consists of \"turning back the hands of time\" with counterclockwise rotation 1 to 3 complete turns until the duodenum and cecum are aligned in parallel.<a href=\"epoc://current?article=7\">[7]</a> Furthermore, meticulous technique in mesenteric separation is necessary to avoid catastrophic iatrogenic injury to the vessels and full thickness opening in the mesentery that may predispose to an internal hernia.</P><P>Only tissue that is frankly necrotic or remains black after detorsion should be resected. If the viability of a long segment remains questionable it should not be resected during the initial exploration. It is more prudent to close the abdomen (or leave it open with a temporary dressing) and plan repeat exploration in 24 hours before committing to a resection that may be incompatible with successful enteral nutritional support.</P></div><div class=\"cellTitle\">Laparoscopic Ladd procedure</div><div class=\"cellBody\"><P>The operation can be conducted with the exact same steps as the open procedure. Laparoscopic instruments small enough for newborn operations are becoming more widely disseminated worldwide.</P><P>There have been no trials between open and laparoscopic approaches. One of the main factors thought to contribute to the effectiveness of the Ladd procedure is the development of abdominal adhesions to help prevent volvulus.<a href=\"epoc://current?article=6\">[6]</a> The concern of the laparoscopic technique is that fewer adhesions may result that would potentially protect patients from future volvulus. The relative contribution in the prevention of future volvulus between newly formed abdominal adhesions from surgery versus the displacement and repositioning of the bowel by the Ladd procedure has yet to be deciphered. However, laparoscopy used in other procedures has resulted in a lowered incidence of postoperative bowel obstruction in several studies.<a href=\"epoc://current?article=13\">[13]</a> </P><P>When the diagnosis of malrotation is in question, any radiographic findings suggesting malrotation as a possibility deserve exploration that can be facilitated by the laparoscopic approach. Three variables are assessed to help delineate the anatomy:</P><ul><li>Presence/position of the ligament of Treitz</li><li>Position and attachments of the cecum and colon</li><li>Width of the base of the mesentery.</li></ul><P>If malrotation is present, the Ladd procedure can be completed laparoscopically or converted to open depending on surgeon preference.<a href=\"epoc://current?article=14\">[14]</a> </P></div><div class=\"cellTitle\">Obstruction with ischemia (midgut volvulus with vascular compromise)</div><div class=\"cellBody\"><P>This acutely ill patient presents with bilious vomiting, severe acute abdominal pain, tachycardia, tachypnea, abdominal tenderness, acidosis, or signs of peritoneal catastrophe (guarding and rebound) and requires emergency abdominal exploration without a radiographically confirmed diagnosis.</P><P>Treatment is emergency surgery with open laparotomy and Ladd procedure. Abdominal exploration is warranted without a radiographically confirmed diagnosis.<a href=\"epoc://current?article=7\">[7]</a> </P><P>Supportive care includes NG tube, broad-spectrum antibiotics, and aggressive IV fluid resuscitation, which should be performed en route to the operating room.</P></div><div class=\"cellTitle\">Obstruction without ischemia (midgut volvulus without vascular compromise)</div><div class=\"cellBody\"><P>The patient usually presents with bilious vomiting, crampy abdominal pain in waves, nontender abdomen, and no severe physiologic perturbation.</P><P>Treatment is urgent surgery with open laparotomy and Ladd procedure. This group of patients allows time for a radiographically confirmed diagnosis, but little time should be wasted obtaining a contrast study, which will show the volvulus causing obstruction of the duodenum.</P><P>Immediately on radiographic confirmation, the surgeon should be called if not already involved.</P><P>Supportive care includes NG tube and aggressive IV fluid resuscitation, which should be performed en route to the operating room. Antibiotics are only prophylactic and can be used as for any bowel surgery.</P></div><div class=\"cellTitle\">Intermittent or partial volvulus or obstructing Ladd bands</div><div class=\"cellBody\"><P>These patients may present with intermittent vomiting, but no signs of acute illness.</P><P>Timely surgery with open or laparoscopic Ladd procedure is required. As these patients are stable, time is available for appropriate diagnostic imaging studies.</P><P>Malrotation diagnosed with this history should be operated on at the next feasible opportunity (e.g., next operating day), as this is not an emergency. Laparoscopy may have a role in treating these patients.<a href=\"epoc://current?article=14\">[14]</a> <a href=\"epoc://current?article=15\">[15]</a> <a href=\"epoc://current?article=16\">[16]</a> <a href=\"epoc://current?article=17\">[17]</a> </P><P>Regarding supportive care, no NG tube is necessary before or after the operation if obstruction is not present. IV fluids before the operation are needed for maintenance only during the preoperative period of nothing by mouth. Antibiotics are prophylactic only with the aim toward gram-positive skin flora coverage.</P></div><div class=\"cellTitle\">Questionable malrotation or asymptomatic finding</div><div class=\"cellBody\"><P>These patients may be asymptomatic or have intestinal malrotation discovered as an incidental finding in investigating for reflux (fussiness, arching, apneic events, reactive airways, pneumonia).</P><P>Elective surgery with open or laparoscopic Ladd procedure is performed in these patients. This group allows time for contrast studies.</P><P>No NG tube is necessary before or after the operation. IV fluids before the operation are needed for maintenance only during the preoperative period of nothing by mouth. Antibiotics are prophylactic only and gram-positive coverage is all that is required.</P></div><div class=\"cellTitle\">Patients with heterotaxy or serious comorbidities</div><div class=\"cellBody\"><P>There are rare circumstances where malrotation is diagnosed but surgery is not recommended due to the patient's underlying medical illnesses imparting a higher risk of morbidity and mortality from surgery than the risk of malrotation itself. However, recent experience indicates that malrotation patients with significant comorbidities of heterotaxy or congenital heart disease benefit from a Ladd procedure.<a href=\"epoc://current?article=12\">[12]</a> </P><P></P></div></div></div>",
   "type":"web"},

  {
   "id":"hxexam_details",
   "sections":
   [

    {
     "type":"table",
     "headerText":"Strong",
     "cells":
     [

      {
       "title":"embryologic abnormality",
       "type":"flex0",
       "targetHTML":"<div class=\"cell\"><div class=\"cellBlock\"><div class=\"cellBody\"><P>Rotation may be arrested at any point in midgut development creating the myriad conditions described by the term malrotation.</P><P>Furthermore, other embryologic abnormalties that disrupt the intestinal rotation and fixation process may lead to the development of various forms of malrotation.<a href=\"epoc://current?article=7\">[7]</a> These include abdominal wall defects (i.e., gastroschisis, omphalocele); congenital diaphragmatic hernia; or heterotaxy syndromes.</P></div></div></div>"}      ]}    ],
   "type":"table"},

  {
   "id":"p-hxexam_factor-key_1",
   "title":"Intestinal malrotation",
   "html":"<html><div class=\"cell\"><div class=\"cellBlock\"><div class=\"cellBody\"><P>Green vomit is often of sudden onset and vomiting of some form is present in &gt;90% of cases of midgut volvulus.</P></div></div></div></html>",
   "type":"web"},

  {
   "id":"p-hxexam_factor-key_2",
   "title":"Intestinal malrotation",
   "html":"<html><div class=\"cell\"><div class=\"cellBlock\"><div class=\"cellBody\"><P>Pain is usually severe with an onset so sudden the parents may recall the exact time it started. As many of the patients are infants, the pain manifests as a notable transition to an inconsolable state.</P></div></div></div></html>",
   "type":"web"},

  {
   "id":"p-hxexam_factor-other_0",
   "title":"Intestinal malrotation",
   "html":"<html><div class=\"cell\"><div class=\"cellBlock\"><div class=\"cellBody\"><P>Of patients with malrotation who become symptomatic, 50% to 75% do so in the first month and about 90% within the first year of life.<a href=\"epoc://current?article=6\">[6]</a> </P></div></div></div></html>",
   "type":"web"},

  {
   "id":"p-hxexam_factor-other_3",
   "title":"Intestinal malrotation",
   "html":"<html><div class=\"cell\"><div class=\"cellBlock\"><div class=\"cellBody\"><P>A distended abdomen is more commonly a bowel obstruction further downstream. Vomiting and abdominal pain with a flat abdomen should alert physicians to the presence of volvulus.</P></div></div></div></html>",
   "type":"web"},

  {
   "id":"p-hxexam_factor-other_4",
   "title":"Intestinal malrotation",
   "html":"<html><div class=\"cell\"><div class=\"cellBlock\"><div class=\"cellBody\"><P>Progressive distension usually follows bowel ischemia and swelling, which foreshadows a poor outcome.</P></div></div></div></html>",
   "type":"web"},

  {
   "id":"p-hxexam_factor-other_5",
   "title":"Intestinal malrotation",
   "html":"<html><div class=\"cell\"><div class=\"cellBlock\"><div class=\"cellBody\"><P>May be a presenting feature of obstruction with ischemia (midgut volvulus with vascular compromise).</P></div></div></div></html>",
   "type":"web"},

  {
   "id":"p-hxexam_factor-other_6",
   "title":"Intestinal malrotation",
   "html":"<html><div class=\"cell\"><div class=\"cellBlock\"><div class=\"cellBody\"><P>Initially the severe abdominal pain causes tachycardia with hypertension. An elevated heart rate from pain and bowel ischemia may reach &gt;200 bpm in an infant, which should precipitate an early surgical consult.</P></div></div></div></html>",
   "type":"web"},

  {
   "id":"p-hxexam_factor-other_7",
   "title":"Intestinal malrotation",
   "html":"<html><div class=\"cell\"><div class=\"cellBlock\"><div class=\"cellBody\"><P>If ischemia exists, the toxic products of tissue infarction create a picture of early systemic inflammatory response syndrome. The resultant loss of endothelial integrity creates loss of intravascular volume and tone causing severe hypotension and tachycardia.</P></div></div></div></html>",
   "type":"web"},

  {
   "id":"p-hxexam_factor-other_8",
   "title":"Intestinal malrotation",
   "html":"<html><div class=\"cell\"><div class=\"cellBlock\"><div class=\"cellBody\"><P>In the physiologic response to acidosis, the patient may be breathing quickly and if the abdomen is becoming tender from infarction, the breaths are shallow and short.</P></div></div></div></html>",
   "type":"web"},

  {
   "id":"p-hxexam_factor-other_9",
   "title":"Intestinal malrotation",
   "html":"<html><div class=\"cell\"><div class=\"cellBlock\"><div class=\"cellBody\"><P>May be a feature of intermittent or partial volvulus or obstructing Ladd bands.</P></div></div></div></html>",
   "type":"web"},

  {
   "id":"p-hxexam_factor-other_10",
   "title":"Intestinal malrotation",
   "html":"<html><div class=\"cell\"><div class=\"cellBlock\"><div class=\"cellBody\"><P>Caregiver may notice this.</P></div></div></div></html>",
   "type":"web"},

  {
   "id":"p-hxexam_factor-other_11",
   "title":"Intestinal malrotation",
   "html":"<html><div class=\"cell\"><div class=\"cellBlock\"><div class=\"cellBody\"><P>Peritoneal signs may occur with midgut volvulus.</P></div></div></div></html>",
   "type":"web"},

  {
   "id":"hxexam",
   "sections":
   [

    {
     "headerText":"Risk Factors",
     "cells":
     [

      {
       "target":"hxexam_details",
       "title":"Details",
       "type":"flex0"}      ]},

    {
     "dividerType":"divider0",
     "headers":
     [

      {
       "title":"Key Diagnostic Factors"},

      {
       "title":"common",
       "type":"header1"}      ],
     "cells":
     [

      {
       "title":"bilious vomiting",
       "target":"p-hxexam_factor-key_1",
       "type":"flex0"},

      {
       "title":"abdominal pain",
       "target":"p-hxexam_factor-key_2",
       "type":"flex0"}      ]},

    {
     "dividerType":"divider0",
     "headers":
     [

      {
       "title":"Other Diagnostic Factors"},

      {
       "title":"common",
       "type":"header1"}      ],
     "cells":
     [

      {
       "title":"infant age <1 year",
       "target":"p-hxexam_factor-other_0",
       "type":"flex0"},

      {
       "title":"normal abdominal exam",
       "target":"p-hxexam_factor-other_3",
       "type":"flex0"},

      {
       "title":"abdominal distension",
       "target":"p-hxexam_factor-other_4",
       "type":"flex0"},

      {
       "title":"abdominal tenderness",
       "target":"p-hxexam_factor-other_5",
       "type":"flex0"},

      {
       "title":"tachycardia with hypertension",
       "target":"p-hxexam_factor-other_6",
       "type":"flex0"},

      {
       "title":"tachycardia with hypotension",
       "target":"p-hxexam_factor-other_7",
       "type":"flex0"}      ]},

    {
     "headers":
     [

      {
       "title":"uncommon",
       "type":"header1"}      ],
     "cells":
     [

      {
       "title":"tachypnea",
       "target":"p-hxexam_factor-other_8",
       "type":"flex0"},

      {
       "title":"weight loss",
       "target":"p-hxexam_factor-other_9",
       "type":"flex0"},

      {
       "title":"dark blood in diaper",
       "target":"p-hxexam_factor-other_10",
       "type":"flex0"},

      {
       "title":"rebound tenderness and guarding",
       "target":"p-hxexam_factor-other_11",
       "type":"flex0"}      ]}    ],
   "type":"table"},

  {
   "id":"p-test-t_0",
   "title":"upper GI contrast series",
   "html":"<html><div class=\"cell\"><div class=\"cellBlock\"><div class=\"cellTitle\">Result</div><div class=\"cellBody\">right-sided duodenum (malrotation); duodenum courses inferior or medial to normal (malrotation); bird-beak cut-off of duodenum (volvulus); corkscrew of duodenum (volvulus); a web in the duodenum (duodenal atresia)</div><div class=\"cellTitle\">Test Details</div><div class=\"cellBody\"><li>Diagnostic standard test for malrotation, and should be performed with AP and lateral projections if there is any history of bilious vomiting without previous abdominal surgery.</li><li>Normal pattern of rotation: the transition of duodenum to jejunum (ligament of Treitz) lying left of the left vertebral pedicles in AP view. The position of this transition should also be at the level of the pylorus or superior to this.<a class=\"inlineImage\" href=\"epoc://current?view=p-images-i_5\">Image</a></li><li>Normal anatomy on this exam rules out malrotation, midgut volvulus, and obstruction of the upper small intestine.</li><li>Delayed images in 1 or 2 hours can depict or rule out obstruction of the distal small bowel.</li></div></div></div></html>",
   "type":"web"},

  {
   "id":"p-test-t_1",
   "title":"CT abdomen (with oral and IV contrast)",
   "html":"<html><div class=\"cell\"><div class=\"cellBlock\"><div class=\"cellTitle\">Result</div><div class=\"cellBody\">no oral contrast beyond duodenum (volvulus); no contrast in the distal superior mesenteric artery (volvulus with ischemia); twirling of the superior mesenteric artery and vein (volvulus); transposition of superior mesenteric artery and vein (malrotation); a transition point in bowel caliber, right-sided duodenum; duodenum courses anterior or to right of superior mesenteric artery</div><div class=\"cellTitle\">Test Details</div><div class=\"cellBody\"><li>Should be ordered when the presentation is abdominal pain without witnessed vomiting, and the concern for malrotation is low. If midgut volvulus is being considered, then CT scan should not be performed before an upper GI series.<a href=\"epoc://current?article=10\">[10]</a> </li><li>Performed using oral and IV contrast to delineate intestinal pathologies.</li><li>Coronal reconstructions are particularly useful in following the course of the duodenum to assure the transition from duodenum to jejunum lies left of the left side of the spine and is appropriately high enough.</li><li>Additional information that can be obtained from the scan, which is not offered by the upper GI contrast series, is immediate assessment of cecal position/colonic rotation and 3-dimensional evaluation of the entire extraintestinal space.</li></div></div></div></html>",
   "type":"web"},

  {
   "id":"p-test-t_2",
   "title":"abdominal plain films",
   "html":"<html><div class=\"cell\"><div class=\"cellBlock\"><div class=\"cellTitle\">Result</div><div class=\"cellBody\">distended stomach and proximal duodenum with paucity of bowel gas seen distally (volvulus or duodenal web); normal film (malrotation without volvulus or volvulus without complete obstruction)</div><div class=\"cellTitle\">Test Details</div><div class=\"cellBody\"><li>Usually ordered in the ER for patients presenting with abdominal complaints, but is rarely helpful in changing management or preventing other tests.</li><li>In the newborn nursery, a patient with bilious vomiting should be studied first with emergent plain films, as they provide a better yield for demonstrating other congenital etiologies for symptoms.</li><li>Stomach and proximal duodenum distended with gas and some distal gas is the most consistent but nonspecific sign of volvulus on plain films.<a href=\"epoc://current?article=9\">[9]</a> </li><li>The buildup of air in the stomach and proximal duodenum during volvulus may give the double-bubble appearance that is otherwise pathognomonic for duodenal atresia, but if any air is present distally, malrotation with volvulus is suggested and an emergent upper GI series should be performed.</li><li>If the amount of distended loops of bowel is large, suggesting more of a distal bowel obstruction, but a midgut volvulus cannot be ruled out, a carefully combined upper and lower GI series may need to be performed in coordination with the pediatric radiologist.</li></div></div></div></html>",
   "type":"web"},

  {
   "id":"p-test-t_5",
   "title":"CBC",
   "html":"<html><div class=\"cell\"><div class=\"cellBlock\"><div class=\"cellTitle\">Result</div><div class=\"cellBody\">elevated WBC count; polycythemia</div><div class=\"cellTitle\">Test Details</div><div class=\"cellBody\"><li>In cases of malrotation without volvulus, WBC count is normal. It is also typically normal for several hours in cases of patients with volvulus.</li><li>If the volvulus exists for a period of time, WBC count may be elevated. If the presentation is quite delayed the loss of plasma in the intravascular space leads to hemoconcentration.</li></div></div></div></html>",
   "type":"web"},

  {
   "id":"p-test-t_3",
   "title":"ultrasound",
   "html":"<html><div class=\"cell\"><div class=\"cellBlock\"><div class=\"cellTitle\">Result</div><div class=\"cellBody\">no flow beyond the proximal superior mesenteric artery ([SMA] volvulus with ischemia); twirling of the superior mesenteric artery and vein ([SMV] volvulus)</div><div class=\"cellTitle\">Test Details</div><div class=\"cellBody\"><li>Can be done quickly without contrast or radiation, but if midgut volvulus is a concern, it may be clinically misguided to order an ultrasound.</li><li>An ultrasound is more commonly ordered to assess for intussusception if malrotation or midgut volvulus is not the primary consideration. However, when it is ordered to rule out intussusception, or in circumstances where the upper GI series is not conclusive, images of the mesenteric vessels may be useful, demonstrating a reversed SMA-SMV relationship or even a \"whirlpool\" pattern of volvulus.</li></div></div></div></html>",
   "type":"web"},

  {
   "id":"p-test-t_4",
   "title":"lower GI contrast series",
   "html":"<html><div class=\"cell\"><div class=\"cellBlock\"><div class=\"cellTitle\">Result</div><div class=\"cellBody\">abnormal position of the cecum</div><div class=\"cellTitle\">Test Details</div><div class=\"cellBody\"><li>May be ordered in the workup of newborn patients with stooling difficulty or distal intestinal obstruction.</li><li>Malrotation may be recognized by abnormal position of the cecum (present in 85%).<a href=\"epoc://current?article=10\">[10]</a> </li><li>If there is any concern of GI obstruction, the abnormal cecal position should prompt contrast being placed from above.</li><li>Rarely, lower GI series may augment the investigation for malrotation if the upper GI series is inconclusive.<a href=\"epoc://current?article=10\">[10]</a> </li></div></div></div></html>",
   "type":"web"},

  {
   "id":"p-test-t_6",
   "title":"ABG",
   "html":"<html><div class=\"cell\"><div class=\"cellBlock\"><div class=\"cellTitle\">Result</div><div class=\"cellBody\">metabolic acidosis with respiratory alkalosis resulting in profound decrease in partial pressure of carbon dioxide</div><div class=\"cellTitle\">Test Details</div><div class=\"cellBody\"><li>When bowel perfusion is compromised from twisting of the mesenteric vessels, lactic acidosis ensues dropping the serum pH with increased anion gap.</li><li>Acidosis is nonspecific and nondiagnostic. If the diagnosis of volvulus is confirmed with radiologic studies, blood gas analysis is important to know the physiologic status of the patient and to guide resuscitation.</li></div></div></div></html>",
   "type":"web"},

  {
   "id":"tests",
   "sections":
   [

    {
     "headerText":"Initial Tests",
     "cells":
     [

      {
       "target":"p-test-t_0",
       "title":"upper GI contrast series",
       "type":"flex0"},

      {
       "target":"p-test-t_1",
       "title":"CT abdomen (with oral and IV contrast)",
       "type":"flex0"},

      {
       "target":"p-test-t_2",
       "title":"abdominal plain films",
       "type":"flex0"},

      {
       "target":"p-test-t_5",
       "title":"CBC",
       "type":"flex0"}      ]},

    {
     "headerText":"Other Tests to Consider",
     "cells":
     [

      {
       "target":"p-test-t_3",
       "title":"ultrasound",
       "type":"flex0"},

      {
       "target":"p-test-t_4",
       "title":"lower GI contrast series",
       "type":"flex0"},

      {
       "target":"p-test-t_6",
       "title":"ABG",
       "type":"flex0"}      ]}    ],
   "type":"table"},

  {
   "id":"differentials",
   "sections":
   [

    {
     "cells":
     [

      {
       "title":"Duodenal atresia/web",
       "type":"flex0",
       "targetHTML":"<div class=\"cell\"><div class=\"cellBlock\"><div class=\"cellTitle\">Signs/Sx</div><div class=\"cellBody\"><ul><li>Duodenal atresia is usually not associated with abdominal pain, physiologic perturbation, or metabolic acidosis. Any of these signs should press urgent action toward diagnosis and treatment of volvulus.</li></ul></div><div class=\"cellTitle\">Tests</div><div class=\"cellBody\"><ul><li>On plain film radiography in a newborn with bilious vomiting, the presence of bowel gas beyond the duodenum suggests either midgut volvulus or type 1 duodenal atresia; therefore, an upper GI series should be done to differentiate between them.</li></ul></div></div></div>"},

      {
       "title":"Intussusception",
       "type":"flex0",
       "targetHTML":"<div class=\"cell\"><div class=\"cellBlock\"><div class=\"cellTitle\">Signs/Sx</div><div class=\"cellBody\"><ul><li>The incidence of intussusception increases sharply at 5 months when volvulus is beginning to decrease in incidence.</li><li>Bilious vomiting is delayed or secondary if present at all in the presentation of intussusception as opposed to volvulus.</li><li>Intussusception is typically distinguished by periods of sudden abdominal pain followed by complete cessation. These continue to return as equally sharp in waves, until the intussusception is reduced.</li></ul></div><div class=\"cellTitle\">Tests</div><div class=\"cellBody\"><ul><li>Ultrasound identifies intussusception in most cases.</li><li>Contrast enema (with air or barium) is thereafter used to confirm the diagnosis and reduce the intussusceptum.</li></ul></div><a href=\"epoc://dx/monograph/679\"><b class=\"view-dx-monograph\">View Dx Monograph</b></a></div></div>"},

      {
       "title":"Gastroesophageal reflux",
       "type":"flex0",
       "targetHTML":"<div class=\"cell\"><div class=\"cellBlock\"><div class=\"cellTitle\">Signs/Sx</div><div class=\"cellBody\"><ul><li>Malrotation without volvulus may cause intermittent nonbilious vomiting that appears identical to reflux, and the two cannot be distinguished by history or physical exam.</li></ul></div><div class=\"cellTitle\">Tests</div><div class=\"cellBody\"><ul><li>Upper GI contrast series definitively clarifies malrotation.</li></ul></div><a href=\"epoc://dx/monograph/883\"><b class=\"view-dx-monograph\">View Dx Monograph</b></a></div></div>"},

      {
       "title":"Nonspecific symptoms",
       "type":"flex0",
       "targetHTML":"<div class=\"cell\"><div class=\"cellBlock\"><div class=\"cellTitle\">Signs/Sx</div><div class=\"cellBody\"><ul><li>It is important to consider that malrotation without volvulus is diagnosed for a wide variety of complaints that lead to a contrast study, including diarrhea, constipation, anorexia, irritability, apnea, lethargy, failure to thrive, blood in stool, and fever.<a href=\"epoc://current?article=11\">[11]</a></li></ul></div><div class=\"cellTitle\">Tests</div><div class=\"cellBody\"><ul><li>Upper GI contrast series definitively clarifies malrotation.</li></ul></div></div></div>"}      ]}    ],
   "type":"table"},

  {
   "id":"diag_approach",
   "title":"Intestinal malrotation",
   "html":"<div class=\"cell\"><div class=\"cellBlock\"><div class=\"cellBody\"><P>The diagnostic approach follows the pattern of history, examination, and radiologic evaluation. Emergency surgical consultation is appropriate before obtaining any diagnostic studies if midgut volvulus is suspected, as emergent surgical exploration without preoperative studies may be warranted. If the patient appears stable, an urgent upper GI contrast study should be performed to identify the patient who will need an operation for malrotation and/or midgut volvulus. If the history and physical findings are more suggestive of bowel ischemia/necrosis (e.g., peritonitis), which may occur with midgut volvulus, then immediate surgical intervention is performed without radiologic investigation in order to expedite diagnosis and reversal of ischemia.</P></div><div class=\"cellTitle\">History</div><div class=\"cellBody\"><P>Of patients with malrotation who become symptomatic, 50% to 75% do so in the first month and about 90% within the first year of life.<a href=\"epoc://current?article=6\">[6]</a> </P><P>The presence of bilious or green emesis is the key factor in immediately alerting the caregiver to consider the possibility of midgut volvulus. Any patient without a previous abdominal surgery and/or an upper GI contrast study showing normal rotation who has a history of green vomiting should undergo emergent investigation to rule out midgut volvulus.</P><P>In the presence of malrotation with midgut volvulus, the vomiting is often sudden in onset and can be associated with severe abdominal pain. Caregivers of infants may give a history of the child becoming inconsolable for a period of time. Abdominal pain may be out of proportion to physical findings. However, history or duration of abdominal pain can otherwise be challenging to elicit in infants and young children, who account for most of the patients with symptomatic malrotation.</P><P>More subtle and chronic symptoms are frequently found in malrotation patients without volvulus. Moreover, patients may be asymptomatic and are discovered to have malrotation incidently on workup of other unrelated conditions.</P><P>Some less common congenital anomalies can be found with various degrees of malrotation (i.e., gastroschisis, omphalocele, congenital diaphragmatic hernia, and heterotaxy). The presence of heterotaxy adds another layer of complexity to the variation of malrotation patterns. Although a high percentage of these patients have some element of malrotation, the risk of volvulus is still evident, albeit lower than with classic incomplete rotation.</P><P>The caregiver may also see dark blood in the diaper.</P></div><div class=\"cellTitle\">Physical examination</div><div class=\"cellBody\"><P>Abdominal exam findings can vary substantially depending on the presence and duration of midgut volvulus. Without volvulus, the exam is frequently benign and history is more elaborative. Early in the setting of midgut volvulus, the exam may demonstrate only minimal or no tenderness and no distention, as the initial point of bowel obstruction is in the duodenum. Later during midgut volvulus, examination can reveal a more worrying and obvious presentation of abdominal distention, peritoneal signs, and septic shock with tachycardia and tachypnea. These are ominous signs of ongoing intestinal ischemia/infarction.</P></div><div class=\"cellTitle\">Summary of clinical findings</div><div class=\"cellBody\"><P>Features of obstruction with ischemia (midgut volvulus with vascular compromise) include:</P><ul><li>Acutely ill patient with severe acute abdominal pain</li><li>Bilious vomiting</li><li>Tachycardia</li><li>Tachypnea</li><li>Abdominal tenderness</li><li>Acidosis</li><li>Signs of peritoneal catastrophe (rebound and guarding).</li></ul><P>Features of obstruction without ischemia (midgut volvulus without vascular compromise) include:</P><ul><li>Bilious vomiting</li><li>Crampy abdominal pain in waves</li><li>Nontender abdomen</li><li>Nondistended abdomen</li><li>No severe physiologic perturbation.</li></ul><P>Features of intermittent or partial volvulus or obstructing Ladd bands include:</P><ul><li>Intermittent vomiting</li><li>No signs of acute illness</li><li>Intermittent abdominal pain (typically postprandial)</li><li>Weight loss.</li></ul><P>Features of questionable malrotation or asymptomatic/incidental findings in investigating for reflux (fussiness, arching, apneic events, reactive airways, pneumonia) include:</P><ul><li>Intermittent vomiting</li><li>No signs of acute illness.</li></ul></div><div class=\"cellTitle\">Radiologic evaluation</div><div class=\"cellBody\"><P>Upper GI contrast series</P><ul><li>This is the diagnostic standard for malrotation with or without midgut volvulus and must include AP and lateral projections.</li></ul><ul><li>In normal rotation, the duodenal-jejunal junction at the ligament of Treitz is located to the left of the left vertebral pedicle and is posterior to the approximate height of the pylorus.</li></ul><ul><li>In malrotation, the duodenal-jejunal junction is located to the right of the spine and inferior to the level of the pylorus with a more anterior projection than normal.</li></ul><ul><li>In midgut volvulus there may be a bird's beak cut-off of contrast in the second portion of the duodenum, or the duodenum may have a corkscrew appearance if contrast can get into the loops of bowel that have twisted.<a class=\"inlineImage\" href=\"epoc://current?view=p-images-i_4\">Image</a></li></ul><ul><li>The typical sensitivity is approximately 95%, but it may have a false-positive rate up to 15% and false-negative rate of up to 6%.<a href=\"epoc://current?article=8\">[8]</a> </li></ul><P>CT (with oral and IV contrast)</P><ul><li>CT scan is not the preferred study to assess for malrotation and/or midgut volvulus; however, when this study is performed to assess abdominal pain without bilious emesis, malrotation and/or midgut volvulus may be seen.</li><li>In the setting of volvulus, CT scan of the abdomen could potentially show oral contrast cutting off at the duodenum, and IV contrast may show a twirling of the superior mesenteric artery (SMA) and superior mesenteric vein (SMV). The image of the vessels may depict whether there is good arterial flow beyond the point of twisting.</li></ul><ul><li>In the setting of malrotation without volvulus, CT findings may be similar to those described in the upper GI series. Furthermore, an abnormal orientation of the SMA and SMV may be noted, with the SMA located to the right and anterior to the SMV.</li></ul><P>Abdominal plain films</P><ul><li>This study is usually ordered as a preliminary investigation for patients presenting with abdominal complaints. It is infrequently helpful in preventing other more definitive tests to rule out malrotation unless other conditions are highly suspected (e.g., necrotizing enterocolitis or congenital duodenal obstruction).</li><li>Stomach and proximal duodenum distended with gas and little distal gas is the most consistent sign of volvulus on plain films.<a href=\"epoc://current?article=9\">[9]</a> </li><li>The buildup of air in the stomach and proximal duodenum during volvulus gives the double-bubble appearance that is pathognomonic for duodenal atresia. However, if any air is present distally, malrotation with volvulus is suggested and an emergent contrast study should be performed.</li></ul><P>Lower GI contrast series</P><ul><li>This study may be ordered in the workup of newborn patients with stooling difficulty or distal intestinal obstruction.</li></ul><ul><li>Malrotation may be recognized by abnormal position of the cecum (present in 85%).<a href=\"epoc://current?article=10\">[10]</a> </li></ul><ul><li>If there is any concern of GI obstruction, the abnormal cecal position should prompt contrast being placed from above.</li></ul><ul><li>Rarely, lower GI series may augment the investigation for malrotation if the upper GI series is inconclusive.<a href=\"epoc://current?article=10\">[10]</a> </li></ul><P>Ultrasound</P><ul><li>This study can be done quickly without contrast or radiation, but if midgut volvulus is a concern, it may be clinically misguided to order an ultrasound. An ultrasound is more commonly ordered to assess for intussusception if malrotation or midgut volvulus is not the primary consideration. However, when it is ordered to rule out intussusception, or in circumstances where the upper GI series is not conclusive, images of the mesenteric vessels may be useful, demonstrating a reversed SMA-SMV relationship or even a \"whirlpool\" pattern of volvulus.</li><li>Sensitivity (75%) and specificity (80%) are less than those of upper GI series.<a href=\"epoc://current?article=8\">[8]</a> </li></ul></div><div class=\"cellTitle\">Laboratory evaluation</div><div class=\"cellBody\"><P>CBC</P><ul><li>In cases of malrotation without volvulus, WBC count is normal. It is also typically normal for several hours in cases of patients with volvulus.</li><li>If the volvulus exists for a period of time, WBC count may be elevated. If the presentation is quite delayed, the loss of plasma in the intravascular space leads to hemoconcentration.</li></ul><P>Blood gas analysis</P><ul><li>When bowel perfusion is compromised from twisting of the mesenteric vessels, lactic acidosis ensues dropping the serum pH with increased anion gap.</li><li>If the diagnosis of volvulus is confirmed with radiologic studies, blood gas analysis is important to know the physiologic status of the patient and to guide resuscitation.</li></ul></div></div></div>",
   "type":"web"},

  {
   "id":"followup",
   "title":"Intestinal malrotation",
   "html":"<div class=\"cell\"><div class=\"cellBlock\"><div class=\"cellTitle\">Prognosis</div><div class=\"cellBody\"><div class=\"cellTitle\">Prognosis after volvulus</div><div class=\"cellBody\"><P>Mortality with midgut volvulus is approximately 10% and usually depends on degree of intestinal necrosis.<a href=\"epoc://current?article=20\">[20]</a> Survivors of volvulus are at risk for recurrent volvulus of around 10%.<a href=\"epoc://current?article=21\">[21]</a> However, these estimates are likely to be low given the lack of lifelong follow-up in a large cohort. Future adhesive bowel obstruction is possible after any abdominal operation.</P></div><div class=\"cellTitle\">Prognosis after Ladd procedure for malrotation</div><div class=\"cellBody\"><P>Mortality is entirely determined by bowel necrosis. Patients with malrotation without volvulus still have the possibility of volvulus after the Ladd procedure, as the procedure does not create complete rotation but rather nonrotation. This risk is impossible to precisely quantify and is certainly inversely related to the width of the base of the mesentery.</P></div></div><div class=\"cellTitle\">Monitoring</div><div class=\"cellBody\"><P>There is no long-term follow-up that is useful after Ladd procedure. Both adhesive bowel obstruction and volvulus are all-or-none events that will occur suddenly at an unpredictable moment. During the course of care for these patients at the initial diagnosis, providers ought to be thorough in documenting the risk of future volvulus so the medical record clearly directs future providers in the right direction.</P></div><div class=\"cellTitle\">Patient Instructions</div><div class=\"cellBody\"><P>Patients and families need to be made well aware that any sudden onset of vomiting or abdominal pain should be immediately evaluated. The families should understand that on arrival to the emergency department, the healthcare providers must be reminded of the malrotation so they will obtain a contrast study first.</P></div></div></div>",
   "type":"web"},

  {
   "id":"prevention",
   "title":"Intestinal malrotation",
   "html":"<div class=\"cell\"><div class=\"cellBlock\"><div class=\"cellTitle\">Prevention</div><div class=\"cellBody\"><h4>Secondary Prevention</h4><P>No diet or activity has ever been documented to affect the risk of volvulus or adhesive small bowel obstruction.</P></div></div></div>",
   "type":"web"},

  {
   "id":"complications",
   "sections":
   [

    {
     "headerText":"Medium Likelihood",
     "cells":
     [

      {
       "title":"bowel resection-related short gut syndrome",
       "type":"flex0",
       "targetHTML":"<div class=\"cell\"><div class=\"cellBlock\"><div class=\"cellBody\"><P>For survivors of midgut volvulus with ischemic necrosis, the risk of short gut syndrome is related to the amount of bowel lost.</P><P>When a large amount of small intestine must be resected to allow for survival due to a long segment of necrotic bowel, the survivors are likely to have inadequate bowel length. This will cause inability to sustain life and growth with enteric intake alone and require long-term parenteral nutrition.</P><P>These patients need multidisciplinary care ideally in an institution with a dedicated team experienced with this population.</P><P>Short bowel syndrome patients may require consideration for small bowel transplant on a case-by-case basis. It is fear of this complication that should drive a second-look operation rather than early commitment to long segment resections, unless the bowel is frankly necrotic and must be resected to establish clinical stability.</P></div></div></div>"},

      {
       "title":"volvulus following Ladd procedure",
       "type":"flex0",
       "targetHTML":"<div class=\"cell\"><div class=\"cellBlock\"><div class=\"cellBody\"><P>Any patient with malrotation maintains a risk of volvulus.</P><P>Rotational correction cannot be completed surgically. The retroperitoneal attachments cannot be recreated. A pre-existing narrow base of mesentery cannot be made normal with an operation, but it can be broadened to its fullest extent.</P><P>The Ladd procedure is intended to decrease the risk of future volvulus and decrease the complications of malrotation, such as the atypical presentation of appendicitis. However, the underlying anatomy continues to predispose to future volvulus.</P><P>The operation does allow the surgeon to have a better feel for the risk of future volvulus based on the anatomy found during the operation. Regardless of prior surgery, any patient with known malrotation who presents with bilious vomiting must have volvulus immediately ruled out.</P></div></div></div>"},

      {
       "title":"Ladd procedure-related adhesive small bowel obstruction",
       "type":"flex0",
       "targetHTML":"<div class=\"cell\"><div class=\"cellBlock\"><div class=\"cellBody\"><P>Any patient with a history of an abdominal operation maintains a risk of adhesive bowel obstruction.</P><P>An abdominal operation may induce adhesions, which can tether the small bowel to the abdominal wall or to other internal structures. These adhesions create spaces for internal hernias and tether points around which bowel can twist or be pinched in an obstructive way.</P><P>A laparoscopic approach may reduce this risk.<a href=\"epoc://current?article=13\">[13]</a><a href=\"epoc://current?article=22\">[22]</a></P></div></div></div>"}      ]}    ],
   "type":"table"},

  {
   "id":"p-tx-c_0",
   "title":"ignoreme",
   "html":"<html><div class=\"cell\"><div class=\"cellBlock\"><div class=\"cellTitle\">Comments</div><div class=\"cellBody\"><ul><li>The acutely ill patient with midgut volvulus with vascular compromise presents with bilious vomiting, acute abdominal pain, tachycardia, tachypnea, abdominal tenderness, acidosis, and potentially with signs of peritoneal catastrophe (guarding and rebound).</li><li>Emergent abdominal exploration, even without a radiographically confirmed diagnosis, is necessary. Therefore, the surgeon should be contacted early in the course of care when volvulus is clinically suspected in order to allow the surgeon opportunity to forgo further studies.</li><li>If the volvulus is associated with compromised flow of superior mesenteric artery, time is of the essence to salvage the involved intestine. Immediately on opening of the abdomen, the bowel is detorsed by turning it in a counterclockwise direction to \"turn back the hands of time.\"<a href=\"epoc://current?article=7\">[7]</a> Warm packs are applied to allow a period of observation to see whether the bowel will be viable. The Ladd procedure is then completed.</li></ul></div></div></div></html>",
   "type":"web"},

  {
   "id":"p-tx-c_1",
   "title":"ignoreme",
   "html":"<html><div class=\"cell\"><div class=\"cellBlock\"><div class=\"cellTitle\">Primary Options</div><div class=\"cellBody\"><UL class=\"tx-options\"><LI><span><A href=\"epoc://rx/monograph/1573\">cefoxitin</A>: infants ≤3 months of age: consult specialist for guidance on dose; infants &gt;3 months of age: 30-40 mg/kg intravenously as a single dose 30-60 minutes before surgery, then every 6 hours after surgery for no more than 24 hours<BR></span></LI></UL></div><div class=\"cellTitle\">Comments</div><div class=\"cellBody\"><ul><li>NG tube, antibiotic coverage for gram-negative organisms (e.g., cefoxitin), and aggressive IV fluid resuscitation should be performed en route to the operating room but do not preclude an operation, as manual detorsion of the bowel is the only way to reverse an otherwise fatal course.</li><li>Postoperative care is simply supportive. The postoperative course is dictated by bowel rest until bowel activity resumes.</li><li>In the case of temporary closure or abdominal coverage with planned re-exploration, the patient should be sent to the ICU, as there may be profound fluid shifts and hemodynamic perturbations that can progress rapidly. The course may mandate earlier reoperation sooner if the patient is unstable.</li></ul></div></div></div></html>",
   "type":"web"},

  {
   "id":"tx-0",
   "sections":
   [

    {
     "cells":
     [

      {
       "target":"p-tx-c_0",
       "title":"emergency surgery: open laparotomy and Ladd procedure",
       "flag":"1st",
       "type":"flex1"},

      {
       "target":"p-tx-c_1",
       "title":"supportive care",
       "flag":"plus",
       "type":"flex1"}      ]}    ],
   "type":"table"},

  {
   "id":"p-tx-c_2",
   "title":"ignoreme",
   "html":"<html><div class=\"cell\"><div class=\"cellBlock\"><div class=\"cellTitle\">Comments</div><div class=\"cellBody\"><ul><li>The patient with midgut volvulus without vascular compromise presents with bilious vomiting, crampy abdominal pain in waves, nontender abdomen, and no severe physiologic perturbation. Therefore, a radiographically confirmed diagnosis may be sought, but little time should be wasted obtaining an upper GI tract contrast study, which will show the volvulus obstructing the duodenum.</li><li>Contrast may get through the torsion to give the corkscrew appearance, but this finding does not change the state of surgical urgency. Immediately on radiographic confirmation the surgeon should be called if not already involved in the care.</li><li>Immediately on opening of the abdomen, the bowel is detorsed by turning it in a counterclockwise direction. If there is any concern about bowel viability, warm packs are applied to allow a period of observation to see whether the bowel will be viable. The Ladd procedure is then completed.</li></ul></div></div></div></html>",
   "type":"web"},

  {
   "id":"p-tx-c_3",
   "title":"ignoreme",
   "html":"<html><div class=\"cell\"><div class=\"cellBlock\"><div class=\"cellTitle\">Primary Options</div><div class=\"cellBody\"><UL class=\"tx-options\"><LI><span><A href=\"epoc://rx/monograph/1473\">cefazolin</A>: infants ≤1 months of age: consult specialist for guidance on dose; infants &gt;1 months of age: 25 mg/kg intravenously as a single dose 30-60 minutes before surgery, then every 8 hours after surgery for no more than 24 hours; additional doses may be given during lengthy procedures<BR></span></LI></UL></div><div class=\"cellTitle\">Comments</div><div class=\"cellBody\"><ul><li>NG tube and aggressive IV fluid resuscitation should be performed en route to the operating room but do not preclude an operation, as manual detorsion of the bowel is the only reversal of obstruction.</li><li>Antibiotics may be used prophylactically in patients with selected risk factors for surgical-site wound infection; gram-positive coverage (e.g., cefazolin) should be used.</li><li>Postoperative care is simply supportive, and the postoperative course is dictated by bowel rest until bowel activity resumes.</li></ul></div></div></div></html>",
   "type":"web"},

  {
   "id":"tx-2",
   "sections":
   [

    {
     "cells":
     [

      {
       "target":"p-tx-c_2",
       "title":"urgent surgery: open laparotomy and Ladd procedure",
       "flag":"1st",
       "type":"flex1"},

      {
       "target":"p-tx-c_3",
       "title":"supportive care",
       "flag":"plus",
       "type":"flex1"}      ]}    ],
   "type":"table"},

  {
   "id":"p-tx-c_4",
   "title":"ignoreme",
   "html":"<html><div class=\"cell\"><div class=\"cellBlock\"><div class=\"cellTitle\">Comments</div><div class=\"cellBody\"><ul><li>The workup of these patients, who present with intermittent vomiting but no signs of acute illness, consists solely of an upper GI contrast series. If there is no malrotation, intermittent volvulus or Ladd bands are ruled out but the contrast should be followed downstream with delayed images to rule out distal obstructing pathology. Malrotation diagnosed with this history should be operated on at next feasible opportunity (e.g., next operating day), as this is not an emergency.</li><li>Laparoscopy may have a role in approaching these patients.<a href=\"epoc://current?article=14\">[14]</a> <a href=\"epoc://current?article=15\">[15]</a> <a href=\"epoc://current?article=16\">[16]</a> <a href=\"epoc://current?article=17\">[17]</a> The operation remains the same with assuring no torsion around the base of the mesentery, complete duodenal mobilization, appendectomy, possible widening of the mesentery, and placement of the small intestine on the right side of the abdomen with the colon on the left.</li><li>Feeding resumes with resumption of bowel activity (which is immediate after the laparoscopic approach).</li></ul></div></div></div></html>",
   "type":"web"},

  {
   "id":"p-tx-c_5",
   "title":"ignoreme",
   "html":"<html><div class=\"cell\"><div class=\"cellBlock\"><div class=\"cellTitle\">Primary Options</div><div class=\"cellBody\"><UL class=\"tx-options\"><LI><span><A href=\"epoc://rx/monograph/1473\">cefazolin</A>: infants ≤1 months of age: consult specialist for guidance on dose; infants &gt;1 months of age: 25 mg/kg intravenously as a single dose 30-60 minutes before surgery, then every 8 hours after surgery for no more than 24 hours; additional doses may be given during lengthy procedures<BR></span></LI></UL></div><div class=\"cellTitle\">Comments</div><div class=\"cellBody\"><ul><li>No NG tube is necessary before or after the operation if obstruction is not present.</li><li>IV fluids before the operation are needed for maintenance only during the preoperative period of nothing by mouth.</li><li>Antibiotics may be used prophylactically in patients with selected risk factors for surgical-site wound infection; gram-positive coverage (e.g., cefazolin) should be used.</li></ul></div></div></div></html>",
   "type":"web"},

  {
   "id":"tx-4",
   "sections":
   [

    {
     "cells":
     [

      {
       "target":"p-tx-c_4",
       "title":"timely surgery: Ladd procedure (open or laparoscopic)",
       "flag":"1st",
       "type":"flex1"},

      {
       "target":"p-tx-c_5",
       "title":"supportive care",
       "flag":"plus",
       "type":"flex1"}      ]}    ],
   "type":"table"},

  {
   "id":"p-tx-c_6",
   "title":"ignoreme",
   "html":"<html><div class=\"cell\"><div class=\"cellBlock\"><div class=\"cellTitle\">Comments</div><div class=\"cellBody\"><ul><li>These patients may be asymptomatic or have intestinal malrotation discovered as an incidental finding in investigating for reflux (fussiness, arching, apneic events, reactive airways, pneumonia.).</li><li>If the contrast study confirms malrotation a Ladd procedure can be scheduled electively, either open or laparoscopic. However, the diagnosis may not be clear in this population.</li><li>The duodenum may sweep normally, not be far enough to the left side, or lie low on the contrast study. The retroperitoneal attachments may be normal (eliminating the risk of volvulus), but malrotation/nonrotation may be severe where the proximal bowel is lying to the left by circumstance.</li><li>Therefore, any radiographic findings suggesting malrotation as a possibility deserve exploration, which is preferably done laparoscopically in this scenario. If malrotation is clearly present, the Ladd procedure can be completed laparoscopically or converted to open depending on surgeon preference.</li></ul></div></div></div></html>",
   "type":"web"},

  {
   "id":"p-tx-c_7",
   "title":"ignoreme",
   "html":"<html><div class=\"cell\"><div class=\"cellBlock\"><div class=\"cellTitle\">Primary Options</div><div class=\"cellBody\"><UL class=\"tx-options\"><LI><span><A href=\"epoc://rx/monograph/1473\">cefazolin</A>: infants ≤1 months of age: consult specialist for guidance on dose; infants &gt;1 months of age: 25 mg/kg intravenously as a single dose 30-60 minutes before surgery, then every 8 hours after surgery for no more than 24 hours; additional doses may be given during lengthy procedures<BR></span></LI></UL></div><div class=\"cellTitle\">Comments</div><div class=\"cellBody\"><ul><li>No NG tube is necessary before or after the operation. IV fluids before the operation are needed for maintenance only during the preoperative period of nothing by mouth.</li><li>Antibiotics may be used prophylactically in patients with selected risk factors for surgical-site wound infection; gram-positive coverage (e.g., cefazolin) should be used.</li></ul></div></div></div></html>",
   "type":"web"},

  {
   "id":"tx-6",
   "sections":
   [

    {
     "cells":
     [

      {
       "target":"p-tx-c_6",
       "title":"elective surgery: Ladd procedure (open or laparoscopic)",
       "flag":"1st",
       "type":"flex1"},

      {
       "target":"p-tx-c_7",
       "title":"supportive care",
       "flag":"plus",
       "type":"flex1"}      ]}    ],
   "type":"table"},

  {
   "id":"p-images-i_1",
   "title":"Images",
   "type":"image",
   "image_refs":
   [
0    ]},

  {
   "id":"p-images-i_2",
   "title":"Images",
   "type":"image",
   "image_refs":
   [
1    ]},

  {
   "id":"p-images-i_3",
   "title":"Images",
   "type":"image",
   "image_refs":
   [
0    ]},

  {
   "id":"p-images-i_4",
   "title":"Images",
   "type":"image",
   "image_refs":
   [
2    ]},

  {
   "id":"p-images-i_5",
   "title":"Images",
   "type":"image",
   "image_refs":
   [
2    ]}  ],
 "citations":
 {
  "articles":
  [

   {
    "id":1,
    "key_article":false,
    "ref_article":true,
    "html":"Kantor JL. Anomalies of the colon: their roentgen diagnosis and clinical significance: Resume of 10 years study. Radiology. 1934;23:651-662."},

   {
    "id":2,
    "key_article":false,
    "ref_article":true,
    "html":"Skandalakis JE, Gray SW, Ricketts R, et al. The small intestines. In: Skandalakis JE, Gray SW, eds. Embryology for surgeons, 2nd ed. Baltimore, MD: Williams &amp; Wilkins; 1994:184."},

   {
    "id":3,
    "key_article":false,
    "ref_article":true,
    "html":"Byrne WJ. Disorders of the intestine and pancreas. In: Taeusch WH, Ballard RA, Avery ME, eds. Disease of the newborn. Philadelphia, PA: WB Saunders; 1991:586-693."},

   {
    "id":4,
    "key_article":false,
    "ref_article":true,
    "html":"Gray SW, Skandalakis JE. Embryology for surgeons. Philadelphia, PA: WB Saunders; 1972:129-141."},

   {
    "id":5,
    "key_article":false,
    "ref_article":true,
    "html":"Sadler TW. Langman's medical embryology, 7th Ed. Philadelphia, PA: Lippincott Williams &amp; Wilkins; 1995:258-267."},

   {
    "id":6,
    "key_article":false,
    "ref_article":true,
    "html":"Gross RE. Malrotation of the intestine and colon. In: Gros RE, ed. The surgery of infancy and childhood. Philadelphia, PA: WB Saunders; 1953:192."},

   {
    "id":7,
    "key_article":true,
    "ref_article":true,
    "html":"Shew SB. Surgical concerns in malrotation and midgut volvulus. Pediatr Radiol. 2009;39(suppl 2):S167-S171.<a href=\"http://www.ncbi.nlm.nih.gov/pubmed/19308380\"> [Abstract]</a>"},

   {
    "id":8,
    "key_article":true,
    "ref_article":true,
    "html":"Applegate KE. Evidence-based diagnosis of malrotation and volvulus. Pediatr Radiol. 2009;39(suppl 2):S161-S163.<a href=\"http://www.ncbi.nlm.nih.gov/pubmed/19308378\"> [Abstract]</a>"},

   {
    "id":9,
    "key_article":false,
    "ref_article":true,
    "html":"Kirks DR, Caron KJ. Gastrointestinal tract. In: Kirks DR, ed. Practical pediatric imaging, 2nd ed. Philadelphia, PA: JB Lippincott; 1991:710."},

   {
    "id":10,
    "key_article":false,
    "ref_article":true,
    "html":"Daneman A. Malrotation: the balance of evidence. Pediatr Radiol. 2009;39(suppl 2):S164-S166.<a href=\"http://www.ncbi.nlm.nih.gov/pubmed/19308379\"> [Abstract]</a>"},

   {
    "id":11,
    "key_article":true,
    "ref_article":true,
    "html":"Powell D, Othersen JB, Smith CD. Malrotation of the intestines in children: the effect of age on presentation and therapy. J Pediatr Surg. 1989;24:777-780.<a href=\"http://www.ncbi.nlm.nih.gov/pubmed/2769545\"> [Abstract]</a>"},

   {
    "id":12,
    "key_article":false,
    "ref_article":true,
    "html":"Yu DC, Thiagarajan RR, Laussen PC, et al. Outcomes after the Ladd procedure in patients with heterotaxy syndrome, congenital heart disease, and intestinal malrotation. J Pediatr Surg. 2009;44:1089-1095.<a href=\"http://www.ncbi.nlm.nih.gov/pubmed/19524722\"> [Abstract]</a>"},

   {
    "id":13,
    "key_article":false,
    "ref_article":true,
    "html":"Tsao KJ, St Peter SD, Valusek PA, et al. Adhesive small bowel obstruction after appendectomy in children: comparison between the laparoscopic and open approach. J Pediatr Surg. 2007 Jun;42(6):939-42;discussion 942.<a href=\"http://www.ncbi.nlm.nih.gov/pubmed/17560198\"> [Abstract]</a>"},

   {
    "id":14,
    "key_article":false,
    "ref_article":true,
    "html":"Fraser JD, Aguayo P, Sharp SW, et al. The role of laparoscopy in the management of malrotation. J Surg Res. 2009;156:80-82.<a href=\"http://www.ncbi.nlm.nih.gov/pubmed/19560159\"> [Abstract]</a>"},

   {
    "id":15,
    "key_article":false,
    "ref_article":true,
    "html":"Lessin MS, Luks FI. Laparoscopic appendectomy and duodenocolonic dissociation (LADD) procedure for malrotation. Pediatr Surg Int. 1998;13:184-185.<a href=\"http://www.ncbi.nlm.nih.gov/pubmed/9563043\"> [Abstract]</a>"},

   {
    "id":16,
    "key_article":false,
    "ref_article":true,
    "html":"Mazziotti MV, Strasberg SM, Langer JC. Intestinal rotation abnormalities without volvulus: the role of laparoscopy. J Am Coll Surg. 1997;185:172-176.<a href=\"http://www.ncbi.nlm.nih.gov/pubmed/9249085\"> [Abstract]</a>"},

   {
    "id":17,
    "key_article":false,
    "ref_article":true,
    "html":"Draus JM Jr, Foley DS, Bond SJ. Laparoscopic Ladd procedure: a minimally invasive approach to malrotation without midgut volvulus. Am Surg. 2007;73:693-696.<a href=\"http://www.ncbi.nlm.nih.gov/pubmed/17674943\"> [Abstract]</a>"},

   {
    "id":20,
    "key_article":false,
    "ref_article":true,
    "html":"Warner BW. Malrotation. In: Oldham KT, Colambani PM, Foglia RP, eds. Surgery of infants and children: scientific principles and practice. Philadelphia, PA: Lippincott-Raven; 1997:1229-1240."},

   {
    "id":21,
    "key_article":true,
    "ref_article":true,
    "html":"Stewart DR, Colodny AL, Daggett WC. Malrotation of the bowel in infants and children: a 15 year review. Surgery. 1976;19:716-720.<a href=\"http://www.ncbi.nlm.nih.gov/pubmed/1273757\"> [Abstract]</a>"},

   {
    "id":22,
    "key_article":false,
    "ref_article":true,
    "html":"Jen HC, Shew SB. Laparoscopic versus open appendectomy in children: outcomes comparison based on a statewide analysis. J Surg Res. 2010;161:13-17.<a href=\"http://www.ncbi.nlm.nih.gov/pubmed/20031168\"> [Abstract]</a>"}   ]},
 "media":
 [

  {
   "file":"753-1-hlight.jpg",
   "thumb":"753-1-hlight-tn.jpg",
   "caption":"Malrotation with volvulus causing complete obstruction of the duodenum that does not sweep to the left, as seen on upper GI contrast",
   "hilight":"true",
   "iline":"false",
   "auth":"false",
   "source":"From the collection of Dr S.D. St Peter"},

  {
   "file":"753-3.jpg",
   "thumb":"753-3-tn.jpg",
   "caption":"Narrow base of mesentery in malrotation",
   "hilight":"false",
   "iline":"false",
   "auth":"false",
   "source":"From the collection of Dr S. Shew"},

  {
   "file":"753-2.jpg",
   "thumb":"753-2-tn.jpg",
   "caption":"Malrotation with volvulus without obstruction as seen on upper GI contrast",
   "hilight":"false",
   "iline":"false",
   "auth":"false",
   "source":"From the collection of Dr S.D. St Peter"}  ]}