
{
 "id":759,
 "title":"Congenital torticollis",
 "views":
 [

  {
   "id":"root",
   "type":"table",
   "sections":
   [

    {
     "cells":
     [

      {
       "target":"highlights",
       "title":"Highlights & Basics",
       "type":"flex0"}      ]},

    {
     "cells":
     [

      {
       "target":"tx_options",
       "title":"Treatment Options",
       "type":"flex0"},

      {
       "target":"tx_approach",
       "title":"Treatment Approach",
       "type":"flex0"},

      {
       "target":"hxexam",
       "title":"History & Exam",
       "type":"flex0"},

      {
       "target":"tests",
       "title":"Tests",
       "type":"flex0"},

      {
       "target":"differentials",
       "title":"Differential Diagnosis",
       "type":"flex0"},

      {
       "target":"diag_approach",
       "title":"Diagnostic Approach",
       "type":"flex0"},

      {
       "target":"followup",
       "title":"Follow-up",
       "type":"flex0"},

      {
       "target":"prevention",
       "title":"Prevention",
       "type":"flex0"},

      {
       "target":"complications",
       "title":"Complications",
       "type":"flex0"}      ]}    ]},

  {
   "id":"highlights",
   "title":"Congenital torticollis",
   "html":"<div class=\"cell\"><div class=\"cellBlock\"><div class=\"cellTitle\">Key Highlights</div><div class=\"cellBody\"><ul><li>Neck deformity that involves shortening of the sternocleidomastoid (SCM) muscle resulting in limited neck rotation and lateral flexion.</li><li>Infants tilt their head toward the side of the shortened muscle and rotate to the contralateral side.</li><li>Plagiocephaly and craniofacial deformities can be associated with congenital muscular torticollis (CMT) and can perpetuate one another.</li><li>Developmental hip dysplasia can be associated with CMT.</li><li>It is important to rule out nonmuscular causes such as ocular, vertebral, and neurologic.</li><li>Treatment includes caregiver education on positioning and physical therapy; onabotulinumtoxinA injections or surgery are reserved for recalcitrant cases.</li></ul></div><div class=\"cellTitle\">Definition</div><div class=\"cellBody\"><P>Congenital muscular torticollis (CMT) is a neck deformity that involves shortening of the sternocleidomastoid (SCM) muscle resulting in limited neck rotation and lateral flexion. This results in a head tilt to the affected side and rotation to the contralateral side.</P></div><div class=\"cellTitle\">Classification</div><div class=\"cellBody\"><h3>Classification of CMT</h3><P>Several studies divide patients with CMT into clinical groups, but these groups are not uniformly used in the literature nor formally recognized.<a href=\"epoc://current?article=1\">[1]</a> <a href=\"epoc://current?article=2\">[2]</a> These may include:</P><ul><li>SCM tumor group: patients with a palpable tumor (mass) in the sternocleidomastoid (SCM)</li><li>Muscular torticollis group: patients with tightness of the SCM but no clinical tumor (mass)</li><li>Postural torticollis group: patients with postural head tilt but without tumor (mass) or tightness in the SCM.</li></ul></div><div class=\"cellTitle\">Epidemiology</div><div class=\"cellBody\"><P>The reported prevalence of congenital muscular torticollis (CMT) has ranged from 0.3% to 20%.<a href=\"epoc://current?article=2\">[2]</a> <a href=\"epoc://current?article=8\">[8]</a> A male to female predominance of 3:2 has been reported.<a href=\"epoc://current?article=8\">[8]</a> Studies have shown no statistically significant difference in the side involved. Associated plagiocephaly of varying degrees has been found in up to 90% of children with CMT.<a href=\"epoc://current?article=2\">[2]</a> <a href=\"epoc://current?article=8\">[8]</a> <a href=\"epoc://current?article=9\">[9]</a> Incidence of plagiocephaly in the general population has been estimated from 1 in 300 live births to as high as 48% of healthy infants. Many authors have reported an increase in plagiocephaly and acquired torticollis correlating with recommendations that infants be placed supine to sleep.<a href=\"epoc://current?article=10\">[10]</a> <a href=\"epoc://current?article=11\">[11]</a> <a href=\"epoc://current?article=12\">[12]</a> <a href=\"epoc://current?article=13\">[13]</a> One center described a 6-fold increase in positional plagiocephaly between 1992 and 1994.<a href=\"epoc://current?article=11\">[11]</a> </P></div><div class=\"cellTitle\">Etiology</div><div class=\"cellBody\"><P>The etiology is unknown, but several theories have been proposed.</P><P>Some authors have found increased incidence in breech deliveries (13% to 17%) and cesarean section (16% to 22%) to support the theory of intrauterine malposition or crowding.<a href=\"epoc://current?article=8\">[8]</a> <a href=\"epoc://current?article=9\">[9]</a> <a href=\"epoc://current?article=14\">[14]</a> There is an increased incidence of plagiocephaly in twin births, and it is thought that the lower in utero twin A is, the more twin A is at risk is for development of plagiocephaly due to the more restrictive intrauterine environment.<a href=\"epoc://current?article=15\">[15]</a> <a href=\"epoc://current?article=16\">[16]</a> </P><P>Complicated deliveries, such as those requiring use of forceps or vacuum, have been associated with congenital muscular torticollis in 22% to 29% of cases.<a href=\"epoc://current?article=8\">[8]</a> <a href=\"epoc://current?article=9\">[9]</a> <a href=\"epoc://current?article=14\">[14]</a> Birth trauma theory proposes that a congenitally shortened sternocleidomastoid (SCM) muscle is torn at birth, with the formation of a hematoma and subsequent development of fibrous contracture.<a href=\"epoc://current?article=17\">[17]</a> However, hemorrhagic inflammatory reaction and myofiber disruption are not often found histologically in the SCM mass.<a href=\"epoc://current?article=18\">[18]</a> </P><P>The ischemic hypothesis suggests that venous occlusion causes ischemic changes in the SCM, resulting in a compartment-type syndrome.<a href=\"epoc://current?article=17\">[17]</a> </P><P>Plagiocephaly can develop at birth resulting from in utero or intrapartum molding, or postnatally, resulting from lack of varied supine positioning. Although these deformities usually resolve spontaneously, they can be perpetuated in the supine position as gravity will force the head to turn to the side of the flattened occiput. Associated torticollis can then result from this persistent unidirectional positioning.</P></div><div class=\"cellTitle\">Authors / Peer Reviewers</div><div class=\"cellBody\"><ul><li>Joyce L. Oleszek, MD</li><li>Elizabeth A. Moberg-Wolff, MD</li></ul></div><br><b class=\"last-updated display-none\">Last Updated: 2018-11-28</b><div style=\"display: none\" class=\"last-updated\"><div class=\"last-updated-label\">Last Updated</div><div class=\"last-updated-date\">2018-11-28</div></div></div></div>",
   "type":"web"},

  {
   "id":"tx_options",
   "sections":
   [

    {
     "headerText":"Ongoing",
     "cells":
     [

      {
       "target":"tx-0",
       "title":"inadequate head control or age <5 months",
       "type":"flex0"},

      {
       "target":"tx-2",
       "title":"good head control and age >5 months",
       "type":"flex0"}      ]}    ],
   "type":"table"},

  {
   "id":"tx_approach",
   "title":"Congenital torticollis",
   "html":"<div class=\"cell\"><div class=\"cellBlock\"><div class=\"cellBody\"><P>Infants with suspected congenital muscular torticollis (CMT) should be referred to physical therapy as soon as possible.<a href=\"epoc://current?article=32\">[32]</a> It is much easier to perform the necessary massage and stretches on an infant than an active baby. Education and a home program can be provided by the therapist. Earlier referral can help prevent progression of torticollis and craniofacial deformities.</P><P>Referral to a pediatric physiatrist (specialist in physical medicine) or a physical medicine and rehabilitation specialist is warranted when progress is limited and more aggressive treatment is necessary. Referral to a neurosurgeon or plastic surgeon would be necessary if craniosynostosis were suspected.</P></div><div class=\"cellTitle\">Physical therapy</div><div class=\"cellBody\"><P>Physical therapy is a first-line treatment and is warranted in all infants with CMT with or without positional plagiocephaly. One evidence-based clinical practice guideline on physical therapy management in CMT has been published.<a href=\"epoc://current?article=33\">[33]</a> </P><P>The majority of published studies use a combination of physical therapy and home program completed by the caregivers.<a href=\"epoc://current?article=34\">[34]</a> <a href=\"epoc://current?article=35\">[35]</a> <a href=\"epoc://current?article=22\">[22]</a> <a href=\"epoc://current?article=36\">[36]</a> <a href=\"epoc://current?article=37\">[37]</a> Evidence has shown full recovery in 70% of subjects by 12 months of age, with 7% requiring surgery.<a href=\"epoc://current?article=35\">[35]</a> Education of caregivers to use their daily routines of carrying, positioning, and feeding to accomplish the desired postures is important.</P><P>In addition to massage and myofascial release performed by therapists, physical therapy and a home program can include the following:</P><ul><li>Gentle stretching using carrying and play techniques to promote active neck rotation toward the affected side and discourage tilting of the head toward the affected side.</li><li>Turning the head of the infant while sleeping supine to encourage rotation to the nonfavored side.</li><li>Encouraging head rotation to the side of the affected muscle by arranging the environment with visually stimulating items on that side or changing the crib orientation if necessary.</li><li>Strengthening the contralateral neck muscles by carrying the infant with his/her body tilted to the affected side, practicing assisted rolling to the contralateral side, or side-lying on the affected side (these activities use the head righting response to strengthen the weak contralateral side).</li><li>Alternating carrying and feeding positions.</li><li>Encouraging midline head position in infant carriers with the use of rolled towels.</li><li>Prone time to play several times a day (newborns often tolerate a more inclined position). This position also facilitates bilateral sternocleidomastoid (SCM) elongation.</li></ul><P>A tubular orthosis for torticollis (TOT) is occasionally prescribed but it is not universal. It is a cervical collar made of soft tubing that is taller on the affected side to promote a passive stretch of the affected SCM and provide a noxious stimulus to promote lateral flexion to the opposite side. TOTs tend to be used in children with a mild torticollis who tend to tilt more habitually but have good passive range of movement (ROM) and good head control. One author prescribes the collar if the child has a head tilt of 6 degrees or greater at 4.5 months of age, while another uses it for constant tilting or if passive rotation is less than 45 degrees.<a href=\"epoc://current?article=35\">[35]</a> <a href=\"epoc://current?article=22\">[22]</a> </P></div><div class=\"cellTitle\">Cranial molding orthosis</div><div class=\"cellBody\"><P>This is used for moderate to severe plagiocephaly, which is often associated with CMT. As the skull grows the fastest and is most malleable in the first year of life, the optimal response is obtained if used between 4 and 12 months of age. The orthosis is worn 23 hours a day, and treatment duration is usually 3 to 4 months. It is then adjusted upon receipt every 2 to 3 weeks. Use of a cranial molding orthosis can indirectly improve head position in CMT as it provides a symmetric surface when lying supine, thus removing the gravitational forces that promote turning of the head toward the flattened occiput. Evidence shows a statistically significant improvement in infants treated with a molding orthosis.<a href=\"epoc://current?article=38\">[38]</a> One systematic review showed considerable evidence that molding therapy may reduce skull asymmetry more effectively than repositioning therapy.<a href=\"epoc://current?article=40\">[40]</a> </P></div><div class=\"cellTitle\">OnabotulinumtoxinA (botulinum toxin type A)</div><div class=\"cellBody\"><P>Injections are performed in children with CMT who are unresponsive to physical therapy and a home program. They may also help avoid the need for surgical release and can be repeated in 3 months if deficits persist. OnabotulinumtoxinA, a neurotoxin derived from the bacteria Clostridium botulinum, produces a protein that inhibits release of acetylcholine and results in localized reduction in muscle activity. The goal is to temporarily weaken the affected SCM or upper trapezius muscle, resulting in an easier and more successful stretching program as well as an improved ability to strengthen the contralateral neck musculature. It has been shown to be safe and effective in the treatment of cervical dystonia in adults and has been used safely in children with limb spasticity for many years.<a href=\"epoc://current?article=41\">[41]</a> <a href=\"epoc://current?article=42\">[42]</a> Adverse events reported in the cervical dystonia literature are transient and include mild dysphagia and neck weakness. However, significantly larger doses in multiple neck muscles are used compared with doses used in children with CMT.<a href=\"epoc://current?article=41\">[41]</a> Retrospective studies have shown it to be safe and effective in children with refractory CMT.<a href=\"epoc://current?article=43\">[43]</a> <a href=\"epoc://current?article=44\">[44]</a> Mean age of injection was 10.1 months and 7.6 months in retrospective studies. The injections can be done safely without anesthesia, but some physicians choose to anesthetize the children. Transient adverse events, including mild dysphagia and neck weakness requiring no medical treatment, have been reported in a minority of patients.<a href=\"epoc://current?article=43\">[43]</a> </P></div><div class=\"cellTitle\">Surgery</div><div class=\"cellBody\"><P>SCM release is considered when the child is refractory to physical therapy and onabotulinumtoxinA treatments. Surgery is often considered when there is no improvement after 6 months of physical therapy and there is a tight fibrotic band in the muscle, or when children are older than 1 year.<a href=\"epoc://current?article=34\">[34]</a> <a href=\"epoc://current?article=35\">[35]</a> A study of patients (age range 2 to 13 years) with CMT treated surgically showed excellent results in 88% of cases.<a href=\"epoc://current?article=45\">[45]</a> The most important factor affecting the overall result and outcome was age at the time of operation: excellent results were obtained in all children under the age of 3 years. Endoscopic release has been shown to have a favorable long-term outcome.<a href=\"epoc://current?article=47\">[47]</a> Craniofacial deformity in children with CMT, as measured by cephalometry, has been shown to be significantly improved after surgical release of the sternocleidomastoid muscle, especially if the surgery was performed on children under 5 years.<a href=\"epoc://current?article=49\">[49]</a> </P></div></div></div>",
   "type":"web"},

  {
   "id":"hxexam_details",
   "sections":
   [

    {
     "type":"table",
     "headerText":"Strong",
     "cells":
     [

      {
       "title":"plagiocephaly",
       "type":"flex0",
       "targetHTML":"<div class=\"cell\"><div class=\"cellBlock\"><div class=\"cellBody\"><P>Can develop at birth resulting from in utero or intrapartum molding, or postnatally resulting from lack of varied supine positioning.</P><P>If deformity perpetuates due to the supine position, gravity will force the head to turn to the side of the flattened occiput. Torticollis can then result from this persistent unidirectional positioning.</P></div></div></div>"}      ]},

    {
     "type":"table",
     "headerText":"Weak",
     "cells":
     [

      {
       "title":"breech delivery",
       "type":"flex0",
       "targetHTML":"<div class=\"cell\"><div class=\"cellBlock\"><div class=\"cellBody\"><P>Some studies have found increased incidence of torticollis in breech deliveries (13% to 17%).<a href=\"epoc://current?article=8\">[8]</a><a href=\"epoc://current?article=9\">[9]</a><a href=\"epoc://current?article=14\">[14]</a></P></div></div></div>"},

      {
       "title":"cesarean section delivery",
       "type":"flex0",
       "targetHTML":"<div class=\"cell\"><div class=\"cellBlock\"><div class=\"cellBody\"><P>Some studies have found increased incidence of torticollis in cesarean section (16% to 22%).<a href=\"epoc://current?article=8\">[8]</a><a href=\"epoc://current?article=9\">[9]</a><a href=\"epoc://current?article=14\">[14]</a></P></div></div></div>"},

      {
       "title":"twin A (lower in utero)",
       "type":"flex0",
       "targetHTML":"<div class=\"cell\"><div class=\"cellBlock\"><div class=\"cellBody\"><P>There is an increased incidence of plagiocephaly in twin births, and it is thought that twin A, being lower in utero, is at more risk for development of plagiocephaly due to the more restrictive intrauterine environment.<a href=\"epoc://current?article=15\">[15]</a><a href=\"epoc://current?article=16\">[16]</a></P></div></div></div>"},

      {
       "title":"complicated deliveries (forceps or vacuum)",
       "type":"flex0",
       "targetHTML":"<div class=\"cell\"><div class=\"cellBlock\"><div class=\"cellBody\"><P>These have been associated with congenital torticollis in 22% to 29%.<a href=\"epoc://current?article=8\">[8]</a><a href=\"epoc://current?article=9\">[9]</a><a href=\"epoc://current?article=14\">[14]</a></P></div></div></div>"},

      {
       "title":"birth trauma",
       "type":"flex0",
       "targetHTML":"<div class=\"cell\"><div class=\"cellBlock\"><div class=\"cellBody\"><P>Birth trauma theory proposes that a congenitally shortened sternocleidomastoid (SCM) muscle is torn at birth, with the formation of a hematoma and subsequent development of fibrous contracture.<a href=\"epoc://current?article=17\">[17]</a> However, hemorrhagic inflammatory reaction and myofiber disruption are not often found histologically in the SCM mass.<a href=\"epoc://current?article=18\">[18]</a></P></div></div></div>"}      ]}    ],
   "type":"table"},

  {
   "id":"p-hxexam_factor-other_0",
   "title":"Congenital torticollis",
   "html":"<html><div class=\"cell\"><div class=\"cellBlock\"><div class=\"cellBody\"><P>There is an increased incidence of plagiocephaly and subsequent torticollis in twin births, and it is thought that the lower in utero twin A is, the more twin A is at risk for development of plagiocephaly due to the more restrictive intrauterine environment.<a href=\"epoc://current?article=15\">[15]</a> <a href=\"epoc://current?article=16\">[16]</a> </P></div></div></div></html>",
   "type":"web"},

  {
   "id":"p-hxexam_factor-other_1",
   "title":"Congenital torticollis",
   "html":"<html><div class=\"cell\"><div class=\"cellBlock\"><div class=\"cellBody\"><P>Can perpetuate torticollis and plagiocephaly due to gravitational forces allowing head to fall to side of flattened occipital area, which is contralateral to affected sternocleidomastoid.</P></div></div></div></html>",
   "type":"web"},

  {
   "id":"p-hxexam_factor-other_2",
   "title":"Congenital torticollis",
   "html":"<html><div class=\"cell\"><div class=\"cellBlock\"><div class=\"cellBody\"><P>Children with congenital muscular torticollis (CMT) often dislike the prone position, but this position is important to prevent progression of CMT and plagiocephaly. Prone play also encourages elongation of both sternocleidomastoid muscles.<a href=\"epoc://current?article=14\">[14]</a> </P></div></div></div></html>",
   "type":"web"},

  {
   "id":"p-hxexam_factor-other_3",
   "title":"Congenital torticollis",
   "html":"<html><div class=\"cell\"><div class=\"cellBlock\"><div class=\"cellBody\"><P>Head is tilted to side of affected sternocleidomastoid.</P></div></div></div></html>",
   "type":"web"},

  {
   "id":"p-hxexam_factor-other_4",
   "title":"Congenital torticollis",
   "html":"<html><div class=\"cell\"><div class=\"cellBlock\"><div class=\"cellBody\"><P>Head typically rests in rotation contralateral to affected sternocleidomastoid. Active rotation to affected side is limited.</P></div></div></div></html>",
   "type":"web"},

  {
   "id":"p-hxexam_factor-other_5",
   "title":"Congenital torticollis",
   "html":"<html><div class=\"cell\"><div class=\"cellBlock\"><div class=\"cellBody\"><P>Head righting to the contralateral side is difficult, likely as the contralateral neck muscles become weakened due to persistent passive stretch.<a href=\"epoc://current?article=14\">[14]</a> </P></div></div></div></html>",
   "type":"web"},

  {
   "id":"p-hxexam_factor-other_6",
   "title":"Congenital torticollis",
   "html":"<html><div class=\"cell\"><div class=\"cellBlock\"><div class=\"cellBody\"><P>A mass can be felt in the involved SCM muscle in up to 55% of cases, and size varies from 8.5 mm to 3 cm.<a href=\"epoc://current?article=2\">[2]</a> <a href=\"epoc://current?article=17\">[17]</a> <a href=\"epoc://current?article=26\">[26]</a> The mass typically disappears in weeks to months.</P></div></div></div></html>",
   "type":"web"},

  {
   "id":"p-hxexam_factor-other_7",
   "title":"Congenital torticollis",
   "html":"<html><div class=\"cell\"><div class=\"cellBlock\"><div class=\"cellBody\"><P>The ipsilateral shoulder may be elevated and the associated upper trapezius muscle may be taut.</P></div></div></div></html>",
   "type":"web"},

  {
   "id":"p-hxexam_factor-other_8",
   "title":"Congenital torticollis",
   "html":"<html><div class=\"cell\"><div class=\"cellBlock\"><div class=\"cellBody\"><P>Associated plagiocephaly of varying degrees has been found in up to 90% of children with CMT.<a href=\"epoc://current?article=2\">[2]</a> <a href=\"epoc://current?article=8\">[8]</a> Asymmetric occipital plagiocephaly is often the first deformity noted. Plagiocephaly and craniofacial asymmetry do not occur in isolation from each other, but severity does vary. Findings may also include ipsilateral occipital flattening, contralateral frontal protrusion, ipsilateral temporal protrusion, ipsilateral zygoma flattening, anterior displacement of the contralateral ear, inferior displacement of the ipsilateral orbit, and mandibular asymmetry.<a class=\"inlineImage\" href=\"epoc://current?view=p-images-i_3\">Image</a></P></div></div></div></html>",
   "type":"web"},

  {
   "id":"p-hxexam_factor-other_9",
   "title":"Congenital torticollis",
   "html":"<html><div class=\"cell\"><div class=\"cellBlock\"><div class=\"cellBody\"><P>Present in superior oblique palsy, in which infants tilt their head away from the weak superior oblique muscle. This abnormality is not always obvious.</P></div></div></div></html>",
   "type":"web"},

  {
   "id":"p-hxexam_factor-other_10",
   "title":"Congenital torticollis",
   "html":"<html><div class=\"cell\"><div class=\"cellBlock\"><div class=\"cellBody\"><P>The coexistence of congenital muscular torticollis and hip dysplasia has been reported in between 2% and 20% of cases.<a href=\"epoc://current?article=8\">[8]</a> <a href=\"epoc://current?article=14\">[14]</a> <a href=\"epoc://current?article=27\">[27]</a> <a href=\"epoc://current?article=28\">[28]</a> More recent studies using ultrasound report an incidence of 8%.<a href=\"epoc://current?article=29\">[29]</a> Most infants with hip dysplasia are diagnosed before 3 months of age.</P></div></div></div></html>",
   "type":"web"},

  {
   "id":"hxexam",
   "sections":
   [

    {
     "headerText":"Risk Factors",
     "cells":
     [

      {
       "target":"hxexam_details",
       "title":"Details",
       "type":"flex0"}      ]},

    {
     "dividerType":"divider0",
     "headers":
     [

      {
       "title":"Other Diagnostic Factors"},

      {
       "title":"common",
       "type":"header1"}      ],
     "cells":
     [

      {
       "title":"twin birth",
       "target":"p-hxexam_factor-other_0",
       "type":"flex0"},

      {
       "title":"nonvaried supine sleep and resting position",
       "target":"p-hxexam_factor-other_1",
       "type":"flex0"},

      {
       "title":"decreased prone awake time",
       "target":"p-hxexam_factor-other_2",
       "type":"flex0"},

      {
       "title":"head tilt",
       "target":"p-hxexam_factor-other_3",
       "type":"flex0"},

      {
       "title":"head rotated with decreased active rotation to affected side",
       "target":"p-hxexam_factor-other_4",
       "type":"flex0"},

      {
       "title":"decreased head righting to contralateral side",
       "target":"p-hxexam_factor-other_5",
       "type":"flex0"},

      {
       "title":"sternocleidomastoid (SCM) mass",
       "target":"p-hxexam_factor-other_6",
       "type":"flex0"},

      {
       "title":"ipsilateral shoulder elevation",
       "target":"p-hxexam_factor-other_7",
       "type":"flex0"},

      {
       "title":"plagiocephaly/craniofacial asymmetry",
       "target":"p-hxexam_factor-other_8",
       "type":"flex0"}      ]},

    {
     "headers":
     [

      {
       "title":"uncommon",
       "type":"header1"}      ],
     "cells":
     [

      {
       "title":"hypertropia on contralateral side",
       "target":"p-hxexam_factor-other_9",
       "type":"flex0"},

      {
       "title":"hip click or asymmetry",
       "target":"p-hxexam_factor-other_10",
       "type":"flex0"}      ]}    ],
   "type":"table"},

  {
   "id":"p-test-t_0",
   "title":"cervical spine x-ray",
   "html":"<html><div class=\"cell\"><div class=\"cellBlock\"><div class=\"cellTitle\">Result</div><div class=\"cellBody\">negative in congenital muscular torticollis</div><div class=\"cellTitle\">Test Details</div><div class=\"cellBody\"><li>Should be obtained routinely at initial visit to rule out vertebral anomalies.<a class=\"inlineImage\" href=\"epoc://current?view=p-images-i_4\">Image</a></li></div></div></div></html>",
   "type":"web"},

  {
   "id":"p-test-t_1",
   "title":"pelvic x-ray",
   "html":"<html><div class=\"cell\"><div class=\"cellBlock\"><div class=\"cellTitle\">Result</div><div class=\"cellBody\">negative in congenital muscular torticollis</div><div class=\"cellTitle\">Test Details</div><div class=\"cellBody\"><li>Should be obtained in children older than 6 months to rule out developmental dysplasia of the hip (DDH) if clinical examination reveals hip clicks, asymmetric hip range of motion, or asymmetric skin folds. In one study, the positive predictive value of clinical examinations for DDH was 52.6%.<a href=\"epoc://current?article=30\">[30]</a> </li><li>Diagnostic value of x-rays in children under 4 months is limited due to poor ossification of the femoral head.<a href=\"epoc://current?article=29\">[29]</a> </li></div></div></div></html>",
   "type":"web"},

  {
   "id":"p-test-t_2",
   "title":"hip ultrasound",
   "html":"<html><div class=\"cell\"><div class=\"cellBlock\"><div class=\"cellTitle\">Result</div><div class=\"cellBody\">negative in congenital muscular torticollis</div><div class=\"cellTitle\">Test Details</div><div class=\"cellBody\"><li>Should be obtained in children under the age of 6 months if clinical examination reveals hip clicks, asymmetric hip range of motion, or asymmetric skin folds. In one study, the positive predictive value of clinical examinations for DDH was 52.6%.<a href=\"epoc://current?article=30\">[30]</a> </li></div></div></div></html>",
   "type":"web"},

  {
   "id":"p-test-t_3",
   "title":"neck ultrasound",
   "html":"<html><div class=\"cell\"><div class=\"cellBlock\"><div class=\"cellTitle\">Result</div><div class=\"cellBody\">sternocleidomastoid fibromatosis coli</div><div class=\"cellTitle\">Test Details</div><div class=\"cellBody\"><li>Pathognomonic but not routinely done.</li></div></div></div></html>",
   "type":"web"},

  {
   "id":"p-test-t_4",
   "title":"skull x-ray",
   "html":"<html><div class=\"cell\"><div class=\"cellBlock\"><div class=\"cellTitle\">Result</div><div class=\"cellBody\">negative in congenital muscular torticollis</div><div class=\"cellTitle\">Test Details</div><div class=\"cellBody\"><li>Should be obtained if cranial asymmetry is not typical of that seen in congenital muscular torticollis.</li></div></div></div></html>",
   "type":"web"},

  {
   "id":"p-test-t_5",
   "title":"cervical/cranial MRI",
   "html":"<html><div class=\"cell\"><div class=\"cellBlock\"><div class=\"cellTitle\">Result</div><div class=\"cellBody\">negative in congenital muscular torticollis</div><div class=\"cellTitle\">Test Details</div><div class=\"cellBody\"><li>To rule out posterior fossa or spinal cord tumor.</li></div></div></div></html>",
   "type":"web"},

  {
   "id":"tests",
   "sections":
   [

    {
     "headerText":"Initial Tests",
     "cells":
     [

      {
       "target":"p-test-t_0",
       "title":"cervical spine x-ray",
       "type":"flex0"},

      {
       "target":"p-test-t_1",
       "title":"pelvic x-ray",
       "type":"flex0"},

      {
       "target":"p-test-t_2",
       "title":"hip ultrasound",
       "type":"flex0"}      ]},

    {
     "headerText":"Other Tests to Consider",
     "cells":
     [

      {
       "target":"p-test-t_3",
       "title":"neck ultrasound",
       "type":"flex0"},

      {
       "target":"p-test-t_4",
       "title":"skull x-ray",
       "type":"flex0"},

      {
       "target":"p-test-t_5",
       "title":"cervical/cranial MRI",
       "type":"flex0"}      ]}    ],
   "type":"table"},

  {
   "id":"differentials",
   "sections":
   [

    {
     "cells":
     [

      {
       "title":"Superior oblique palsy",
       "type":"flex0",
       "targetHTML":"<div class=\"cell\"><div class=\"cellBlock\"><div class=\"cellTitle\">Signs/Sx</div><div class=\"cellBody\"><ul><li>Children with congenital superior oblique palsy, also known as ocular torticollis, tend to tilt their head away from the side of the weak superior oblique muscle to restore binocular vision. On examination, if the head is passively tilted toward the affected side, hypertropia or vertical deviation of the eye may be seen, but this is not always obvious.<a href=\"epoc://current?article=3\">[3]</a></li></ul></div><div class=\"cellTitle\">Tests</div><div class=\"cellBody\"><ul><li>Ophthalmologic examination: hypertropia on contralateral side.</li></ul></div></div></div>"},

      {
       "title":"CNS tumor",
       "type":"flex0",
       "targetHTML":"<div class=\"cell\"><div class=\"cellBlock\"><div class=\"cellTitle\">Signs/Sx</div><div class=\"cellBody\"><ul><li>Intermittent torticollis associated with neurologic symptoms may indicate a posterior fossa or spinal cord tumor.<a href=\"epoc://current?article=5\">[5]</a></li></ul></div><div class=\"cellTitle\">Tests</div><div class=\"cellBody\"><ul><li>Cranial/cervical spine MRI: posterior fossa or spinal cord tumor.</li></ul></div><a href=\"epoc://dx/monograph/262\"><b class=\"view-dx-monograph\">View Dx Monograph</b></a></div></div>"},

      {
       "title":"Vertebral anomaly",
       "type":"flex0",
       "targetHTML":"<div class=\"cell\"><div class=\"cellBlock\"><div class=\"cellTitle\">Signs/Sx</div><div class=\"cellBody\"><ul><li>Children with congenital vertebral segmentation anomalies such as hemivertebrae or Klippel-Feil syndrome present with a head tilt and can have associated cervicothoracic scoliosis. There may be more fixed deformities noted on physical examination.</li></ul></div><div class=\"cellTitle\">Tests</div><div class=\"cellBody\"><ul><li>Cervical spine x-ray: cervicothoracic scoliosis.</li></ul></div></div></div>"},

      {
       "title":"Craniosynostosis",
       "type":"flex0",
       "targetHTML":"<div class=\"cell\"><div class=\"cellBlock\"><div class=\"cellTitle\">Signs/Sx</div><div class=\"cellBody\"><ul><li>Cranial asymmetry resulting from craniosynostosis is not typical of that seen in congenital muscular torticollis with positional plagiocephaly. For example, posterior plagiocephaly produces a parallelogram-shaped head, while unilateral lambdoid synostosis produces a trapezium-shaped head.<a href=\"epoc://current?article=31\">[31]</a></li></ul></div><div class=\"cellTitle\">Tests</div><div class=\"cellBody\"><ul><li>Skull x-ray or CT: features of craniosynostosis.</li></ul></div></div></div>"}      ]}    ],
   "type":"table"},

  {
   "id":"diag_approach",
   "title":"Congenital torticollis",
   "html":"<div class=\"cell\"><div class=\"cellBlock\"><div class=\"cellBody\"><P>An infant with a head tilt is not always obvious, as head control emerges over the first few months. Caregivers may notice a head tilt or tendency to look to one side immediately after birth, but in other cases, the asymmetry goes unrecognized for a few months. Alternatively, the primary care physician may be the first to notice a head tilt or rotation preference at the 2-month well child check. Cranial asymmetries, such as flattening of one occiput, may be present at birth or may not develop until the first few months of life. Early education and treatment is crucial for preventing further deformity.</P></div><div class=\"cellTitle\">History</div><div class=\"cellBody\"><P>Presence of a head tilt or cranial asymmetry should prompt questioning regarding birth history. Children with congenital muscular torticollis (CMT) have been found to have an increased incidence of complicated deliveries, such as requiring forceps or cesarean sections, breech positioning, and twin births (particularly twin A).</P><P>Sleeping position, feeding position, and use of other positioning devices (such as bouncy seats, infant carriers, floor entertainers) during the day should be investigated. These questions are important to determine whether the asymmetries are being perpetuated. For example, when the infant is placed in the same orientation in the crib resulting in more stimuli on one side, or when bottle feeding or carrying is restricted to one side, asymmetries can be perpetuated. It is important to inquire about supervised prone time during the day.</P><P>Caregivers should be asked about any abnormal eye movements or developmental concerns as these could indicate an ocular or neurologic etiology, respectively.</P></div><div class=\"cellTitle\">Examination</div><div class=\"cellBody\"><P>The resting posture of the infant should be observed. Typically, the infant's head is tilted to the side of the shortened sternocleidomastoid (SCM) muscle and rotated to the contralateral side.</P><P>The physician should passively rotate and tilt the head in both directions. The SCM may feel taut, and there may or may not be a palpable mass in the muscle. If a mass is present, it is usually only detectable during the first several months of life.</P><P>The ipsilateral shoulder may be observed to be elevated, and the associated upper trapezius muscle may be taut.</P><P>Infants typically have decreased active rotation to the affected side, whereas in unaffected children there is 100 degrees of neck rotation bilaterally.</P><P>Head righting is often more difficult to the contralateral side.</P><P>If plagiocephaly and craniofacial asymmetry are present, typical findings include:<a class=\"inlineImage\" href=\"epoc://current?view=p-images-i_1\">Image</a></P><ul><li>Contralateral occipital flattening</li><li>Contralateral frontal protrusion</li><li>Ipsilateral temporal protrusion</li><li>Ipsilateral zygoma flattening</li><li>Anterior displacement of the contralateral ear</li><li>Inferior displacement of the ipsilateral orbit.</li></ul><P>Eye movements should be evaluated, and hypertropia on contralateral side should be sought. Suspicion of an ocular problem either by examination or by history warrants referral to an ophthalmologist.</P><P>A complete neurologic examination should be performed, with any positive findings investigated further to rule out nonmuscular etiologies, with referral to a neurologist.</P><P>Hips should be evaluated for clicks or asymmetry in range of motion to rule out developmental dysplasia of the hip (DDH). A clear association has been demonstrated between DDH and CMT. It is possible for even an experienced examiner to miss DDH on physical exam alone; thus, imaging is recommended.<a href=\"epoc://current?article=20\">[20]</a> Referral to an orthopedist should be made if abnormalities are found.</P></div><div class=\"cellTitle\">Imaging</div><div class=\"cellBody\"><P>A cervical spine x-ray is indicated in all infants with suspected CMT to rule out a vertebral anomaly.<a class=\"inlineImage\" href=\"epoc://current?view=p-images-i_2\">Image</a></P><P>A hip ultrasound should be obtained in children under the age of 6 months and an anteroposterior pelvic x-ray in children older than 6 months to rule out hip dysplasia if clinical examination reveals hip clicks, asymmetric hip range of motion, or asymmetric skin folds. In one study, the positive predictive value of clinical examinations for hip dysplasia was 52.6%.<a href=\"epoc://current?article=21\">[21]</a> The reported concurrence of CMT with hip dysplasia varies between 2% and 20%.<a href=\"epoc://current?article=22\">[22]</a> <a href=\"epoc://current?article=23\">[23]</a> <a href=\"epoc://current?article=24\">[24]</a> <a href=\"epoc://current?article=25\">[25]</a> </P><P>A skull x-ray would be indicated to rule out craniosynostosis if plagiocephaly is noted but features are atypical of those seen in CMT.</P><P>If torticollis is associated with neurologic symptoms or occurs intermittently with neurologic symptoms, cranial/cervical spine MRI is indicated to rule out a posterior fossa or spinal cord tumor.</P></div></div></div>",
   "type":"web"},

  {
   "id":"followup",
   "title":"Congenital torticollis",
   "html":"<div class=\"cell\"><div class=\"cellBlock\"><div class=\"cellTitle\">Prognosis</div><div class=\"cellBody\"><div class=\"cellBody\"><P>The majority of children with congenital muscular torticollis (CMT) have complete resolution with conservative management including physical therapy and a home program.<a href=\"epoc://current?article=2\">[2]</a> <a href=\"epoc://current?article=9\">[9]</a> <a href=\"epoc://current?article=14\">[14]</a> Younger age at diagnosis and less severe rotation or lateral flexion deformities have been shown to positively influence outcome and treatment duration in most studies. Results vary in studies comparing the outcomes of children with a sternocleidomastoid (SCM) mass and without.<a href=\"epoc://current?article=9\">[9]</a> <a href=\"epoc://current?article=14\">[14]</a> Even if a child requires surgery, most studies have shown a good outcome with long-term follow-up. Study of patients (age range 2 to 13 years) with CMT treated surgically showed excellent results in 88% of cases.<a href=\"epoc://current?article=46\">[46]</a> The most important factor affecting the overall result and outcome was age at the time of operation: excellent results were obtained in all children under the age of 3 years. Endoscopic release has been shown to have a favorable long-term outcome.<a href=\"epoc://current?article=46\">[46]</a> <a href=\"epoc://current?article=48\">[48]</a> Long-term development is not affected; however, children who do not experience frequent prone positioning while awake may have delayed acquisition of prone skills such as crawling.<a href=\"epoc://current?article=50\">[50]</a> Plagiocephaly alone is not a predictor of developmental delay in infants with plagiocephaly and torticollis. In very young infants (i.e., average age 22 weeks), developmental delay appears to be related to sleep position, muscle tone, activity level, male gender, and neck dysfunction.<a href=\"epoc://current?article=51\">[51]</a> </P></div></div><div class=\"cellTitle\">Monitoring</div><div class=\"cellBody\"><P>Patients should be followed by a pediatric physiatrist (specialist in physical medicine) until their head tilt and rotation deficit resolve. No long-term follow up is necessary.</P></div><div class=\"cellTitle\">Patient Instructions</div><div class=\"cellBody\"><P>Caregivers should be instructed on a home program to include the following:</P><ul><li>Gentle stretching using carrying and play techniques to promote active neck rotation toward the affected side and to discourage tilting of the head toward the affected side.</li><li>Turning the head of the infant while sleeping supine to encourage rotation to the nonfavored side.</li><li>Encouraging head rotation to the side of the affected muscle by arranging the environment with visually stimulating items on that side or changing the crib orientation if necessary.</li><li>Strengthening the contralateral neck muscles by carrying the infant with his/her body tilted to the affected side, practicing assisted rolling to the contralateral side, or side-lying on the affected side. These activities use the head righting response to strengthen the weak contralateral side.</li><li>Alternating carrying and feeding positions.</li><li>Encouraging midline head position in infant carriers with the use of rolled towels.</li><li>Prone time to play several times a day (newborns often tolerate a more inclined position). This position also facilitates bilateral SCM elongation.</li></ul><P>Following resolution of the torticollis, caregivers should be educated about a possible intermittent head tilt occurring when the patient is fatigued or ill. They should be advised to return for any recurrence of torticollis or concern for developmental delay, as these are not expected.</P></div></div></div>",
   "type":"web"},

  {
   "id":"prevention",
   "title":"Congenital torticollis",
   "html":"<div class=\"cell\"><div class=\"cellBlock\"><div class=\"cellTitle\">Prevention</div><div class=\"cellBody\"><h4>Primary Prevention</h4><P>The severity of congenital muscular torticollis, as well as plagiocephaly, can be lessened (and even prevented in the case of plagiocephaly) with caregiver education by the primary care physician. Education includes alternating the head position when lying supine, alternating carrying and feeding positions, and encouraging frequent supervised prone time when awake.</P><h4>Secondary Prevention</h4><P>There are no secondary prevention measures.</P></div></div></div>",
   "type":"web"},

  {
   "id":"complications",
   "sections":
   [

    {
     "headerText":"Medium Likelihood",
     "cells":
     [

      {
       "title":"intermittent head tilt",
       "type":"flex0",
       "targetHTML":"<div class=\"cell\"><div class=\"cellBlock\"><div class=\"cellBody\"><P>Often occurs when the child is fatigued or ill. A study reported an incidence of 24.7%.<a href=\"epoc://current?article=9\">[9]</a></P></div></div></div>"},

      {
       "title":"persistent craniofacial asymmetry",
       "type":"flex0",
       "targetHTML":"<div class=\"cell\"><div class=\"cellBlock\"><div class=\"cellBody\"><P>Can persist despite early and successful treatment of the head tilt. Usually persists to a mild degree, but incidence occurred in 45.9% in a study.<a href=\"epoc://current?article=9\">[9]</a></P></div></div></div>"}      ]},

    {
     "headerText":"Low Likelihood",
     "cells":
     [

      {
       "title":"scoliosis",
       "type":"flex0",
       "targetHTML":"<div class=\"cell\"><div class=\"cellBlock\"><div class=\"cellBody\"><P>Often seen in more severe or inadequately treated cases. A study reported an incidence of 5.8%.<a href=\"epoc://current?article=9\">[9]</a></P><A href=\"epoc://dx/monograph/979\"><B class=\"view-dx-monograph\">View Dx monograph</B></A></div></div></div>"},

      {
       "title":"occlusal abnormalities",
       "type":"flex0",
       "targetHTML":"<div class=\"cell\"><div class=\"cellBlock\"><div class=\"cellBody\"><P>Associated with untreated cases. Can be seen in adolescence and may require orthodontic surgery.<a href=\"epoc://current?article=48\">[48]</a></P></div></div></div>"}      ]}    ],
   "type":"table"},

  {
   "id":"p-tx-c_0",
   "title":"ignoreme",
   "html":"<html><div class=\"cell\"><div class=\"cellBlock\"><div class=\"cellTitle\">Comments</div><div class=\"cellBody\"><ul><li>Physical therapy is a first-line treatment and is warranted in all infants with congenital muscular torticollis.<a href=\"epoc://current?article=35\">[35]</a> One evidence-based clinical practice guideline on physical therapy management in congenital muscular torticollis (CMT) has been published.<a href=\"epoc://current?article=33\">[33]</a> </li><li>In addition to massage and myofascial release performed by therapists, further therapy and a home program should include education on positioning, carrying, and feeding to incorporate stretching and strengthening, and prone play.</li><li>A tubular orthosis for torticollis (TOT) is occasionally prescribed, but it is not universal.</li></ul></div></div></div></html>",
   "type":"web"},

  {
   "id":"p-tx-c_1",
   "title":"ignoreme",
   "html":"<html><div class=\"cell\"><div class=\"cellBlock\"><div class=\"cellTitle\">Comments</div><div class=\"cellBody\"><ul><li>Patients with moderate to severe plagiocephaly should wear a cranial molding orthosis.<a href=\"epoc://current?article=38\">[38]</a> </li><li>As the skull grows the fastest and is most malleable in the first year of life, the optimal response is obtained if used between 4 and 12 months of age.</li><li>Categorization of plagiocephaly severity is subjective, and deciding to pursue a molding helmet is based on the opinion of the physician and parents. The helmet is worn 23 hours a day, and treatment duration is usually 3 to 4 months. Adjustments are required upon receipt then every 2 to 3 weeks.</li></ul></div></div></div></html>",
   "type":"web"},

  {
   "id":"tx-0",
   "sections":
   [

    {
     "cells":
     [

      {
       "target":"p-tx-c_0",
       "title":"physical therapy + home program",
       "flag":"1st",
       "type":"flex1"},

      {
       "target":"p-tx-c_1",
       "title":"cranial molding orthosis",
       "flag":"adj.",
       "type":"flex1"}      ]}    ],
   "type":"table"},

  {
   "id":"p-tx-c_2",
   "title":"ignoreme",
   "html":"<html><div class=\"cell\"><div class=\"cellBlock\"><div class=\"cellTitle\">Comments</div><div class=\"cellBody\"><ul><li>Physical therapy is a first-line treatment and is warranted in all infants with congenital muscular torticollis.<a href=\"epoc://current?article=35\">[35]</a> One evidence-based clinical practice guideline on physical therapy management in CMT has been published.<a href=\"epoc://current?article=33\">[33]</a> In addition to massage and myofascial release performed by therapists, further therapy and a home program should include education on positioning, carrying, and feeding to incorporate stretching and strengthening, and prone play.</li><li>A tubular orthosis for torticollis is occasionally prescribed, but it is not universal.</li></ul></div></div></div></html>",
   "type":"web"},

  {
   "id":"p-tx-c_3",
   "title":"ignoreme",
   "html":"<html><div class=\"cell\"><div class=\"cellBlock\"><div class=\"cellTitle\">Comments</div><div class=\"cellBody\"><ul><li>Patients with moderate to severe plagiocephaly should wear a cranial molding orthosis.<a href=\"epoc://current?article=38\">[38]</a> </li><li>As the skull grows the fastest and is most malleable in the first year of life, the optimal response is obtained if used between 4 and 12 months of age.</li><li>Categorization of plagiocephaly severity is subjective, and deciding to pursue a molding helmet is based on the opinion of the physician and parents. The helmet is worn 23 hours a day, and treatment duration is usually 3 to 4 months. Adjustments are required upon receipt then every 2 to 3 weeks.</li></ul></div></div></div></html>",
   "type":"web"},

  {
   "id":"p-tx-c_4",
   "title":"ignoreme",
   "html":"<html><div class=\"cell\"><div class=\"cellBlock\"><div class=\"cellTitle\">Primary Options</div><div class=\"cellBody\"><UL class=\"tx-options\"><LI><span><A href=\"epoc://rx/monograph/2722\">onabotulinumtoxinA</A>: consult specialist for guidance on dose<BR></span></LI></UL></div><div class=\"cellTitle\">Comments</div><div class=\"cellBody\"><ul><li>Injection into the sternocleidomastoid and/or upper trapezius muscle is performed in children with congenital muscular torticollis who are unresponsive to physical therapy and a home program. Retrospective studies have shown it to be safe and effective in children with refractory CMT.<a href=\"epoc://current?article=43\">[43]</a> <a href=\"epoc://current?article=44\">[44]</a> It may also help avoid the need for surgical release and can be repeated in 3 months if deficits persist.</li><li>Doses vary depending upon the age of the child and severity of torticollis.</li><li>It is administered by a physiatrist or physical medicine and rehabilitation specialist.</li></ul></div></div></div></html>",
   "type":"web"},

  {
   "id":"p-tx-c_5",
   "title":"ignoreme",
   "html":"<html><div class=\"cell\"><div class=\"cellBlock\"><div class=\"cellTitle\">Comments</div><div class=\"cellBody\"><ul><li>Patients with moderate to severe plagiocephaly should wear a cranial molding orthosis.<a href=\"epoc://current?article=38\">[38]</a> </li><li>As the skull grows the fastest and is most malleable in the first year of life, the optimal response is obtained if used between 4 and 12 months of age.</li><li>Categorization of plagiocephaly severity is subjective, and deciding to pursue a molding helmet is based on the opinion of the physician and parents. The helmet is worn 23 hours a day, and treatment duration is usually 3 to 4 months. Adjustments are required upon receipt then every 2 to 3 weeks.</li></ul></div></div></div></html>",
   "type":"web"},

  {
   "id":"p-tx-c_6",
   "title":"ignoreme",
   "html":"<html><div class=\"cell\"><div class=\"cellBlock\"><div class=\"cellTitle\">Comments</div><div class=\"cellBody\"><ul><li>In patients with persistent congenital muscular torticollis despite physical therapy and onabotulinumtoxinA injections, this is a last resort. A study of patients (age range 2 to 13 years) with CMT treated surgically showed excellent results in 88% of cases.<a href=\"epoc://current?article=45\">[45]</a> </li><li>It is considered when there is no improvement after 6 months of physical therapy and there is a tight fibrotic band in the muscle, or when children are older than 1 year.<a href=\"epoc://current?article=35\">[35]</a> <a href=\"epoc://current?article=22\">[22]</a> </li><li>Sternocleidomastoid releases are usually not performed until after 1 year of age; thus, cranial molding orthoses would not be prescribed then.</li><li>Craniofacial deformity in children with CMT, as measured by cephalometry, has been shown to be significantly improved after surgical release of the sternocleidomastoid muscle, especially if the surgery was performed on children under 5 years.<a href=\"epoc://current?article=49\">[49]</a> </li></ul></div></div></div></html>",
   "type":"web"},

  {
   "id":"tx-2",
   "sections":
   [

    {
     "cells":
     [

      {
       "target":"p-tx-c_2",
       "title":"physical therapy + home program",
       "flag":"1st",
       "type":"flex1"},

      {
       "target":"p-tx-c_3",
       "title":"cranial molding orthosis",
       "flag":"adj.",
       "type":"flex1"}      ]},

    {
     "cells":
     [

      {
       "target":"p-tx-c_4",
       "title":"onabotulinumtoxinA injection",
       "flag":"2nd",
       "type":"flex1"},

      {
       "target":"p-tx-c_5",
       "title":"cranial molding orthosis",
       "flag":"adj.",
       "type":"flex1"}      ]},

    {
     "cells":
     [

      {
       "target":"p-tx-c_6",
       "title":"sternocleidomastoid muscle release",
       "flag":"3rd",
       "type":"flex1"}      ]}    ],
   "type":"table"},

  {
   "id":"p-images-i_1",
   "title":"Images",
   "type":"image",
   "image_refs":
   [
0    ]},

  {
   "id":"p-images-i_2",
   "title":"Images",
   "type":"image",
   "image_refs":
   [
1    ]},

  {
   "id":"p-images-i_3",
   "title":"Images",
   "type":"image",
   "image_refs":
   [
0    ]},

  {
   "id":"p-images-i_4",
   "title":"Images",
   "type":"image",
   "image_refs":
   [
1    ]}  ],
 "citations":
 {
  "articles":
  [

   {
    "id":1,
    "key_article":false,
    "ref_article":true,
    "html":"Macdonald D. Sternomastoid tumour and muscular torticollis. J Bone Joint Surg Br. 1969;51:432-443.<a href=\"http://www.ncbi.nlm.nih.gov/pubmed/5387538\"> [Abstract]</a>"},

   {
    "id":2,
    "key_article":true,
    "ref_article":true,
    "html":"Cheng JC, Wong MW, Tang SP, et al. Clinical determinants of the outcome of manual stretching in the treatment of congenital muscular torticollis in infants. A prospective study of eight hundred and twenty-one cases. J Bone Joint Surg Am. 2001;83-A:679-687.<a href=\"http://www.ncbi.nlm.nih.gov/pubmed/11379737\"> [Abstract]</a>"},

   {
    "id":3,
    "key_article":false,
    "ref_article":true,
    "html":"Williams CR, O'Flynn E, Clarke NM, Morris RJ. Torticollis secondary to ocular pathology. J Bone Joint Surg Br. 1996;78-B:620-624.<a href=\"http://www.ncbi.nlm.nih.gov/pubmed/8682831\"> [Abstract]</a><a href=\"http://www.bjj.boneandjoint.org.uk/content/78-B/4/620.full.pdf+html\"> [Full Text]</a>"},

   {
    "id":4,
    "key_article":false,
    "ref_article":true,
    "html":"Stevens P, Downey C, Boyd V, et al. Deformational plagiocephaly associated with ocular torticollis: a clinical study and literature review. J Craniofac Surg. 2007;18:399-405.<a href=\"http://www.ncbi.nlm.nih.gov/pubmed/17414292\"> [Abstract]</a>"},

   {
    "id":5,
    "key_article":false,
    "ref_article":true,
    "html":"Kumandas S, Per H, Gumus H, et al. Torticollis secondary to posterior fossa and cervical spinal cord tumors: report of five cases and literature review. Neurosurg Rev. 2006;29:333-338.<a href=\"http://www.ncbi.nlm.nih.gov/pubmed/16924460\"> [Abstract]</a>"},

   {
    "id":6,
    "key_article":false,
    "ref_article":true,
    "html":"Ballock RT, Song KM. The prevalence of nonmuscular causes of torticollis in children. J Pediatr Orthop. 1996;16:500-504.<a href=\"http://www.ncbi.nlm.nih.gov/pubmed/8784706\"> [Abstract]</a>"},

   {
    "id":7,
    "key_article":false,
    "ref_article":true,
    "html":"Herman MJ. Torticollis in infants and children: common and unusual causes. Instr Course Lect. 2006;55:647-653.<a href=\"http://www.ncbi.nlm.nih.gov/pubmed/16958498\"> [Abstract]</a>"},

   {
    "id":8,
    "key_article":true,
    "ref_article":true,
    "html":"Cheng JC, Au AW. Infantile torticollis: a review of 624 cases. J Pediatr Orthop. 1994;14:802-808.<a href=\"http://www.ncbi.nlm.nih.gov/pubmed/7814599\"> [Abstract]</a>"},

   {
    "id":9,
    "key_article":true,
    "ref_article":true,
    "html":"Binder H, Eng GD, Gaiser JF, et al. Congenital muscular torticollis: results of conservative management with long-term follow-up in 85 cases. Arch Phys Med Rehabil. 1987;68:222-225.<a href=\"http://www.ncbi.nlm.nih.gov/pubmed/3566514\"> [Abstract]</a>"},

   {
    "id":10,
    "key_article":true,
    "ref_article":true,
    "html":"Positioning and sudden infant death syndrome (SIDS): update. American Academy of Pediatrics Task Force on Infant Positioning and SIDS. Pediatrics. 1996;98:1216-1218.<a href=\"http://www.ncbi.nlm.nih.gov/pubmed/8951285\"> [Abstract]</a>"},

   {
    "id":11,
    "key_article":false,
    "ref_article":true,
    "html":"Kane AA, Mitchell LE, Craven KP, et al. Observations on a recent increase in plagiocephaly without synostosis. Pediatrics. 1996;97:877-885.<a href=\"http://www.ncbi.nlm.nih.gov/pubmed/8657530\"> [Abstract]</a>"},

   {
    "id":12,
    "key_article":false,
    "ref_article":true,
    "html":"Argenta LC, David LR, Wilson JA, et al. An increase in infant cranial deformity with supine sleeping position. J Craniofac Surg. 1996;7:5-11.<a href=\"http://www.ncbi.nlm.nih.gov/pubmed/9086895\"> [Abstract]</a>"},

   {
    "id":13,
    "key_article":false,
    "ref_article":true,
    "html":"Turk AE, McCarthy JG, Thorne CH, et al. The \"back to sleep campaign\" and deformational plagiocephaly: is there cause for concern? J Craniofac Surg. 1996;7:12-18.<a href=\"http://www.ncbi.nlm.nih.gov/pubmed/9086896\"> [Abstract]</a>"},

   {
    "id":14,
    "key_article":true,
    "ref_article":true,
    "html":"Emery C. The determinants of treatment duration for congenital muscular torticollis. Phys Ther. 1994;74:921-929.<a href=\"http://www.ncbi.nlm.nih.gov/pubmed/8090843\"> [Abstract]</a><a href=\"http://ptjournal.apta.org/content/74/10/921.full.pdf+html\"> [Full Text]</a>"},

   {
    "id":15,
    "key_article":false,
    "ref_article":true,
    "html":"Peitsch WK, Keefer CH, LaBrie RA, et al. Incidence of cranial asymmetry in healthy newborns. Pediatrics. 2002;110:e72.<a href=\"http://www.ncbi.nlm.nih.gov/pubmed/12456939\"> [Abstract]</a>"},

   {
    "id":16,
    "key_article":false,
    "ref_article":true,
    "html":"Littlefield TR, Kelly KM, Pomatto JK, et al. Multiple-birth infants at higher risk for development of deformational plagiocephaly: II. Is one twin at greater risk? Pediatrics. 2002;109:19-25.<a href=\"http://www.ncbi.nlm.nih.gov/pubmed/11773537\"> [Abstract]</a>"},

   {
    "id":17,
    "key_article":false,
    "ref_article":true,
    "html":"Ho BC, Lee EH, Singh K. Epidemiology, presentation and management of congenital muscular torticollis. Singapore Med J. 1999;40:675-679.<a href=\"http://www.ncbi.nlm.nih.gov/pubmed/10709403\"> [Abstract]</a>"},

   {
    "id":18,
    "key_article":false,
    "ref_article":true,
    "html":"Hsu TC, Wang CL, Wong MK, et al. Correlation of clinical and ultrasonographic features in congenital muscular torticollis. Arch Phys Med Rehabil. 1999;80:637-641.<a href=\"http://www.ncbi.nlm.nih.gov/pubmed/10378488\"> [Abstract]</a>"},

   {
    "id":19,
    "key_article":false,
    "ref_article":true,
    "html":"Tang S, Liu Z, Quan X, et al. Sternocleidomastoid pseudotumor of infants and congenital muscular torticollis: fine-structure research. J Pediatr Orthop. 1998;18:214-218.<a href=\"http://www.ncbi.nlm.nih.gov/pubmed/9531404\"> [Abstract]</a>"},

   {
    "id":20,
    "key_article":false,
    "ref_article":true,
    "html":"Joiner ER, Andras LM, Skaggs DL. Screening for hip dysplasia in congenital muscular torticollis: is physical exam enough? J Child Orthop. 2014 Mar;8(2):115-9.<a href=\"http://www.ncbi.nlm.nih.gov/pubmed/24578172\"> [Abstract]</a><a href=\"http://www.ncbi.nlm.nih.gov/pmc/articles/PMC3965766/\"> [Full Text]</a>"},

   {
    "id":21,
    "key_article":false,
    "ref_article":true,
    "html":"Kim SN, Shin YB, Kim W, et al. Screening for the coexistence of congenital muscular torticollis and developmental dysplasia of hip. Ann Rehabil Med. 2011 Aug;35(4):485-90.<a href=\"http://www.ncbi.nlm.nih.gov/pubmed/22506163\"> [Abstract]</a><a href=\"http://www.ncbi.nlm.nih.gov/pmc/articles/PMC3309243/\"> [Full Text]</a>"},

   {
    "id":22,
    "key_article":true,
    "ref_article":true,
    "html":"Emery C. The determinants of treatment duration for congenital muscular torticollis. Phys Ther. 1994 Oct;74(10):921-9.<a href=\"http://www.ncbi.nlm.nih.gov/pubmed/8090843\"> [Abstract]</a><a href=\"http://ptjournal.apta.org/content/74/10/921.full.pdf+html\"> [Full Text]</a>"},

   {
    "id":23,
    "key_article":false,
    "ref_article":true,
    "html":"Von Heideken J, Green DW, Burke SW, et al. The relationship between developmental dysplasia of the hip and congenital muscular torticollis. J Pediatr Orthop. 2006 Nov-Dec;26(6):805-8.<a href=\"http://www.ncbi.nlm.nih.gov/pubmed/17065952\"> [Abstract]</a>"},

   {
    "id":24,
    "key_article":false,
    "ref_article":true,
    "html":"Walsh JJ, Morrissy RT. Torticollis and hip dislocation. J Pediatr Orthop. 1998 Mar-Apr;18(2):219-21.<a href=\"http://www.ncbi.nlm.nih.gov/pubmed/9531405\"> [Abstract]</a>"},

   {
    "id":25,
    "key_article":false,
    "ref_article":true,
    "html":"Tien YC, Su JY, Lin GT, et al. Ultrasonographic study of the coexistence of muscular torticollis and dysplasia of the hip. J Pediatr Orthop. 2001 May-Jun;21(3):343-7.<a href=\"http://www.ncbi.nlm.nih.gov/pubmed/11371818\"> [Abstract]</a>"},

   {
    "id":26,
    "key_article":false,
    "ref_article":true,
    "html":"Dudkiewicz I, Ganel A, Blankstein A. Congenital muscular torticollis in infants: ultrasound-assisted diagnosis and evaluation. J Pediatr Orthop. 2005;25:812-814.<a href=\"http://www.ncbi.nlm.nih.gov/pubmed/16294141\"> [Abstract]</a>"},

   {
    "id":27,
    "key_article":false,
    "ref_article":true,
    "html":"Walsh JJ, Morrissy RT. Torticollis and hip dislocation. J Pediatr Orthop. 1998;18:219-221.<a href=\"http://www.ncbi.nlm.nih.gov/pubmed/9531405\"> [Abstract]</a>"},

   {
    "id":28,
    "key_article":false,
    "ref_article":true,
    "html":"Tien YC, Su JY, Lin GT, et al. Ultrasonographic study of the coexistence of muscular torticollis and dysplasia of the hip. J Pediatr Orthop. 2001;21:343-347.<a href=\"http://www.ncbi.nlm.nih.gov/pubmed/11371818\"> [Abstract]</a>"},

   {
    "id":29,
    "key_article":false,
    "ref_article":true,
    "html":"Von Heideken J, Green DW, Burke SW, et al. The relationship between developmental dysplasia of the hip and congenital muscular torticollis. J Pediatr Orthop. 2006;26:805-808.<a href=\"http://www.ncbi.nlm.nih.gov/pubmed/17065952\"> [Abstract]</a>"},

   {
    "id":30,
    "key_article":false,
    "ref_article":true,
    "html":"Kim SN, Shin YB, Kim W, et al. Screening for the coexistence of congenital muscular torticollis and developmental dysplasia of hip. Ann Rehabil Med. 2011;35:485-490.<a href=\"http://www.ncbi.nlm.nih.gov/pubmed/22506163\"> [Abstract]</a><a href=\"http://www.ncbi.nlm.nih.gov/pmc/articles/PMC3309243/\"> [Full Text]</a>"},

   {
    "id":31,
    "key_article":false,
    "ref_article":true,
    "html":"Huang MH, Gruss JS, Clarren SK, et al. The differential diagnosis of posterior plagiocephaly: true lambdoid synostosis versus positional molding. Plast Reconstr Surg. 1996;98:765-774.<a href=\"http://www.ncbi.nlm.nih.gov/pubmed/8823012\"> [Abstract]</a>"},

   {
    "id":32,
    "key_article":false,
    "ref_article":true,
    "html":"Kuo AA, Tritasavit S, Graham JM Jr. Congenital muscular torticollis and positional plagiocephaly. Pediatr Rev. 2014;35:79-87.<a href=\"http://www.ncbi.nlm.nih.gov/pubmed/24488831\"> [Abstract]</a>"},

   {
    "id":33,
    "key_article":false,
    "ref_article":true,
    "html":"Kaplan SL, Coulter C, Fetters L. Physical therapy management of congenital muscular torticollis: an evidence-based clinical practice guideline: from the Section on Pediatrics of the American Physical Therapy Association. Pediatr Phys Ther. 2013 Winter;25(4):348-94.<a href=\"http://www.ncbi.nlm.nih.gov/pubmed/24076627\"> [Abstract]</a>"},

   {
    "id":34,
    "key_article":true,
    "ref_article":true,
    "html":"Cheng JC, Wong MW, Tang SP, et al. Clinical determinants of the outcome of manual stretching in the treatment of congenital muscular torticollis in infants. A prospective study of eight hundred and twenty-one cases. J Bone Joint Surg Am. 2001 May;83-A(5):679-87.<a href=\"http://www.ncbi.nlm.nih.gov/pubmed/11379737\"> [Abstract]</a>"},

   {
    "id":35,
    "key_article":true,
    "ref_article":true,
    "html":"Binder H, Eng GD, Gaiser JF, et al. Congenital muscular torticollis: results of conservative management with long-term follow-up in 85 cases. Arch Phys Med Rehabil. 1987 Apr;68(4):222-5.<a href=\"http://www.ncbi.nlm.nih.gov/pubmed/3566514\"> [Abstract]</a>"},

   {
    "id":36,
    "key_article":true,
    "ref_article":true,
    "html":"Cheng JC, Tang SP, Chen TM, et al. The clinical presentation and outcome of treatment of congenital muscular torticollis in infants - a study of 1,086 cases. J Pediatr Surg. 2000 Jul;35(7):1091-6.<a href=\"http://www.ncbi.nlm.nih.gov/pubmed/10917303\"> [Abstract]</a>"},

   {
    "id":37,
    "key_article":false,
    "ref_article":true,
    "html":"Lee YT, Yoon K, Kim YB, et al. Clinical features and outcome of physiotherapy in early presenting congenital muscular torticollis with severe fibrosis on ultrasonography: a prospective study. J Pediatr Surg. 2011 Aug;46(8):1526-31.<a href=\"http://www.ncbi.nlm.nih.gov/pubmed/21843719\"> [Abstract]</a>"},

   {
    "id":38,
    "key_article":false,
    "ref_article":true,
    "html":"Teichgraeber JF, Seymour-Dempsey K, Baumgartner JE, et al. Molding helmet therapy in the treatment of brachycephaly and plagiocephaly. J Craniofac Surg. 2004 Jan;15(1):118-23.<a href=\"http://www.ncbi.nlm.nih.gov/pubmed/14704577\"> [Abstract]</a>"},

   {
    "id":40,
    "key_article":false,
    "ref_article":true,
    "html":"Xia JJ, Kennedy KA, Teichgraeber JF, et al. Nonsurgical treatment of deformational plagiocephaly: a systematic review. Arch Pediatr Adolesc Med. 2008 Aug;162(8):719-27.<a href=\"http://www.ncbi.nlm.nih.gov/pubmed/18678803\"> [Abstract]</a><a href=\"http://archpedi.jamanetwork.com/article.aspx?articleid=380008\"> [Full Text]</a>"},

   {
    "id":41,
    "key_article":false,
    "ref_article":true,
    "html":"Jankovic J, Schwartz K. Botulinum toxin injections for cervical dystonia. Neurology. 1990 Feb;40(2):277-80.<a href=\"http://www.ncbi.nlm.nih.gov/pubmed/2300249\"> [Abstract]</a>"},

   {
    "id":42,
    "key_article":false,
    "ref_article":true,
    "html":"Delnooz CC, Horstink MW, Tijssen MA, et al. Paramedical treatment in primary dystonia: a systematic review. Mov Disord. 2009 Nov 15;24(15):2187-98.<a href=\"http://www.ncbi.nlm.nih.gov/pubmed/19839012\"> [Abstract]</a>"},

   {
    "id":43,
    "key_article":false,
    "ref_article":true,
    "html":"Oleszek JL, Chang N, Apkon SD, et al. Botulinum toxin type a in the treatment of children with congenital muscular torticollis. Am J Phys Med Rehabil. 2005 Oct;84(10):813-6.<a href=\"http://www.ncbi.nlm.nih.gov/pubmed/16205437\"> [Abstract]</a>"},

   {
    "id":44,
    "key_article":false,
    "ref_article":true,
    "html":"Joyce MB, de Chalain TM. Treatment of recalcitrant idiopathic muscular torticollis in infants with botulinum toxin type a. J Craniofac Surg. 2005 Mar;16(2):321-7.<a href=\"http://www.ncbi.nlm.nih.gov/pubmed/15750434\"> [Abstract]</a>"},

   {
    "id":45,
    "key_article":true,
    "ref_article":true,
    "html":"Cheng JC, Tang SP. Outcome of surgical treatment of congenital muscular torticollis. Clin Orthop Relat Res. 1999 May;(362):190-200.<a href=\"http://www.ncbi.nlm.nih.gov/pubmed/10335298\"> [Abstract]</a>"},

   {
    "id":46,
    "key_article":true,
    "ref_article":true,
    "html":"Cheng JC, Tang SP. Outcome of surgical treatment of congenital muscular torticollis. Clin Orthop Relat Res. 1999;362:190-200.<a href=\"http://www.ncbi.nlm.nih.gov/pubmed/10335298\"> [Abstract]</a>"},

   {
    "id":47,
    "key_article":false,
    "ref_article":true,
    "html":"Burstein FD. Long-term experience with endoscopic surgical treatment for congenital muscular torticollis in infants and children: a review of 85 cases. Plast Reconstr Surg. 2004 Aug;114(2):491-3.<a href=\"http://www.ncbi.nlm.nih.gov/pubmed/15277820\"> [Abstract]</a>"},

   {
    "id":48,
    "key_article":false,
    "ref_article":true,
    "html":"Burstein FD. Long-term experience with endoscopic surgical treatment for congenital muscular torticollis in infants and children: a review of 85 cases. Plast Reconstr Surg. 2004;114:491-493.<a href=\"http://www.ncbi.nlm.nih.gov/pubmed/15277820\"> [Abstract]</a>"},

   {
    "id":49,
    "key_article":false,
    "ref_article":true,
    "html":"Lee JK, Moon HJ, Park MS, et al. Change of craniofacial deformity after sternocleidomastoid muscle release in pediatric patients with congenital muscular torticollis. J Bone Joint Surg Am. 2012 Jul 3;94(13):e93.<a href=\"http://www.ncbi.nlm.nih.gov/pubmed/22760394\"> [Abstract]</a>"},

   {
    "id":50,
    "key_article":false,
    "ref_article":true,
    "html":"Tessmer A, Mooney P, Pelland L. A developmental perspective on congenital muscular torticollis: a critical appraisal of the evidence. Pediatr Phys Ther. 2010;22:378-383.<a href=\"http://www.ncbi.nlm.nih.gov/pubmed/21068637\"> [Abstract]</a>"},

   {
    "id":51,
    "key_article":false,
    "ref_article":true,
    "html":"Cincinnati Children's Hospital Medical Center. Best evidence statement (BESt). Prognosis of infant development with plagiocephaly, torticollis. June 2011. http://www.cincinnatichildrens.org/ (last accessed 28 August 2017).<a href=\"http://www.cincinnatichildrens.org/service/j/anderson-center/evidence-based-care/recommendations/topic/\"> [Full Text]</a>"}   ]},
 "media":
 [

  {
   "file":"759-2.jpg",
   "thumb":"759-2-tn.jpg",
   "caption":"Vertex view of a head depicting typical findings of plagiocephaly associated with congenital muscular torticollis. Note the typical parallelogram shape due to asymmetric external compressive forces and associated growth. *Denotes the side of the shortened sternocleidomastoid and resultant torticollis",
   "hilight":"false",
   "iline":"false",
   "auth":"false",
   "source":"Prepared by Dr Joyce L. Oleszek; used with permission"},

  {
   "file":"759-3.jpg",
   "thumb":"759-3-tn.jpg",
   "caption":"Cervical spine x-ray showing numerous segmentation anomalies associated with a convex left cervicothoracic scoliosis. This patient presented with a head tilt. There are segmentation anomalies in the lower thoracic and high cervical region. There is an acute convex left cervicothoracic scoliosis with a hemivertebra at the apex of the curve. Butterfly vertebra is identified rostral to the hemivertebra, and segmentation anomalies are also identified caudal to the hemivertebra",
   "hilight":"false",
   "iline":"false",
   "auth":"false",
   "source":"From the personal collection of Dr Joyce L. Oleszek; used with permission"}  ]}