
{
 "id":765,
 "title":"Paraphimosis",
 "views":
 [

  {
   "id":"root",
   "type":"table",
   "sections":
   [

    {
     "cells":
     [

      {
       "target":"highlights",
       "title":"Highlights & Basics",
       "type":"flex0"}      ]},

    {
     "cells":
     [

      {
       "target":"tx_options",
       "title":"Treatment Options",
       "type":"flex0"},

      {
       "target":"tx_approach",
       "title":"Treatment Approach",
       "type":"flex0"},

      {
       "target":"hxexam",
       "title":"History & Exam",
       "type":"flex0"},

      {
       "target":"tests",
       "title":"Tests",
       "type":"flex0"},

      {
       "target":"differentials",
       "title":"Differential Diagnosis",
       "type":"flex0"},

      {
       "target":"diag_approach",
       "title":"Diagnostic Approach",
       "type":"flex0"},

      {
       "target":"followup",
       "title":"Follow-up",
       "type":"flex0"},

      {
       "target":"prevention",
       "title":"Prevention",
       "type":"flex0"},

      {
       "target":"complications",
       "title":"Complications",
       "type":"flex0"},

      {
       "target":"guidelines",
       "title":"Society Guidelines",
       "type":"flex0"}      ]}    ]},

  {
   "id":"highlights",
   "title":"Paraphimosis",
   "html":"<div class=\"cell\"><div class=\"cellBlock\"><div class=\"cellTitle\">Key Highlights</div><div class=\"cellBody\"><ul><li>Paraphimosis is a condition caused when the foreskin of an uncircumcised penis is retracted and left behind the glans, leading to vascular engorgement and edema of the distal glans.</li><li>In its acute form, it is a medical emergency requiring rapid evaluation and possible surgical decompression.</li><li>Can occur at any age but is most common in children and older people.</li><li>Circumcision is preventative and is curative if the process develops.</li><li>Most cases are iatrogenic in etiology.</li></ul></div><div class=\"cellTitle\">Definition</div><div class=\"cellBody\"><P>Paraphimosis is a condition caused when the foreskin of the uncircumcised penis is retracted and left behind the glans penis, leading to vascular engorgement and edema of the distal glans.<a href=\"epoc://current?article=1\">[1]</a> This condition is a medical emergency when identified acutely and requires prompt effective treatment to prevent loss of the distal glans penis.<a href=\"epoc://current?article=2\">[2]</a> <a href=\"epoc://current?article=3\">[3]</a><a class=\"inlineImage\" href=\"epoc://current?view=p-images-i_1\">Image</a></P></div><div class=\"cellTitle\">Classification</div><div class=\"cellBody\"><h3>Terminology<a href=\"epoc://current?article=1\">[1]</a> </h3><P>Phimosis is a condition where the foreskin is too tight to be pulled back over the head of the penis (glans). Physiologic adherence of the foreskin to the glans is normal, with up to 10% of foreskins remaining nonretractile up to 3 years of age. This reduces to around 1% at the age of 16 years. Pathologic phimosis exists when failure to retract is secondary to distal scarring of the prepuce.</P><P>Paraphimosis is a condition in which the foreskin is left retracted for an extended period. Swelling occurs, causing the foreskin to become trapped behind the glans.</P><h3>Types of paraphimosis</h3><P>Although most cases are acute, a chronic form may also occur where patients present many days after the initial complaint.</P></div><div class=\"cellTitle\">Epidemiology</div><div class=\"cellBody\"><P>The incidence of paraphimosis in the US and elsewhere is unknown. Only isolated case reports exist in the literature. Due to the fact that most cases are iatrogenically or inadvertently induced, precise reporting of the condition may be compromised. Additionally, some patients may not report the condition or may allow it to evolve into the chronic form.<a href=\"epoc://current?article=4\">[4]</a> It can occur at any age but is most common in children and older people.<a href=\"epoc://current?article=5\">[5]</a> </P></div><div class=\"cellTitle\">Etiology</div><div class=\"cellBody\"><P>The most common etiology follows retraction of the foreskin of an uncircumcised male penis by a health professional during penile examination, catheterization, or cystoscopy, who then neglects to return the foreskin back over the glans penis.<a href=\"epoc://current?article=6\">[6]</a> <a href=\"epoc://current?article=7\">[7]</a> Boys, or their parents, may have been advised to retract the prepuce with physiologic phimosis for cleanliness.<a href=\"epoc://current?article=6\">[6]</a> <a href=\"epoc://current?article=8\">[8]</a> The coexistence of poor hygiene and recurrent bouts of bacterial infection (balanitis) makes this condition more likely. Additional causes of paraphimosis include sexual intercourse in an uncircumcised male with phimosis (narrow opening of the foreskin), varying sexual practices that cause constriction of the foreskin, penile piercings, parasitic infestations, lichen sclerosis, inadequate circumcision, or hemangiomas of the penis.<a href=\"epoc://current?article=9\">[9]</a> <a href=\"epoc://current?article=10\">[10]</a> <a href=\"epoc://current?article=11\">[11]</a> <a href=\"epoc://current?article=12\">[12]</a> Approximately 29% of patients have evidence of phimosis once the foreskin edema has subsided.<a href=\"epoc://current?article=13\">[13]</a> </P></div><div class=\"cellTitle\">Authors / Peer Reviewers</div><div class=\"cellBody\"><ul><li>Ranjiv Mathews, MD</li><li>John Thomas, MD</li><li>Vincent Gnanapragasam, MBBS, BMedSci, PhD, FRCSEng, FRCSEd(Urol)</li></ul></div><br><b class=\"last-updated display-none\">Last Updated: 2020-07-17</b><div style=\"display: none\" class=\"last-updated\"><div class=\"last-updated-label\">Last Updated</div><div class=\"last-updated-date\">2020-07-17</div></div></div></div>",
   "type":"web"},

  {
   "id":"tx_options",
   "sections":
   [

    {
     "headerText":"Acute",
     "cells":
     [

      {
       "target":"tx-0",
       "title":"with ischemia and necrosis",
       "type":"flex0"},

      {
       "target":"tx-1",
       "title":"acute type without ischemia and necrosis",
       "type":"flex0"},

      {
       "target":"tx-5",
       "title":"chronic type without ischemia and necrosis",
       "type":"flex0"}      ]}    ],
   "type":"table"},

  {
   "id":"tx_approach",
   "title":"Paraphimosis",
   "html":"<div class=\"cell\"><div class=\"cellBlock\"><div class=\"cellBody\"><P>Paraphimosis should be considered a medical emergency, and steps should be taken to rapidly resolve this painful condition to prevent tissue loss.</P><P>Careful inspection of the penis should occur to ensure there are no constricting bands or foreign bodies (e.g., piercing studs) present. In the presence of an indwelling catheter, after the reason for its placement has been determined, it should be removed before attempting reduction of the paraphimosis. The catheter can be replaced after successful reduction.</P></div><div class=\"cellTitle\">Emergency surgery</div><div class=\"cellBody\"><P>Patients with evidence of significant glans penis ischemia, with necrosis and sloughing of the foreskin and/or glans, require involvement of a specialist in urology. They will require procedural sedation or general anesthesia, followed by immediate reduction using surgical techniques. Devitalized tissue will require operative debridement.</P></div><div class=\"cellTitle\">Acute type without ischemia and necrosis</div><div class=\"cellBody\"><P>Manipulation</P><ul><li>The first method of treatment involves manual manipulation of the penis to reduce swelling and to replace the foreskin over the glans penis. Paraphimosis can be extremely painful. Therefore, analgesia should be administered before treatment. The amount of analgesia depends on the patient. Some patients can tolerate topical formulations; others may prefer injection of a local anesthetic. Young boys often require parenteral administration of opioids and sedative agents in addition to local anesthetics. The local anesthetic can be used as a single injection at the dorsal midline of the penis or as a ring block at the base of the penis. One study has utilized acupuncture as a nonpharmacologic treatment for pain reduction in pediatric patients undergoing procedures in the emergency room including reduction of paraphimosis.<a href=\"epoc://current?article=18\">[18]</a><a class=\"inlineImage\" href=\"epoc://current?view=p-images-i_5\">Image</a></li></ul><P>Ice, compression, or an osmotic agent is applied after the anesthesia.<a href=\"epoc://current?article=19\">[19]</a> </P><ul><li>Ice packs: these can be applied to the penis (after the penis has been wrapped in plastic) to help reduce swelling.</li><li>Compression: this is commonly performed using a gloved hand but can also be achieved by a 2 x 2-inch bandage. The edematous glans and foreskin should be compressed until swelling is noted to improve. This technique is successful in the majority of boys with paraphimosis.</li><li>Osmotic agent: this technique uses the principle that fluid flows down a concentration gradient; in this case the hypotonic fluid in the penis flows to the hypertonic agent on the outside of the skin. The most common agent used is fine granulated sugar, in liberal amounts.<a href=\"epoc://current?article=20\">[20]</a> </li></ul><P>Once foreskin swelling has been reduced as much as possible, manual reduction is performed by pulling the phimotic ring while pushing down on the glans.<a href=\"epoc://current?article=19\">[19]</a><a class=\"inlineImage\" href=\"epoc://current?view=p-images-i_6\">Image</a></P><P>Puncture technique</P><ul><li>This may be used after failed attempts at reduction using minimally invasive procedures. Perforation of the foreskin at multiple locations (the Dundee technique) allows exudation of the edematous fluid and reduction in swelling.<a href=\"epoc://current?article=13\">[13]</a> <a href=\"epoc://current?article=21\">[21]</a> After appropriate local analgesia and sedation, multiple punctures are made in the edematous foreskin using a 22-gauge hypodermic needle. Subsequently, the foreskin is reduced by manual compression and reduction.</li><li>Hyaluronidase, a natural protein that causes hydrolysis of hyaluronic acid, an extracellular mucopolysaccharide, may be used to augment the puncture technique.<a href=\"epoc://current?article=22\">[22]</a> Injection of hyaluronidase into the edematous foreskin leads to degradation of hyaluronic acid and reduction of edema. Immediate reduction of edema will be noted and then reduction can be attempted.</li></ul><P>Surgical reduction followed by circumcision</P><ul><li>This is reserved for patients who fail conservative attempts at reduction. Although in very infirm and older people this can be performed at the bedside using a penile block (i.e., local anesthetic plus procedural sedation), in most patients general anesthesia will be required.</li><li>For the dorsal slit procedure, the phimotic ring is incised on the dorsal aspect of the penis until release of the foreskin is identified. This allows the swelling to subside. The edges are closed using 4-0 chromic suture or similar. Completion of the circumcision is performed as a second procedure, once the swelling of the foreskin has subsided.<a class=\"inlineImage\" href=\"epoc://current?view=p-images-i_7\">Image</a></li></ul></div><div class=\"cellTitle\">Chronic type without ischemia and necrosis</div><div class=\"cellBody\"><P>These patients should also undergo surgical reduction followed by circumcision.</P></div></div></div>",
   "type":"web"},

  {
   "id":"hxexam_details",
   "sections":
   [

    {
     "type":"table",
     "headerText":"Strong",
     "cells":
     [

      {
       "title":"lack of circumcision",
       "type":"flex0",
       "targetHTML":"<div class=\"cell\"><div class=\"cellBlock\"><div class=\"cellBody\"><P>This is the primary cause for the development of paraphimosis. The condition does not occur in circumcised men.</P></div></div></div>"},

      {
       "title":"urinary catheterization",
       "type":"flex0",
       "targetHTML":"<div class=\"cell\"><div class=\"cellBlock\"><div class=\"cellBody\"><P>The most common cause of paraphimosis is urinary catheterization when, after inserting the catheter, there is failure to replace the foreskin over the glans after the procedure.<a href=\"epoc://current?article=6\">[6]</a></P></div></div></div>"},

      {
       "title":"dependence on a caregiver for daily hygiene",
       "type":"flex0",
       "targetHTML":"<div class=\"cell\"><div class=\"cellBlock\"><div class=\"cellBody\"><P>These patients are at risk for paraphimosis. Problems arise when the foreskin is not returned to its original position following retraction to permit appropriate cleaning or for catheter insertion.</P></div></div></div>"},

      {
       "title":"tight foreskin",
       "type":"flex0",
       "targetHTML":"<div class=\"cell\"><div class=\"cellBlock\"><div class=\"cellBody\"><P>If a tight foreskin is forcibly drawn back (e.g., during intercourse), it may become trapped behind the glans penis and cause paraphimosis.</P></div></div></div>"},

      {
       "title":"phimosis",
       "type":"flex0",
       "targetHTML":"<div class=\"cell\"><div class=\"cellBlock\"><div class=\"cellBody\"><P>Pathologic phimosis exists when failure to retract is secondary to distal scarring of the prepuce. This scarring often appears as a contracted white fibrous ring around the preputial orifice.<a href=\"epoc://current?article=1\">[1]</a> Narrow opening of the foreskin is a strong correlate for the development of paraphimosis. The density of the phimotic ring determines the degree of vascular compromise that develops. The denser the ring, the greater the degree of the vascular engorgement, eventual vascular compromise, and potential for necrosis of the glans.</P></div></div></div>"},

      {
       "title":"poor hygiene",
       "type":"flex0",
       "targetHTML":"<div class=\"cell\"><div class=\"cellBlock\"><div class=\"cellBody\"><P>This makes the condition more likely.</P></div></div></div>"},

      {
       "title":"bacterial infection",
       "type":"flex0",
       "targetHTML":"<div class=\"cell\"><div class=\"cellBlock\"><div class=\"cellBody\"><P>The existence of recurrent bouts of bacterial infection (balanoposthitis) makes paraphimosis more likely.</P></div></div></div>"},

      {
       "title":"parasitic infections",
       "type":"flex0",
       "targetHTML":"<div class=\"cell\"><div class=\"cellBlock\"><div class=\"cellBody\"><P>Infections such as filariasis, which impair lymphatic drainage, can cause paraphimosis.</P></div></div></div>"},

      {
       "title":"lichen sclerosis",
       "type":"flex0",
       "targetHTML":"<div class=\"cell\"><div class=\"cellBlock\"><div class=\"cellBody\"><P>This condition primarily affects the foreskin, leading to loss of skin coloration, scarring, and tightness.<a href=\"epoc://current?article=15\">[15]</a></P></div></div></div>"},

      {
       "title":"diabetes",
       "type":"flex0",
       "targetHTML":"<div class=\"cell\"><div class=\"cellBlock\"><div class=\"cellBody\"><P>Chronic conditions such as diabetes can lead to recurrent episodes of penile infection and eventual phimosis. This increases the potential risk for the development of paraphimosis. In addition, diabetes increases the likelihood of ensuing necrosis.<a href=\"epoc://current?article=16\">[16]</a></P></div></div></div>"},

      {
       "title":"penile piercing",
       "type":"flex0",
       "targetHTML":"<div class=\"cell\"><div class=\"cellBlock\"><div class=\"cellBody\"><P>This can cause paraphimosis.<a href=\"epoc://current?article=9\">[9]</a></P></div></div></div>"},

      {
       "title":"hemangiomas of the penis",
       "type":"flex0",
       "targetHTML":"<div class=\"cell\"><div class=\"cellBlock\"><div class=\"cellBody\"><P>These can cause paraphimosis.<a href=\"epoc://current?article=12\">[12]</a></P></div></div></div>"}      ]},

    {
     "type":"table",
     "headerText":"Weak",
     "cells":
     [

      {
       "title":"peripheral vascular disease",
       "type":"flex0",
       "targetHTML":"<div class=\"cell\"><div class=\"cellBlock\"><div class=\"cellBody\"><P>Chronic conditions such as peripheral vascular disease can lead to recurrent episodes of penile infection and eventual phimosis. This increases the potential risk for the development of paraphimosis. In addition, peripheral vascular disease increases the likelihood of ensuing necrosis.<a href=\"epoc://current?article=16\">[16]</a></P></div></div></div>"},

      {
       "title":"inadequate circumcision",
       "type":"flex0",
       "targetHTML":"<div class=\"cell\"><div class=\"cellBlock\"><div class=\"cellBody\"><P>This can cause paraphimosis.</P></div></div></div>"}      ]}    ],
   "type":"table"},

  {
   "id":"p-hxexam_factor-key_0",
   "title":"Paraphimosis",
   "html":"<html><div class=\"cell\"><div class=\"cellBlock\"><div class=\"cellBody\"><P>Adult patients will most often report penile pain.</P></div></div></div></html>",
   "type":"web"},

  {
   "id":"p-hxexam_factor-key_1",
   "title":"Paraphimosis",
   "html":"<html><div class=\"cell\"><div class=\"cellBlock\"><div class=\"cellBody\"><P>A constricting band of tissue will be observed directly behind the head of the penis.<a class=\"inlineImage\" href=\"epoc://current?view=p-images-i_4\">Image</a></P></div></div></div></html>",
   "type":"web"},

  {
   "id":"p-hxexam_factor-key_2",
   "title":"Paraphimosis",
   "html":"<html><div class=\"cell\"><div class=\"cellBlock\"><div class=\"cellBody\"><P>This is enlarged and congested with a collar of edematous foreskin. The shaft of the penis is not swollen.</P></div></div></div></html>",
   "type":"web"},

  {
   "id":"p-hxexam_factor-key_5",
   "title":"Paraphimosis",
   "html":"<html><div class=\"cell\"><div class=\"cellBlock\"><div class=\"cellBody\"><P>Many patients will have an indwelling catheter. After the reason for the placement of the catheter has been determined, the catheter should be removed before attempting reduction of the paraphimosis.</P></div></div></div></html>",
   "type":"web"},

  {
   "id":"p-hxexam_factor-other_7",
   "title":"Paraphimosis",
   "html":"<html><div class=\"cell\"><div class=\"cellBlock\"><div class=\"cellBody\"><P>There may be redness.</P></div></div></div></html>",
   "type":"web"},

  {
   "id":"p-hxexam_factor-other_3",
   "title":"Paraphimosis",
   "html":"<html><div class=\"cell\"><div class=\"cellBlock\"><div class=\"cellBody\"><P>This is a concern for the presence of early necrosis.</P></div></div></div></html>",
   "type":"web"},

  {
   "id":"p-hxexam_factor-other_4",
   "title":"Paraphimosis",
   "html":"<html><div class=\"cell\"><div class=\"cellBlock\"><div class=\"cellBody\"><P>This is a concern for the presence of early necrosis.</P></div></div></div></html>",
   "type":"web"},

  {
   "id":"p-hxexam_factor-other_6",
   "title":"Paraphimosis",
   "html":"<html><div class=\"cell\"><div class=\"cellBlock\"><div class=\"cellBody\"><P>Pediatric patients may report symptoms of obstructive voiding.</P></div></div></div></html>",
   "type":"web"},

  {
   "id":"hxexam",
   "sections":
   [

    {
     "headerText":"Risk Factors",
     "cells":
     [

      {
       "target":"hxexam_details",
       "title":"Details",
       "type":"flex0"}      ]},

    {
     "dividerType":"divider0",
     "headers":
     [

      {
       "title":"Key Diagnostic Factors"},

      {
       "title":"common",
       "type":"header1"}      ],
     "cells":
     [

      {
       "title":"penile pain",
       "target":"p-hxexam_factor-key_0",
       "type":"flex0"},

      {
       "title":"band of retracted foreskin tissue beneath the glans",
       "target":"p-hxexam_factor-key_1",
       "type":"flex0"},

      {
       "title":"swollen glans penis",
       "target":"p-hxexam_factor-key_2",
       "type":"flex0"},

      {
       "title":"indwelling catheter",
       "target":"p-hxexam_factor-key_5",
       "type":"flex0"}      ]},

    {
     "dividerType":"divider0",
     "headers":
     [

      {
       "title":"Other Diagnostic Factors"},

      {
       "title":"common",
       "type":"header1"}      ],
     "cells":
     [

      {
       "title":"erythema",
       "target":"p-hxexam_factor-other_7",
       "type":"flex0"}      ]},

    {
     "headers":
     [

      {
       "title":"uncommon",
       "type":"header1"}      ],
     "cells":
     [

      {
       "title":"black tissue on the glans",
       "target":"p-hxexam_factor-other_3",
       "type":"flex0"},

      {
       "title":"nonpliable glans penis",
       "target":"p-hxexam_factor-other_4",
       "type":"flex0"},

      {
       "title":"inability to urinate freely",
       "target":"p-hxexam_factor-other_6",
       "type":"flex0"}      ]}    ],
   "type":"table"},

  {
   "id":"p-test-t_0",
   "title":"clinical diagnosis",
   "html":"<html><div class=\"cell\"><div class=\"cellBlock\"><div class=\"cellTitle\">Result</div><div class=\"cellBody\">diagnosis is based on history and physical exam</div><div class=\"cellTitle\">Test Details</div><div class=\"cellBody\"><li>No tests are necessary.</li></div></div></div></html>",
   "type":"web"},

  {
   "id":"tests",
   "sections":
   [

    {
     "headerText":"Initial Tests",
     "cells":
     [

      {
       "target":"p-test-t_0",
       "title":"clinical diagnosis",
       "type":"flex0"}      ]}    ],
   "type":"table"},

  {
   "id":"differentials",
   "sections":
   [

    {
     "cells":
     [

      {
       "title":"Allergic reactions",
       "type":"flex0",
       "targetHTML":"<div class=\"cell\"><div class=\"cellBlock\"><div class=\"cellTitle\">Signs/Sx</div><div class=\"cellBody\"><ul><li>History of changes in detergents, or use of new clothing, or cleansing agents in infants, can direct the clinician to the potential for an allergic reaction.</li></ul></div><div class=\"cellTitle\">Tests</div><div class=\"cellBody\"><ul><li>Positive patch test.</li><li>Avoidance of presumed irritant should ameliorate the symptoms.</li></ul></div><a href=\"epoc://dx/monograph/90\"><b class=\"view-dx-monograph\">View Dx Monograph</b></a></div></div>"},

      {
       "title":"Insect bites",
       "type":"flex0",
       "targetHTML":"<div class=\"cell\"><div class=\"cellBlock\"><div class=\"cellTitle\">Signs/Sx</div><div class=\"cellBody\"><ul><li>History of exposure to insects (or spiders) should raise the suspicion of insect bites as the cause of penile and foreskin swelling. Additionally, many bites are associated with early onset of necrosis of tissue. Pruritus is often a prominent sign. The site of the bite or sting may be visible.</li></ul></div><div class=\"cellTitle\">Tests</div><div class=\"cellBody\"><ul><li>Antihistamines should reduce redness and swelling.</li></ul></div><a href=\"epoc://dx/monograph/281\"><b class=\"view-dx-monograph\">View Dx Monograph</b></a></div></div>"},

      {
       "title":"Tourniquet syndrome",
       "type":"flex0",
       "targetHTML":"<div class=\"cell\"><div class=\"cellBlock\"><div class=\"cellTitle\">Signs/Sx</div><div class=\"cellBody\"><ul><li>Presence of constricting ring. Use of penile constricting rings to enhance erection by compression of the corpora can also lead to constriction of the glans and foreskin. Sometimes the ring may be so deeply buried in the edematous tissue as to be almost invisible.</li></ul></div><div class=\"cellTitle\">Tests</div><div class=\"cellBody\"><ul><li>Examination of the penis.</li></ul></div></div></div>"},

      {
       "title":"Hair coil strangulation",
       "type":"flex0",
       "targetHTML":"<div class=\"cell\"><div class=\"cellBlock\"><div class=\"cellTitle\">Signs/Sx</div><div class=\"cellBody\"><ul><li>Presence of hair coil. In infants, hair coil strangulation can lead to significant injury of the corpus and distal edema of the glans. The hair coil, typically from maternal hair, can be buried in the edematous tissue and can be difficult to identify.</li></ul></div><div class=\"cellTitle\">Tests</div><div class=\"cellBody\"><ul><li>Examination of the penis.</li></ul></div></div></div>"}      ]}    ],
   "type":"table"},

  {
   "id":"diag_approach",
   "title":"Paraphimosis",
   "html":"<div class=\"cell\"><div class=\"cellBlock\"><div class=\"cellBody\"><P>Diagnosis is based on history and physical examination.</P></div><div class=\"cellTitle\">History</div><div class=\"cellBody\"><P>Adult patients will most often report penile pain. Pediatric patients may present with symptoms of obstructive voiding (i.e., a sensation of incomplete emptying, straining to void, and slow urine stream). It is important to determine the duration of the episode of paraphimosis, as manual reducibility may be compromised in those who have had a prolonged course. Additionally, this information will be useful in counseling patients and families about the potential for tissue loss (e.g., glans or foreskin).</P></div><div class=\"cellTitle\">Physical exam</div><div class=\"cellBody\"><P>On examination, the glans penis is enlarged and congested with a collar of edematous foreskin. A constricting band of tissue will be observed directly behind the head of the penis. The remainder of the penile shaft will be unremarkable.</P><P>The glans and foreskin should be evaluated for early signs of necrosis. A soft, pink, pliable glans is reassuring for the presence of a blood flow. Areas that appear black, or the presence of a non-pliable glans, are concerns for the presence of early necrosis.</P><P>Many patients will have an indwelling catheter. An indwelling catheter is used if the patient cannot urinate normally. This may happen with some medical conditions such as prostate enlargement or after surgery on the pelvis or urinary tract. Another reason for a catheter is urinary incontinence. After the reason for the placement of the catheter has been determined, the catheter should be removed before attempting reduction of the paraphimosis.</P><P>In children, paraphimosis may present as acute urinary obstruction.<a class=\"inlineImage\" href=\"epoc://current?view=p-images-i_3\">Image</a></P></div></div></div>",
   "type":"web"},

  {
   "id":"followup",
   "title":"Paraphimosis",
   "html":"<div class=\"cell\"><div class=\"cellBlock\"><div class=\"cellTitle\">Prognosis</div><div class=\"cellBody\"><div class=\"cellBody\"><P>Following prompt reduction of paraphimosis, most patients will have a full recovery. Foreskin swelling will subside over subsequent days. Depending on the etiology, appropriate education of the patient and/or caregivers is recommended. Some patients may not warrant circumcision. Patients who have evidence of phimosis should be counseled about the appropriateness of circumcision. In addition, those who have a repeated episode of paraphimosis or have undergone a dorsal slit procedure warrant follow-up circumcision.</P></div></div><div class=\"cellTitle\">Monitoring</div><div class=\"cellBody\"><P>Patients who have an uneventful reduction procedure may not warrant circumcision, and follow-up care with the primary care provider may be sufficient. Patients who have undergone surgery require a follow-up evaluation with a urologist.</P></div><div class=\"cellTitle\">Patient Instructions</div><div class=\"cellBody\"><P>Patients should receive instructions about hygiene, avoidance of forced and prolonged retraction of foreskin, and avoidance of irritants. For those who have undergone paraphimosis reduction by invasive methods, application of topical antibiotic cream to the incision lines will prevent location infection.</P></div></div></div>",
   "type":"web"},

  {
   "id":"prevention",
   "title":"Paraphimosis",
   "html":"<div class=\"cell\"><div class=\"cellBlock\"><div class=\"cellTitle\">Prevention</div><div class=\"cellBody\"><h4>Primary Prevention</h4><P>Circumcision is preventive for the development of paraphimosis. In addition, the uncircumcised male or his caregivers should be advised that, once the foreskin is retracted, it should be returned to its prior position covering the glans penis. Forcible retraction of a phimotic foreskin should be avoided. Compressive rings, etc., should be avoided.</P><h4>Secondary Prevention</h4><P>Use of sexual or healthcare practices that leave the foreskin retracted should be avoided. Patients who have had paraphimosis secondary to body piercing should be instructed not to reinstate the piercing. Those who have had the condition secondary to an allergic reaction should avoid the allergen.</P></div></div></div>",
   "type":"web"},

  {
   "id":"complications",
   "sections":
   [

    {
     "headerText":"Low Likelihood",
     "cells":
     [

      {
       "title":"necrosis of glans and/or foreskin",
       "type":"flex0",
       "targetHTML":"<div class=\"cell\"><div class=\"cellBlock\"><div class=\"cellBody\"><P>This is the most devastating complication of paraphimosis. Varying degrees of necrosis may be noted. The pre-existing conditions of diabetes and peripheral vascular disease will increase the likelihood of necrosis.<a href=\"epoc://current?article=16\">[16]</a> Rapid decompression of the paraphimosis can potentially lead to prevention of this complication.</P></div></div></div>"}      ]}    ],
   "type":"table"},

  {
   "id":"guidelines",
   "title":"Paraphimosis",
   "html":"<div class=\"cell\"><div class=\"cellBlock\"><div class=\"cellTitle\">Diagnostic Guidelines</div><div class=\"cellBody\"><p><h4>Paediatric urology<a href=\"epoc://current?article=17\">[17]</a> </h4><p><a href=\"https://uroweb.org/individual-guidelines/non-oncology-guidelines/\">View Society Guidelines</a></p><p><small><b>Published by: </b>European Association of Urology</small><br><small><b>Published: </b>2019</small></p><p><small><b>Summary</b><br><P>Recommendations for diagnosis of phimosis and paraphimosis.</P></small></p></p><hr></div><br><div class=\"cellTitle\">Treatment Guidelines</div><div class=\"cellBody\"><p><h4>Paediatric urology<a href=\"epoc://current?article=17\">[17]</a> </h4><p><a href=\"https://uroweb.org/individual-guidelines/non-oncology-guidelines/\">View Society Guidelines</a></p><p><small><b>Published by: </b>European Association of Urology</small><br><small><b>Published: </b>2019</small></p><p><small><b>Summary</b><br><P>Recommendations for management of phimosis and paraphimosis.</P></small></p></p><hr><p><h4>Management of foreskin conditions<a href=\"epoc://current?article=23\">[23]</a> </h4><p><a href=\"https://www.baps.org.uk/resources/\">View Society Guidelines</a></p><p><small><b>Published by: </b>British Association of Paediatric Urologists</small><br><small><b>Published: </b>2017</small></p><p><small><b>Summary</b><br><P>Covers the management of foreskin conditions and circumcision in male children.</P></small></p></p><hr></div></div></div>",
   "type":"web"},

  {
   "id":"p-tx-c_0",
   "title":"ignoreme",
   "html":"<html><div class=\"cell\"><div class=\"cellBlock\"><div class=\"cellTitle\">Comments</div><div class=\"cellBody\"><ul><li>Patients with evidence of significant glans penis ischemia, with necrosis and sloughing of the foreskin and/or glans, require involvement of a urology specialist.</li><li>They will require procedural sedation or general anesthesia followed by immediate reduction using invasive techniques.</li><li>Devitalized tissue will require operative debridement.</li></ul></div></div></div></html>",
   "type":"web"},

  {
   "id":"tx-0",
   "sections":
   [

    {
     "cells":
     [

      {
       "target":"p-tx-c_0",
       "title":"emergency surgery",
       "flag":"1st",
       "type":"flex1"}      ]}    ],
   "type":"table"},

  {
   "id":"p-tx-c_1",
   "title":"ignoreme",
   "html":"<html><div class=\"cell\"><div class=\"cellBlock\"><div class=\"cellTitle\">Comments</div><div class=\"cellBody\"><ul><li>This is performed to reduce swelling and to replace the foreskin over the glans penis.</li><li>Before manipulation, a topical analgesic or injection of a local anesthetic is required. Young boys often require parenteral administration of opioids and sedative agents in addition to local anesthesia. Acupuncture is a nonpharmacologic option for pain management.<a href=\"epoc://current?article=18\">[18]</a> </li><li>Ice, compression, or an osmotic agent may be applied after the anesthesia.<a href=\"epoc://current?article=19\">[19]</a> </li><li>Ice packs can be applied to the penis after the penis has been wrapped in plastic.</li><li>Compression is commonly performed using a gloved hand but can also be achieved by a 2 x 2-inch bandage. The edematous glans and foreskin should be compressed until swelling is noted to improve. This technique is successful in the majority of boys with paraphimosis.</li><li>Osmotic agent (e.g., fine granulated sugar) is applied in liberal amounts, on the principle that fluid flows down a concentration gradient; in this case the hypotonic fluid in the penis flows to the hypertonic agent on the outside of the skin.<a href=\"epoc://current?article=20\">[20]</a> </li><li>Once foreskin swelling has been reduced as much as possible, manual reduction is performed by pulling the phimotic ring while pushing down on the glans.<a href=\"epoc://current?article=19\">[19]</a><a class=\"inlineImage\" href=\"epoc://current?view=p-images-i_8\">Image</a></li><li><a class=\"inlineImage\" href=\"epoc://current?view=p-images-i_9\">Image</a></li></ul></div></div></div></html>",
   "type":"web"},

  {
   "id":"p-tx-c_2",
   "title":"ignoreme",
   "html":"<html><div class=\"cell\"><div class=\"cellBlock\"><div class=\"cellTitle\">Comments</div><div class=\"cellBody\"><ul><li>This may be used after failed attempts at reduction using minimally invasive procedures.</li><li>Perforation of the foreskin at multiple locations (the Dundee technique) allows exudation of the edematous fluid and reduction in swelling.<a href=\"epoc://current?article=13\">[13]</a> <a href=\"epoc://current?article=21\">[21]</a> </li><li>After appropriate local analgesia and sedation, multiple punctures are made in the edematous foreskin using a 22-gauge hypodermic needle.</li><li>Subsequently, the foreskin is reduced by manual compression and reduction.</li></ul></div></div></div></html>",
   "type":"web"},

  {
   "id":"p-tx-c_3",
   "title":"ignoreme",
   "html":"<html><div class=\"cell\"><div class=\"cellBlock\"><div class=\"cellTitle\">Primary Options</div><div class=\"cellBody\"><UL class=\"tx-options\"><LI><span><A href=\"epoc://rx/monograph/3658\">sodium hyaluronate</A>: consult specialist for guidance on dose<BR></span></LI></UL></div><div class=\"cellTitle\">Comments</div><div class=\"cellBody\"><ul><li>This natural protein may be used to augment the puncture technique.<a href=\"epoc://current?article=22\">[22]</a> </li><li>Injection of hyaluronidase into the edematous foreskin leads to degradation of hyaluronic acid and reduction of edema.</li><li>As the swelling subsides, reduction can be attempted.</li></ul></div></div></div></html>",
   "type":"web"},

  {
   "id":"p-tx-c_4",
   "title":"ignoreme",
   "html":"<html><div class=\"cell\"><div class=\"cellBlock\"><div class=\"cellTitle\">Comments</div><div class=\"cellBody\"><ul><li>This is reserved for patients who fail conservative attempts at reduction.</li><li>Although in very infirm and older people this can be performed at the bedside using a penile block (i.e., local anesthetic plus procedural sedation), in most patients general anesthesia will be required.</li><li>For the dorsal slit procedure, the phimotic ring is incised on the dorsal aspect of the penis until release of the foreskin is identified. <a class=\"inlineImage\" href=\"epoc://current?view=p-images-i_10\">Image</a> This allows the swelling to subside. The edges are closed using 4-0 chromic suture or similar.</li><li>Completion of the circumcision is performed as a second procedure, once the swelling of the foreskin has subsided.<a class=\"inlineImage\" href=\"epoc://current?view=p-images-i_11\">Image</a></li></ul></div></div></div></html>",
   "type":"web"},

  {
   "id":"tx-1",
   "sections":
   [

    {
     "cells":
     [

      {
       "target":"p-tx-c_1",
       "title":"manual manipulation",
       "flag":"1st",
       "type":"flex1"}      ]},

    {
     "cells":
     [

      {
       "target":"p-tx-c_2",
       "title":"puncture technique",
       "flag":"2nd",
       "type":"flex1"},

      {
       "target":"p-tx-c_3",
       "title":"hyaluronidase",
       "flag":"adj.",
       "type":"flex1"}      ]},

    {
     "cells":
     [

      {
       "target":"p-tx-c_4",
       "title":"surgical reduction followed by circumcision",
       "flag":"3rd",
       "type":"flex1"}      ]}    ],
   "type":"table"},

  {
   "id":"p-tx-c_5",
   "title":"ignoreme",
   "html":"<html><div class=\"cell\"><div class=\"cellBlock\"><div class=\"cellTitle\">Comments</div><div class=\"cellBody\"><ul><li>Patients with the chronic form of paraphimosis should undergo surgical reduction followed by circumcision as first-line therapy.</li><li>Although in very infirm and older people this can be performed at the bedside using a penile block (i.e., local anesthetic plus procedural sedation), in most patients general anesthesia will be required.</li><li>For the dorsal slit procedure, the phimotic ring is incised on the dorsal aspect of the penis until release of the foreskin is identified. <a class=\"inlineImage\" href=\"epoc://current?view=p-images-i_12\">Image</a> This allows the swelling to subside. The edges are closed using 4-0 chromic suture or similar.</li><li>Completion of the circumcision is performed as a second procedure, once the swelling of the foreskin has subsided.<a class=\"inlineImage\" href=\"epoc://current?view=p-images-i_13\">Image</a></li></ul></div></div></div></html>",
   "type":"web"},

  {
   "id":"tx-5",
   "sections":
   [

    {
     "cells":
     [

      {
       "target":"p-tx-c_5",
       "title":"surgical reduction followed by circumcision",
       "flag":"1st",
       "type":"flex1"}      ]}    ],
   "type":"table"},

  {
   "id":"p-images-i_1",
   "title":"Images",
   "type":"image",
   "image_refs":
   [
0    ]},

  {
   "id":"p-images-i_2",
   "title":"Images",
   "type":"image",
   "image_refs":
   [
0    ]},

  {
   "id":"p-images-i_3",
   "title":"Images",
   "type":"image",
   "image_refs":
   [
0,
1,
2    ]},

  {
   "id":"p-images-i_4",
   "title":"Images",
   "type":"image",
   "image_refs":
   [
1,
2    ]},

  {
   "id":"p-images-i_5",
   "title":"Images",
   "type":"image",
   "image_refs":
   [
3    ]},

  {
   "id":"p-images-i_6",
   "title":"Images",
   "type":"image",
   "image_refs":
   [
4,
5    ]},

  {
   "id":"p-images-i_7",
   "title":"Images",
   "type":"image",
   "image_refs":
   [
6,
7,
8    ]},

  {
   "id":"p-images-i_8",
   "title":"Images",
   "type":"image",
   "image_refs":
   [
4,
5    ]},

  {
   "id":"p-images-i_9",
   "title":"Images",
   "type":"image",
   "image_refs":
   [
3    ]},

  {
   "id":"p-images-i_10",
   "title":"Images",
   "type":"image",
   "image_refs":
   [
6,
7    ]},

  {
   "id":"p-images-i_11",
   "title":"Images",
   "type":"image",
   "image_refs":
   [
8    ]},

  {
   "id":"p-images-i_12",
   "title":"Images",
   "type":"image",
   "image_refs":
   [
6,
7    ]},

  {
   "id":"p-images-i_13",
   "title":"Images",
   "type":"image",
   "image_refs":
   [
8    ]}  ],
 "citations":
 {
  "articles":
  [

   {
    "id":1,
    "key_article":false,
    "ref_article":true,
    "html":"McGregor TB, Pike JG, Leonard MP. Pathologic and physiologic phimosis: approach to the phimotic foreskin. Can Fam Physician. 2007 Mar;53(3):445-8.<a href=\"http://www.ncbi.nlm.nih.gov/pubmed/17872680\"> [Abstract]</a><a href=\"https://www.ncbi.nlm.nih.gov/pmc/articles/PMC1949079/\"> [Full Text]</a>"},

   {
    "id":2,
    "key_article":true,
    "ref_article":true,
    "html":"European Association of Urology. Paediatric urology. 2019 [internet publication].<a href=\"https://uroweb.org/guideline/paediatric-urology/\"> [Full Text]</a>"},

   {
    "id":3,
    "key_article":true,
    "ref_article":true,
    "html":"Manjunath AS, Hofer MD. Urologic emergencies. Med Clin North Am. 2018 Mar;102(2):373-85.<a href=\"http://www.ncbi.nlm.nih.gov/pubmed/29406065\"> [Abstract]</a>"},

   {
    "id":4,
    "key_article":true,
    "ref_article":true,
    "html":"Rangarajan M, Jayakar SM. Paraphimosis revisited: is chronic paraphimosis a predominantly third world condition? Trop Doct. 2008 Jan;38(1):40-2.<a href=\"http://www.ncbi.nlm.nih.gov/pubmed/18302866\"> [Abstract]</a>"},

   {
    "id":5,
    "key_article":true,
    "ref_article":true,
    "html":"Williams JC, Morrison PM, Richardson JR. Paraphimosis in elderly men. Am J Emerg Med. 1995 May;1(3):351-3.<a href=\"http://www.ncbi.nlm.nih.gov/pubmed/7755835\"> [Abstract]</a>"},

   {
    "id":6,
    "key_article":true,
    "ref_article":true,
    "html":"Manjunath AS, Hofer MD. Urologic emergencies. Med Clin North Am. 2018 Mar;102(2):373-85.<a href=\"http://www.ncbi.nlm.nih.gov/pubmed/29406065\"> [Abstract]</a>"},

   {
    "id":7,
    "key_article":false,
    "ref_article":true,
    "html":"Choe JM. Paraphimosis: current treatment options. Am Fam Physician. 2000 Dec 15;62(12):2623-6, 2628.<a href=\"http://www.ncbi.nlm.nih.gov/pubmed/11142469\"> [Abstract]</a><a href=\"http://www.aafp.org/afp/2000/1215/p2623.html\"> [Full Text]</a>"},

   {
    "id":8,
    "key_article":false,
    "ref_article":true,
    "html":"Abara EO. Prepuce health and childhood circumcision: choices in Canada. Can Urol Assoc J. 2017 Jan-Feb;11(1-2 suppl 1):S55-62.<a href=\"http://www.ncbi.nlm.nih.gov/pubmed/28265321\"> [Abstract]</a><a href=\"https://www.ncbi.nlm.nih.gov/pmc/articles/PMC5332238/\"> [Full Text]</a>"},

   {
    "id":9,
    "key_article":false,
    "ref_article":true,
    "html":"Lee B, Vangipuram R, Petersen E, et al. Complications associated with intimate body piercings. Dermatol Online J. 2018 Jul 15;24(7).<a href=\"http://www.ncbi.nlm.nih.gov/pubmed/30261561\"> [Abstract]</a><a href=\"https://escholarship.org/uc/item/5gp333zr\"> [Full Text]</a>"},

   {
    "id":10,
    "key_article":false,
    "ref_article":true,
    "html":"Verma S. Coital penile trauma with severe paraphimosis. J Eur Acad Dermatol Venereol. 2005 Jan;19(1):134-5.<a href=\"http://www.ncbi.nlm.nih.gov/pubmed/15649211\"> [Abstract]</a>"},

   {
    "id":11,
    "key_article":false,
    "ref_article":true,
    "html":"Ramdass MJ, Naraynsingh V, Kuruvilla T, et al. Case report. Paraphimosis due to erotic dancing. Trop Med Int Health. 2000 Dec;5(12):906-7.<a href=\"http://www.ncbi.nlm.nih.gov/pubmed/11169281\"> [Abstract]</a>"},

   {
    "id":12,
    "key_article":false,
    "ref_article":true,
    "html":"Yiqiter M, Arda IS, Hicsonmez A. An unusual cause of paraphimosis: hemangioma of the glans penis. J Pediatr Surg. 2008 Feb;43(2):e31-3.<a href=\"http://www.ncbi.nlm.nih.gov/pubmed/18280267\"> [Abstract]</a>"},

   {
    "id":13,
    "key_article":false,
    "ref_article":true,
    "html":"Reynard JM, Barua JM. Reduction of paraphimosis the simple way - the Dundee technique. BJU Int. 1999 May;83(7):859-60.<a href=\"http://www.ncbi.nlm.nih.gov/pubmed/10368214\"> [Abstract]</a>"},

   {
    "id":14,
    "key_article":false,
    "ref_article":true,
    "html":"Palmisano F, Gadda F, Spinelli MG, et al. Glans penis necrosis following paraphimosis: a rare case with brief literature review. Urol Case Rep. 2017 Nov 13;16:57-8.<a href=\"http://www.ncbi.nlm.nih.gov/pubmed/29181301\"> [Abstract]</a><a href=\"https://www.ncbi.nlm.nih.gov/pmc/articles/PMC5694956/\"> [Full Text]</a>"},

   {
    "id":15,
    "key_article":false,
    "ref_article":true,
    "html":"Kato T, Mizuno K, Nishio H, et al. Can lichen sclerosus be diagnosed by preputial appearance or symptoms? Res Rep Urol. 2018 Sep 18;10:89-94.<a href=\"http://www.ncbi.nlm.nih.gov/pubmed/30271758\"> [Abstract]</a><a href=\"https://www.ncbi.nlm.nih.gov/pmc/articles/PMC6149835/\"> [Full Text]</a>"},

   {
    "id":16,
    "key_article":false,
    "ref_article":true,
    "html":"Berk DR, Lee R. Paraphimosis in a middle-aged adult after intercourse. Am Fam Physician. 2004 Feb 15;69(4):807-8.<a href=\"http://www.ncbi.nlm.nih.gov/pubmed/14989568\"> [Abstract]</a><a href=\"http://www.aafp.org/afp/2004/0215/p807.html\"> [Full Text]</a>"},

   {
    "id":17,
    "key_article":true,
    "ref_article":true,
    "html":"European Association of Urology. Paediatric urology. 2019 [internet publication].<a href=\"https://uroweb.org/guideline/paediatric-urology/\"> [Full Text]</a>"},

   {
    "id":18,
    "key_article":false,
    "ref_article":true,
    "html":"Tsai SL, Reynoso E, Shin DW, et al. Acupuncture as a nonpharmacologic treatment for pain in a pediatric emergency department. Pediatr Emerg Care. 2018 Sep 21 [Epub ahead of print].<a href=\"http://www.ncbi.nlm.nih.gov/pubmed/30247457\"> [Abstract]</a>"},

   {
    "id":19,
    "key_article":false,
    "ref_article":true,
    "html":"Turner CD, Kim HL, Cromie WJ. Dorsal band traction for reduction of paraphimosis. Urology. 1999 Nov;54(5):917-8.<a href=\"http://www.ncbi.nlm.nih.gov/pubmed/10565759\"> [Abstract]</a>"},

   {
    "id":20,
    "key_article":false,
    "ref_article":true,
    "html":"Kerwat R, Shandall A, Stephenson B. Reduction of paraphimosis with granulated sugar. Br J Urol. 1998 Nov;82(5):755.<a href=\"http://www.ncbi.nlm.nih.gov/pubmed/9839597\"> [Abstract]</a>"},

   {
    "id":21,
    "key_article":false,
    "ref_article":true,
    "html":"Barone JG, Fleisher MH. Treatment of paraphimosis using the \"puncture\" technique. Pediatr Emerg Care. 1993 Oct;9(5):298-9.<a href=\"http://www.ncbi.nlm.nih.gov/pubmed/8247937\"> [Abstract]</a>"},

   {
    "id":22,
    "key_article":true,
    "ref_article":true,
    "html":"DeVries CR, Miller AK, Packer MG. Reduction of paraphimosis with hyaluronidase. Urology. 1996 Sep;48(3):464-5.<a href=\"http://www.ncbi.nlm.nih.gov/pubmed/8804504\"> [Abstract]</a>"},

   {
    "id":23,
    "key_article":false,
    "ref_article":true,
    "html":"British Association of Paediatric Urologists. Management of foreskin conditions. 2017 [internet publication].<a href=\"https://www.baps.org.uk/content/uploads/2017/03/MANAGEMENT-OF-FORESKIN-CONDITIONS.pdf\"> [Full Text]</a>"}   ]},
 "media":
 [

  {
   "file":"765-2-iline.gif",
   "thumb":"",
   "caption":"Diagram illustrating paraphimosis",
   "hilight":"false",
   "iline":"true",
   "auth":"false",
   "source":"From the collection of Dr Ranjiv Mathews"},

  {
   "file":"765-2.jpg",
   "thumb":"765-2-tn.jpg",
   "caption":"Paraphimosis",
   "hilight":"false",
   "iline":"false",
   "auth":"false",
   "source":"From the collection of Dr Ranjiv Mathews"},

  {
   "file":"765-3.jpg",
   "thumb":"765-3-tn.jpg",
   "caption":"Paraphimotic ring",
   "hilight":"false",
   "iline":"false",
   "auth":"false",
   "source":"From the collection of Dr Ranjiv Mathews"},

  {
   "file":"765-3-iline.gif",
   "thumb":"",
   "caption":"Diagram illustrating the technique for manual reduction of paraphimosis",
   "hilight":"false",
   "iline":"true",
   "auth":"false",
   "source":"From the collection of Dr Ranjiv Mathews"},

  {
   "file":"765-4.jpg",
   "thumb":"765-4-tn.jpg",
   "caption":"Prereduction of paraphimosis",
   "hilight":"false",
   "iline":"false",
   "auth":"false",
   "source":"From the collection of Dr Michelle Semins and Dr Adam Kern"},

  {
   "file":"765-5.jpg",
   "thumb":"765-5-tn.jpg",
   "caption":"Process of manual manipulation of paraphimosis",
   "hilight":"false",
   "iline":"false",
   "auth":"false",
   "source":"From the collection of Dr Michelle Semins and Dr Adam Kern"},

  {
   "file":"765-7.jpg",
   "thumb":"765-7-tn.jpg",
   "caption":"Dorsal slit for management of paraphimosis",
   "hilight":"false",
   "iline":"false",
   "auth":"false",
   "source":"From the collection of Dr Ranjiv Mathews"},

  {
   "file":"765-8.jpg",
   "thumb":"765-8-tn.jpg",
   "caption":"Dorsal slit for management of paraphimosis",
   "hilight":"false",
   "iline":"false",
   "auth":"false",
   "source":"From the collection of Dr Ranjiv Mathews"},

  {
   "file":"765-6.jpg",
   "thumb":"765-6-tn.jpg",
   "caption":"Completed dorsal slit and reduction of the paraphimosis",
   "hilight":"false",
   "iline":"false",
   "auth":"false",
   "source":"From the collection of Dr Ranjiv Mathews"}  ]}