
{
 "id":768,
 "title":"Cyanosis, newborn eval",
 "views":
 [

  {
   "id":"root",
   "type":"table",
   "sections":
   [

    {
     "cells":
     [

      {
       "target":"eval-overview",
       "title":"Overview",
       "type":"flex0"}      ]},

    {
     "cells":
     [

      {
       "target":"eval-urgent",
       "title":"Urgent Considerations",
       "type":"flex0"},

      {
       "target":"eval-differentials",
       "title":"Differential Diagnosis",
       "type":"flex0"},

      {
       "target":"eval-diag_approach",
       "title":"Diagnostic Approach",
       "type":"flex0"}      ]}    ]},

  {
   "id":"eval-overview",
   "title":"Cyanosis, newborn eval",
   "html":"<div class=\"cell\"><div class=\"cellBlock\"><div class=\"cellBody\"><P>Tachypnea and cyanosis are frequently encountered in the neonatal period. The prevalence of respiratory distress in newborns ranges from 2.9% to 7.6%. Cyanosis can result from a range of disorders, including cardiac, metabolic, neurologic, and pulmonary disorders. In all, 4.3% of newborns may require supplemental oxygen therapy because of cyanosis.<a href=\"epoc://current?article=1\">[1]</a> <a href=\"epoc://current?article=2\">[2]</a> <a href=\"epoc://current?article=3\">[3]</a> Cyanosis is dependent on the absolute concentration of the reduced hemoglobin and not on the ratio of reduced hemoglobin to oxyhemoglobin. It is visually perceptible when reduced hemoglobin exceeds 3-5 g/dL. Cyanosis is classified into central and peripheral cyanosis. When present throughout the body, including the mucous membranes and tongue, the condition is termed central cyanosis. When limited to the extremities, it is termed peripheral cyanosis or acrocyanosis.</P></div><div class=\"cellTitle\">Authors / Peer Reviewers</div><div class=\"cellBody\"><ul><li>Mohan Pammi, MD, PhD, MRCPCH</li><li>AnnaMarie Arias-Shah, MD, FAAP</li><li>Rama Bhat, MD</li><li>Utpala G. Das, MD</li><li>Russell Peek, BSc (Hons), MBChB (Hons), MRCPCH</li></ul><br><b class=\"last-updated display-none\">Last Updated: 2020-07-28</b><div style=\"display: none\" class=\"last-updated\"><div class=\"last-updated-label\">Last Updated</div><div class=\"last-updated-date\">2020-07-28</div></div></div></div></div>",
   "type":"web"},

  {
   "id":"eval-urgent",
   "html":"<div class=\"cell\"><div class=\"cellBlock\"><div class=\"cellBody\"><div class=\"cellBody\"><P>In most healthy infants, the oxygen saturation rises to &gt;90% by 10 minutes of age.<a href=\"epoc://current?article=5\">[5]</a> All cases of newborn cyanosis persisting beyond the first 10 minutes postpartum require immediate attention. Most cases of persistent newborn cyanosis are due to cardiopulmonary causes that require rapid intervention with a goal of maintaining oxygen saturation &gt;90%.</P><ul><li>Oxygen administration should occur prior to evaluation of the underlying cause.</li><li>Oxygen saturation should be maintained &gt;90%, except in the presence of cyanotic cardiac lesions.</li><li>Assisted ventilation (using nasal continuous positive airway pressure if possible, otherwise intubation and ventilation) should be considered for all infants with severe cyanosis.<a href=\"epoc://current?article=6\">[6]</a> </li></ul><P>Preterm neonates may require surfactant administration through a tracheal tube to increase lung compliance.<a href=\"epoc://current?article=6\">[6]</a> Surfactant administration is essential to treat respiratory distress syndrome.<a href=\"epoc://current?article=7\">[7]</a> </P><P>Vascular access should be established for infusion of drugs and/or fluids:</P><ul><li>Fluids and vasopressors (dopamine, dobutamine, or epinephrine) should be given for hypotension and shock.</li><li>Antibiotics should be given if there is evidence of sepsis (see below) or pneumonia.</li><li>Alprostadil (prostaglandin E1) infusion should be given to maintain patency of ductus arteriosus in suspected ductal-dependent congenital cardiac conditions.</li></ul><P>Administration of alprostadil as an intravenous infusion is life-saving in infants with ductal-dependent cyanotic cardiac lesions. Treatment should therefore be initiated without delay if this cause is suspected, keeping in mind that apnea can result from alprostadil administration.</P><P>Symptomatic hypoglycemia and hypocalcemia should be corrected with intravenous administration of glucose or calcium, as these conditions can give rise to apnea (with or without seizures).</P><P>Cyanotic infants with suspected congenital heart disease should be transferred to a tertiary care center immediately for further management and treatment with balloon septostomy and/or surgery as necessary. Infants with severe pulmonary hypertension should be referred to a center equipped with nitric oxide.</P><P>Cyanosis may be a presenting symptom of sepsis, a clinical syndrome resulting from a dysregulated immune response to infection. A standard ABC (airway, breathing, circulation) approach, with particular emphasis on early administration of antibiotics and fluid resuscitation, is key in the management of children with sepsis and septic shock.</P><P>Pediatric Sepsis Six</P><P>The Pediatric Sepsis Six initiative is an example of a care bundle designed to facilitate prompt management of sepsis using 6 elements of care in a time-critical manner.</P><P>Initiate the following 6 interventions within 1 hour of presentation of suspected sepsis:<a href=\"epoc://current?article=8\">[8]</a> </P><ul><li>Give supplemental oxygen.</li></ul><ul><li>Obtain intravenous or intraosseous access within 5 minutes of presentation and blood tests ordered, including blood cultures, blood glucose (low blood glucose should be treated), and arterial, capillary, or venous blood gases. Complete blood count, serum lactate, and C-reactive protein should also be ordered for baseline assessment.</li></ul><ul><li>Give intravenous or intraosseous antibiotics with broad-spectrum cover as per local policies.</li></ul><ul><li>Consider fluid resuscitation. The aim is to restore normal circulating volume and physiologic parameters. Isotonic fluid (10 mL/kg in neonates) should be titrated over 5 minutes and repeated as necessary. Take caution to avoid fluid overload by examining the patient regularly (e.g., for pulmonary crepitations and hepatomegaly).</li></ul><ul><li>Experienced senior clinicians or specialists should be involved and consulted early.</li></ul><ul><li>Consider early vasoactive-inotropic support if normal physiologic parameters are not restored after giving ≥40 mL/kg of fluids. It is important to note that adrenaline (epinephrine) or dopamine may be given via peripheral intravenous or intraosseous access.</li></ul></div></div></div></div>",
   "type":"web"},

  {
   "id":"p_0",
   "title":"Cyanosis, newborn eval",
   "html":"<html><div class=\"cell\"><div class=\"cellBlock\"><div class=\"cellTitle\">History</div><div class=\"cellBody\">incidence is higher in male infants and infants of diabetic mothers; cyanosis appears within the first 24 hours, sometimes with no respiratory distress; if transposition of great arteries is present with an intact ventricular septum, the infant will be very cyanotic, requiring immediate intervention</div><div class=\"cellTitle\">Exam</div><div class=\"cellBody\">prominent right ventricular heave and a single second heart sound (a loud A2) are usually present; a systolic murmur due to increased pulmonary blood flow may be heard in a few cases</div><div class=\"cellTitle\">1st Tests</div><div class=\"cellBody\"><B>echocardiogram: </B>definitive diagnostic test; reveals abnormal position of the aorta and pulmonary arteries, abnormal cardiac anatomy and function<BR><B>chest x-ray: </B>\"egg on a string\" appearance; slight cardiomegaly and increased pulmonary vascular markings<BR></div><div class=\"cellTitle\">Other Tests</div><div class=\"cellBody\"><B>ABG: </B>low PaO₂ with normal PaCO₂ and pH<BR></div></div></div></html>",
   "type":"web"},

  {
   "id":"p_1",
   "title":"Cyanosis, newborn eval",
   "html":"<html><div class=\"cell\"><div class=\"cellBlock\"><div class=\"cellTitle\">History</div><div class=\"cellBody\">cyanosis depends on the degree of right ventricular outflow tract obstruction, which ranges from very mild to severe; the age of symptom onset is variable; VACTERL (vertebral anomalies, imperforate anus, cardiac lesions, tracheoesophageal fistula, renal and limb anomalies) are seen in approximately 15% of infants who have tetralogy of Fallot; infants may be referred for mild cyanosis or presence of a murmur at birth</div><div class=\"cellTitle\">Exam</div><div class=\"cellBody\">prominent right ventricular heave and systolic ejection murmur at left sternal border are usually present</div><div class=\"cellTitle\">1st Tests</div><div class=\"cellBody\"><B>chest x-ray: </B>boot-shaped heart<BR><B>echocardiogram: </B>diagnostic study revealing characteristic cardiac anatomy and function<BR></div><div class=\"cellTitle\">Other Tests</div><div class=\"cellBody\"><B>ECG: </B>right ventricular hypertrophy<BR></div><BR><A href=\"epoc://dx/monograph/701\"><B class=\"view-dx-monograph\">View Dx Monograph</B></A><BR></div></div></html>",
   "type":"web"},

  {
   "id":"p_2",
   "title":"Cyanosis, newborn eval",
   "html":"<html><div class=\"cell\"><div class=\"cellBlock\"><div class=\"cellTitle\">History</div><div class=\"cellBody\">clinical condition depends on the presence of pulmonary venous obstruction; pulmonary congestion (pulmonary edema) with respiratory distress and cyanosis can be mistaken for interstitial pneumonitis</div><div class=\"cellTitle\">Exam</div><div class=\"cellBody\">prominent right ventricular heave; widely split S2; systolic ejection murmur at the left upper sternal border may occur; hepatomegaly is common; response to prostaglandin E1 infusion is generally ineffective to minimal</div><div class=\"cellTitle\">1st Tests</div><div class=\"cellBody\"><B>chest x-ray: </B>cardiomegaly; \"snowman\" pulmonary congestion<BR><B>echocardiogram: </B>definitive diagnostic test; reveals pulmonary venous drainage, characteristic cardiac anatomy and function<BR></div><div class=\"cellTitle\">Other Tests</div><div class=\"cellBody\"><B>ECG: </B>right ventricular hypertrophy<BR></div></div></div></html>",
   "type":"web"},

  {
   "id":"p_3",
   "title":"Cyanosis, newborn eval",
   "html":"<html><div class=\"cell\"><div class=\"cellBlock\"><div class=\"cellTitle\">History</div><div class=\"cellBody\">most cases are diagnosed prenatally; more common in boys; if unrecognized at birth, infants become symptomatic at the time of the closure of the ductus arteriosus; when the ductus arteriosus closes, respiratory distress develops, shock and cyanosis with poor peripheral perfusion generally occur within the first 3 days of life; severe cyanosis can occur at birth when the foramen ovale is closed or restrictive</div><div class=\"cellTitle\">Exam</div><div class=\"cellBody\">right ventricular heave and single S2 are present</div><div class=\"cellTitle\">1st Tests</div><div class=\"cellBody\"><B>chest x-ray: </B>cardiomegaly with some degree of pulmonary congestion<BR><B>echocardiogram: </B>definitive diagnostic test that reveals abnormal cardiac anatomy and function<BR></div><div class=\"cellTitle\">Other Tests</div><div class=\"cellBody\"><B>ECG: </B>right ventricular hypertrophy<BR></div></div></div></html>",
   "type":"web"},

  {
   "id":"p_4",
   "title":"Cyanosis, newborn eval",
   "html":"<html><div class=\"cell\"><div class=\"cellBlock\"><div class=\"cellTitle\">History</div><div class=\"cellBody\">most cases are diagnosed prenatally by fetal echo; symptoms depend on the presence of ventricular septal defect (VSD); if there is a large shunt through the VSD, many infants may have mild cyanosis or none in the neonatal period; many infants present with congestive heart failure later; if the VSD is very restrictive, severe cyanosis may develop when the ductus arteriosus closes</div><div class=\"cellTitle\">Exam</div><div class=\"cellBody\">systolic ejection murmur at the left upper sternal border and prominent left ventricular impulse</div><div class=\"cellTitle\">1st Tests</div><div class=\"cellBody\"><B>chest x-ray: </B>depends on the degree of pulmonary blood flow and may present with pulmonary congestion<BR><B>echocardiogram: </B>definitive diagnostic test that reveals tricuspid atresia; enlarged right atrium and dilated right ventricle<BR></div><div class=\"cellTitle\">Other Tests</div><div class=\"cellBody\"><B>ECG: </B>left axis deviation and left ventricular hypertrophy<BR></div></div></div></html>",
   "type":"web"},

  {
   "id":"p_5",
   "title":"Cyanosis, newborn eval",
   "html":"<html><div class=\"cell\"><div class=\"cellBlock\"><div class=\"cellTitle\">History</div><div class=\"cellBody\">mild to moderate cyanosis with or without respiratory distress may present in first week of life; velocardiofacial syndrome (22q deletion) is present in 30% to 50% of truncus arteriosus cases</div><div class=\"cellTitle\">Exam</div><div class=\"cellBody\">hyperdynamic precordium with loud single S2; loud systolic and diastolic murmur with wide pulse pressure and bounding pulses; respiratory distress depends on the degree of pulmonary congestion and worsens when pulmonary vascular resistance drops after the first 2 to 3 days; congestive heart failure may develop as a result</div><div class=\"cellTitle\">1st Tests</div><div class=\"cellBody\"><B>chest x-ray: </B>cardiomegaly and increased pulmonary blood flow<BR><B>echocardiogram: </B>definitive diagnostic test; may reveal abnormal morphology and functional derangement of the truncal valve<BR></div><div class=\"cellTitle\">Other Tests</div><div class=\"cellBody\"><B>ECG: </B>biventricular hypertrophy<BR></div></div></div></html>",
   "type":"web"},

  {
   "id":"p_6",
   "title":"Cyanosis, newborn eval",
   "html":"<html><div class=\"cell\"><div class=\"cellBlock\"><div class=\"cellTitle\">History</div><div class=\"cellBody\">variable presentation depends on the presence of ventricular septal defect and atrial septal defect for adequate mixing of blood at the atrial or ventricular level; mild to moderate cyanosis becomes worse when ductus arteriosus closes</div><div class=\"cellTitle\">Exam</div><div class=\"cellBody\">murmur of patent ductus arteriosus is the only common finding</div><div class=\"cellTitle\">1st Tests</div><div class=\"cellBody\"><B>chest x-ray: </B>may reveal decreased pulmonary vascular markings<BR><B>echocardiogram: </B>definitive diagnostic test that reveals pulmonary atresia, abnormal cardiac anatomy and function<BR></div><div class=\"cellTitle\">Other Tests</div><div class=\"cellBody\"><B>ECG: </B>peaked P waves in lead II due to right atrial enlargement and mild left axis deviation<BR></div></div></div></html>",
   "type":"web"},

  {
   "id":"p-cat_1",
   "sections":
   [

    {
     "cells":
     [

      {
       "title":" ! Transposition of great arteries",
       "type":"flex0",
       "target":"p_0"},

      {
       "title":"Tetralogy of Fallot",
       "type":"flex0",
       "target":"p_1"},

      {
       "title":" ! Total anomalous pulmonary venous return",
       "type":"flex0",
       "target":"p_2"},

      {
       "title":" ! Hypoplastic left heart syndrome or single ventricle physiology states",
       "type":"flex0",
       "target":"p_3"},

      {
       "title":" ! Tricuspid atresia",
       "type":"flex0",
       "target":"p_4"},

      {
       "title":"Truncus arteriosus",
       "type":"flex0",
       "target":"p_5"},

      {
       "title":"Pulmonary atresia",
       "type":"flex0",
       "target":"p_6"}      ]}    ],
   "type":"table"},

  {
   "id":"p_7",
   "title":"Cyanosis, newborn eval",
   "html":"<html><div class=\"cell\"><div class=\"cellBlock\"><div class=\"cellTitle\">History</div><div class=\"cellBody\">generally occurs in preterm infants due to surfactant deficiency; prenatal history may reveal immature lung profile in the amniotic fluid; higher incidence has been noted in infants of diabetic mothers; full-term infants with RDS have been reported to have surfactant protein B deficiency or adenosine triphosphate-binding cassette, subfamily A (ABCA3) mutations; majority of preterm infants with RDS are born to mothers who did not receive prenatal corticosteroids; delivery of previous sibling with RDS</div><div class=\"cellTitle\">Exam</div><div class=\"cellBody\">tachypnea, nasal flaring, grunting, and retractions with cyanosis; in severe cases diminished air entry is present on chest auscultation</div><div class=\"cellTitle\">1st Tests</div><div class=\"cellBody\"><B>chest x-ray: </B>reticular granularity, air bronchograms; in severe cases, decreased lung volume<BR></div><div class=\"cellTitle\">Other Tests</div><div class=\"cellBody\"><B>ABG: </B>low PaO₂ and a high PaCO₂ may be seen<BR></div><BR><A href=\"epoc://dx/monograph/374\"><B class=\"view-dx-monograph\">View Dx Monograph</B></A><BR></div></div></html>",
   "type":"web"},

  {
   "id":"p_8",
   "title":"Cyanosis, newborn eval",
   "html":"<html><div class=\"cell\"><div class=\"cellBlock\"><div class=\"cellTitle\">History</div><div class=\"cellBody\">higher incidence among full-term newborns born by elective cesarean section; tachypnea is the presenting symptom with increased FiO₂ requirement; self-limited problem; generally resolves within the first 3 days; cyanosis may occur in severe cases</div><div class=\"cellTitle\">Exam</div><div class=\"cellBody\">tachypneic infant with reasonable air entry bilaterally on auscultation</div><div class=\"cellTitle\">1st Tests</div><div class=\"cellBody\"><B>chest x-ray: </B>good lung volume with perihilar markings along with fissural fluid markings on the right horizontal fissure<BR></div><div class=\"cellTitle\">Other Tests</div><div class=\"cellBody\"><B>ABG: </B>mild hypoxia with normal or slightly elevated PaCO₂<BR></div></div></div></html>",
   "type":"web"},

  {
   "id":"p_11",
   "title":"Cyanosis, newborn eval",
   "html":"<html><div class=\"cell\"><div class=\"cellBlock\"><div class=\"cellTitle\">History</div><div class=\"cellBody\">may be due to meconium aspiration syndrome, blood, milk aspiration, or amniotic fluid; meconium aspiration is commonly seen in post-term infants and those who develop fetal distress; a history of thick meconium-stained amniotic fluid at the time of rupture of membranes is characteristic; most infants become symptomatic with respiratory distress at birth; in the case of blood aspiration, there may be a history of antepartum hemorrhage; in the case of milk aspiration, emesis following feeding and subsequent development of respiratory distress is usually present</div><div class=\"cellTitle\">Exam</div><div class=\"cellBody\">tachypnea, grunting, retractions, and cyanosis are present; on auscultation diminished air entry, rales, and rhonchi may be evident</div><div class=\"cellTitle\">1st Tests</div><div class=\"cellBody\"><B>chest x-ray: </B>patchy and interstitial infiltrates; perihilar markings<BR><B>ABG: </B>low PaO₂ and high PaCO₂ may be present<BR></div><BR><A href=\"epoc://dx/monograph/21\"><B class=\"view-dx-monograph\">View Dx Monograph</B></A><BR></div></div></html>",
   "type":"web"},

  {
   "id":"p_12",
   "title":"Cyanosis, newborn eval",
   "html":"<html><div class=\"cell\"><div class=\"cellBlock\"><div class=\"cellTitle\">History</div><div class=\"cellBody\">risk factors include a history of prolonged rupture of membranes, chorioamnionitis, or positive maternal group B beta streptococcus (GBS) screen; congenital pneumonia due to viruses or bacteria is rare; early-onset GBS sepsis may present as GBS pneumonia with apnea and circulatory collapse within the first week of life</div><div class=\"cellTitle\">Exam</div><div class=\"cellBody\">respiratory distress with tachypnea, retractions, and grunting may be present; auscultation often reveals rales, rhonchi, and diminished air entry in a few cases; apnea may be the only presenting symptom in some cases</div><div class=\"cellTitle\">1st Tests</div><div class=\"cellBody\"><B>chest x-ray: </B>diagnostic in most cases but early-onset GBS sepsis may have features of respiratory distress syndrome on x-ray<BR><B>CBC: </B>abnormal; leukopenia or neutropenia with thrombocytopenia may be present; increased amounts of immature neutrophils leading to abnormal I:T (immature to total neutrophil count) ratio (&gt;0.2) is present in most cases<BR><B>blood culture: </B>may be positive<BR></div><BR><A href=\"epoc://dx/monograph/1113\"><B class=\"view-dx-monograph\">View Dx Monograph</B></A><BR></div></div></html>",
   "type":"web"},

  {
   "id":"p_13",
   "title":"Cyanosis, newborn eval",
   "html":"<html><div class=\"cell\"><div class=\"cellBlock\"><div class=\"cellTitle\">History</div><div class=\"cellBody\">most cases occurring in full-term infants will give a history of severe asphyxia or coagulopathy; in preterm infants who have hemodynamically significant patent ductus arteriosus with left-to-right shunt, pulmonary hemorrhage may develop; most of these infants are ventilated post-surfactant instillation</div><div class=\"cellTitle\">Exam</div><div class=\"cellBody\">sudden appearance of cyanosis or increased requirement of oxygen when infant is being ventilated is the earliest sign; bloody secretions from the trachea may be suctioned from the endotracheal tube; rales or diminished air entry found on the affected side, but condition is generally bilateral</div><div class=\"cellTitle\">1st Tests</div><div class=\"cellBody\"><B>chest x-ray: </B>fluffy infiltrates bilaterally<BR><B>ABG: </B>severe hypoxia and hypercarbia<BR><B>CBC: </B>normal but in some cases thrombocytopenia may be present<BR><B>disseminated intravascular coagulation screen: </B>prolonged prothrombin time and PTT; low fibrinogen and low platelet count with increase in D-dimers<BR></div><div class=\"cellTitle\">Other Tests</div><div class=\"cellBody\"><B>echocardiogram: </B>to rule out significant patent ductus arteriosus in preterm infants<BR></div></div></div></html>",
   "type":"web"},

  {
   "id":"p_14",
   "title":"Cyanosis, newborn eval",
   "html":"<html><div class=\"cell\"><div class=\"cellBlock\"><div class=\"cellTitle\">History</div><div class=\"cellBody\">generally due to congestive cardiac failure; underlying cardiac disease, arteriovenous (AV) malformation, or severe anemia may be present</div><div class=\"cellTitle\">Exam</div><div class=\"cellBody\">tachypnea, tachycardia, and hepatomegaly are usually present; severe pallor or signs of AV malformation present (bruit)</div><div class=\"cellTitle\">1st Tests</div><div class=\"cellBody\"><B>chest x-ray: </B>fluffy infiltrates or hazy lung fields and associated cardiomegaly<BR></div><div class=\"cellTitle\">Other Tests</div><div class=\"cellBody\"><B>ABG: </B>hypoxia and mild hypercarbia<BR><B>echocardiogram: </B>diagnostic for congenital cardiac lesions<BR><B>CBC: </B>normal or severe anemia<BR></div></div></div></html>",
   "type":"web"},

  {
   "id":"p_15",
   "title":"Cyanosis, newborn eval",
   "html":"<html><div class=\"cell\"><div class=\"cellBlock\"><div class=\"cellTitle\">History</div><div class=\"cellBody\">history of oligohydramnios and respiratory distress soon after birth are present; higher incidence of pneumothorax in these cases</div><div class=\"cellTitle\">Exam</div><div class=\"cellBody\">tachypnea, cyanosis, and fair to poor aeration of lungs present; S2 is loud with associated pulmonary hypertension</div><div class=\"cellTitle\">1st Tests</div><div class=\"cellBody\"><B>chest x-ray: </B>decreased lung volume<BR><B>ABG: </B>hypoxia and hypercarbia<BR></div><div class=\"cellTitle\">Other Tests</div><div class=\"cellBody\"><B>echocardiogram: </B>pulmonary hypertension may be present<BR></div></div></div></html>",
   "type":"web"},

  {
   "id":"p_16",
   "title":"Cyanosis, newborn eval",
   "html":"<html><div class=\"cell\"><div class=\"cellBlock\"><div class=\"cellTitle\">History</div><div class=\"cellBody\">most cases are diagnosed by prenatal ultrasound; more common on the left side; most cases are symptomatic at birth, with severe cyanosis; some have minimal symptoms and are diagnosed later in the neonatal period or infancy; history of polyhydramnios</div><div class=\"cellTitle\">Exam</div><div class=\"cellBody\">scaphoid abdomen at birth, diminished air entry on the left side of chest, with cyanosis at birth are typical features; heart sounds may not be heard on the left side of chest due to mediastinal shift</div><div class=\"cellTitle\">1st Tests</div><div class=\"cellBody\"><B>chest x-ray: </B>diagnostic with intestinal gas pattern in the left hemithorax with mediastinal shift<BR><B>ABG: </B>severe hypoxia and hypercarbia<BR></div><div class=\"cellTitle\">Other Tests</div><div class=\"cellBody\"><B>echocardiogram: </B>pulmonary hypertension; may also show eventration of the diaphragm<BR></div></div></div></html>",
   "type":"web"},

  {
   "id":"p_17",
   "title":"Cyanosis, newborn eval",
   "html":"<html><div class=\"cell\"><div class=\"cellBlock\"><div class=\"cellTitle\">History</div><div class=\"cellBody\">generally asymptomatic at birth; respiratory distress becomes progressively worse over the next few days</div><div class=\"cellTitle\">Exam</div><div class=\"cellBody\">tachypnea and cyanosis are present; diminished air entry over the affected side (commonly over left upper chest)</div><div class=\"cellTitle\">1st Tests</div><div class=\"cellBody\"><B>chest x-ray: </B>hyperinflation of the affected lobe present; in severe cases, there may be herniation to the opposite side<BR><B>ABG: </B>hypoxia and hypercarbia<BR></div><div class=\"cellTitle\">Other Tests</div><div class=\"cellBody\"><B>chest CT: </B>demarcates the exact anatomic involvement of the lung<BR></div></div></div></html>",
   "type":"web"},

  {
   "id":"p_18",
   "title":"Cyanosis, newborn eval",
   "html":"<html><div class=\"cell\"><div class=\"cellBlock\"><div class=\"cellTitle\">History</div><div class=\"cellBody\">most of these cases are diagnosed by prenatal ultrasound; the severe forms may lead to hydrops in the fetus; milder forms may have mild respiratory distress or no symptoms at birth; many infants are diagnosed in childhood when they present with recurrent infections</div><div class=\"cellTitle\">Exam</div><div class=\"cellBody\">tachypnea and mild cyanosis are present in many infants; diminished air entry on the affected side will be present</div><div class=\"cellTitle\">1st Tests</div><div class=\"cellBody\"><B>chest x-ray: </B>multicystic air-filled lesion<BR></div><div class=\"cellTitle\">Other Tests</div><div class=\"cellBody\"><B>CT chest: </B>may be required to demarcate the extent of the cystic lesion<BR></div></div></div></html>",
   "type":"web"},

  {
   "id":"p_19",
   "title":"Cyanosis, newborn eval",
   "html":"<html><div class=\"cell\"><div class=\"cellBlock\"><div class=\"cellTitle\">History</div><div class=\"cellBody\">respiratory distress and cyanosis in the newborn</div><div class=\"cellTitle\">Exam</div><div class=\"cellBody\">tachypnea and cyanosis in a full-term newborn; air entry will not be diminished; occasionally rales may be heard</div><div class=\"cellTitle\">1st Tests</div><div class=\"cellBody\"><B>chest x-ray: </B>diffuse reticular opacities bilaterally<BR></div><div class=\"cellTitle\">Other Tests</div><div class=\"cellBody\"><B>CT scan of the chest: </B>suggestive of the extent of involvement of lymphangiectasia<BR><B>lung biopsy: </B>lymphatic dilation evident in 3 lymphatic sites; periarterial, subpleural, and interlobular septae<BR></div></div></div></html>",
   "type":"web"},

  {
   "id":"p-cat_2",
   "sections":
   [

    {
     "cells":
     [

      {
       "title":"Respiratory distress syndrome (RDS)",
       "type":"flex0",
       "target":"p_7"},

      {
       "title":"Transient tachypnea of the newborn",
       "type":"flex0",
       "target":"p_8"},

      {
       "title":"Aspiration pneumonia",
       "type":"flex0",
       "target":"p_11"},

      {
       "title":"Pneumonia",
       "type":"flex0",
       "target":"p_12"},

      {
       "title":" ! Pulmonary hemorrhage",
       "type":"flex0",
       "target":"p_13"},

      {
       "title":"Pulmonary edema",
       "type":"flex0",
       "target":"p_14"},

      {
       "title":"Pulmonary hypoplasia",
       "type":"flex0",
       "target":"p_15"},

      {
       "title":" ! Congenital diaphragmatic hernia",
       "type":"flex0",
       "target":"p_16"},

      {
       "title":"Congenital lobar emphysema",
       "type":"flex0",
       "target":"p_17"},

      {
       "title":"Congenital pulmonary airway malformation (CPAM; formerly known as congenital cystic adenomatoid malformation [CCAM])",
       "type":"flex0",
       "target":"p_18"},

      {
       "title":"Pulmonary lymphangiectasia",
       "type":"flex0",
       "target":"p_19"}      ]}    ],
   "type":"table"},

  {
   "id":"p_9",
   "title":"Cyanosis, newborn eval",
   "html":"<html><div class=\"cell\"><div class=\"cellBlock\"><div class=\"cellTitle\">History</div><div class=\"cellBody\">occurs in full-term, post-term, or preterm infants commonly; etiology is variable; risk factors include history of asphyxia, meconium aspiration syndrome, sepsis, congenital diaphragmatic hernia (CDH), pulmonary hypoplasia</div><div class=\"cellTitle\">Exam</div><div class=\"cellBody\">loud S2 and right ventricular heave</div><div class=\"cellTitle\">1st Tests</div><div class=\"cellBody\"><B>chest x-ray: </B>depends on the precipitating factors, such as meconium aspiration syndrome, sepsis/pneumonia, CDH<BR><B>echocardiogram: </B>definitive diagnostic test; reveals elevated pulmonary artery pressure, tricuspid regurgitation, altered right ventricular size and function<BR></div></div></div></html>",
   "type":"web"},

  {
   "id":"p_10",
   "title":"Cyanosis, newborn eval",
   "html":"<html><div class=\"cell\"><div class=\"cellBlock\"><div class=\"cellTitle\">History</div><div class=\"cellBody\">can occur spontaneously at birth in full-term newborns or following resuscitation with positive pressure ventilation; occurs frequently in preterm infants with respiratory distress syndrome; assisted ventilation and continuous positive airway pressure contribute to the development of pneumothorax; higher incidence in meconium aspiration syndrome, pulmonary hypoplasia, and congenital diaphragmatic hernia</div><div class=\"cellTitle\">Exam</div><div class=\"cellBody\">tachypnea and cyanosis are usually present; depending on severity (proportionate to the amount of free air in the pleural space), breath sounds and heart sounds may be faint/distant; mediastinal shift to the contralateral side may occur; transillumination of the chest will be positive in most cases</div><div class=\"cellTitle\">1st Tests</div><div class=\"cellBody\"><B>chest x-ray: </B>mediastinal shift toward contralateral lung; linear shadow of visceral pleura with lack of lung markings<BR></div><BR><A href=\"epoc://dx/monograph/504\"><B class=\"view-dx-monograph\">View Dx Monograph</B></A><BR></div></div></html>",
   "type":"web"},

  {
   "id":"p_20",
   "title":"Cyanosis, newborn eval",
   "html":"<html><div class=\"cell\"><div class=\"cellBlock\"><div class=\"cellTitle\">History</div><div class=\"cellBody\">history of polyhydramnios and large amount of pharyngeal secretions present after birth; inability to pass an orogastric or nasogastric tube is diagnostic; EA associated with VACTERL (vertebral anomalies, imperforate anus, cardiac lesions, TEF, renal, and limb anomalies)</div><div class=\"cellTitle\">Exam</div><div class=\"cellBody\">respiratory distress with frothy secretions at the mouth following birth is usually present; conducted upper airway sounds will be heard on auscultation; presentation at birth is typically the result of EA with/without tracheoesophageal fistula; respiratory distress is due to secretions in the upper airway and aspiration</div><div class=\"cellTitle\">1st Tests</div><div class=\"cellBody\"><B>chest x-ray: </B>diagnostic with an indwelling orogastric tube curled in the upper esophageal pouch<BR></div><div class=\"cellTitle\">Other Tests</div><div class=\"cellBody\"><B>echocardiogram: </B>may be normal if no cardiac anomaly is associated with this condition<BR><B>renal ultrasound: </B>may be normal if no renal anomaly is associated with this condition<BR></div><BR><A href=\"epoc://dx/monograph/760\"><B class=\"view-dx-monograph\">View Dx Monograph</B></A><BR></div></div></html>",
   "type":"web"},

  {
   "id":"p_21",
   "title":"Cyanosis, newborn eval",
   "html":"<html><div class=\"cell\"><div class=\"cellBlock\"><div class=\"cellTitle\">History</div><div class=\"cellBody\">most become symptomatic shortly after birth with no significant cyanosis; symptoms worsen during feeding, with stridulous breathing; those with vocal cord paralysis will have a weak or nonexistent cry; cyanosis may develop; risk of aspiration during feeding; infants with vocal cord paralysis may have central nervous system conditions, such as meningomyelocele with Arnold-Chiari malformation and hydrocephalus</div><div class=\"cellTitle\">Exam</div><div class=\"cellBody\">submandibular, suprasternal, and supraclavicular retractions are characteristic of upper airway obstruction; infants with choanal atresia or stenosis may have mild to moderate symptoms depending on whether unilateral or bilateral; inability to pass nasogastric tube is diagnostic</div><div class=\"cellTitle\">1st Tests</div><div class=\"cellBody\"><B>chest x-ray and lateral view of neck: </B>sometimes the airway caliber can be demonstrated<BR></div><div class=\"cellTitle\">Other Tests</div><div class=\"cellBody\"><B>laryngoscopy: </B>in vocal cord paralysis, laryngoscopy will be diagnostic<BR><B>bronchoscopy: </B>bronchoscopy will be diagnostic for laryngomalacia, tracheal malacia, subglottic stenosis, or laryngeal web<BR><B>CT scan of the head and skull: </B>may demonstrate central nervous system malformations; diagnostic for choanal stenosis or atresia<BR><B>flexible nasendoscopy: </B>anatomic changes of choanal atresia<BR></div><BR><A href=\"epoc://dx/monograph/1069\"><B class=\"view-dx-monograph\">View Dx Monograph</B></A><BR></div></div></html>",
   "type":"web"},

  {
   "id":"p_22",
   "title":"Cyanosis, newborn eval",
   "html":"<html><div class=\"cell\"><div class=\"cellBlock\"><div class=\"cellTitle\">History</div><div class=\"cellBody\">most pleural effusions present at birth are seen in infants with hydrops fetalis and are diagnosed by prenatal ultrasound; in severe cases it will be difficult to ventilate unless needle aspiration or chest tube insertion occurs to remove the fluid; minor degrees of pleural effusion are seen in pneumonitis, meconium aspiration syndrome, and persistent pulmonary hypertension of newborn</div><div class=\"cellTitle\">Exam</div><div class=\"cellBody\">in severe cases, diminished air entry will be present on the affected side; in bilateral effusions, as seen in hydrops fetalis, it will be difficult to ventilate the lungs unless the pleural fluid is evacuated</div><div class=\"cellTitle\">1st Tests</div><div class=\"cellBody\"><B>chest x-ray: </B>opacity on the lateral border of the chest with blunting of the cardiophrenic angle in unilateral effusions; in severe cases, mediastinal shift to contralateral side if the effusion is unilateral; in severe bilateral pleural effusions, the whole chest is opaque with an indistinguishable cardiac border<BR></div><div class=\"cellTitle\">Other Tests</div><div class=\"cellBody\"><B>ultrasound of the chest: </B>characteristic for pleural effusion<BR></div><BR><A href=\"epoc://dx/monograph/287\"><B class=\"view-dx-monograph\">View Dx Monograph</B></A><BR></div></div></html>",
   "type":"web"},

  {
   "id":"p-cat_3",
   "sections":
   [

    {
     "cells":
     [

      {
       "title":"Persistent pulmonary hypertension of the newborn",
       "type":"flex0",
       "target":"p_9"},

      {
       "title":"Pneumothorax",
       "type":"flex0",
       "target":"p_10"},

      {
       "title":"Tracheoesophageal fistula (TEF)/esophageal atresia (EA)",
       "type":"flex0",
       "target":"p_20"},

      {
       "title":" ! Upper airway obstruction",
       "type":"flex0",
       "target":"p_21"},

      {
       "title":" ! Pleural effusion",
       "type":"flex0",
       "target":"p_22"}      ]}    ],
   "type":"table"},

  {
   "id":"p_23",
   "title":"Cyanosis, newborn eval",
   "html":"<html><div class=\"cell\"><div class=\"cellBlock\"><div class=\"cellTitle\">History</div><div class=\"cellBody\">polycythemia is common in insulin-dependent diabetes mellitus, small for gestational age infants, and twin-to-twin transfusion; maternal history of diabetes and hypertension during pregnancy are frequent; slightly higher incidence of transient tachypnea of the newborn may be present</div><div class=\"cellTitle\">Exam</div><div class=\"cellBody\">either large for gestational age or small for gestational age infants who may appear cyanotic but have normal ABGs; some infants may have transient tachypnea of the newborn or mild persistent pulmonary hypertension of the newborn; infants appear ruddy and plethoric, and have a higher incidence of acrocyanosis; clinical examination may be normal or findings of transient tachypnea of the newborn may be present</div><div class=\"cellTitle\">1st Tests</div><div class=\"cellBody\"><B>ABG: </B>normal PaO₂<BR><B>chest x-ray: </B>normal or suggestive of transient tachypnea of the newborn<BR><B>CBC: </B>diagnostic with hematocrit &gt;70%<BR></div></div></div></html>",
   "type":"web"},

  {
   "id":"p_24",
   "title":"Cyanosis, newborn eval",
   "html":"<html><div class=\"cell\"><div class=\"cellBlock\"><div class=\"cellTitle\">History</div><div class=\"cellBody\">history of fetal distress with perinatal asphyxia and low Apgar scores requiring vigorous resuscitation; history of seizures or apnea may be the presenting symptom; may lead to hypoxic ischemic encephalopathy</div><div class=\"cellTitle\">Exam</div><div class=\"cellBody\">neurologically depressed, hypotonia, subtle seizure activity, with good aeration to both lung fields; apnea or hypoventilation (bradypnea) is the cause for cyanosis</div><div class=\"cellTitle\">1st Tests</div><div class=\"cellBody\"><B>chest x-ray: </B>normal<BR><B>serum creatinine: </B>elevated<BR><B>liver function tests: </B>elevated alanine aminotransferase<BR></div><div class=\"cellTitle\">Other Tests</div><div class=\"cellBody\"><B>EEG: </B>may be abnormal; suggestive of seizure activity<BR><B>CT scan of brain: </B>may indicate cerebral edema<BR><B>CBC: </B>normal; may have thrombocytopenia<BR></div></div></div></html>",
   "type":"web"},

  {
   "id":"p_25",
   "title":"Cyanosis, newborn eval",
   "html":"<html><div class=\"cell\"><div class=\"cellBlock\"><div class=\"cellTitle\">History</div><div class=\"cellBody\">usually well in spite of characteristic skin discoloration, termed pseudocyanosis; condition may worsen with shortness of breath and central nervous system features including seizures; may be congenital or acquired; acquired form may result from exposure to drugs/toxins known to cause met-Hb</div><div class=\"cellTitle\">Exam</div><div class=\"cellBody\">characteristic blue color, dyspnea, mental state changes; arterial blood with elevated methemoglobin levels has a characteristic chocolate brown color; pulse oximetry is unreliable</div><div class=\"cellTitle\">1st Tests</div><div class=\"cellBody\"><B>ABG: </B>normal PaO₂<BR></div><div class=\"cellTitle\">Other Tests</div><div class=\"cellBody\"><B>chest x-ray: </B>normal<BR><B>multiple wavelength co-oximeter: </B>direct measurement of met-Hb definite diagnostic test<BR></div></div></div></html>",
   "type":"web"},

  {
   "id":"p_26",
   "title":"Cyanosis, newborn eval",
   "html":"<html><div class=\"cell\"><div class=\"cellBlock\"><div class=\"cellTitle\">History</div><div class=\"cellBody\">either a small for gestational age or large for gestational age infant born to a diabetic or hypertensive woman</div><div class=\"cellTitle\">Exam</div><div class=\"cellBody\">may be jittery or may have seizures; clinical examination may be normal or may reveal hypo- or hypertonia; cyanosis is usually due to apnea or transient persistent pulmonary hypertension of newborn</div><div class=\"cellTitle\">1st Tests</div><div class=\"cellBody\"><B>blood glucose: </B>severely hypoglycemic (&lt;25 mg/dL)<BR></div><div class=\"cellTitle\">Other Tests</div><div class=\"cellBody\"><B>chest x-ray: </B>normal<BR></div><BR><A href=\"epoc://dx/monograph/509\"><B class=\"view-dx-monograph\">View Dx Monograph</B></A><BR></div></div></html>",
   "type":"web"},

  {
   "id":"p_27",
   "title":"Cyanosis, newborn eval",
   "html":"<html><div class=\"cell\"><div class=\"cellBlock\"><div class=\"cellTitle\">History</div><div class=\"cellBody\">history of premature rupture of membranes, chorioamnionitis, or intrapartum maternal fever may be present; may present with apnea and cyanosis or with circulatory shock; history of lethargy, poor feeding, or emesis, temperature instability, and hypo- or hyperglycemia may be present</div><div class=\"cellTitle\">Exam</div><div class=\"cellBody\">infants may be hypotonic with normal or poor peripheral perfusion and hypotension; prolonged capillary refill time; tachycardia, may be loss of beat-to-beat variability; cyanosis in most cases is due to hypoventilation or apnea and in some cases associated persistent pulmonary hypertension of newborn is also present; chest examination is normal; may be absence of bowel sounds</div><div class=\"cellTitle\">1st Tests</div><div class=\"cellBody\"><B>CBC: </B>leukopenia, neutropenia, elevated immature to total neutrophil ratio (I:T ratio), thrombocytopenia<BR><B>erythrocyte sedimentation rate: </B>elevated<BR><B>blood culture: </B>pathogenic organism cultured<BR><B>serum lactate: </B>elevated in septic shock<a href=\"epoc://current?article=23\">[23]</a> <BR></div><div class=\"cellTitle\">Other Tests</div><div class=\"cellBody\"><B>chest x-ray: </B>normal or diffuse haziness<BR><B>lumbar puncture: </B>positive culture for infective organism; test indicated particularly if seizures occur<BR><B>blood glucose: </B>hypo- or hyperglycemia<BR></div><BR><A href=\"epoc://dx/monograph/1201\"><B class=\"view-dx-monograph\">View Dx Monograph</B></A><BR></div></div></html>",
   "type":"web"},

  {
   "id":"p_28",
   "title":"Cyanosis, newborn eval",
   "html":"<html><div class=\"cell\"><div class=\"cellBlock\"><div class=\"cellTitle\">History</div><div class=\"cellBody\">congestive heart failure, large head due to hydrocephalus, seizures</div><div class=\"cellTitle\">Exam</div><div class=\"cellBody\">bruit may be heard over the cranium on auscultation</div><div class=\"cellTitle\">1st Tests</div><div class=\"cellBody\"><B>chest x-ray: </B>may show cardiomegaly<BR></div><div class=\"cellTitle\">Other Tests</div><div class=\"cellBody\"><B>angiogram or MRA (magnetic resonance angiogram): </B>may reveal the vascular abnormality<BR></div></div></div></html>",
   "type":"web"},

  {
   "id":"p-cat_4",
   "sections":
   [

    {
     "cells":
     [

      {
       "title":"Polycythemia",
       "type":"flex0",
       "target":"p_23"},

      {
       "title":" ! Asphyxia",
       "type":"flex0",
       "target":"p_24"},

      {
       "title":"Methemoglobinemia (met-Hb)",
       "type":"flex0",
       "target":"p_25"},

      {
       "title":" ! Hypoglycemia",
       "type":"flex0",
       "target":"p_26"},

      {
       "title":" ! Neonatal sepsis",
       "type":"flex0",
       "target":"p_27"},

      {
       "title":" ! Arteriovenous malformation",
       "type":"flex0",
       "target":"p_28"}      ]}    ],
   "type":"table"},

  {
   "id":"eval-differentials",
   "sections":
   [

    {
     "cells":
     [

      {
       "title":"Cardiac",
       "type":"flex0",
       "target":"p-cat_1"},

      {
       "title":"Pulmonary: parenchymal",
       "type":"flex0",
       "target":"p-cat_2"},

      {
       "title":"Pulmonary: nonparenchymal",
       "type":"flex0",
       "target":"p-cat_3"},

      {
       "title":"Miscellaneous",
       "type":"flex0",
       "target":"p-cat_4"}      ]}    ],
   "type":"table"},

  {
   "id":"eval-diag_approach",
   "html":"<div class=\"cell\"><div class=\"cellBlock\"><div class=\"cellBody\"><P>Initial assessment of infants with cyanosis should include:<a href=\"epoc://current?article=4\">[4]</a> </P><ul><li>History</li><li>Physical exam</li><li>Chest x-ray</li><li>Complete blood count (CBC) with differential count</li><li>Blood glucose</li><li>Calcium (hypocalcemia associated with central nervous system irritability/cyanotic heart disease)</li><li>Pulse oximetry (preductal [with probe in the right upper extremity] and postductal [with probe in the lower extremity])</li><li>Arterial blood gases (ABG) with lactate</li><li>Blood culture/sepsis screen</li><li>ECG and echocardiogram.</li></ul></div><div class=\"cellTitle\">Maternal history</div><div class=\"cellBody\"><P>Important features of maternal history, which are associated with neonatal cyanotic disorders, include:</P><ul><li>Diabetes<ul><li>Transient tachypnea of newborn</li><li>Respiratory distress syndrome (RDS)</li><li>Hypoglycemia</li><li>Large for gestational age</li></ul></li><li>Asthma<ul><li>Transient tachypnea of newborn</li></ul></li><li>Use of opiates<ul><li>Respiratory depression from opiates</li></ul></li><li>Pregnancy-induced hypertension<ul><li>Intrauterine growth retardation</li><li>Polycythemia</li><li>Hypoglycemia</li></ul></li><li>Polyhydramnios<ul><li>Tracheoesophageal fistula/esophageal atresia</li><li>Congenital diaphragmatic hernia</li></ul></li><li>Delivery of previous sibling with RDS<ul><li>RDS</li><li>Surfactant protein B deficiency or adenosine triphosphate-binding cassette, subfamily A mutations</li><li>Group B streptococcal pneumonia</li></ul></li><li>Oligohydramnios<ul><li>Pulmonary hypoplasia.</li></ul></li></ul></div><div class=\"cellTitle\">Factors relating to labor and delivery</div><div class=\"cellBody\"><ul><li>Premature and prolonged rupture of membranes<ul><li>Sepsis/pneumonia</li><li>Pulmonary hypoplasia</li></ul></li><li>Epidural anesthesia<ul><li>Fever</li></ul></li><li>Anesthesia/analgesia<ul><li>Respiratory depression</li><li>Apnea</li></ul></li><li>Asphyxia<ul><li>Cerebral edema</li><li>Metabolic acidosis</li></ul></li><li>Chorioamnionitis<ul><li>Sepsis</li><li>Pneumonia</li></ul></li><li>Cesarean section without labor<ul><li>Transient tachypnea of the newborn</li><li>RDS</li></ul></li><li>Breech delivery (trauma)<ul><li>Erb palsy with phrenic nerve palsy.</li></ul></li></ul></div><div class=\"cellTitle\">Physical examination: overview</div><div class=\"cellBody\"><P>Cyanosis can develop immediately or several hours after birth.</P><P>Immediate:</P><ul><li>Transient tachypnea of the newborn</li><li>RDS</li><li>Pneumothorax or air leak</li><li>Meconium aspiration syndrome</li><li>Congenital diaphragmatic hernia</li><li>Congenital pulmonary airway malformation (CPAM; formerly known as congenital cystic adenomatoid malformation [CCAM])</li><li>Persistent pulmonary hypertension of the newborn.</li></ul><P>Onset hours after birth:</P><ul><li>Cyanotic congenital heart disease</li><li>Aspiration</li><li>Tracheoesophageal fistula</li><li>Pneumonia.</li></ul></div><div class=\"cellTitle\">General examination</div><div class=\"cellBody\"><P>In a cold environment, acrocyanosis is common. Examination should be performed under a radiant warmer in a well-lit room. Prolonged capillary refill time is often evident when peripheral perfusion is suboptimal in:</P><ul><li>Hypoplastic left heart syndrome</li><li>Sepsis/pneumonia</li><li>Polycythemia</li><li>Acidosis</li><li>Hypovolemic states</li><li>Hypothermia.</li></ul></div><div class=\"cellTitle\">Respiratory examination</div><div class=\"cellBody\"><P>Tachypnea, retractions, nasal flaring, and grunting generally indicate a pulmonary cause. However, these symptoms may also occur in cardiac conditions with significant left-to-right shunt or in sepsis/shock syndromes. The respiratory rate may be normal in infants with cyanotic heart disease or methemoglobinemia. Apnea and cyanosis may be due to sepsis, asphyxia, or seizures.</P><P>Upper airway obstruction may be evident from stridulous breathing due to:</P><ul><li>Laryngotracheomalacia</li><li>Subglottic stenosis</li><li>Vocal cord paralysis</li><li>Glossoptosis with micrognathia (Pierre-Robin syndrome).</li></ul><P>Upper airway obstruction can also give rise to supraclavicular, submandibular, and suprasternal retractions. Bilateral choanal atresia generally gives rise to significant retractions at birth, but the symptoms are relieved by an oral airway. Cyanosis due to parenchymal lung disease is associated with intercostal and subcostal retractions.</P><P>Absent/poor aeration of one side of chest on auscultation may be due to:</P><ul><li>Pneumothorax</li><li>Pleural effusion</li><li>Atelectasis</li><li>Congenital diaphragmatic hernia.</li></ul></div><div class=\"cellTitle\">Cardiovascular examination</div><div class=\"cellBody\"><P>Normal heart rate in full-term newborns is approximately 120 beats per minute (bpm), with a range of 100 to 140 bpm. During quiet states it may be as low as 90 bpm. Heart rates &gt;160 bpm during quiet state are abnormal. In supraventricular tachycardia, heart rates &gt;200 bpm are usually seen. Heart rate variability is also important: in severe sepsis and asphyxia, the beat-to-beat variability will be lost. S2 is loud and narrowly split in pulmonary hypertension.</P><P>A single S2 is generally indicative of:</P><ul><li>Severe pulmonary stenosis</li><li>Pulmonary atresia</li><li>Abnormal single valve position (transposition of great arteries)</li><li>A large semilunar valve, as in truncus arteriosus.</li></ul><P>It is important to record the type and quality of murmurs. The location of apical impulse should be noted to rule out dextrocardia. Precordial thrill indicates significant murmur of grade &gt;3/6. Precordial hyperactivity is generally due to increased ventricular activity. It should be remembered that not all heart murmurs are pathologic and that many serious congenital cardiac conditions do not cause murmurs.</P></div><div class=\"cellTitle\">Abdominal examination</div><div class=\"cellBody\"><P>The abdomen may appear scaphoid in congenital diaphragmatic hernia. Abdominal distention due to bowel obstruction or ascites can give rise to respiratory distress. Hepatosplenomegaly with ascites and hydrops fetalis may occur in cases of severe hemolytic disease of the newborn, a potential cause of severe respiratory distress. Hepatomegaly can coexist with pulmonary congestion in conditions such as total anomalous pulmonary venous return. Absence of bowel sounds indicates ileus and is associated with sepsis, gangrenous bowel, or peritonitis.</P></div><div class=\"cellTitle\">Central nervous system examination</div><div class=\"cellBody\"><P>Hypotonia is one of the earliest signs of:</P><ul><li>Sepsis</li><li>Asphyxia</li><li>Metabolic disorders.</li></ul><P>Phrenic nerve paresis/paralysis can precipitate respiratory distress and is associated with Erb palsy following traumatic vaginal delivery. Excessive traction on the neck or vaginal breech extraction are the common etiologies.</P></div><div class=\"cellTitle\">Chest x-ray</div><div class=\"cellBody\"><P>Chest x-ray is integral to initial assessment of respiratory distress.<a href=\"epoc://current?article=4\">[4]</a> <a href=\"epoc://current?article=9\">[9]</a> <a href=\"epoc://current?article=10\">[10]</a> The location of stomach, liver, and heart should be ascertained to rule out dextrocardia and situs inversus.</P><P>The size and shape of the heart may yield some clues to the diagnosis:</P><ul><li>A small heart may be due to hypovolemia, adrenal insufficiency from asphyxia or adrenal hemorrhage, significant pulmonary interstitial emphysema, and congenital lobar emphysema.</li><li>Severe cardiomegaly is present in Ebstein anomaly. Moderate cardiomegaly is seen in infants with diabetic mothers (hyperinsulinemia) and in cardiomyopathy (infections, metabolic disorders, or asphyxia) and congestive cardiac failure. Congestive heart failure without intrinsic cardiac anomaly is seen in coarctation of the aorta and arteriovenous malformation.</li><li>The commonly described cardiac silhouettes in congenital heart disease are:<ul><li>\"Egg on end\" appearance of transposition of the great vessels</li><li>\"Snowman\" sign (a rounded, figure-of-eight-like cardiac contour) of unobstructed total anomalous pulmonary venous return, surrounded by \"snowy\" lung fields due to pulmonary congestion</li><li>Boot-shaped heart of tetralogy of Fallot.</li></ul></li></ul><P>Pulmonary vascular markings may yield further clues toward the diagnosis:</P><ul><li>Increased pulmonary vascular markings and pulmonary congestion are indicative of left-to-right shunt</li></ul><ul><li>Decreased pulmonary vascular markings (oligemic lung fields) indicate pulmonary stenosis or pulmonary atresia with inadequate ductal shunting. They may also occur in persistent pulmonary hypertension of the newborn.</li></ul><P>The expansion of lungs (lung volume) on both sides should be checked. Normal inspiratory films should have 8 intercostal spaces of lung fields on both sides. Diaphragmatic paralysis (more commonly seen on the right side) is manifested by elevation of the right hemidiaphragm by more than 2 intercostal spaces compared with the left side. This may simulate right lower lobe atelectasis. Hyperinflated lung fields are seen occasionally in lobar emphysema or cystic lesions of lungs. The prevalence of spontaneous air leaks giving rise to pneumothorax and pneumomediastinum in full-term newborns is approximately 1% to 2%.<a class=\"inlineImage\" href=\"epoc://current?view=p-images-i_9\">Image</a></P><P>Some characteristic pulmonary findings on chest x-ray are associated with specific pathologies:</P><ul><li>Transient tachypnea of the newborn: lung fields may appear hazy with normal lung volume and increased parahilar markings, frequently with fluid in the horizontal fissure.<a class=\"inlineImage\" href=\"epoc://current?view=p-images-i_10\">Image</a></li><li>RDS: chest x-ray may appear relatively normal in the initial stages. As RDS worsens, the characteristic reticular granular pattern and air bronchograms become evident. Lung volume is reduced significantly in severe RDS.<a class=\"inlineImage\" href=\"epoc://current?view=p-images-i_11\">Image</a></li><li>Meconium aspiration syndrome: fluffy infiltrates, patchy areas of atelectasis, and areas of hyperinflation due to air trapping may be evident.<a class=\"inlineImage\" href=\"epoc://current?view=p-images-i_12\">Image</a></li><li>Pleural effusion (due to chylothorax or other causes): visible on lateral aspect of lung fields as a linear opacity. In large effusions, a whole lobe may appear opaque, with mediastinal shift to the contralateral side.<a class=\"inlineImage\" href=\"epoc://current?view=p-images-i_13\">Image</a></li><li>Lobar atelectasis: mediastinal shift toward the ipsilateral side is seen. In pneumonic consolidation, which may simulate atelectasis, no mediastinal shift is present.</li><li>Congenital diaphragmatic hernia: soon after birth, a large area of opacity may be the only finding instead of the classical finding of bowel gas in the thorax. This should be differentiated from CPAM (formerly known as CCAM).<a class=\"inlineImage\" href=\"epoc://current?view=p-images-i_14\">Image</a></li></ul><ul><li>CPAM: may appear as a multicystic air-filled lesion.</li></ul><P>It is important to check the bony thoracic cage. In asphyxiating thoracic dystrophy, the thoracic cage will be small and narrow. The thorax may have a bell-shaped appearance in infants with severe hypotonia. Fractures of the ribs, humerus, or clavicles should be looked for following difficult vaginal deliveries, as infants may develop respiratory distress from the pain and splinting of the chest.</P></div><div class=\"cellTitle\">Ultrasound</div><div class=\"cellBody\"><P>Ultrasound examination of diaphragmatic motion during spontaneous breathing can detect paradoxical motion in diaphragmatic paralysis. Pleural effusion, eventration of the diaphragm (an abnormal elevation of an intact diaphragm), and size/location of the liver/spleen can also be determined.</P></div><div class=\"cellTitle\">Other imaging</div><div class=\"cellBody\"><P>Computed tomography scan of the chest is occasionally helpful if diagnosis is not clear, and it can identify congenital abnormalities and tumors of the mediastinum, lungs, and heart. Feeding-associated cyanosis may be due to incoordination of sucking and swallowing, gastroesophageal reflux, vocal cord paralysis, laryngeal cleft, severe birth asphyxia, or tracheoesophageal fistula. A pediatric gastroenterologist may recommend a pH probe test or upper gastrointestinal contrast study to rule out severe gastroesophageal reflux.</P></div><div class=\"cellTitle\">Pulse oximetry</div><div class=\"cellBody\"><P>Pulse oximetry monitoring is recommended for all infants with respiratory distress and cyanosis, since clinician assessment of color at birth varies.<a href=\"epoc://current?article=11\">[11]</a> It is an accurate, reliable, and noninvasive method for monitoring oxygen saturation in infants.<a href=\"epoc://current?article=12\">[12]</a> <a href=\"epoc://current?article=13\">[13]</a> <a href=\"epoc://current?article=14\">[14]</a> <a href=\"epoc://current?article=15\">[15]</a> In severe cyanosis with respiratory distress, both preductal and postductal oxygen saturations should be monitored to detect the gradient across the ductus arteriosus. For this procedure, the pulse oximeter probes should be placed over the right hand and a lower extremity (never the left hand). Acrocyanosis is a common finding in young newborns. This generally resolves spontaneously.</P><P>Pulse oximetry screening is now accepted practice for early detection of critical congenital heart disease (CCHD) in the newborn, and may detect life-threatening malformations before symptoms develop.<a href=\"epoc://current?article=16\">[16]</a> <a href=\"epoc://current?article=17\">[17]</a> A significant body of evidence demonstrates the effectiveness of this strategy for reducing morbidity and mortality rates in young children.<a href=\"epoc://current?article=17\">[17]</a> <a href=\"epoc://current?article=18\">[18]</a> CCHD screening has been widely implemented in the US and Europe, and complements physical exams with relatively few false positive screens.<a href=\"epoc://current?article=17\">[17]</a> <a href=\"epoc://current?article=19\">[19]</a> </P></div><div class=\"cellTitle\">Laboratory tests</div><div class=\"cellBody\"><P>ABG can help in determining the oxygenation, ventilation, and acid-base status of the infant. In methemoglobinemia, the PaO₂ is normal even with cyanosis. Elevated serum lactate is indicative of inadequate oxygen delivery.</P><P>CBC with differential count is an important test to rule out polycythemia, anemia, neutropenia, leukopenia, abnormal I:T (immature to total neutrophil count) ratio, and thrombocytopenia as signs of sepsis.</P><P>If sepsis is suspected, a blood culture should be obtained immediately and antibiotic therapy started. A spinal tap should be performed in stable infants, but without delaying the start of antibiotic therapy.</P><P>Significant metabolic acidosis may indicate cardiac failure, sepsis, asphyxia, or metabolic disorders. Closure of the ductus arteriosus in an infant with a ductal-dependent cardiac lesion can lead to shock and severe metabolic acidosis with cyanosis and respiratory distress.</P><P>Accurate blood glucose measurement is essential for diagnosis and management of neonatal hypoglycemia. Local protocols and guidelines on optimal blood sampling and measurement should be followed.<a href=\"epoc://current?article=20\">[20]</a> </P><P>Calcium and magnesium levels should be obtained where other causes have been ruled out. Hypocalcemia and hypomagnesemia are both associated with central nervous system irritability and seizures.</P><P>Metabolic screening of urine and drug screening of urine/meconium should be performed as clinically indicated.</P></div><div class=\"cellTitle\">ECG</div><div class=\"cellBody\"><P>An ECG is an important test, but of limited value except in the diagnosis of arrhythmias.<a href=\"epoc://current?article=21\">[21]</a> <a href=\"epoc://current?article=22\">[22]</a> Normally, there is right ventricular predominance in the newborn, and many cases of cyanotic congenital heart disease will have similar findings. Left axis deviation with left ventricular dominance is seen in tricuspid atresia or pulmonary atresia with an intact ventricular septum. Left axis deviation is frequently associated with right ventricular hypertrophy as seen in arteriovenous canal malformation.</P></div><div class=\"cellTitle\">Echocardiogram</div><div class=\"cellBody\"><P>Echocardiogram is the definitive test in the diagnosis of congenital cardiac lesions and pulmonary hypertension. A technician who is trained in performing echocardiograms in newborns and a pediatric cardiologist are required for this procedure.</P></div></div></div>",
   "type":"web"},

  {
   "id":"p-images-i_1",
   "title":"Images",
   "type":"image",
   "image_refs":
   [
0    ]},

  {
   "id":"p-images-i_2",
   "title":"Images",
   "type":"image",
   "image_refs":
   [
1    ]},

  {
   "id":"p-images-i_3",
   "title":"Images",
   "type":"image",
   "image_refs":
   [
2    ]},

  {
   "id":"p-images-i_4",
   "title":"Images",
   "type":"image",
   "image_refs":
   [
3    ]},

  {
   "id":"p-images-i_5",
   "title":"Images",
   "type":"image",
   "image_refs":
   [
4    ]},

  {
   "id":"p-images-i_6",
   "title":"Images",
   "type":"image",
   "image_refs":
   [
5    ]},

  {
   "id":"p-images-i_7",
   "title":"Images",
   "type":"image",
   "image_refs":
   [
6    ]},

  {
   "id":"p-images-i_8",
   "title":"Images",
   "type":"image",
   "image_refs":
   [
7    ]},

  {
   "id":"p-images-i_9",
   "title":"Images",
   "type":"image",
   "image_refs":
   [
6,
8,
9    ]},

  {
   "id":"p-images-i_10",
   "title":"Images",
   "type":"image",
   "image_refs":
   [
1    ]},

  {
   "id":"p-images-i_11",
   "title":"Images",
   "type":"image",
   "image_refs":
   [
0    ]},

  {
   "id":"p-images-i_12",
   "title":"Images",
   "type":"image",
   "image_refs":
   [
2    ]},

  {
   "id":"p-images-i_13",
   "title":"Images",
   "type":"image",
   "image_refs":
   [
7    ]},

  {
   "id":"p-images-i_14",
   "title":"Images",
   "type":"image",
   "image_refs":
   [
3,
4    ]},

  {
   "id":"p-images-i_15",
   "title":"Images",
   "type":"image",
   "image_refs":
   [
0    ]},

  {
   "id":"p-images-i_16",
   "title":"Images",
   "type":"image",
   "image_refs":
   [
1    ]},

  {
   "id":"p-images-i_17",
   "title":"Images",
   "type":"image",
   "image_refs":
   [
6    ]},

  {
   "id":"p-images-i_18",
   "title":"Images",
   "type":"image",
   "image_refs":
   [
2    ]},

  {
   "id":"p-images-i_19",
   "title":"Images",
   "type":"image",
   "image_refs":
   [
3    ]},

  {
   "id":"p-images-i_20",
   "title":"Images",
   "type":"image",
   "image_refs":
   [
4    ]},

  {
   "id":"p-images-i_21",
   "title":"Images",
   "type":"image",
   "image_refs":
   [
5    ]},

  {
   "id":"p-images-i_22",
   "title":"Images",
   "type":"image",
   "image_refs":
   [
7    ]}  ],
 "citations":
 {
  "articles":
  [

   {
    "id":1,
    "key_article":false,
    "ref_article":true,
    "html":"Hjalmarson O. Epidemiology and classification of acute neonatal respiratory disorders: a prospective study. Acta Paediatr Scand. 1981 Nov;70(6):773-83.<a href=\"http://www.ncbi.nlm.nih.gov/pubmed/7324931\"> [Abstract]</a>"},

   {
    "id":2,
    "key_article":false,
    "ref_article":true,
    "html":"Hjalmarson O. Epidemiology of neonatal disorders of respiration. Int J Technol Assess Health Care. 1991;7 Suppl 1:9-15.<a href=\"http://www.ncbi.nlm.nih.gov/pubmed/2037445\"> [Abstract]</a>"},

   {
    "id":3,
    "key_article":false,
    "ref_article":true,
    "html":"Kumar A, Bhat BV. Epidemiology of respiratory distress of newborns. Indian J Pediatr. 1996 Jan-Feb;63(1):93-8.<a href=\"http://www.ncbi.nlm.nih.gov/pubmed/10829971\"> [Abstract]</a>"},

   {
    "id":4,
    "key_article":true,
    "ref_article":true,
    "html":"Sasidharan P. An approach to diagnosis and management of cyanosis and tachypnea in term infants. Pediatr Clin N Am. 2004 Aug;51(4):999-1021.<a href=\"http://www.ncbi.nlm.nih.gov/pubmed/15275985\"> [Abstract]</a>"},

   {
    "id":5,
    "key_article":false,
    "ref_article":true,
    "html":"Dawson JA, Kamlin CO, Vento M, et al. Defining the reference range for oxygen saturation for infants after birth. Pediatrics. 2010 Jun;125(6):e1340-7.<a href=\"http://www.ncbi.nlm.nih.gov/pubmed/20439604\"> [Abstract]</a>"},

   {
    "id":6,
    "key_article":false,
    "ref_article":true,
    "html":"National Institute for Health and Care Excellence. Specialist neonatal respiratory care for babies born preterm. 3 April 2019 [internet publication].<a href=\"https://www.nice.org.uk/guidance/ng124\"> [Full Text]</a>"},

   {
    "id":7,
    "key_article":false,
    "ref_article":true,
    "html":"Sweet DG, Carnielli V, Greisen G, et al. European consensus guidelines on the management of neonatal respiratory distress syndrome in preterm infants - 2013 update. Neonatology. 2013;103(4):353-68.<a href=\"http://www.ncbi.nlm.nih.gov/pubmed/23736015\"> [Abstract]</a>"},

   {
    "id":8,
    "key_article":false,
    "ref_article":true,
    "html":"Plunkett A, Tong J. Sepsis in children. BMJ. 2015 Jun 9;350:h3017. [Erratum in: BMJ. 2015 Jul 7;351:h3704.]<a href=\"http://www.ncbi.nlm.nih.gov/pubmed/26060188\"> [Abstract]</a><a href=\"https://www.bmj.com/content/350/bmj.h3017.long\"> [Full Text]</a>"},

   {
    "id":9,
    "key_article":false,
    "ref_article":true,
    "html":"Kurl S, Heinon KM, Kiekara O. The first chest radiograph in neonates exhibiting respiratory distress at birth. Clin Pediatr (Phila). 1997 May;36(5):285-9.<a href=\"http://www.ncbi.nlm.nih.gov/pubmed/9152555\"> [Abstract]</a>"},

   {
    "id":10,
    "key_article":false,
    "ref_article":true,
    "html":"Cleveland RH. A radiologic update on medical diseases of the newborn chest. Pediatr Radiol. 1995;25(8):631-7.<a href=\"http://www.ncbi.nlm.nih.gov/pubmed/8570317\"> [Abstract]</a>"},

   {
    "id":11,
    "key_article":false,
    "ref_article":true,
    "html":"O'Donnell CP, Kamlin CO, Davis PG, et al. Clinical assessment of infant colour at delivery. Arch Dis Child Fetal Neonatal Ed. 2007 Nov;92(6):F465-7.<a href=\"http://www.ncbi.nlm.nih.gov/pubmed/17613535\"> [Abstract]</a>"},

   {
    "id":12,
    "key_article":false,
    "ref_article":true,
    "html":"Levesque BM, Pollack P, Griffin BE, et al. Pulse oximetry: what's normal in the newborn nursery? Pediatr Pulmonol. 2000 Nov;30(5):406-12.<a href=\"http://www.ncbi.nlm.nih.gov/pubmed/11064432\"> [Abstract]</a>"},

   {
    "id":13,
    "key_article":false,
    "ref_article":true,
    "html":"Jennis MS, Peabody JL. Pulse oximetry: an alternative method for the assessment of oxygenation in newborn infants. Pediatrics. 1987 Apr;79(4):524-8.<a href=\"http://www.ncbi.nlm.nih.gov/pubmed/2434911\"> [Abstract]</a>"},

   {
    "id":14,
    "key_article":false,
    "ref_article":true,
    "html":"Hay WW, Brockway JM, Eyzaguirre M. Neonatal pulse oximetry: accuracy and reliability. Pediatrics. 1989 May;83(5):717-22.<a href=\"http://www.ncbi.nlm.nih.gov/pubmed/2717288\"> [Abstract]</a>"},

   {
    "id":15,
    "key_article":false,
    "ref_article":true,
    "html":"Fanconi S. Reliability of pulse oximetry in hypoxic infants. J Pediatr. 1988 Mar;112(3):424-7.<a href=\"http://www.ncbi.nlm.nih.gov/pubmed/3346782\"> [Abstract]</a>"},

   {
    "id":16,
    "key_article":false,
    "ref_article":true,
    "html":"Plana MN, Zamora J, Suresh G, et al. Pulse oximetry screening for critical congenital heart defects. Cochrane Database Syst Rev. 2018 Mar 1;3(3):CD011912.<a href=\"http://www.ncbi.nlm.nih.gov/pubmed/29494750\"> [Abstract]</a><a href=\"https://www.cochranelibrary.com/cdsr/doi/10.1002/14651858.CD011912.pub2/full\"> [Full Text]</a>"},

   {
    "id":17,
    "key_article":false,
    "ref_article":true,
    "html":"Kemper AR, Mahle WT, Martin GR, et al. Strategies for implementing screening for critical congenital heart disease. Pediatrics. 2011 Nov;128(5):e1259-67.<a href=\"http://www.ncbi.nlm.nih.gov/pubmed/21987707\"> [Abstract]</a><a href=\"http://pediatrics.aappublications.org/content/128/5/e1259.long\"> [Full Text]</a>"},

   {
    "id":18,
    "key_article":false,
    "ref_article":true,
    "html":"Thangaratinam S, Brown K, Zamora J, et al. Pulse oximetry screening for critical congenital heart defects in asymptomatic newborn babies: a systematic review and meta-analysis. Lancet. 2012 Jun 30;379(9835):2459-64.<a href=\"http://www.ncbi.nlm.nih.gov/pubmed/22554860\"> [Abstract]</a>"},

   {
    "id":19,
    "key_article":false,
    "ref_article":true,
    "html":"Narayen IC, Blom NA, Ewer AK, et al. Aspects of pulse oximetry screening for critical congenital heart defects: when, how and why? Arch Dis Child Fetal Neonatal Ed. 2016 Mar;101(2):F162-7.<a href=\"http://www.ncbi.nlm.nih.gov/pubmed/26369369\"> [Abstract]</a>"},

   {
    "id":20,
    "key_article":false,
    "ref_article":true,
    "html":"British Association of Perinatal Medicine. Identification and management of neonatal hypoglycaemia in the full term infant - a framework for practice. 30 April 2017 [internet publication].<a href=\"https://www.bapm.org/resources/40-identification-and-management-of-neonatal-hypoglycaemia-in-the-full-term-infant-2017\"> [Full Text]</a>"},

   {
    "id":21,
    "key_article":false,
    "ref_article":true,
    "html":"Moss AJ. Clues in diagnosing congenital heart disease. West J Med. 1992 Apr;156(4):392-8.<a href=\"http://www.ncbi.nlm.nih.gov/pubmed/1574882\"> [Abstract]</a><a href=\"https://www.ncbi.nlm.nih.gov/pmc/articles/PMC1003278/pdf/westjmed00092-0054.pdf\"> [Full Text]</a>"},

   {
    "id":22,
    "key_article":false,
    "ref_article":true,
    "html":"Yip WC, Tay JS. A practical diagnostic approach to cyanotic congenital heart disease. Singapore Med J. 1983 Aug;24(4):189-201.<a href=\"http://www.ncbi.nlm.nih.gov/pubmed/6648547\"> [Abstract]</a>"},

   {
    "id":23,
    "key_article":false,
    "ref_article":true,
    "html":"National Institute for Health and Care Excellence. Sepsis: recognition, diagnosis and early management. 13 September 2017 [internet publication].<a href=\"https://www.nice.org.uk/guidance/ng51\"> [Full Text]</a>"}   ]},
 "media":
 [

  {
   "file":"768-2.jpg",
   "thumb":"768-2-tn.jpg",
   "caption":"Hyaline membrane disease (respiratory distress syndrome type 1): air bronchograms and a reticular granular pattern",
   "hilight":"false",
   "iline":"false",
   "auth":"false",
   "source":"From the collection of Ponthenkandath Sasidharan, MD; used with permission"},

  {
   "file":"768-3.jpg",
   "thumb":"768-3-tn.jpg",
   "caption":"Transient tachypnea of the newborn (respiratory distress syndrome type 2): perihilar streakiness and horizontal fissural fluid on the right",
   "hilight":"false",
   "iline":"false",
   "auth":"false",
   "source":"From the collection of Ponthenkandath Sasidharan, MD; used with permission"},

  {
   "file":"768-4.jpg",
   "thumb":"768-4-tn.jpg",
   "caption":"Meconium aspiration syndrome",
   "hilight":"false",
   "iline":"false",
   "auth":"false",
   "source":"From the collection of Ponthenkandath Sasidharan, MD; used with permission"},

  {
   "file":"768-5.jpg",
   "thumb":"768-5-tn.jpg",
   "caption":"Congenital diaphragmatic hernia",
   "hilight":"false",
   "iline":"false",
   "auth":"false",
   "source":"From the collection of Ponthenkandath Sasidharan, MD; used with permission"},

  {
   "file":"768-6.jpg",
   "thumb":"768-6-tn.jpg",
   "caption":"Congenital pulmonary airway malformation (CPAM; formerly known as congenital cystic adenomatoid malformation [CCAM])",
   "hilight":"false",
   "iline":"false",
   "auth":"false",
   "source":"From the collection of Ponthenkandath Sasidharan, MD; used with permission"},

  {
   "file":"768-7.jpg",
   "thumb":"768-7-tn.jpg",
   "caption":"Tracheoesophageal fistula: orogastric tube curled in the esophagus",
   "hilight":"false",
   "iline":"false",
   "auth":"false",
   "source":"From the collection of Ponthenkandath Sasidharan, MD; used with permission"},

  {
   "file":"768-8.jpg",
   "thumb":"768-8-tn.jpg",
   "caption":"Pneumothorax (right side)",
   "hilight":"false",
   "iline":"false",
   "auth":"false",
   "source":"From the collection of Ponthenkandath Sasidharan, MD; used with permission"},

  {
   "file":"768-14.jpg",
   "thumb":"768-14-tn.jpg",
   "caption":"Pleural effusion (right side) with mediastinal shift to the left",
   "hilight":"false",
   "iline":"false",
   "auth":"false",
   "source":"From the collection of Ponthenkandath Sasidharan, MD; used with permission"},

  {
   "file":"768-10.jpg",
   "thumb":"768-10-tn.jpg",
   "caption":"Pneumomediastinum without pneumothorax",
   "hilight":"false",
   "iline":"false",
   "auth":"false",
   "source":"From the collection of Ponthenkandath Sasidharan, MD; used with permission"},

  {
   "file":"768-9.jpg",
   "thumb":"768-9-tn.jpg",
   "caption":"Pneumomediastinum with pneumothorax (left side)",
   "hilight":"false",
   "iline":"false",
   "auth":"false",
   "source":"From the collection of Ponthenkandath Sasidharan, MD; used with permission"}  ]}