
{
 "id":800,
 "title":"Cholestasis, pregnancy",
 "views":
 [

  {
   "id":"root",
   "type":"table",
   "sections":
   [

    {
     "cells":
     [

      {
       "target":"highlights",
       "title":"Highlights & Basics",
       "type":"flex0"}      ]},

    {
     "cells":
     [

      {
       "target":"tx_options",
       "title":"Treatment Options",
       "type":"flex0"},

      {
       "target":"tx_emerging",
       "title":"Emerging Treatments",
       "type":"flex0"},

      {
       "target":"tx_approach",
       "title":"Treatment Approach",
       "type":"flex0"},

      {
       "target":"hxexam",
       "title":"History & Exam",
       "type":"flex0"},

      {
       "target":"tests",
       "title":"Tests",
       "type":"flex0"},

      {
       "target":"differentials",
       "title":"Differential Diagnosis",
       "type":"flex0"},

      {
       "target":"diag_approach",
       "title":"Diagnostic Approach",
       "type":"flex0"},

      {
       "target":"followup",
       "title":"Follow-up",
       "type":"flex0"},

      {
       "target":"prevention",
       "title":"Prevention",
       "type":"flex0"},

      {
       "target":"complications",
       "title":"Complications",
       "type":"flex0"},

      {
       "target":"guidelines",
       "title":"Society Guidelines",
       "type":"flex0"}      ]}    ]},

  {
   "id":"highlights",
   "title":"Cholestasis, pregnancy",
   "html":"<div class=\"cell\"><div class=\"cellBlock\"><div class=\"cellTitle\">Key Highlights</div><div class=\"cellBody\"><ul><li>May be associated with an increased risk of adverse pregnancy outcomes, including premature birth, intrauterine fetal demise, and placental abruption in severe disease.</li><li>There is an increased risk of respiratory distress syndrome in neonates, owing to meconium aspiration syndrome, which is unpredictable by available methods of surveillance.</li><li>The only definitive cure is delivery of the baby.</li><li>The condition is associated with a history of hepatitis C and there may be an association with long-term liver disease.</li><li>Mild disease with bile acid levels &lt;40 micromol/L or mild itching can be treated with bile-sequestering agents and antihistamines, such as cholestyramine and hydroxyzine. However, if tolerated no treatment is necessary.</li><li>Severe disease with bile acid levels &gt;40 micromol/L or severe pruritus remote from term can be treated effectively with ursodiol.</li><li>Close fetal surveillance with delivery near term can be expected with premature delivery reserved for those with severe, worsening disease despite treatment.</li></ul></div><div class=\"cellTitle\">Definition</div><div class=\"cellBody\"><P>Intrahepatic cholestasis of pregnancy (ICP) is a pruritic condition during pregnancy caused by impaired bile flow allowing bile salts to be deposited in the skin and the placenta. The cause is a combination of hormonal, genetic, and environmental factors. ICP may predispose mothers to vitamin K deficiency and the fetus to adverse pregnancy outcomes that may include prematurity, intrauterine fetal demise, and respiratory distress syndrome.<a href=\"epoc://current?article=1\">[1]</a> </P></div><div class=\"cellTitle\">Classification</div><div class=\"cellBody\"><h3>Clinical classification<a href=\"epoc://current?article=3\">[3]</a> </h3><ul><li>Mild disease: elevated bile acids &gt;11 micromol/L, &lt;40 micromol/L</li><li>Severe disease: elevated bile acids &gt;40 micromol/L, coagulopathy.</li></ul></div><div class=\"cellTitle\">Epidemiology</div><div class=\"cellBody\"><P>Intrahepatic cholestasis of pregnancy (ICP) is the most common liver condition unique to pregnancy and has a prevalence of 1 in 1000 to 1 in 10,000 deliveries in the US.<a href=\"epoc://current?article=4\">[4]</a> It is more common in those of Scandinavian (2%) or Chilean descent (14%), with 4.7% of Chilean singletons and 20.9% of Chilean twin gestations affected.<a href=\"epoc://current?article=5\">[5]</a> <a href=\"epoc://current?article=6\">[6]</a> Due to South American immigration trends, the incidence may increase in many parts of the US. ICP is more common in women over the age of 35 years.<a href=\"epoc://current?article=5\">[5]</a> </P></div><div class=\"cellTitle\">Etiology</div><div class=\"cellBody\"><P>The etiology is most likely multifactorial with mutations in the canalicular phospholipid export pump MDR3 and other canalicular bile transporters.<a href=\"epoc://current?article=7\">[7]</a> A large number of hepatobiliary disorders have been linked to these mutations, including familial intrahepatic cholestasis, adult biliary cirrhosis, and familial cholelithiasis.<a href=\"epoc://current?article=8\">[8]</a> In some women, the first episode of cholestasis occurs after exposure to oral contraceptives. Intrahepatic cholestasis caused by MDR3 mutations are typically associated with elevated GGT levels, which is encountered in up to 30% of pregnancies complicated by the disorder.<a href=\"epoc://current?article=9\">[9]</a> Bile salt export pump gene mutations have also been linked to the condition in 1 study.<a href=\"epoc://current?article=10\">[10]</a> Because other studies could not duplicate these results or have found other receptor involvement, it is likely there is a significant amount of genetic heterogeneity and multiple transport systems involved.<a href=\"epoc://current?article=11\">[11]</a> <a href=\"epoc://current?article=12\">[12]</a> An inherited susceptibility to differences in steroid and bile acid metabolism are suggested by the association with oral contraceptive use. A family history has been ascertained in up to 50% of women in association with HLA-B8 and HLA-BW16.<a href=\"epoc://current?article=13\">[13]</a> Currently, genetic tests are performed in research laboratories only and are not applicable for diagnosis or risk stratification. However, mutation analysis of ABCB4 might be considered in the future if cholestasis (with increased GGT levels) persists after delivery.<a href=\"epoc://current?article=14\">[14]</a> </P></div><div class=\"cellTitle\">Authors / Peer Reviewers</div><div class=\"cellBody\"><ul><li>Robert H. Debbs, DO, FACOOG</li><li>Frank Lammert, MD</li><li>Ron Librizzi, DO, FACOOG</li><li>Vincenzo Berghella, MD, FACOG</li></ul></div><br><b class=\"last-updated display-none\">Last Updated: 2019-10-16</b><div style=\"display: none\" class=\"last-updated\"><div class=\"last-updated-label\">Last Updated</div><div class=\"last-updated-date\">2019-10-16</div></div></div></div>",
   "type":"web"},

  {
   "id":"tx_options",
   "sections":
   [

    {
     "headerText":"Acute",
     "cells":
     [

      {
       "target":"tx-0",
       "title":"symptomatic mild disease (bile acids <40 micromol/L)",
       "type":"flex0"},

      {
       "target":"tx-4",
       "title":"severe disease (bile acids ≥40 micromol/L) + gestational age <37 weeks",
       "type":"flex0"},

      {
       "target":"tx-11",
       "title":"severe disease (bile acids ≥40 micromol/L) + gestational age ≥37 weeks",
       "type":"flex0"}      ]}    ],
   "type":"table"},

  {
   "id":"tx_emerging",
   "title":"Cholestasis, pregnancy",
   "html":"<div class=\"cell\"><div class=\"cellBlock\"><div class=\"cellTitle\">Plasmapheresis</div><div class=\"cellBody\">This has the ability to clear bile acids from the circulation and thus potentially prolong gestation in those severely affected. It is not available at this time for the treatment; only case reports have been published. A randomized trial comparing ursodiol to plasmapheresis does not seem practical considering the low risk of fetal demise with current protocols.</div><div class=\"cellTitle\">S-Adenosyl-methionine</div><div class=\"cellBody\">This compound reverses estrogen-induced bile secretion impairment. One small study suggested that combination therapy with ursodiol may be better than either treatment alone.<a href=\"epoc://current?article=38\">[38]</a> However, a recent randomized prospective comparative study of ursodeoxycholic acid (750 mg per day) and S-adenosyl-L-methionine (1000 mg per day intravenously) in 78 patients with intrahepatic cholestasis of pregnancy suggested that both regimens improved pruritus, but combined therapy had no additive effect on pruritus as compared to ursodeoxycholic acid monotherapy.<a href=\"epoc://current?article=39\">[39]</a> </div></div></div>",
   "type":"web"},

  {
   "id":"tx_approach",
   "title":"Cholestasis, pregnancy",
   "html":"<div class=\"cell\"><div class=\"cellBlock\"><div class=\"cellBody\"><P>The only definitive cure is delivery of the baby. The general approach to treatment can be divided into fetal surveillance and reduction of maternal pruritus, followed by a decision regarding timing of delivery. First-line therapy involves reducing pruritus by effecting bile acid homeostasis. In the mildest cases, expectant management with fetal surveillance may be all that is necessary. Despite historical perception that LFTs and degree of adverse obstetrical outcome do not correlate, serum bile acids can be used to divide intrahepatic cholestasis of pregnancy (ICP) into 2 categories.<a href=\"epoc://current?article=3\">[3]</a> Patients with bile acids &lt;40 micromol/L are considered to have mild disease while patients with bile acids &gt;40 micromol/L have severe disease. Pharmacotherapy is usually instituted when bile acids are &gt;40 micromol/L or symptoms are problematic in women who are &lt;37 weeks (preterm). The 40 micromol/L figure for defining severity is actually the fasting level.<a href=\"epoc://current?article=3\">[3]</a> Bile acids go up postprandially, so nonfasting levels may need to be &gt;40 micromol/L to be categorized as severe.</P></div><div class=\"cellTitle\">Fetal surveillance</div><div class=\"cellBody\"><P>This can include either weekly biophysical profiles or twice-weekly nonstress tests in those with severe disease or in those whose disease severity has not yet been determined. Ultrasound can be performed to assess fetal growth and amniotic fluid volume in those with severe disease. If intrauterine growth restriction (IUGR) is identified, Doppler ultrasound should be performed to assess placental function and reserve. Unfortunately, there are no randomized controlled trials documenting one fetal surveillance modality over another and so no specific technique can be recommended at this time. It is unknown whether surveillance is sufficiently specific to prevent adverse pregnancy outcome, because perinatal mortality rates from some studies are comparable to whole population figures.<a href=\"epoc://current?article=14\">[14]</a> Some have advocated weekly amniocentesis looking for meconium staining and fetal lung maturity.<a href=\"epoc://current?article=6\">[6]</a> </P></div><div class=\"cellTitle\">Mild disease</div><div class=\"cellBody\"><P>With mild disease, expectant management is appropriate given the lack of morbidity in patients with bile acids &lt;40 micromol/L.<a href=\"epoc://current?article=3\">[3]</a> Antihistamines and anion exchange resins, such as cholestyramine, are used as initial lines of therapy when bile acids are &lt;40 micromol/L and symptomatic relief is desired. Many patients will not tolerate cholestyramine as the doses necessary to sequester bile acids with any meaningful effects cause substantial bloating, cramps, and constipation. In addition, the efficacy of cholestyramine in reducing pruritus is minimal. Cholestyramine may exacerbate or cause fat-soluble vitamin K deficiency and coagulopathy, for which vitamin K replacement may be needed.</P></div><div class=\"cellTitle\">Severe disease</div><div class=\"cellBody\"><P>When bile acids are ≥40 micromol/L or substantially worsening maternal symptoms are associated with rising LFTs and bile acids, betamethasone should be given at gestational ages &lt;34 weeks to accelerate fetal lung maturity and improve neonatal outcomes should premature delivery be required. Ideally, delivery should take place at term (37 weeks), with documented lung maturity. Consultation with a perinatologist is recommended.</P><P>For women &lt;37 weeks' gestation, first-line therapy is accomplished most effectively with ursodiol (ursodeoxycholic acid); a greater reduction in both bile acids and symptoms occurs with ursodiol, as compared to dexamethasone.<a href=\"epoc://current?article=33\">[33]</a> Ursodiol has also been shown to result in significant improvement in both pruritus and liver function.<a href=\"epoc://current?article=34\">[34]</a> <a href=\"epoc://current?article=35\">[35]</a> If used along with anion exchange resins such as cholestyramine, ursodiol should be alternated rather than the 2 agents taken together. Alternative options to ursodiol include guar gum and phenobarbital, but these are less preferable.</P><P>Patients may also be prescribed antihistamines and/or anion exchange resins (cholestyramine) for symptom relief. Many patients will not tolerate cholestyramine as the doses necessary to sequester bile acids with any meaningful effects cause substantial bloating, cramps, and constipation. In addition, the efficacy of cholestyramine in reducing pruritus is minimal. Cholestyramine may exacerbate or cause fat-soluble vitamin K deficiency and coagulopathy, for which parenteral vitamin K replacement may be needed.</P></div><div class=\"cellTitle\">Delivery</div><div class=\"cellBody\"><P>There are insufficient data to support or refute the popular practice of \"early\" (37 weeks of gestation) induction of labor aimed at reducing late stillbirth.<a href=\"epoc://current?article=21\">[21]</a> The timing and risks of delivery should therefore, be discussed on an individual basis. Induction of labor at term or preterm with severe disease may be safely utilized with reassuring fetal status. Cesarean section is reserved for those with nonreassuring fetal status or premature birth remote from term with unfavorable cervix, although rarely necessary. Even when remote from term, induction attempts are warranted with reassuring fetal status.</P><P>Delivery remote from term is unusual with aggressive therapy and close fetal surveillance. In those patients who have previously suffered a fetal loss, have significantly worsening severe disease recalcitrant to treatment, or with a hostile fetal environment associated with nonreassuring fetal status, premature birth may be necessary. Documented fetal lung maturity, by evidence of amniocentesis, should prompt delivery.</P><P>Delivery resolves cholestasis.</P></div><div class=\"cellTitle\">Other supportive measures</div><div class=\"cellBody\"><P>There is limited evidenced-based information concerning alternative therapies. Cool baths, fans, and ice packs have all been used to provide symptomatic relief. Cooling substances such as aloe and yogurt allow transient relief, and skin moisturizers, humidifiers, and cool loose clothing improve maternal physical comfort. Hydration is important to support clearance of acid salts. Oatmeal baths/cream and topical creams containing corticosteroids or antihistamines may provide some relief.</P></div></div></div>",
   "type":"web"},

  {
   "id":"hxexam_details",
   "sections":
   [

    {
     "type":"table",
     "headerText":"Strong",
     "cells":
     [

      {
       "title":"previous hx of intrahepatic cholestasis of pregnancy",
       "type":"flex0",
       "targetHTML":"<div class=\"cell\"><div class=\"cellBlock\"><div class=\"cellBody\"><P>The recurrence risk of intrahepatic cholestasis of pregnancy is &gt;50% in subsequent pregnancies.<a href=\"epoc://current?article=3\">[3]</a> This is not surprising given the association with genetic variations in transport membrane pumps.</P></div></div></div>"},

      {
       "title":"hx hepatitis C",
       "type":"flex0",
       "targetHTML":"<div class=\"cell\"><div class=\"cellBlock\"><div class=\"cellBody\"><P>There is increased incidence of intrahepatic cholestasis of pregnancy in those with hepatitis C-induced hepatocellular damage; 15.9% versus only 0.8% of controls.<a href=\"epoc://current?article=4\">[4]</a></P></div></div></div>"},

      {
       "title":"FHx of intrahepatic cholestasis of pregnancy",
       "type":"flex0",
       "targetHTML":"<div class=\"cell\"><div class=\"cellBlock\"><div class=\"cellBody\"><P>Genetic predisposition appears to play a role in intrahepatic cholestasis of pregnancy in many patients through the MDR3 mutation, which appears to be familial and is associated with a multitude of liver abnormalities.<a href=\"epoc://current?article=7\">[7]</a> 50% of those with family history share a common haplotype.<a href=\"epoc://current?article=5\">[5]</a><a href=\"epoc://current?article=7\">[7]</a><a href=\"epoc://current?article=8\">[8]</a><a href=\"epoc://current?article=9\">[9]</a><a href=\"epoc://current?article=10\">[10]</a><a href=\"epoc://current?article=11\">[11]</a></P></div></div></div>"},

      {
       "title":"age >35 years",
       "type":"flex0",
       "targetHTML":"<div class=\"cell\"><div class=\"cellBlock\"><div class=\"cellBody\"><P>More than 50% are &gt;35 years of age.<a href=\"epoc://current?article=5\">[5]</a></P></div></div></div>"}      ]},

    {
     "type":"table",
     "headerText":"Weak",
     "cells":
     [

      {
       "title":"multiple pregnancy",
       "type":"flex0",
       "targetHTML":"<div class=\"cell\"><div class=\"cellBlock\"><div class=\"cellBody\"><P>Presumably, the higher levels of estrogen predispose to cholestasis. In Chilean women, 20% of those with multifetal pregnancies are affected. In the US however, only 1 in 500 to 1 in 1000 women are affected.<a href=\"epoc://current?article=5\">[5]</a></P></div></div></div>"}      ]}    ],
   "type":"table"},

  {
   "id":"p-hxexam_factor-key_0",
   "title":"Cholestasis, pregnancy",
   "html":"<html><div class=\"cell\"><div class=\"cellBlock\"><div class=\"cellBody\"><P>This alone is enough for a presumptive diagnosis.</P></div></div></div></html>",
   "type":"web"},

  {
   "id":"p-hxexam_factor-key_1",
   "title":"Cholestasis, pregnancy",
   "html":"<html><div class=\"cell\"><div class=\"cellBlock\"><div class=\"cellBody\"><P>Absence of papules, urticaria, pustules, ulcers, or plaques along with the presence of excoriations. This alone is enough for a presumptive diagnosis.</P></div></div></div></html>",
   "type":"web"},

  {
   "id":"p-hxexam_factor-other_2",
   "title":"Cholestasis, pregnancy",
   "html":"<html><div class=\"cell\"><div class=\"cellBlock\"><div class=\"cellBody\"><P>Only a few will have developed noticeable jaundice.</P></div></div></div></html>",
   "type":"web"},

  {
   "id":"hxexam",
   "sections":
   [

    {
     "headerText":"Risk Factors",
     "cells":
     [

      {
       "target":"hxexam_details",
       "title":"Details",
       "type":"flex0"}      ]},

    {
     "dividerType":"divider0",
     "headers":
     [

      {
       "title":"Key Diagnostic Factors"},

      {
       "title":"common",
       "type":"header1"}      ],
     "cells":
     [

      {
       "title":"pruritus, sparing the face",
       "target":"p-hxexam_factor-key_0",
       "type":"flex0"},

      {
       "title":"excoriations without rash",
       "target":"p-hxexam_factor-key_1",
       "type":"flex0"}      ]},

    {
     "dividerType":"divider0",
     "headers":
     [

      {
       "title":"Other Diagnostic Factors"},

      {
       "title":"uncommon",
       "type":"header1"}      ],
     "cells":
     [

      {
       "title":"mild jaundice",
       "target":"p-hxexam_factor-other_2",
       "type":"flex0"}      ]}    ],
   "type":"table"},

  {
   "id":"p-test-t_0",
   "title":"bile acids",
   "html":"<html><div class=\"cell\"><div class=\"cellBlock\"><div class=\"cellTitle\">Result</div><div class=\"cellBody\">&gt;11 micromol/L and &lt;40 micromol/L (mild); &gt;40 micromol/L (severe)</div><div class=\"cellTitle\">Test Details</div><div class=\"cellBody\"><li>Ordered for any pregnant women with pruritus and no identifiable rash other than excoriations.</li><li>The test is &gt;90% sensitive but only 50% specific. Treatment may be started without confirmation of bile acid elevation if symptoms are severe. Test may be repeated at weekly intervals for monitoring.</li></div></div></div></html>",
   "type":"web"},

  {
   "id":"p-test-t_1",
   "title":"LFTs",
   "html":"<html><div class=\"cell\"><div class=\"cellBlock\"><div class=\"cellTitle\">Result</div><div class=\"cellBody\">aminotransferases elevated up to 300 international units/L in more severe disease; alk phos 5- to 10-fold normal; direct bilirubin elevated in some, not usually &gt;5 mg/dL</div><div class=\"cellTitle\">Test Details</div><div class=\"cellBody\"><li>Ordered for any pregnant woman with pruritus. Treatment can be initiated without test results if symptoms severe with bile acids &gt;40 mmol/L; not needed for diagnosis. Weekly monitoring recommended to monitor severity and progress of the disease.</li></div></div></div></html>",
   "type":"web"},

  {
   "id":"p-test-t_2",
   "title":"coagulation profile",
   "html":"<html><div class=\"cell\"><div class=\"cellBlock\"><div class=\"cellTitle\">Result</div><div class=\"cellBody\">Prothrombin time may be prolonged in rare cases when vitamin K has been depleted from liver dysfunction</div><div class=\"cellTitle\">Test Details</div><div class=\"cellBody\"><li>Ordered for any pregnant woman with pruritus. Coagulopathy indicates more severe disease and vitamin K repletion should be given with weekly monitoring of response to therapy.</li></div></div></div></html>",
   "type":"web"},

  {
   "id":"p-test-t_3",
   "title":"fasting serum cholesterol",
   "html":"<html><div class=\"cell\"><div class=\"cellBlock\"><div class=\"cellTitle\">Result</div><div class=\"cellBody\">total cholesterol and triglycerides are elevated above the 2- to 3-fold increase usually seen in pregnancy</div><div class=\"cellTitle\">Test Details</div><div class=\"cellBody\"><li>Ordered in any pregnant woman with pruritus. Treatment is initiated without regard to results; not needed for diagnosis. For information purposes only and supportive of diagnosis while bile acids are pending.</li></div></div></div></html>",
   "type":"web"},

  {
   "id":"p-test-t_4",
   "title":"hepatitis C virology",
   "html":"<html><div class=\"cell\"><div class=\"cellBlock\"><div class=\"cellTitle\">Result</div><div class=\"cellBody\">positive in hepatitis C infection</div><div class=\"cellTitle\">Test Details</div><div class=\"cellBody\"><li>There is increased incidence of intrahepatic cholestasis of pregnancy in those with hepatitis C-induced hepatocellular damage. Performed to exclude hepatitis C.</li></div></div></div></html>",
   "type":"web"},

  {
   "id":"p-test-t_5",
   "title":"liver biopsy",
   "html":"<html><div class=\"cell\"><div class=\"cellBlock\"><div class=\"cellTitle\">Result</div><div class=\"cellBody\">typical centrilobar plugged bile canaliculi with pigment</div><div class=\"cellTitle\">Test Details</div><div class=\"cellBody\"><li>Rarely indicated. Biopsy is used only for research or when there is conflicting information concerning diagnosis at very early gestational ages.</li></div></div></div></html>",
   "type":"web"},

  {
   "id":"tests",
   "sections":
   [

    {
     "headerText":"Initial Tests",
     "cells":
     [

      {
       "target":"p-test-t_0",
       "title":"bile acids",
       "type":"flex0"},

      {
       "target":"p-test-t_1",
       "title":"LFTs",
       "type":"flex0"},

      {
       "target":"p-test-t_2",
       "title":"coagulation profile",
       "type":"flex0"},

      {
       "target":"p-test-t_3",
       "title":"fasting serum cholesterol",
       "type":"flex0"},

      {
       "target":"p-test-t_4",
       "title":"hepatitis C virology",
       "type":"flex0"}      ]},

    {
     "headerText":"Other Tests to Consider",
     "cells":
     [

      {
       "target":"p-test-t_5",
       "title":"liver biopsy",
       "type":"flex0"}      ]}    ],
   "type":"table"},

  {
   "id":"differentials",
   "sections":
   [

    {
     "cells":
     [

      {
       "title":"Acute hepatitis",
       "type":"flex0",
       "targetHTML":"<div class=\"cell\"><div class=\"cellBlock\"><div class=\"cellTitle\">Signs/Sx</div><div class=\"cellBody\"><ul><li>Patients usually appear ill with malaise, RUQ pain, prodromal constitutional symptoms, nausea, and occasional emesis.</li></ul></div><div class=\"cellTitle\">Tests</div><div class=\"cellBody\"><ul><li>Bilirubin &gt;5 mg/dL and aminotransferases between 500 and 3000 international units/L.</li></ul></div></div></div>"},

      {
       "title":"HELLP syndrome",
       "type":"flex0",
       "targetHTML":"<div class=\"cell\"><div class=\"cellBlock\"><div class=\"cellTitle\">Signs/Sx</div><div class=\"cellBody\"><ul><li>Typical signs of preeclampsia in most, including hypertension, thrombocytopenia, and proteinuria. Around 20% will not have hypertension; however, thrombocytopenia will distinguish from intrahepatic cholestasis of pregnancy (ICP).</li></ul></div><div class=\"cellTitle\">Tests</div><div class=\"cellBody\"><ul><li>Thrombocytopenia, aminotransferases 50 to 2000 international units/L. Renal impairment may be present.</li></ul></div><a href=\"epoc://dx/monograph/1000\"><b class=\"view-dx-monograph\">View Dx Monograph</b></a></div></div>"},

      {
       "title":"Acute fatty liver of pregnancy",
       "type":"flex0",
       "targetHTML":"<div class=\"cell\"><div class=\"cellBlock\"><div class=\"cellTitle\">Signs/Sx</div><div class=\"cellBody\"><ul><li>Patients appear ill frequently with malaise, nausea, many with typical signs of preeclampsia, coagulopathy, and renal impairment. Hypertension present in &gt;70% of cases.</li></ul></div><div class=\"cellTitle\">Tests</div><div class=\"cellBody\"><ul><li>aminotransferases &lt;1000 international units/L, hypoglycemia in most, elevated prothrombin time, elevated creatinine, and proteinuria. CT or MRI of liver showing fatty infiltration. Liver biopsy with fatty infiltration, but rarely needed for diagnosis.</li></ul></div><a href=\"epoc://dx/monograph/796\"><b class=\"view-dx-monograph\">View Dx Monograph</b></a></div></div>"},

      {
       "title":"Plaques, urticaria, and papules of pregnancy (PUPPS)",
       "type":"flex0",
       "targetHTML":"<div class=\"cell\"><div class=\"cellBlock\"><div class=\"cellTitle\">Signs/Sx</div><div class=\"cellBody\"><ul><li>Typically presents with pruritic papules. May be difficult to differentiate clinically as pruritus may result in a rash-like appearance in women with ICP.</li></ul></div><div class=\"cellTitle\">Tests</div><div class=\"cellBody\"><ul><li>Clinical diagnosis.</li></ul></div></div></div>"}      ]}    ],
   "type":"table"},

  {
   "id":"diag_approach",
   "title":"Cholestasis, pregnancy",
   "html":"<div class=\"cell\"><div class=\"cellBlock\"><div class=\"cellBody\"><P>A presumptive diagnosis can be made based on history and negative findings on physical exam. Treatment can be instituted based on history alone without waiting for laboratory results for confirmation. Evaluation of bile acid concentrations may take several days even in major laboratories, making it an impractical tool for immediate risk stratification.<a href=\"epoc://current?article=21\">[21]</a> Perinatology consultation should be considered for fetal surveillance and to consider timing of delivery. Fetal surveillance should be initiated with laboratory confirmation but can be instituted with presumptive history alone.</P></div><div class=\"cellTitle\">History</div><div class=\"cellBody\"><P>Patients are pregnant and typically present with pruritus, which is worse at night, spares the face and started on the soles of feet and hands with no new exposures (to potential irritants) or insect bites. There may be a previous history of pruritus with oral contraceptives. There may also be a past medical history of chronic hepatitis C and/or a family history of intrahepatic cholestasis of pregnancy (ICP). Patients may report similar symptoms with their last pregnancy. Patients are usually &gt;20 weeks' gestation, although it can occur at any gestational age. There is absence of fever, malaise, abdominal pain, nausea, or emesis.</P></div><div class=\"cellTitle\">Physical exam</div><div class=\"cellBody\"><P>Typically, no abnormalities are detected, with the exception of excoriations from itching and/or mild jaundice in some patients. Obstetric examination is normal with normal gravid uterus. There is no hepatomegaly, petechiae, or other abnormal physical signs.</P></div><div class=\"cellTitle\">Laboratory</div><div class=\"cellBody\"><P>Diagnosis is clinical with confirmatory laboratory testing; the following work-up should be performed in all patients:</P><ul><li>Alk phos: 5- to 10-fold normal, although this is nonspecific owing to the usual rise in pregnancy</li><li>Bilirubin: mildly elevated in some (direct bilirubin &gt;5 mg/dL)</li><li>Serum transferases: elevated; levels usually not &gt;300 international units/L</li><li>Total cholesterol and triglycerides: higher than the 2- to 3-fold increase usually seen in pregnancy</li><li>Coagulation profile: typically normal, but prothrombin time may be elevated if vitamin K deficiency</li><li>Serum bile acids (chenodeoxycholic acid and deoxycholic acid) are the most sensitive laboratory abnormality seen in cholestasis but only 50% will have elevations at presentation<a href=\"epoc://current?article=22\">[22]</a> </li><li>Hepatitis C virology as there is increased incidence of intrahepatic cholestasis of pregnancy in those with hepatitis C-induced hepatocellular damage.</li></ul><P>Liver biopsy will show a typical centrilobar plugged bile canaliculi with pigment, although this is rarely, if ever, needed. Biopsy is used only for research or when there is conflicting information concerning diagnosis at very early gestational ages.</P></div></div></div>",
   "type":"web"},

  {
   "id":"followup",
   "title":"Cholestasis, pregnancy",
   "html":"<div class=\"cell\"><div class=\"cellBlock\"><div class=\"cellTitle\">Prognosis</div><div class=\"cellBody\"><div class=\"cellTitle\">Mild disease</div><div class=\"cellBody\"><P>Prognosis is excellent. Most patients can attain a term delivery and complete resolution occurs within 24 to 48 hours in many cases. If prolonged greater than 1 week, the patient should be evaluated for a retained placenta. Recurrence is expected in future pregnancies or with the use of oral contraceptives. All patients should be evaluated for hepatitis C if not already done. Although morbidity can be seen with mild disease, it is rare and no strategy to prevent fetal adverse outcome has been identified.</P></div><div class=\"cellTitle\">Severe disease</div><div class=\"cellBody\"><P>Most patients will attain gestational age 37 to 38 weeks as fetal demise or compromise is rare prior to term. Less than 10% will require premature delivery.</P></div></div><div class=\"cellTitle\">Monitoring</div><div class=\"cellBody\"><P>Fetal surveillance can include either weekly biophysical profiles or twice-weekly nonstress tests in those with severe disease or in those whose disease severity has not yet been determined. Ultrasound can be performed to assess fetal growth and amniotic fluid volume in those with severe disease. If intrauterine growth restriction (IUGR) is identified, Doppler ultrasound should be performed to assess placental function and reserve. Unfortunately, there are no randomized controlled trials documenting one fetal surveillance modality over another and no specific technique can be recommended at this time. It is unknown whether surveillance is sufficiently specific to prevent adverse pregnancy outcome. Some have advocated weekly amniocentesis looking for meconium staining and fetal lung maturity.<a href=\"epoc://current?article=6\">[6]</a> Serial LFTs, coagulation profile, bile acids, and close attention to worsening symptoms are utilized to assess for worsening disease.</P></div><div class=\"cellTitle\">Patient Instructions</div><div class=\"cellBody\"><P>Patients are recommended to:</P><ul><li>Notify a physician if pruritus occurs in pregnancy</li><li>Keep close watch on fetal activity and notify physician if less than usual or less than 6 to 10 movements in the 2 hours after breakfast and dinner</li><li>Wear loose, cool clothes and drink at least 64 ounces of cool water daily.</li></ul></div></div></div>",
   "type":"web"},

  {
   "id":"prevention",
   "title":"Cholestasis, pregnancy",
   "html":"<div class=\"cell\"><div class=\"cellBlock\"><div class=\"cellTitle\">Prevention</div><div class=\"cellBody\"><h4>Primary Prevention</h4><P>Primary preventive interventions and trials have not been performed in intrahepatic cholestasis of pregnancy.</P></div></div></div>",
   "type":"web"},

  {
   "id":"complications",
   "sections":
   [

    {
     "headerText":"Medium Likelihood",
     "cells":
     [

      {
       "title":"vitamin K deficiency",
       "type":"flex0",
       "targetHTML":"<div class=\"cell\"><div class=\"cellBlock\"><div class=\"cellBody\"><P>Liver dysfunction leads to depletion of fat-soluble vitamin K, which in turn leads to depletion of vitamin K-dependent clotting factors and prolongation of the prothrombin time. Vitamin K therapy should be given. Cholestyramine is discontinued and ursodiol added if not already on this medication.</P></div></div></div>"}      ]},

    {
     "headerText":"Low Likelihood",
     "cells":
     [

      {
       "title":"premature labor",
       "type":"flex0",
       "targetHTML":"<div class=\"cell\"><div class=\"cellBlock\"><div class=\"cellBody\"><P>Bile acids can precipitate premature labor and delivery by direct effect on uterine muscle. Bile acids reduce threshold for oxytocin response.</P><A href=\"epoc://dx/monograph/1002\"><B class=\"view-dx-monograph\">View Dx monograph</B></A></div></div></div>"},

      {
       "title":"intrauterine fetal demise",
       "type":"flex0",
       "targetHTML":"<div class=\"cell\"><div class=\"cellBlock\"><div class=\"cellBody\"><P>Acute vasospasm or anoxia can result. However, this is rare prior to 37 weeks' gestation.</P></div></div></div>"},

      {
       "title":"respiratory distress syndrome in preterm infants",
       "type":"flex0",
       "targetHTML":"<div class=\"cell\"><div class=\"cellBlock\"><div class=\"cellBody\"><P>Occurs due to insufficient levels of surfactant in premature infants. It is recommended that intramuscular steroids are given to women who are &lt;34 weeks' gestation to help accelerate fetal lung maturity and improve neonatal outcomes should the need for premature delivery arise.</P><A href=\"epoc://dx/monograph/671\"><B class=\"view-dx-monograph\">View Dx monograph</B></A></div></div></div>"}      ]}    ],
   "type":"table"},

  {
   "id":"guidelines",
   "title":"Cholestasis, pregnancy",
   "html":"<div class=\"cell\"><div class=\"cellBlock\"><div class=\"cellTitle\">Diagnostic Guidelines</div><div class=\"cellBody\"><p><h4>Liver disease and pregnancy<a href=\"epoc://current?article=23\">[23]</a> </h4><p><a href=\"https://gi.org/clinical-guidelines/clinical-guidelines-sortable-list/\">View Society Guidelines</a></p><p><small><b>Published by: </b>American Journal of Gastroenterology</small><br><small><b>Published: </b>2016</small></p><p><small><b>Summary</b><br><P>This guideline provides a comprehensive overview of the diagnostic approach for this condition.</P></small></p></p><hr><p><h4>EASL clinical practice guidelines: management of cholestatic liver diseases<a href=\"epoc://current?article=14\">[14]</a> </h4><p><a href=\"http://www.easl.eu/_clinical-practice-guideline\">View Society Guidelines</a></p><p><small><b>Published by: </b>European Association for the Study of the Liver</small><br><small><b>Published: </b>2009</small></p><p><small><b>Summary</b><br><P>Evidence-based guidelines on cholestatic liver diseases including the use of diagnostic modalities.</P></small></p></p><hr></div><br><div class=\"cellTitle\">Treatment Guidelines</div><div class=\"cellBody\"><p><h4>Liver disease and pregnancy<a href=\"epoc://current?article=23\">[23]</a> </h4><p><a href=\"https://gi.org/clinical-guidelines/clinical-guidelines-sortable-list/\">View Society Guidelines</a></p><p><small><b>Published by: </b>American Journal of Gastroenterology</small><br><small><b>Published: </b>2016</small></p><p><small><b>Summary</b><br><P>This guideline provides a comprehensive overview of the management of this condition.</P></small></p></p><hr><p><h4>Obstetric cholestasis<a href=\"epoc://current?article=40\">[40]</a> </h4><p><a href=\"http://www.rcog.org.uk/guidelines\">View Society Guidelines</a></p><p><small><b>Published by: </b>Royal College of Obstetricians and Gynaecologists</small><br><small><b>Published: </b>2011</small></p><p><small><b>Summary</b><br><P>Evidence-based guideline that looks at the management options available for treating cholestasis of pregnancy.</P></small></p></p><hr><p><h4>EASL clinical practice guidelines: management of cholestatic liver diseases<a href=\"epoc://current?article=14\">[14]</a> </h4><p><a href=\"http://www.easl.eu/_clinical-practice-guideline\">View Society Guidelines</a></p><p><small><b>Published by: </b>European Association for the Study of the Liver</small><br><small><b>Published: </b>2009</small></p><p><small><b>Summary</b><br><P>Evidence-based guidelines on the management of cholestatic liver diseases defining the use of therapeutic and preventive modalities including noninvasive and invasive procedures.</P></small></p></p><hr></div></div></div>",
   "type":"web"},

  {
   "id":"p-tx-c_0",
   "title":"ignoreme",
   "html":"<html><div class=\"cell\"><div class=\"cellBlock\"><div class=\"cellTitle\">Primary Options</div><div class=\"cellBody\"><UL class=\"tx-options\"><LI><span><A href=\"epoc://rx/monograph/21\">diphenhydramine</A>: 25-50 mg orally every 4-6 hours when required, maximum 300 mg/day<BR></span></LI><LI><span><A href=\"epoc://rx/monograph/231\">hydroxyzine</A>: 25-50 mg orally every 4-6 hours when required, maximum 400 mg/day<BR></span></LI></UL></div><div class=\"cellTitle\">Comments</div><div class=\"cellBody\"><ul><li>The goal of maternal treatment is to reduce pruritus. Although expectant management is an option, many patients will be sufficiently uncomfortable to warrant pharmacotherapy.</li><li>Antihistamines provide some relief but are generally of limited value in that most patients will require other first- or second-line treatments. These can be initiated based on clinical exam and history but they can be sedating, which limits their usefulness. They are most beneficial in early stages of disease when night time symptoms predominate.</li></ul></div></div></div></html>",
   "type":"web"},

  {
   "id":"p-tx-c_1",
   "title":"ignoreme",
   "html":"<html><div class=\"cell\"><div class=\"cellBlock\"><div class=\"cellTitle\">Primary Options</div><div class=\"cellBody\"><UL class=\"tx-options\"><LI><span><A href=\"epoc://rx/monograph/1729\">cholestyramine</A>: 4-16 g/day orally given in 2-4 divided doses <B>and</B><BR></span><span><A href=\"epoc://rx/monograph/2289\">phytonadione (vitamin K1)</A>: 10 mg orally/intramuscularly as a single dose, consult specialist for further guidance on dose<BR></span></LI></UL></div><div class=\"cellTitle\">Comments</div><div class=\"cellBody\"><ul><li>Cholestyramine, an anion-binding resin that disrupts enterohepatic circulation and resorption of bile acids, comes as a powder and must be mixed. This can make it more difficult to take. It has a delayed effect and may not provide substantial relief until after 2 weeks of therapy. Other than bloating, constipation, and cramps, the most substantial side effect is fat-soluble vitamin malabsorption.</li><li>Vitamin K (as phytonadione) is used as adjunctive therapy only when cholestyramine is used with associated depletion of fat soluble vitamins. Initiated if prothrombin time prolonged.</li></ul></div></div></div></html>",
   "type":"web"},

  {
   "id":"p-tx-c_2",
   "title":"ignoreme",
   "html":"<html><div class=\"cell\"><div class=\"cellBlock\"><div class=\"cellTitle\">Primary Options</div><div class=\"cellBody\"><UL class=\"tx-options\"><LI><span><A href=\"epoc://rx/monograph/350\">ursodiol</A>: 14-16 mg/kg/day orally given in 2-4 divided doses<BR></span></LI></UL></div><div class=\"cellTitle\">Comments</div><div class=\"cellBody\"><ul><li>Ursodiol can also be used. It competes with other cytotoxic bile acids and improves both maternal pruritus and liver function. As a naturally occurring hydrophilic bile acid itself, it also reverses abnormalities of placental bile acid transport and improves the transport of bile acids from the fetal to the maternal compartment across trophoblastic tissue.</li></ul></div></div></div></html>",
   "type":"web"},

  {
   "id":"p-tx-c_3",
   "title":"ignoreme",
   "html":"<html><div class=\"cell\"><div class=\"cellBlock\"><div class=\"cellTitle\">Comments</div><div class=\"cellBody\"><ul><li>Topical antihistamine lotions and creams may provide some relief when hands, feet, or other localized areas are most symptomatic. They have, however, limited effect with total body pruritus.</li><li>Tight clothing tends to exacerbate pruritus and loose-fitting, cool cotton clothing is more comfortable to most patients.</li><li>Both milk thistle and dandelion extracts have been shown to improve liver function and improve enterohepatic circulation.</li><li>Although safe, their efficacy has not been subject to scientific analysis, which limits their use.</li></ul></div></div></div></html>",
   "type":"web"},

  {
   "id":"tx-0",
   "sections":
   [

    {
     "cells":
     [

      {
       "target":"p-tx-c_0",
       "title":"antihistamines",
       "flag":"1st",
       "type":"flex1"},

      {
       "target":"p-tx-c_1",
       "title":"cholestyramine + vitamin K",
       "flag":"adj.",
       "type":"flex1"},

      {
       "target":"p-tx-c_2",
       "title":"ursodiol",
       "flag":"adj.",
       "type":"flex1"},

      {
       "target":"p-tx-c_3",
       "title":"supportive measures",
       "flag":"adj.",
       "type":"flex1"}      ]}    ],
   "type":"table"},

  {
   "id":"p-tx-c_4",
   "title":"ignoreme",
   "html":"<html><div class=\"cell\"><div class=\"cellBlock\"><div class=\"cellTitle\">Primary Options</div><div class=\"cellBody\"><UL class=\"tx-options\"><LI><span><A href=\"epoc://rx/monograph/350\">ursodiol</A>: 14-16 mg/kg/day orally given in 2-4 divided doses<BR></span></LI></UL></div><div class=\"cellTitle\">Secondary Options</div><div class=\"cellBody\"><UL class=\"tx-options\"><LI><span><A href=\"epoc://rx/monograph/270\">phenobarbital</A>: 30-90 mg orally once daily at bedtime<BR></span></LI><LI><span>guar gum<BR></span></LI></UL></div><div class=\"cellTitle\">Comments</div><div class=\"cellBody\"><ul><li>Ursodiol competes with other cytotoxic bile acids and improves both maternal pruritus and liver function. As a naturally occurring hydrophilic bile acid itself, it also reverses abnormalities of placental bile acid transport and improves the transport of bile acids from the fetal to the maternal compartment across trophoblastic tissue. This should be first-line therapy for all patients with severe disease.<a href=\"epoc://current?article=19\">[19]</a> </li><li>Phenobarbital induces hepatic microsomal enzymes and improves bile flow. It does not change bile acid levels and may take more than 1 week to work. Sedation limits its use. Cannot be used within 2 hours of cholestyramine.</li><li>Guar gum increases fecal loss of bile salts and improves pruritus as well as stabilizes bile acid production.</li></ul></div></div></div></html>",
   "type":"web"},

  {
   "id":"p-tx-c_5",
   "title":"ignoreme",
   "html":"<html><div class=\"cell\"><div class=\"cellBlock\"><div class=\"cellTitle\">Comments</div><div class=\"cellBody\"><ul><li>This should include either weekly biophysical profiles or twice-weekly nonstress tests in those with severe disease or in those whose disease severity has not yet been determined. Ultrasound should be performed to assess fetal growth and amniotic fluid volume. If intrauterine growth restriction (IUGR) is identified, Doppler ultrasound should be performed to assess placental function and reserve.</li></ul></div></div></div></html>",
   "type":"web"},

  {
   "id":"p-tx-c_6",
   "title":"ignoreme",
   "html":"<html><div class=\"cell\"><div class=\"cellBlock\"><div class=\"cellTitle\">Primary Options</div><div class=\"cellBody\"><UL class=\"tx-options\"><LI><span><A href=\"epoc://rx/monograph/4969\">betamethasone sodium phosphate/betamethasone acetate</A>: 12 mg intramuscularly every 24 hours for 2 doses<BR></span></LI></UL></div><div class=\"cellTitle\">Comments</div><div class=\"cellBody\"><ul><li>Given to all patients with severe disease and gestational age &lt;34 weeks to accelerate fetal lung maturity and improve neonatal outcomes (reduce risk of respiratory distress syndrome), should premature delivery be required.</li><li>Because mild disease without progression rarely requires delivery prior to 37 weeks, corticosteroids, for the purpose of enhancing fetal lung maturity, are not necessary.<a href=\"epoc://current?article=3\">[3]</a> </li><li>Patients with gestational or pregestational diabetes, may require transient adjustment to diabetes medical therapies.</li></ul></div></div></div></html>",
   "type":"web"},

  {
   "id":"p-tx-c_7",
   "title":"ignoreme",
   "html":"<html><div class=\"cell\"><div class=\"cellBlock\"><div class=\"cellTitle\">Comments</div><div class=\"cellBody\"><ul><li>Topical creams and emollients have little use or effectiveness once the diagnosis of severe disease is made.</li><li>Loose, cool nonabrasive clothing may make some patients feel more comfortable.</li></ul></div></div></div></html>",
   "type":"web"},

  {
   "id":"p-tx-c_8",
   "title":"ignoreme",
   "html":"<html><div class=\"cell\"><div class=\"cellBlock\"><div class=\"cellTitle\">Primary Options</div><div class=\"cellBody\"><UL class=\"tx-options\"><LI><span><A href=\"epoc://rx/monograph/21\">diphenhydramine</A>: 25-50 mg orally every 4-6 hours when required, maximum 300 mg/day<BR></span></LI><LI><span><A href=\"epoc://rx/monograph/231\">hydroxyzine</A>: 25-50 mg orally every 4-6 hours when required, maximum 400 mg/day<BR></span></LI></UL></div><div class=\"cellTitle\">Comments</div><div class=\"cellBody\"><ul><li>Antihistamines provide some relief but are generally of limited value in that most patients will require other first- or second-line treatments.</li></ul></div></div></div></html>",
   "type":"web"},

  {
   "id":"p-tx-c_9",
   "title":"ignoreme",
   "html":"<html><div class=\"cell\"><div class=\"cellBlock\"><div class=\"cellTitle\">Primary Options</div><div class=\"cellBody\"><UL class=\"tx-options\"><LI><span><A href=\"epoc://rx/monograph/1729\">cholestyramine</A>: 4-16 g/day orally given in 2-4 divided doses <B>and</B><BR></span><span><A href=\"epoc://rx/monograph/2289\">phytonadione (vitamin K1)</A>: 10 mg orally/intramuscularly as a single dose, consult specialist for further guidance on dose<BR></span></LI></UL></div><div class=\"cellTitle\">Comments</div><div class=\"cellBody\"><ul><li>Cholestyramine, an anion-binding resin that disrupts enterohepatic circulation and resorption of bile acids, may also be tried if it has not already.</li><li>Vitamin K (as phytonadione) is given to those patients receiving cholestyramine as a bile-sequestering agent and who have prolonged prothrombin time.</li></ul></div></div></div></html>",
   "type":"web"},

  {
   "id":"p-tx-c_10",
   "title":"ignoreme",
   "html":"<html><div class=\"cell\"><div class=\"cellBlock\"><div class=\"cellTitle\">Comments</div><div class=\"cellBody\"><ul><li>There is increased risk of preterm delivery and intrauterine fetal demise in those with intrahepatic cholestasis of pregnancy. Almost half will have meconium and up to 25% will develop nonreassuring fetal status in labor. The overall perinatal mortality is between 3% and 20%.<a href=\"epoc://current?article=36\">[36]</a> </li><li>Bile acids can induce cardiomyocyte impairment and arterial spasm causing nonreassuring fetal status. Because sudden fetal death can occur late in pregnancy, delivery is recommended when there is a nonreassuring fetal heart rate pattern or biophysical profile with score of ≤4. Because bile acid levels and liver function tests do not always correlate with the incidence of fetal demise, delivery is recommended either when fetal lung maturity is documented at any gestational age or when nonreassuring fetal status is identified.</li><li>In those with reassuring fetal status but failed therapy or with lung maturity documented, induction of labor is appropriate. In those with nonreassuring status, cesarean delivery is recommended.</li></ul></div></div></div></html>",
   "type":"web"},

  {
   "id":"tx-4",
   "sections":
   [

    {
     "cells":
     [

      {
       "target":"p-tx-c_4",
       "title":"agents acting on bile",
       "flag":"1st",
       "type":"flex1"},

      {
       "target":"p-tx-c_5",
       "title":"fetal surveillance",
       "flag":"adj.",
       "type":"flex1"},

      {
       "target":"p-tx-c_6",
       "title":"intramuscular betamethasone",
       "flag":"adj.",
       "type":"flex1"},

      {
       "target":"p-tx-c_7",
       "title":"supportive measures",
       "flag":"adj.",
       "type":"flex1"},

      {
       "target":"p-tx-c_8",
       "title":"antihistamines",
       "flag":"adj.",
       "type":"flex1"},

      {
       "target":"p-tx-c_9",
       "title":"cholestyramine + vitamin K",
       "flag":"adj.",
       "type":"flex1"}      ]},

    {
     "cells":
     [

      {
       "target":"p-tx-c_10",
       "title":"cesarean section or induced delivery",
       "flag":"2nd",
       "type":"flex1"}      ]}    ],
   "type":"table"},

  {
   "id":"p-tx-c_11",
   "title":"ignoreme",
   "html":"<html><div class=\"cell\"><div class=\"cellBlock\"><div class=\"cellTitle\">Comments</div><div class=\"cellBody\"><ul><li>Delivery at term is recommended in all patients with intrahepatic cholestasis considering the possibility of fetal demise which may not correlate with degree of pruritus of liver abnormalities.<a href=\"epoc://current?article=37\">[37]</a> </li><li>Delivery resolves cholestasis.</li><li>In those with reassuring fetal status, induction of labor is appropriate. In those with nonreassuring status, cesarean delivery is recommended.</li></ul></div></div></div></html>",
   "type":"web"},

  {
   "id":"tx-11",
   "sections":
   [

    {
     "cells":
     [

      {
       "target":"p-tx-c_11",
       "title":"cesarean section or induced delivery",
       "flag":"1st",
       "type":"flex1"}      ]}    ],
   "type":"table"}  ],
 "citations":
 {
  "articles":
  [

   {
    "id":1,
    "key_article":false,
    "ref_article":true,
    "html":"Lammert F, Marschall HU, Glantz A, et al. Intrahepatic cholestasis of pregnancy: molecular pathogenesis, diagnosis and management. J Hepatol. 200;33:1012-1021.<a href=\"http://www.ncbi.nlm.nih.gov/pubmed/11131439\"> [Abstract]</a>"},

   {
    "id":3,
    "key_article":false,
    "ref_article":true,
    "html":"Glantz A, Marschall HU, Mattsson LA. Intrahepatic cholestasis of pregnancy: relationships between bile acid levels and fetal complication rates. Hepatology. 2004 Aug;40(2):467-74.<a href=\"http://www.ncbi.nlm.nih.gov/pubmed/15368452\"> [Abstract]</a>"},

   {
    "id":4,
    "key_article":false,
    "ref_article":true,
    "html":"Reyes H, Simon F. Intrahepatic cholestasis of pregnancy: an estrogen-related disease. Semin Liver Dis. 1993 Aug;13(3):289-301.<a href=\"http://www.ncbi.nlm.nih.gov/pubmed/8235718\"> [Abstract]</a>"},

   {
    "id":5,
    "key_article":false,
    "ref_article":true,
    "html":"Lammert F, Marschall HU, Glantz A, et al. Intrahepatic cholestasis of pregnancy: molecular pathogenesis, diagnosis and management. J Hepatol. 2000 Dec;33(6):1012-21.<a href=\"http://www.ncbi.nlm.nih.gov/pubmed/11131439\"> [Abstract]</a>"},

   {
    "id":6,
    "key_article":false,
    "ref_article":true,
    "html":"Kenyon AP, Piercy CN, Girling J, et al. Obstetric cholestasis, outcome with active management: a series of 70 cases. BJOG. 2002 Mar;109(3):282-8.<a href=\"http://www.ncbi.nlm.nih.gov/pubmed/11950183\"> [Abstract]</a>"},

   {
    "id":7,
    "key_article":false,
    "ref_article":true,
    "html":"Trauner M, Boyer JL. Bile salt transporters: molecular characterization, function and regulation. Physiol Rev. 2003 Apr;83(2):633-71.<a href=\"http://www.ncbi.nlm.nih.gov/pubmed/12663868\"> [Abstract]</a><a href=\"http://physrev.physiology.org/cgi/content/full/83/2/633\"> [Full Text]</a>"},

   {
    "id":8,
    "key_article":false,
    "ref_article":true,
    "html":"Rosmorduc O, Hermelin B, Boelle PY, et al. ABCB4 gene mutation-associated cholelithiasis in adults. Gastroenterology. 2003 Aug;125(2):452-9.<a href=\"http://www.ncbi.nlm.nih.gov/pubmed/12891548\"> [Abstract]</a>"},

   {
    "id":9,
    "key_article":false,
    "ref_article":true,
    "html":"Milkiewicz P, Gallagher R, Chambers J, et al. Obstetric cholestasis with elevated gamma glutamyl transpeptidase: incidence, presentation and treatment. J Gastroenterol Hepatol. 2003 Nov;18(11):1283-6.<a href=\"http://www.ncbi.nlm.nih.gov/pubmed/14535985\"> [Abstract]</a>"},

   {
    "id":10,
    "key_article":true,
    "ref_article":true,
    "html":"Eloranta ML, Hakli T, Hiltunen M, et al. Association of single nucleotide polymorphisms of the bile salt sport pump gene with intrahepatic cholestasis of pregnancy. Scand J Gastroenterol. 2003 Jun;38(6):648-52.<a href=\"http://www.ncbi.nlm.nih.gov/pubmed/12825874\"> [Abstract]</a>"},

   {
    "id":11,
    "key_article":false,
    "ref_article":true,
    "html":"Savander M, Ropponen A, Avela K, et al. Genetic evidence of heterogeneity in intrahepatic cholestasis of pregnancy. Gut. 2003 Jul;52(7):1025-9.<a href=\"http://www.ncbi.nlm.nih.gov/pubmed/12801961\"> [Abstract]</a><a href=\"http://www.pubmedcentral.nih.gov/articlerender.fcgi?tool=pubmed&amp;pubmedid=12801961\"> [Full Text]</a>"},

   {
    "id":12,
    "key_article":false,
    "ref_article":true,
    "html":"Kroumpouzos G, Cohen LM. Specific dermatoses of pregnancy: an evidence-based systematic review. Am J Obstet Gynecol. 2003 Apr;188(4):1083-92.<a href=\"http://www.ncbi.nlm.nih.gov/pubmed/12712115\"> [Abstract]</a>"},

   {
    "id":13,
    "key_article":true,
    "ref_article":true,
    "html":"Dixon PH, Weerasekera N, Linton KJ, et al. Heterozygous MDR3 missense mutation associated with intrahepatic cholestasis of pregnancy: evidence for a defect in protein trafficking. Hum Mol Genet. 2000 May 1;9(8):1209-17.<a href=\"http://www.ncbi.nlm.nih.gov/pubmed/10767346\"> [Abstract]</a><a href=\"http://hmg.oxfordjournals.org/cgi/content/full/9/8/1209\"> [Full Text]</a>"},

   {
    "id":14,
    "key_article":true,
    "ref_article":true,
    "html":"European Association for the Study of the Liver. Clinical practice guidelines: management of cholestatic liver diseases. J Hepatol. 2009 Aug;51(2):237-67. <a href=\"http://www.ncbi.nlm.nih.gov/pubmed/19501929\"> [Abstract]</a><a href=\"http://www.journal-of-hepatology.eu/article/S0168-8278(09)00309-2/fulltext\"> [Full Text]</a>"},

   {
    "id":15,
    "key_article":false,
    "ref_article":true,
    "html":"Howard PJ, Murphy GM. Bile acid stress in mother and baby unit. Eur J Gastroenterol Hepatol. 2003 Mar;15(3):317-21.<a href=\"http://www.ncbi.nlm.nih.gov/pubmed/12610328\"> [Abstract]</a>"},

   {
    "id":16,
    "key_article":false,
    "ref_article":true,
    "html":"Germain AM, Kato S, Carvajal JA, et al. Bile acids increase response and expression of human myometrial oxytocin receptor. Am J Obstet Gynecol. 2003 Aug;189(2):577-82.<a href=\"http://www.ncbi.nlm.nih.gov/pubmed/14520238\"> [Abstract]</a>"},

   {
    "id":17,
    "key_article":false,
    "ref_article":true,
    "html":"Monte MJ, Villanueva GR, Macias RI, et al. Effect of maternal obstructive cholestasis during pregnancy on the biliary transport of horseradish peroxidase in the rat offspring. Clin Sci (Lond). 2003 Sep;105(3):347-53.<a href=\"http://www.ncbi.nlm.nih.gov/pubmed/12769814\"> [Abstract]</a><a href=\"http://www.clinsci.org/cs/105/0347/cs1050347.htm\"> [Full Text]</a>"},

   {
    "id":18,
    "key_article":false,
    "ref_article":true,
    "html":"Reyes H, Sjovall J. Bile acids and progesterone metabolites in intrahepatic cholestasis of pregnancy. Ann Med. 2000 Mar;32(2):94-106.<a href=\"http://www.ncbi.nlm.nih.gov/pubmed/10766400\"> [Abstract]</a>"},

   {
    "id":19,
    "key_article":false,
    "ref_article":true,
    "html":"Serrano MA, Macias RI, Vallejo M, et al. Effect of ursodeoxycholic acid on the impairment induced by maternal cholestasis in the rat placenta-maternal liver tandem excretory pathway. J Pharmacol Exp Ther. 2003 May;305(2):515-24.<a href=\"http://www.ncbi.nlm.nih.gov/pubmed/12606635\"> [Abstract]</a><a href=\"http://jpet.aspetjournals.org/cgi/content/full/305/2/515\"> [Full Text]</a>"},

   {
    "id":20,
    "key_article":false,
    "ref_article":true,
    "html":"Mottino AD, Veggi LM, Wood M, et al. Biliary secretion of glutathione in estradiol 17beta-D-glucuronide-induced cholestasis. J Pharmacol Exp Ther. 2003 Oct;307(1):306-13.<a href=\"http://www.ncbi.nlm.nih.gov/pubmed/12893835\"> [Abstract]</a><a href=\"http://jpet.aspetjournals.org/cgi/content/full/307/1/306\"> [Full Text]</a>"},

   {
    "id":21,
    "key_article":false,
    "ref_article":true,
    "html":"Saleh MM, Abdo KR. Intrahepatic cholestasis of pregnancy: review of the literature and evaluation of current evidence. J Womens Health (Larchmt). 2007 Jul-Aug;16(6):833-41.<a href=\"http://www.ncbi.nlm.nih.gov/pubmed/17678454\"> [Abstract]</a>"},

   {
    "id":22,
    "key_article":false,
    "ref_article":true,
    "html":"Lopez J, Glasinovic JC, Marinovic I, et al. Clinical and laboratory characterization in 100 cases of pregnancy cholestasis. Rev Chil Obstet Ginecol. 1982;47(4):215-21.<a href=\"http://www.ncbi.nlm.nih.gov/pubmed/6927319\"> [Abstract]</a>"},

   {
    "id":23,
    "key_article":false,
    "ref_article":true,
    "html":"Tran TT, Ahn J, Reau NS. ACG clinical guideline: Liver disease and pregnancy. Am J Gastroenterol. 1982;47(4):215-21.<a href=\"http://www.ncbi.nlm.nih.gov/pubmed/26832651\"> [Abstract]</a><a href=\"https://gi.org/guideline/liver-disease-and-pregnancy/\"> [Full Text]</a>"},

   {
    "id":31,
    "key_article":true,
    "ref_article":false,
    "html":"Glantz A, Marschall HU, Lammert F, et al. Intrahepatic cholestasis of pregnancy: a randomized controlled trial comparing dexamethasone and ursodeoxycholic acid. Hepatology. 2005;42:1399-1405.<a href=\"http://www.ncbi.nlm.nih.gov/pubmed/16317669\"> [Abstract]</a><a href=\"http://onlinelibrary.wiley.com/doi/10.1002/hep.20952/full\"> [Full Text]</a>"},

   {
    "id":33,
    "key_article":true,
    "ref_article":true,
    "html":"Glantz A, Marschall HU, Lammert F, et al. Intrahepatic cholestasis of pregnancy: a randomized controlled trial comparing dexamethasone and ursodeoxycholic acid. Hepatology. 2005 Dec;42(6):1399-405.<a href=\"http://www.ncbi.nlm.nih.gov/pubmed/16317669\"> [Abstract]</a><a href=\"http://onlinelibrary.wiley.com/doi/10.1002/hep.20952/full\"> [Full Text]</a>"},

   {
    "id":34,
    "key_article":false,
    "ref_article":true,
    "html":"Palma J, Reyes H, Ribalta J, et al. Ursodeoxycholic acid in treatment of cholestasis of pregnancy: a randomized, double blinded study controlled with placebo. J Hepatol. 1997 Dec;27(6):1022-8.<a href=\"http://www.ncbi.nlm.nih.gov/pubmed/9453428\"> [Abstract]</a>"},

   {
    "id":35,
    "key_article":true,
    "ref_article":true,
    "html":"Bacq Y, Sentilhes L, Reyes HB, et al. Efficacy of ursodeoxycholic acid in treating intrahepatic cholestasis of pregnancy: a meta-analysis. Gastroenterology. 2012 Dec;143(6):1492-501.<a href=\"http://www.ncbi.nlm.nih.gov/pubmed/22892336\"> [Abstract]</a>"},

   {
    "id":36,
    "key_article":true,
    "ref_article":true,
    "html":"Fisk NM, Bye WB, Storey GN. Maternal features of obstetric cholestasis: 20 years experience at King George V Hospital. Aust N Z J Obstet Gynaecol. 1988 Aug;28(3):172-6.<a href=\"http://www.ncbi.nlm.nih.gov/pubmed/3233079\"> [Abstract]</a>"},

   {
    "id":37,
    "key_article":true,
    "ref_article":true,
    "html":"Heinonen S, Kirkinen P. Pregnancy outcome with intrahepatic cholestasis. Obstet Gynecol. 1999 Aug;94(2):189-93.<a href=\"http://www.ncbi.nlm.nih.gov/pubmed/10432125\"> [Abstract]</a>"},

   {
    "id":38,
    "key_article":false,
    "ref_article":true,
    "html":"Nicastri PL, Diaferia A, Tartagni M, et al. A randomized placebo-controlled trial of ursodeoxycholic acid and S-adenosylmethionine in the treatment of intrahepatic cholestasis of pregnancy. Br J Obstet Gynaecol. 1998 Nov;105(11):1205-7.<a href=\"http://www.ncbi.nlm.nih.gov/pubmed/9853771\"> [Abstract]</a>"},

   {
    "id":39,
    "key_article":false,
    "ref_article":true,
    "html":"Binser T, Salaj P, Zima T, et al. Randomized prospective comparative study of ursodeoxycholic acid and S-adenosyl-L-methionine in the treatment of intrahepatic cholestasis of pregnancy. J Perinat Med. 2006;34(5):383-91.<a href=\"http://www.ncbi.nlm.nih.gov/pubmed/16965225\"> [Abstract]</a>"},

   {
    "id":40,
    "key_article":false,
    "ref_article":true,
    "html":"Royal College of Obstetrics and Gynaecologists. Obstetric cholestasis. Green-top guideline 43. April 2011. [internet publication]. <a href=\"http://www.rcog.org.uk/womens-health/clinical-guidance/obstetric-cholestasis-green-top-43\"> [Full Text]</a>"}   ]},
 "media":
 [
  ]}