
{
 "id":826,
 "title":"Meniscal tear",
 "views":
 [

  {
   "id":"root",
   "type":"table",
   "sections":
   [

    {
     "cells":
     [

      {
       "target":"highlights",
       "title":"Highlights & Basics",
       "type":"flex0"}      ]},

    {
     "cells":
     [

      {
       "target":"tx_options",
       "title":"Treatment Options",
       "type":"flex0"},

      {
       "target":"tx_emerging",
       "title":"Emerging Treatments",
       "type":"flex0"},

      {
       "target":"tx_approach",
       "title":"Treatment Approach",
       "type":"flex0"},

      {
       "target":"hxexam",
       "title":"History & Exam",
       "type":"flex0"},

      {
       "target":"tests",
       "title":"Tests",
       "type":"flex0"},

      {
       "target":"differentials",
       "title":"Differential Diagnosis",
       "type":"flex0"},

      {
       "target":"diag_approach",
       "title":"Diagnostic Approach",
       "type":"flex0"},

      {
       "target":"followup",
       "title":"Follow-up",
       "type":"flex0"},

      {
       "target":"prevention",
       "title":"Prevention",
       "type":"flex0"},

      {
       "target":"complications",
       "title":"Complications",
       "type":"flex0"}      ]}    ]},

  {
   "id":"highlights",
   "title":"Meniscal tear",
   "html":"<div class=\"cell\"><div class=\"cellBlock\"><div class=\"cellTitle\">Key Highlights</div><div class=\"cellBody\"><ul><li>Can result from playing sport or normal activities of daily living. The athletic population is at greatest risk, especially those who participate in twisting sports (commonly football, soccer, and basketball).</li><li>Common complaints include catching, locking, or buckling of the knee, knee pain, or any combination of these symptoms.</li><li>MRI scan considered most accurate and noninvasive method of diagnosis. Meniscal tears are mainly either traumatic or degenerative.</li><li>Most tears do not heal spontaneously and are treated arthroscopically by meniscus repair (if torn in a clear, clean pattern) or, less commonly, partial meniscectomy (if torn in a complex pattern).</li><li>Successful outcome requires close follow-up and adherence to physical therapy.</li></ul></div><div class=\"cellTitle\">Definition</div><div class=\"cellBody\"><P>The medial and lateral menisci are shock absorbers and force distributors located between the femur and the tibia. Consequently, menisci can tear due to traumatic injury or degenerative wear (e.g., in knee joint arthritis), and can compromise force distribution across the knee joint. A meniscal tear occurs in 2 primary planes, vertical and horizontal. Tears can cause knee pain, swelling, limited range of motion, and catching, locking, and buckling of the knee joint. Tears may lead to degenerative, arthritic changes if not already present.</P><P><a class=\"inlineImage\" href=\"epoc://current?view=p-images-i_1\">Image</a></P></div><div class=\"cellTitle\">Classification</div><div class=\"cellBody\"><h3>Vertical tears</h3><P>Longitudinal tear</P><ul><li>Tear along the longitudinal axis of the meniscus.</li></ul><P>Radial tear</P><ul><li>Tear transverse to the circumferential fibers of the meniscus.</li></ul><P>Bucket handle tear</P><ul><li>Complete longitudinal tear that results in a peripheral and inner fragment.</li></ul><h3>Horizontal tears</h3><P>Transverse tear</P><ul><li>Tear in the horizontal axis of the meniscus.</li></ul><P>Cleavage tear</P><ul><li>Complete transverse tear that separates the meniscus into a superior and inferior fragment.</li></ul><h3>Parrot's beak tear</h3><P>A combined, incomplete radial and longitudinal tear, with a displaceable component that resembles a parrot's beak.</P><h3>Root tear</h3><P>Tear in the anterior or posterior meniscal roots where the meniscus attaches to the central tibial plateau.</P><h3>Degenerative tear</h3><P>Can occur as a result of traumatic or degenerative arthritis.</P><P><a class=\"inlineImage\" href=\"epoc://current?view=p-images-i_2\">Image</a></P><h3>Consensus classification for meniscal findings on MRI<a href=\"epoc://current?article=1\">[1]</a> </h3><P>Treatable lesion: meniscal surgery may be indicated</P><ul><li>Bucket-handle tear</li><li>Displaced meniscal tear</li><li>Meniscal root failure</li></ul><P>Indeterminate lesion: meniscal surgery may be indicated</P><ul><li>Undisplaced meniscal tear</li><li>Radial tear</li><li>Radial flap tear</li><li>Complete radial split tear</li><li>Partial radial split tear</li><li>Horizontal tear with or without cyst</li><li>Horizontal cleavage tear and meniscal cyst</li><li>Horizontal cleavage tear in isolation</li><li>Complex meniscal lesion</li><li>Short longitudinal tear</li></ul><P>Unlikely treatable: meniscal surgery not indicated</P><ul><li>Contour abnormality</li><li>Isolated meniscal extrusion</li><li>No tear</li></ul></div><div class=\"cellTitle\">Epidemiology</div><div class=\"cellBody\"><P>Meniscal tears are responsible for 750,000 arthroscopies per year in the US and are the most common soft tissue injury to the knee joint.<a href=\"epoc://current?article=2\">[2]</a> </P><P>In one US study, the prevalence of degenerative tears ranged from 19% in women ages 50 to 59 years, to over 50% in men ages 70 to 90 years.<a href=\"epoc://current?article=3\">[3]</a> However, despite the high prevalence, 61% of people with meniscal tears identified on MRI scans did not report any pain or stiffness.</P><P>A study in Switzerland documented 17,397 patients with 19,530 sports injuries over a 10-year period: 37% of the patients had injuries related to the knee joint (7769 injuries [39.8%]), 10.8% of patients had medial meniscus lesion, and 3.7% had lateral meniscus lesion. The medial meniscus injury was associated with tennis and jogging, and lateral meniscus injury with gymnastics and dancing.<a href=\"epoc://current?article=4\">[4]</a> </P><P>In a 10-year retrospective analysis of all knee and ankle injuries recorded on Macquarie Island, Australia, meniscal tears contributed to 11% of the recorded injuries.<a href=\"epoc://current?article=5\">[5]</a>&nbsp;Observational data from the UK suggest a significantly higher incidence of meniscal tears in patients undergoing reconstruction of the anterior cruciate ligament more than 12 months after the injury (71.2%) compared with those who underwent surgery within 12 months of injury (41.7%).<a href=\"epoc://current?article=6\">[6]</a> </P></div><div class=\"cellTitle\">Etiology</div><div class=\"cellBody\"><P>Traumatic meniscal tears most commonly occur during sports such as football, soccer, and basketball, but skiers, runners, and tennis players are also at risk. Older patients can tear their meniscus during normal activities of daily living, usually as a consequence of aging and degenerative wear of the knee joint (knee joint arthritis).</P><P>Meniscal tear is associated with cartilage defect, loss of cartilage volume, and alteration in bone size. Radiographic evidence of osteoarthritis can accompany meniscal damage, suggesting that meniscal tear in non-osteoarthritic people may be an early event in the disease process, and may be a risk factor for knee cartilage damage and articular structural changes.<a href=\"epoc://current?article=3\">[3]</a> <a href=\"epoc://current?article=7\">[7]</a> <a href=\"epoc://current?article=8\">[8]</a> </P><P>The degree of vascular penetration into the periphery of the meniscus ranges from 10% to 25% of the meniscal width. Consequently, most areas of the meniscus cannot heal by themselves because they are not vascularized.<a href=\"epoc://current?article=9\">[9]</a> </P><P>Additional risk factors include occupations that stress the joint (e.g., construction work and manual labor jobs that involve knee flexion while lifting heavy objects), malalignment of the knee joint, previous ligament injury (especially anterior cruciate ligament injury), and knee instability. Furthermore, it is suggested that increased friction from various sporting turfs may lead to a meniscal tear. Poor ground or weather conditions increase the likelihood of slips, falls, and improper landings, further increasing the risk of meniscal tears.<a href=\"epoc://current?article=10\">[10]</a> The presence of a discoid meniscus is also associated with a slightly higher risk of meniscal tears (discoid lateral meniscus is found in 3.5% to 5% of meniscal tear patients).<a href=\"epoc://current?article=11\">[11]</a> </P></div><div class=\"cellTitle\">Authors / Peer Reviewers</div><div class=\"cellBody\"><ul><li>Hideki Takeda, MD</li><li>Daniel Solomon, MD</li><li>Jung-Ro Yoon, MD</li></ul></div><br><b class=\"last-updated display-none\">Last Updated: 2020-09-08</b><div style=\"display: none\" class=\"last-updated\"><div class=\"last-updated-label\">Last Updated</div><div class=\"last-updated-date\">2020-09-08</div></div></div></div>",
   "type":"web"},

  {
   "id":"p-p_tx-c_0",
   "sections":
   [

    {
     "type":"table",
     "cells":
     [

      {
       "target":"tx-3",
       "title":"with meniscal tear <1 cm refractory to conservative measures or ≥1 cm or with root involvement",
       "type":"flex0"},

      {
       "target":"tx-0",
       "title":"not otherwise specified",
       "type":"flex0"}      ]}    ],
   "type":"table"},

  {
   "id":"tx_options",
   "sections":
   [

    {
     "headerText":"Acute",
     "cells":
     [

      {
       "target":"p-p_tx-c_0",
       "title":"all patients",
       "type":"flex0"}      ]}    ],
   "type":"table"},

  {
   "id":"tx_emerging",
   "title":"Meniscal tear",
   "html":"<div class=\"cell\"><div class=\"cellBlock\"><div class=\"cellTitle\">Meniscus replacement</div><div class=\"cellBody\">When damage to the meniscus is too severe to repair, replacing the meniscus with allograft donor tissue or implant is an option. Meniscal allograft transplantation is typically performed in patients ages 50 years or younger who have received total or subtotal meniscectomy.<a href=\"epoc://current?article=36\">[36]</a> <a href=\"epoc://current?article=37\">[37]</a>&nbsp;Clinical outcomes are favorable, but it remains unclear whether this procedure can prevent progression to osteoarthritis.<a href=\"epoc://current?article=36\">[36]</a> <a href=\"epoc://current?article=37\">[37]</a> Resorbable collagen and polyurethane-based meniscus scaffold implants are options for patients with meniscal defects or a severely damaged meniscus.<a href=\"epoc://current?article=37\">[37]</a>&nbsp;However, scaffold implantation is not common and more long-term data are needed.&nbsp;</div></div></div>",
   "type":"web"},

  {
   "id":"tx_approach",
   "title":"Meniscal tear",
   "html":"<div class=\"cell\"><div class=\"cellBlock\"><div class=\"cellBody\"><P>Loss of the meniscus diminishes the area of force distribution, increases force concentration, and eventually leads to arthritis; therefore, early diagnosis and efforts at saving meniscus volume are important.<a href=\"epoc://current?article=22\">[22]</a> <a href=\"epoc://current?article=23\">[23]</a> </P></div><div class=\"cellTitle\">Nonoperative care</div><div class=\"cellBody\"><P>Initially all patients should be treated with rest, ice, compression of the knee with an elastic bandage, and elevation of the leg above the level of the heart (RICE). This protocol helps to reduce pain, minimize swelling, and protect the injured tissue, all of which help speed up the healing process. In addition, physical therapy programs designed to improve knee joint range of motion, core and leg strength, and knee stability, and to normalize gait are recommended. The use of crutches or a knee brace may be helpful with painful displaced bucket handle tears.</P><P>NSAIDs should be used only for short periods because of the negative effects on musculoskeletal healing.<a href=\"epoc://current?article=24\">[24]</a>Acetaminophen is the preferred drug for reducing pain because it acts centrally and does not interfere with the healing process.<a href=\"epoc://current?article=25\">[25]</a> </P><P>Small meniscal tears (&lt;1 cm) located in the far posterior horns that are asymptomatic do not require operative intervention and may simply be observed and treated conservatively with RICE and analgesia. Physical therapy is not necessary for small meniscal tears to heal but is beneficial for addressing gait abnormalities and strengthening the leg muscles that surround and stabilize the knee joint.</P><P>Degenerative knee disease</P><P>Knee arthroscopy does not appear to confer any important benefit over conservative strategies (including sham surgery or exercise therapy) in patients with degenerative meniscus tear.<a href=\"epoc://current?article=26\">[26]</a>&nbsp;A BMJ clinical practice guideline makes a strong recommendation against the use of arthroscopy in nearly all patients with degenerative knee disease, including those with meniscal tear.<a href=\"epoc://current?article=27\">[27]</a> <a href=\"epoc://current?article=28\">[28]</a> </P></div><div class=\"cellTitle\">Operative care</div><div class=\"cellBody\"><P>If the meniscus tear is large (≥1 cm) or is a root tear (tear in the anterior or posterior meniscal roots where the meniscus attaches to the central tibial plateau), or if symptoms persist with nonoperative care, arthroscopic surgery should be considered to prevent further damage. The degree of vascular penetration into the periphery of the meniscus ranges from 10% to 25% of the meniscal width. Consequently, most areas of the meniscus cannot heal by themselves because they are not vascularized.<a href=\"epoc://current?article=9\">[9]</a> </P><P>Surgical care should be directed at saving healthy meniscus tissue. Suturing of the tissue is possible if a stable repair can be achieved (usually reserved for clear, clean pattern tears). Meniscal repair should only be used to heal peripheral meniscal lesions affecting healthy meniscal tissue (injury) in vascularized areas (red-red zone or red-white zone).<a href=\"epoc://current?article=29\">[29]</a> More than 80% of meniscal tears in the central third (red-white zone) can heal by surgery.<a href=\"epoc://current?article=30\">[30]</a> </P><P>Partial meniscectomy for complex pattern tear should be limited as far as possible, and necessitates careful patient selection;<a href=\"epoc://current?article=31\">[31]</a>&nbsp;there may be no difference in outcomes between those undergoing partial meniscectomy for traumatic tear or those for degenerative tear (for whom arthroscopy is no longer recommended).<a href=\"epoc://current?article=32\">[32]</a> <a href=\"epoc://current?article=33\">[33]</a> </P><P>A complete meniscectomy, involving removal of the entire meniscus, is rarely performed and usually reserved for cases where the tear is large or cuts through the entire meniscus. Rarely, osteonecrosis of the knee can occur following meniscectomy.<a href=\"epoc://current?article=34\">[34]</a> </P><P>Associated ligamentous injury of the knee leads to knee instability. Therefore, in meniscal tears associated with such injuries, concomitant repair of the affected ligament should be considered, as meniscal repairs should be carried out on a stable knee.<a href=\"epoc://current?article=29\">[29]</a><a class=\"inlineImage\" href=\"epoc://current?view=p-images-i_7\">Image</a></P></div><div class=\"cellTitle\">Postoperative care</div><div class=\"cellBody\"><P>Postoperative care of the repaired or resected meniscus focuses on limiting axial load and rotational movement for the first month, followed by range-of-motion and strengthening exercises.</P><P>Immediate postoperative care of the partial meniscectomy patient involves icing and elevation of the knee above the level of the heart regularly throughout the day and night. Intra-articular hyaluronan injection may decrease postoperative knee pain and swelling following meniscectomy.<a href=\"epoc://current?article=35\">[35]</a> Patients use crutches for the first postoperative week and progress to weight bearing as tolerated.</P><P>Postoperative measures after a meniscus repair are similar to those after partial meniscectomy. However, weight bearing is approached more cautiously, and full weight bearing should be delayed for at least 4-6 weeks after surgery to reduce strain on the repair site. In addition, limiting the range of knee motion, especially full flexion, can protect the repair site.</P><P>A knee brace is not usually indicated following meniscectomy. After meniscal repair the need for a brace depends on patient activity and condition of repair.</P></div></div></div>",
   "type":"web"},

  {
   "id":"hxexam_details",
   "sections":
   [

    {
     "type":"table",
     "headerText":"Strong",
     "cells":
     [

      {
       "title":"acute trauma (twisting injury)",
       "type":"flex0",
       "targetHTML":"<div class=\"cell\"><div class=\"cellBlock\"><div class=\"cellBody\"><P>Traumatic meniscal tears most commonly occur in young, active people, usually as a result of trauma sustained during twisting sports such as football, soccer, and basketball. Skiers, runners, and tennis players are also at risk. Twisting with joint compression puts the soft tissue meniscus at risk of tearing.</P></div></div></div>"},

      {
       "title":"knee joint arthritis",
       "type":"flex0",
       "targetHTML":"<div class=\"cell\"><div class=\"cellBlock\"><div class=\"cellBody\"><P>Degenerative meniscal tear can occur as a result of traumatic and degenerative arthritis.</P></div></div></div>"},

      {
       "title":"knee instability",
       "type":"flex0",
       "targetHTML":"<div class=\"cell\"><div class=\"cellBlock\"><div class=\"cellBody\"><P>Leads to abnormal motions in the knee and abnormal shear stresses, both of which can tear meniscus cartilage.</P></div></div></div>"},

      {
       "title":"history of anterior cruciate ligament injury",
       "type":"flex0",
       "targetHTML":"<div class=\"cell\"><div class=\"cellBlock\"><div class=\"cellBody\"><P>Leads to knee instability, which in turn leads to abnormal motions in the knee and abnormal shear stresses, both of which can tear meniscus cartilage.</P></div></div></div>"},

      {
       "title":"malalignment of the knee joint",
       "type":"flex0",
       "targetHTML":"<div class=\"cell\"><div class=\"cellBlock\"><div class=\"cellBody\"><P>Places abnormal compression and rotational forces on one side of the joint versus the other, thus increasing the possibility of tearing the meniscus.</P></div></div></div>"},

      {
       "title":"rough or uneven playing surface",
       "type":"flex0",
       "targetHTML":"<div class=\"cell\"><div class=\"cellBlock\"><div class=\"cellBody\"><P>It is suggested that increased friction from various sporting turfs may lead to a meniscal tear.</P></div></div></div>"},

      {
       "title":"poor ground/weather conditions",
       "type":"flex0",
       "targetHTML":"<div class=\"cell\"><div class=\"cellBlock\"><div class=\"cellBody\"><P>Poor conditions with snow, sleet, or rain increase the likelihood of slips, falls, and improper landings, all increasing the risk of a meniscal tear.<a href=\"epoc://current?article=10\">[10]</a></P></div></div></div>"}      ]},

    {
     "type":"table",
     "headerText":"Weak",
     "cells":
     [

      {
       "title":"construction work and manual labor jobs",
       "type":"flex0",
       "targetHTML":"<div class=\"cell\"><div class=\"cellBlock\"><div class=\"cellBody\"><P>These occupations usually involve knee flexion while lifting heavy objects, thereby putting stress on the joint and increasing the risk of meniscal tearing.</P></div></div></div>"},

      {
       "title":"discoid meniscus",
       "type":"flex0",
       "targetHTML":"<div class=\"cell\"><div class=\"cellBlock\"><div class=\"cellBody\"><P>This fails to undergo complete condensation into physiologic dimensions and may either lack an attachment to stabilize the posterior horn to the tibia or be discoid in form with normal attachment.</P><P>The incidence of discoid menisci is higher in the Asian population.<a href=\"epoc://current?article=14\">[14]</a> Discoid lateral meniscus is found in 3.5% to 5% of meniscal tear patients.<a href=\"epoc://current?article=11\">[11]</a></P></div></div></div>"}      ]}    ],
   "type":"table"},

  {
   "id":"p-hxexam_factor-key_0",
   "title":"Meniscal tear",
   "html":"<html><div class=\"cell\"><div class=\"cellBlock\"><div class=\"cellBody\"><P>Traumatic meniscal tears most commonly occur in young, active people, usually as a result of trauma sustained during twisting sports such as football, soccer, and basketball. Skiers, runners, and tennis players are also at risk. Twisting with joint compression puts the soft tissue meniscus at risk of tearing.</P><P>Anterior cruciate ligament injury leads to knee instability, which in turn leads to abnormal motions in the knee and abnormal sheer stresses, both of which can tear the meniscus cartilage.</P></div></div></div></html>",
   "type":"web"},

  {
   "id":"p-hxexam_factor-key_1",
   "title":"Meniscal tear",
   "html":"<html><div class=\"cell\"><div class=\"cellBlock\"><div class=\"cellBody\"><P>Degenerative meniscal tear can occur as a result of traumatic and degenerative arthritis.</P><P>Instability of the knee leads to abnormal motions in the knee and abnormal shear stresses, both of which can tear meniscus cartilage.</P><P>Malalignment of the knee places abnormal compression and rotational forces on one side of the joint versus the other, thus increasing the possibility of tearing the meniscus.</P></div></div></div></html>",
   "type":"web"},

  {
   "id":"p-hxexam_factor-key_2",
   "title":"Meniscal tear",
   "html":"<html><div class=\"cell\"><div class=\"cellBlock\"><div class=\"cellBody\"><P>Usually occurs several hours after injury, but is not always present.</P></div></div></div></html>",
   "type":"web"},

  {
   "id":"p-hxexam_factor-key_3",
   "title":"Meniscal tear",
   "html":"<html><div class=\"cell\"><div class=\"cellBlock\"><div class=\"cellBody\"><P>Patient often describes sensation of femur and tibia twisting apart from each other (catching or locking) or the knee feeling loose.</P></div></div></div></html>",
   "type":"web"},

  {
   "id":"p-hxexam_factor-key_4",
   "title":"Meniscal tear",
   "html":"<html><div class=\"cell\"><div class=\"cellBlock\"><div class=\"cellBody\"><P>Varies greatly. Some experience minimal pain, while others describe intermittent pain.</P></div></div></div></html>",
   "type":"web"},

  {
   "id":"p-hxexam_factor-key_5",
   "title":"Meniscal tear",
   "html":"<html><div class=\"cell\"><div class=\"cellBlock\"><div class=\"cellBody\"><P>Often due to unstable meniscus tissue and abnormal force transmission.</P></div></div></div></html>",
   "type":"web"},

  {
   "id":"p-hxexam_factor-key_6",
   "title":"Meniscal tear",
   "html":"<html><div class=\"cell\"><div class=\"cellBlock\"><div class=\"cellBody\"><P>Patient is supine with knee in flexion. Examiner flexes the hip and, with one hand on the joint line, rotates the foot internally and externally. Pain with rotation suggests a meniscal tear. This test has low sensitivity and high specificity for diagnosing a meniscal tear.<a href=\"epoc://current?article=18\">[18]</a> </P></div></div></div></html>",
   "type":"web"},

  {
   "id":"p-hxexam_factor-key_7",
   "title":"Meniscal tear",
   "html":"<html><div class=\"cell\"><div class=\"cellBlock\"><div class=\"cellBody\"><P>Patient is prone with knee flexed at 90°. Examiner places axial load on the lower leg while rotating the foot. Patient often feels pain in the affected compartment.<a href=\"epoc://current?article=19\">[19]</a> </P></div></div></div></html>",
   "type":"web"},

  {
   "id":"p-hxexam_factor-key_8",
   "title":"Meniscal tear",
   "html":"<html><div class=\"cell\"><div class=\"cellBlock\"><div class=\"cellBody\"><P>Examiner lifts the heel of the affected leg, hyperextending the knee and adding additional downward force on the tibia. Patient reports pain in the affected compartment.</P><P>Sensitive but not specific for a torn meniscus.</P></div></div></div></html>",
   "type":"web"},

  {
   "id":"p-hxexam_factor-other_9",
   "title":"Meniscal tear",
   "html":"<html><div class=\"cell\"><div class=\"cellBlock\"><div class=\"cellBody\"><P>Swelling at the posterior aspect of the knee suggests a popliteal (Baker) cyst. Popliteal cysts are associated with meniscal pathology in 80% of cases.<a href=\"epoc://current?article=17\">[17]</a> </P></div></div></div></html>",
   "type":"web"},

  {
   "id":"p-hxexam_factor-other_10",
   "title":"Meniscal tear",
   "html":"<html><div class=\"cell\"><div class=\"cellBlock\"><div class=\"cellBody\"><P>Full flexion and extension may or may not be lacking.</P></div></div></div></html>",
   "type":"web"},

  {
   "id":"hxexam",
   "sections":
   [

    {
     "headerText":"Risk Factors",
     "cells":
     [

      {
       "target":"hxexam_details",
       "title":"Details",
       "type":"flex0"}      ]},

    {
     "dividerType":"divider0",
     "headers":
     [

      {
       "title":"Key Diagnostic Factors"},

      {
       "title":"common",
       "type":"header1"}      ],
     "cells":
     [

      {
       "title":"hx of knee trauma",
       "target":"p-hxexam_factor-key_0",
       "type":"flex0"},

      {
       "title":"hx of knee arthritis, instability, or malalignment",
       "target":"p-hxexam_factor-key_1",
       "type":"flex0"},

      {
       "title":"knee swelling",
       "target":"p-hxexam_factor-key_2",
       "type":"flex0"},

      {
       "title":"sensation of knee instability or buckling/catching",
       "target":"p-hxexam_factor-key_3",
       "type":"flex0"},

      {
       "title":"knee pain",
       "target":"p-hxexam_factor-key_4",
       "type":"flex0"},

      {
       "title":"tenderness at joint line and joint line crepitation",
       "target":"p-hxexam_factor-key_5",
       "type":"flex0"},

      {
       "title":"positive McMurray test ",
       "target":"p-hxexam_factor-key_6",
       "type":"flex0"},

      {
       "title":"positive Apley test",
       "target":"p-hxexam_factor-key_7",
       "type":"flex0"},

      {
       "title":"positive hyperextension test",
       "target":"p-hxexam_factor-key_8",
       "type":"flex0"}      ]},

    {
     "dividerType":"divider0",
     "headers":
     [

      {
       "title":"Other Diagnostic Factors"},

      {
       "title":"common",
       "type":"header1"}      ],
     "cells":
     [

      {
       "title":"popliteal (Baker) cyst in chronic cases",
       "target":"p-hxexam_factor-other_9",
       "type":"flex0"},

      {
       "title":"limited range of motion",
       "target":"p-hxexam_factor-other_10",
       "type":"flex0"}      ]}    ],
   "type":"table"},

  {
   "id":"p-test-t_0",
   "title":"MRI scan",
   "html":"<html><div class=\"cell\"><div class=\"cellBlock\"><div class=\"cellTitle\">Result</div><div class=\"cellBody\">signal changes within meniscus on T1 and T2 images; sagittal views: anterior and posterior meniscal tears; coronal view: far medial and far lateral meniscal tears</div><div class=\"cellTitle\">Test Details</div><div class=\"cellBody\"><li>Reported as 86.3% accurate for diagnosing a medial meniscus tear, and 88.8% accurate for diagnosing a lateral meniscal tear.<a href=\"epoc://current?article=20\">[20]</a> </li><li>Also useful for identifying associated ligament compromise and articular cartilage changes.<a class=\"inlineImage\" href=\"epoc://current?view=p-images-i_6\">Image</a></li></div></div></div></html>",
   "type":"web"},

  {
   "id":"p-test-t_1",
   "title":"plain film radiographs: AP x-ray, lateral knee x-ray, 45° PA flexion, and skyline views",
   "html":"<html><div class=\"cell\"><div class=\"cellBlock\"><div class=\"cellTitle\">Result</div><div class=\"cellBody\">arthritis and/or chronic tears: flattening of femoral condyle, narrowing of joint space, osteophyte formation, subchondral sclerosis (Fairbanks changes)</div><div class=\"cellTitle\">Test Details</div><div class=\"cellBody\"><li>Indicated in patients with a history of arthritis and chronic longstanding meniscal tears.<a href=\"epoc://current?article=1\">[1]</a> </li><li>If leg is malaligned, a long-leg hip to ankle film should also be obtained.</li><li>Fairbanks changes are due to abnormal force concentration in the joint consequent to the loss of protection provided by the meniscus.</li></div></div></div></html>",
   "type":"web"},

  {
   "id":"p-test-t_2",
   "title":"arthroscopy",
   "html":"<html><div class=\"cell\"><div class=\"cellBlock\"><div class=\"cellTitle\">Result</div><div class=\"cellBody\">torn meniscus</div><div class=\"cellTitle\">Test Details</div><div class=\"cellBody\"><li>Although usually performed to repair or resect the torn meniscus, arthroscopy can be used to confirm diagnosis.</li></div></div></div></html>",
   "type":"web"},

  {
   "id":"tests",
   "sections":
   [

    {
     "headerText":"Initial Tests",
     "cells":
     [

      {
       "target":"p-test-t_0",
       "title":"MRI scan",
       "type":"flex0"},

      {
       "target":"p-test-t_1",
       "title":"plain film radiographs: AP x-ray, lateral knee x-ray, 45° PA flexion, and skyline views",
       "type":"flex0"}      ]},

    {
     "headerText":"Other Tests to Consider",
     "cells":
     [

      {
       "target":"p-test-t_2",
       "title":"arthroscopy",
       "type":"flex0"}      ]}    ],
   "type":"table"},

  {
   "id":"differentials",
   "sections":
   [

    {
     "cells":
     [

      {
       "title":"Anterior cruciate ligament tear",
       "type":"flex0",
       "targetHTML":"<div class=\"cell\"><div class=\"cellBlock\"><div class=\"cellTitle\">Signs/Sx</div><div class=\"cellBody\"><ul><li>Subluxation on twisting, turning, or pivoting; some patients can feel this coming on, while other patients are not able to feel it and may experience frequent falls due to their injury.</li><li>Positive Lachman test, anterior drawer test, and pivot shift test on physical exam.</li></ul></div><div class=\"cellTitle\">Tests</div><div class=\"cellBody\"><ul><li>MRI scan reveals ruptured anterior cruciate ligament (ACL) and disruption of ACL fibers, usually associated with bone bruising in acute setting.</li></ul></div><a href=\"epoc://dx/monograph/589\"><b class=\"view-dx-monograph\">View Dx Monograph</b></a></div></div>"},

      {
       "title":"Medial collateral ligament sprain",
       "type":"flex0",
       "targetHTML":"<div class=\"cell\"><div class=\"cellBlock\"><div class=\"cellTitle\">Signs/Sx</div><div class=\"cellBody\"><ul><li>True dynamic instability is rare, unless it is a complete tear or associated with other injuries. Tenderness over medial collateral ligament (MCL) course/insertion may be present. MCL stress testing reveals laxity and/or pain.</li></ul></div><div class=\"cellTitle\">Tests</div><div class=\"cellBody\"><ul><li>MRI scan reveals fluid around or injury to MCL and differentiates between an isolated MCL injury and one combined with a meniscal tear.</li><li>Subsequent x-rays may reveal calcification along previously injured MCL (Pellegrini-Stieda disease).</li></ul></div><a href=\"epoc://dx/monograph/828\"><b class=\"view-dx-monograph\">View Dx Monograph</b></a></div></div>"},

      {
       "title":"Posterior cruciate ligament sprain",
       "type":"flex0",
       "targetHTML":"<div class=\"cell\"><div class=\"cellBlock\"><div class=\"cellTitle\">Signs/Sx</div><div class=\"cellBody\"><ul><li>Patient is often able to continue activity but notes that the knee does not feel right.</li><li>Instability may be more subtle, with knee effusion typically small and less noticeable. In addition, the posterior drawer test is positive.</li></ul></div><div class=\"cellTitle\">Tests</div><div class=\"cellBody\"><ul><li>MRI scan reveals disrupted posterior cruciate ligament and intact menisci.</li></ul></div></div></div>"},

      {
       "title":"Lateral collateral ligament sprain",
       "type":"flex0",
       "targetHTML":"<div class=\"cell\"><div class=\"cellBlock\"><div class=\"cellTitle\">Signs/Sx</div><div class=\"cellBody\"><ul><li>Local swelling is common, but significant effusion is rare. There is tenderness over the lateral collateral ligament (LCL) and/or bony insertion.</li><li>A complete tear often results in a palpable gap.<a href=\"epoc://current?article=21\">[21]</a></li></ul></div><div class=\"cellTitle\">Tests</div><div class=\"cellBody\"><ul><li>MRI reveals fluid around or disruption to the LCL and differentiates between an isolated LCL and one combined with a meniscal tear.</li></ul></div></div></div>"},

      {
       "title":"Osteochondritis dissecans",
       "type":"flex0",
       "targetHTML":"<div class=\"cell\"><div class=\"cellBlock\"><div class=\"cellTitle\">Signs/Sx</div><div class=\"cellBody\"><ul><li>A joint condition in which some parts of the joint cartilage and bone lose their blood supply due to an unknown etiology, and may detach from the joint surface. Adolescents are commonly affected. May present with knee pain and swelling. Catching of the knee can occur, especially during or after sporting activity.</li></ul></div><div class=\"cellTitle\">Tests</div><div class=\"cellBody\"><ul><li>X-ray or MRI scan of the affected knee will reveal the osteochondral lesion. MRI can be of particular use in detecting the early phase of the condition.</li></ul></div><a href=\"epoc://dx/monograph/591\"><b class=\"view-dx-monograph\">View Dx Monograph</b></a></div></div>"},

      {
       "title":"Osteochondral fracture",
       "type":"flex0",
       "targetHTML":"<div class=\"cell\"><div class=\"cellBlock\"><div class=\"cellTitle\">Signs/Sx</div><div class=\"cellBody\"><ul><li>Caused by a twisted knee, usually occurring during sporting activity. Presents with knee pain, swelling, and catching. The osteochondral fragment is detached. The medial femoral condyle is frequently involved.</li></ul></div><div class=\"cellTitle\">Tests</div><div class=\"cellBody\"><ul><li>X-rays or other advanced imaging including CT scan or MRI may demonstrate the osteochondral fragment.</li></ul></div></div></div>"},

      {
       "title":"Medial synovial plica syndrome",
       "type":"flex0",
       "targetHTML":"<div class=\"cell\"><div class=\"cellBlock\"><div class=\"cellTitle\">Signs/Sx</div><div class=\"cellBody\"><ul><li>The synovial fold on the medial side of the knee is called the medial plica. This structure is sometimes exposed to direct injury or impingement between the patella and medial femoral condyle. It may also be injured in overuse syndromes. The injured medial plica causes irritation and inflammation of the knee presenting with knee swelling and pain usually in a medial distribution, although can involve the superior or lateral aspect of the knee.</li></ul></div><div class=\"cellTitle\">Tests</div><div class=\"cellBody\"><ul><li>MRI scan usually confirms the diagnosis. However, arthroscopy may be necessary.</li></ul></div></div></div>"}      ]}    ],
   "type":"table"},

  {
   "id":"diag_approach",
   "title":"Meniscal tear",
   "html":"<div class=\"cell\"><div class=\"cellBlock\"><div class=\"cellBody\"><P>A meniscal tear is the most common soft tissue injury affecting the knee. The meniscus is the soft fibrous shock absorber in the knee. The lateral meniscus covers 84% of the lateral tibial plateau; the medial meniscus covers 64% of the medial tibial plateau.<a href=\"epoc://current?article=15\">[15]</a> </P><P>A meniscus is at risk of tearing when experiencing abnormal forces, usually during sporting activities, and bending and twisting motions. Loss of the meniscus diminishes the area of force distribution, increases force concentration, and eventually leads to arthritis. Torn menisci rarely heal spontaneously. Early diagnosis can lead to effective surgical repair and joint preservation.</P><P>Meniscal tears frequently occur in conjunction with knee ligament injuries, especially of the anterior cruciate ligament (ACL). The Scandinavian ACL registries showed that 35% to 55% of ACL injuries are combined with meniscal injury.<a href=\"epoc://current?article=16\">[16]</a><a class=\"inlineImage\" href=\"epoc://current?view=p-images-i_4\">Image</a></P></div><div class=\"cellTitle\">History</div><div class=\"cellBody\"><P>Mechanism of injury, location of pain, associated knee symptoms, and any previous knee injuries (especially ACL injury) are important details to elicit on history taking. Patients typically report twisting of the affected knee. Knee swelling, usually occurring several hours after the injury, is common but not always present. Patients often describe a sensation of the femur and tibia twisting apart from each other (catching or locking) or the knee feeling loose, indicating knee instability or buckling. Knee pain varies greatly; some may experience minimal pain, while others describe only intermittent pain.</P><P>It is also important to establish the presence of risk factors, including level of patient activity (sporting and nonsporting), history of knee joint arthritis, or any other knee conditions (e.g., malalignment of the knee joint or known knee instability). Details regarding playing surfaces and weather conditions should also be discussed, if applicable.</P></div><div class=\"cellTitle\">Physical exam</div><div class=\"cellBody\"><P>On inspection, the knee joint may or may not be swollen. Swelling at the posterior aspect of the knee suggests a popliteal (Baker) cyst. Popliteal cysts are associated with meniscal pathology in 80% of cases.<a href=\"epoc://current?article=17\">[17]</a> Joint line crepitation and tenderness directly over the joint line is a common finding on palpation. Range of motion may or may not be limited.</P><P>The following clinical tests are performed specifically to evaluate for a meniscal tear.</P><ul><li>Palpation of the joint line: the patient is in the supine position with the knee in flexion. The examiner pushes the joint line between femur and tibia. Pain by the palpation suggests a meniscal tear.</li><li>Bounce home test: the examiner moves the knee from a flexed position to an extended position. Pain in the extended position suggests a meniscal tear. This test is sensitive but not specific for a torn meniscus.<a href=\"https://www.youtube.com/watch?v=52reQsXQAZk\">Palpation and bounce home test</a> </li><li>McMurray test: the patient is in the supine position with the knee in flexion. The examiner flexes the hip and, with one hand on the joint line, rotates the foot internally and externally. Pain with rotation suggests a meniscal tear. This test has low sensitivity and high specificity for diagnosing a meniscal tear.<a href=\"https://www.youtube.com/watch?v=fkt1TOn1UfI\">McMurray test</a> <a href=\"epoc://current?article=18\">[18]</a> </li><li>Apley test: performed with the patient prone and the knee flexed at 90°. The examiner places an axial load on the lower leg while rotating the foot. The patient often feels pain in the affected compartment.<a href=\"https://www.youtube.com/watch?v=w57I1cYXlCA\">Apley test</a> <a href=\"epoc://current?article=19\">[19]</a> </li><li>Hyperextension test: the examiner lifts the heel of the affected leg, hyperextending the knee and adding additional downward force on the tibia. The patient reports pain in the affected compartment. This test is sensitive but not specific for a torn meniscus.</li></ul></div><div class=\"cellTitle\">Investigations</div><div class=\"cellBody\"><P>MRI scan is considered the ideal imaging test. Findings are highly sensitive and specific, documenting increased signal within the substance of the meniscus and demonstrating conformational changes of the meniscus cartilage. In addition, MRI scan may be useful for identifying associated ligament compromise and articular cartilage changes.</P><P>Plain film radiographs are indicated in patients with a history of arthritis and chronic longstanding meniscal tears where Fairbanks changes may be found, such as flattening of the femoral condyle, narrowing of the joint space, and osteophytic ridging.<a href=\"epoc://current?article=1\">[1]</a> Recommended x-ray series include standing AP x-ray, lateral knee x-ray, 45° PA flexion, and skyline views. If the leg is malaligned, then a long-leg hip to ankle film should also be obtained.</P><P>Arthroscopy, although usually performed to repair or resect the torn meniscus, can be used to confirm the diagnosis.<a class=\"inlineImage\" href=\"epoc://current?view=p-images-i_5\">Image</a></P></div></div></div>",
   "type":"web"},

  {
   "id":"followup",
   "title":"Meniscal tear",
   "html":"<div class=\"cell\"><div class=\"cellBlock\"><div class=\"cellTitle\">Prognosis</div><div class=\"cellBody\"><div class=\"cellBody\"><P>Spontaneous healing of a peripheral meniscus tear or treatment of the meniscus by repair, reconstruction, replacement, or resection should result in return to full sporting or usual activity. If a tear is not diagnosed early and treated appropriately, a chronic longstanding meniscal tear is the result and is associated with a likelihood of developing degenerative arthritis.</P></div><div class=\"cellTitle\">After partial meniscectomy</div><div class=\"cellBody\"><P>Resection leads to rapid recovery over the course of a few weeks. Complications are rare, ranging from 0.27% to 2.8%.<a href=\"epoc://current?article=29\">[29]</a> </P></div><div class=\"cellTitle\">After meniscus repair</div><div class=\"cellBody\"><P>Surgical repair by suturing requires healing of the torn meniscus, usually taking 4-6 months.</P></div><div class=\"cellTitle\">After meniscus reconstruction/replacement</div><div class=\"cellBody\"><P>Meniscal tears treated with these procedures usually take 3 months to heal with additional maturation occurring over the course of 1 year.</P></div></div><div class=\"cellTitle\">Monitoring</div><div class=\"cellBody\"><P>Treatment of a meniscal tear requires close follow-up with the orthopedist and adherence to physical therapy. Treatment is standardized during the initial phase of follow-up and is then customized based on patient demands and return to sport expectations. For high-level athletes, it is important to communicate with and involve their athletic trainers and coaching staff. This helps to ensure that the appropriate regimen is adhered to, and allows for optimum feedback and appropriate phasing of return to play.</P></div><div class=\"cellTitle\">Patient Instructions</div><div class=\"cellBody\"><P>Patients should be advised to rest the affected leg, use ice packs and elastic compression bandaging around the knee, and elevate the leg above the level of the heart. This protocol, known as RICE, helps to reduce pain, minimize swelling, and protect the injured tissue, all of which help speed up the healing process.</P><P>As NSAIDs should be used for only short periods because of the negative effects on musculoskeletal healing, patients should be advised that acetaminophen is the preferred drug for reducing pain because it acts centrally and does not interfere with the healing process.<a href=\"epoc://current?article=24\">[24]</a> <a href=\"epoc://current?article=25\">[25]</a> </P><P>As symptoms allow, gentle, active range-of-motion and strengthening exercises may be instituted. Biking, treadmill walking, swimming, core stability work, and other low-impact exercises can be performed to maintain fitness. Activities should be pain-free.</P><P>Following a partial meniscectomy patients are advised to use crutches for the first postoperative week and progress to weight bearing as tolerated. Weight bearing after a meniscus repair is approached more cautiously and full weight bearing should be delayed for at least 4-6 weeks after surgery to reduce strain on the repair site. In addition, all patients are instructed to avoid impact and twisting of the knee for 4 weeks after surgery. They are also encouraged to start upper body exercises and single, nonoperative leg biking during physical therapy as soon as tolerated.</P></div></div></div>",
   "type":"web"},

  {
   "id":"prevention",
   "title":"Meniscal tear",
   "html":"<div class=\"cell\"><div class=\"cellBlock\"><div class=\"cellTitle\">Prevention</div><div class=\"cellBody\"><h4>Secondary Prevention</h4><P>After a meniscal tear, preventive action should be taken to decrease the loading of the affected joint. Muscular conditioning helps promote strong muscles to absorb force, prevent abnormal rotation, and improve the ability to accept eccentric loads. To reduce impact, low-impact sports are suggested, along with proper footwear and appropriate training surfaces.</P></div></div></div>",
   "type":"web"},

  {
   "id":"complications",
   "sections":
   [

    {
     "headerText":"Medium Likelihood",
     "cells":
     [

      {
       "title":"degenerative arthritis",
       "type":"flex0",
       "targetHTML":"<div class=\"cell\"><div class=\"cellBlock\"><div class=\"cellBody\"><P>Inappropriately managed meniscal tears and tears resulting in meniscus repair or partial meniscectomy predispose patients to develop degenerative arthritis. This is largely due to the increased intra-articular contact stresses associated with a compromised meniscus.</P><P>Time since meniscectomy is considered a predictive factor for developing degenerative arthritis, with outcome further influenced by activity level and BMI of the patient, quality of repair, ligament stability, and pre-existing arthritic changes.<a href=\"epoc://current?article=38\">[38]</a></P><P>Regular follow-up care to promote proper muscle conditioning, flexibility, healthy body weight, and correct alignment helps prevent this complication.</P><A href=\"epoc://dx/monograph/192\"><B class=\"view-dx-monograph\">View Dx monograph</B></A></div></div></div>"}      ]}    ],
   "type":"table"},

  {
   "id":"p-tx-c_0",
   "title":"ignoreme",
   "html":"<html><div class=\"cell\"><div class=\"cellBlock\"><div class=\"cellTitle\">Comments</div><div class=\"cellBody\"><ul><li>Initially all patients should be treated with rest, ice, compression of the knee with an elastic bandage, and elevation of the leg above the level of the heart (RICE). This protocol helps to reduce pain, minimize swelling, and protect the injured tissue, all of which help speed up the healing process.</li><li>The use of crutches or a knee brace may be helpful with painful displaced bucket handle tears.</li></ul></div></div></div></html>",
   "type":"web"},

  {
   "id":"p-tx-c_1",
   "title":"ignoreme",
   "html":"<html><div class=\"cell\"><div class=\"cellBlock\"><div class=\"cellTitle\">Comments</div><div class=\"cellBody\"><ul><li>Programs designed to improve knee joint range of motion, core and leg strength, and knee stability, and to normalize gait are recommended.</li><li>Physical therapy is not necessary for small meniscal tears to heal but is beneficial for addressing gait abnormalities and strengthening the leg muscles that surround and stabilize the knee joint.</li></ul></div></div></div></html>",
   "type":"web"},

  {
   "id":"p-tx-c_2",
   "title":"ignoreme",
   "html":"<html><div class=\"cell\"><div class=\"cellBlock\"><div class=\"cellTitle\">Primary Options</div><div class=\"cellBody\"><UL class=\"tx-options\"><LI><span><A href=\"epoc://rx/monograph/306\">acetaminophen</A>: 325-1000 mg orally every 4-6 hours when required, maximum 4000 mg/day<BR></span></LI></UL></div><div class=\"cellTitle\">Secondary Options</div><div class=\"cellBody\"><UL class=\"tx-options\"><LI><span><A href=\"epoc://rx/monograph/233\">ibuprofen</A>: 400-800 mg orally every 4-6 hours when required, maximum 2400 mg/day<BR></span></LI><LI><span><A href=\"epoc://rx/monograph/2225\">meloxicam</A>: 7.5 mg orally once or twice daily when required, maximum 15 mg/day<BR></span></LI><LI><span><A href=\"epoc://rx/monograph/54\">naproxen</A>: 500 mg orally initially, followed by 250 mg every 6-8 hours when required, maximum 1250 mg/day<BR></span></LI></UL></div><div class=\"cellTitle\">Comments</div><div class=\"cellBody\"><ul><li>Acetaminophen is the preferred drug for reducing pain because it acts centrally and does not interfere with the healing process.<a href=\"epoc://current?article=25\">[25]</a> </li><li>NSAIDs should be used only for short periods because of the negative effects on musculoskeletal healing.<a href=\"epoc://current?article=24\">[24]</a> </li></ul></div></div></div></html>",
   "type":"web"},

  {
   "id":"tx-0",
   "sections":
   [

    {
     "cells":
     [

      {
       "target":"p-tx-c_0",
       "title":"rest, ice, compression, and elevation",
       "flag":"1st",
       "type":"flex1"},

      {
       "target":"p-tx-c_1",
       "title":"physical therapy",
       "flag":"plus",
       "type":"flex1"},

      {
       "target":"p-tx-c_2",
       "title":"analgesia",
       "flag":"adj.",
       "type":"flex1"}      ]}    ],
   "type":"table"},

  {
   "id":"p-tx-p_0",
   "title":"ignoreme",
   "html":"<html><div class=\"cell\"><div class=\"cellBlock\"><div class=\"cellTitle\">Comments</div><div class=\"cellBody\"><ul><li>Initially all patients should be treated with rest, ice, compression of the knee with an elastic bandage, and elevation of the leg above the level of the heart (RICE). This protocol helps to reduce pain, minimize swelling, and protect the injured tissue, all of which help speed up the healing process.</li><li>The use of crutches or a knee brace may be helpful with painful displaced bucket handle tears.</li></ul></div></div></div></html>",
   "type":"web"},

  {
   "id":"p-tx-p_1",
   "title":"ignoreme",
   "html":"<html><div class=\"cell\"><div class=\"cellBlock\"><div class=\"cellTitle\">Comments</div><div class=\"cellBody\"><ul><li>Programs designed to improve knee joint range of motion, core and leg strength, and knee stability, and to normalize gait are recommended.</li><li>Physical therapy is not necessary for small meniscal tears to heal but is beneficial for addressing gait abnormalities and strengthening the leg muscles that surround and stabilize the knee joint.</li></ul></div></div></div></html>",
   "type":"web"},

  {
   "id":"p-tx-p_2",
   "title":"ignoreme",
   "html":"<html><div class=\"cell\"><div class=\"cellBlock\"><div class=\"cellTitle\">Primary Options</div><div class=\"cellBody\"><UL class=\"tx-options\"><LI><span><A href=\"epoc://rx/monograph/306\">acetaminophen</A>: 325-1000 mg orally every 4-6 hours when required, maximum 4000 mg/day<BR></span></LI></UL></div><div class=\"cellTitle\">Secondary Options</div><div class=\"cellBody\"><UL class=\"tx-options\"><LI><span><A href=\"epoc://rx/monograph/233\">ibuprofen</A>: 400-800 mg orally every 4-6 hours when required, maximum 2400 mg/day<BR></span></LI><LI><span><A href=\"epoc://rx/monograph/2225\">meloxicam</A>: 7.5 mg orally once or twice daily when required, maximum 15 mg/day<BR></span></LI><LI><span><A href=\"epoc://rx/monograph/54\">naproxen</A>: 500 mg orally initially, followed by 250 mg every 6-8 hours when required, maximum 1250 mg/day<BR></span></LI></UL></div><div class=\"cellTitle\">Comments</div><div class=\"cellBody\"><ul><li>Acetaminophen is the preferred drug for reducing pain because it acts centrally and does not interfere with the healing process.<a href=\"epoc://current?article=25\">[25]</a> </li><li>NSAIDs should be used only for short periods because of the negative effects on musculoskeletal healing.<a href=\"epoc://current?article=24\">[24]</a> </li></ul></div></div></div></html>",
   "type":"web"},

  {
   "id":"p-tx-c_3",
   "title":"ignoreme",
   "html":"<html><div class=\"cell\"><div class=\"cellBlock\"><div class=\"cellTitle\">Comments</div><div class=\"cellBody\"><ul><li>Arthroscopic surgery should be considered for those with large (≥1 cm) meniscal tears, root tears, and cases where symptoms persist despite nonoperative care to prevent further damage and save healthy meniscus tissue. Suturing of the tissue is possible if a stable repair can be achieved (usually reserved for clear, clean pattern tears). &nbsp;<a class=\"inlineImage\" href=\"epoc://current?view=p-images-i_8\">Image</a> Meniscal repair should only be used to heal peripheral meniscal lesions affecting healthy meniscal tissue in vascularized areas.<a href=\"epoc://current?article=29\">[29]</a> More than 80% of meniscal tears in the central third (red-white zone) can heal by surgery.<a href=\"epoc://current?article=30\">[30]</a> </li><li>Partial meniscectomy for complex pattern tear should be limited as far as possible, and necessitates careful patient selection;<a href=\"epoc://current?article=31\">[31]</a> there may be no difference in outcomes between those undergoing partial meniscectomy for traumatic tear or those for degenerative tear (for whom arthroscopy is no longer recommended).<a href=\"epoc://current?article=32\">[32]</a> <a href=\"epoc://current?article=33\">[33]</a> </li><li>A complete meniscectomy, involving removal of the entire meniscus, is rarely performed and usually reserved for cases where the tear is large or cuts through the entire meniscus.</li><li>Associated ligamentous injury of the knee leads to knee instability. Therefore, in meniscal tears associated with such injuries, concomitant repair of the affected ligament should be considered, as meniscal repairs should be carried out on a stable knee.</li></ul></div></div></div></html>",
   "type":"web"},

  {
   "id":"p-tx-c_4",
   "title":"ignoreme",
   "html":"<html><div class=\"cell\"><div class=\"cellBlock\"><div class=\"cellTitle\">Primary Options</div><div class=\"cellBody\"><UL class=\"tx-options\"><LI><span><A href=\"epoc://rx/monograph/3658\">sodium hyaluronate</A>: consult specialist for guidance on dose<BR></span></LI></UL></div><div class=\"cellTitle\">Comments</div><div class=\"cellBody\"><ul><li>Postoperative care of the repaired or resected meniscus focuses on limiting axial load and rotational movement for the first month, followed by range-of-motion and strengthening exercises.</li><li>Partial meniscectomy: icing and elevation of knee above the level of the heart, use of crutches for first week, and progression to weight bearing as tolerated. Intra-articular hyaluronate injection may decrease postoperative pain and swelling.<a href=\"epoc://current?article=35\">[35]</a> </li><li>Meniscal repair: similar to above; however, full weight bearing should be delayed for at least 4-6 weeks and range of movement of the knee, especially full flexion, should be limited to reduce strain on the repair site. Should not return to knee-twisting sports (e.g., soccer, basketball) for 2 months after meniscal repair.</li><li>A knee brace is not usually indicated following meniscectomy. After meniscal repair the need for a brace depends on patient activity and condition of repair.</li></ul></div></div></div></html>",
   "type":"web"},

  {
   "id":"tx-3",
   "sections":
   [

    {
     "cells":
     [

      {
       "target":"p-tx-p_0",
       "title":"rest, ice, compression, and elevation",
       "flag":"1st",
       "type":"flex1"},

      {
       "target":"p-tx-p_1",
       "title":"physical therapy",
       "flag":"plus",
       "type":"flex1"},

      {
       "target":"p-tx-p_2",
       "title":"analgesia",
       "flag":"adj.",
       "type":"flex1"},

      {
       "target":"p-tx-c_3",
       "title":"surgery",
       "flag":"adj.",
       "type":"flex1"},

      {
       "target":"p-tx-c_4",
       "title":"postoperative measures",
       "flag":"plus",
       "type":"flex1"}      ]}    ],
   "type":"table"},

  {
   "id":"p-images-i_1",
   "title":"Images",
   "type":"image",
   "image_refs":
   [
0    ]},

  {
   "id":"p-images-i_2",
   "title":"Images",
   "type":"image",
   "image_refs":
   [
1    ]},

  {
   "id":"p-images-i_3",
   "title":"Images",
   "type":"image",
   "image_refs":
   [
0    ]},

  {
   "id":"p-images-i_4",
   "title":"Images",
   "type":"image",
   "image_refs":
   [
1    ]},

  {
   "id":"p-images-i_5",
   "title":"Images",
   "type":"image",
   "image_refs":
   [
2,
3    ]},

  {
   "id":"p-images-i_6",
   "title":"Images",
   "type":"image",
   "image_refs":
   [
2    ]},

  {
   "id":"p-images-i_7",
   "title":"Images",
   "type":"image",
   "image_refs":
   [
3,
4    ]},

  {
   "id":"p-images-i_8",
   "title":"Images",
   "type":"image",
   "image_refs":
   [
3,
4    ]}  ],
 "citations":
 {
  "articles":
  [

   {
    "id":1,
    "key_article":false,
    "ref_article":true,
    "html":"Abram SGF, Beard DJ, Price AJ, et al. National consensus on the definition, investigation, and classification of meniscal lesions of the knee. Knee. 2018 Oct;25(5):834-40.<a href=\"http://www.ncbi.nlm.nih.gov/pubmed/29983330\"> [Abstract]</a><a href=\"https://www.doi.org/10.1016/j.knee.2018.06.001\"> [Full Text]</a>"},

   {
    "id":2,
    "key_article":false,
    "ref_article":true,
    "html":"Rodkey WG, Steadman JR, Li ST. A clinical study of collagen meniscus implants to restore the injured meniscus. Clin Orthop Relat Res. 1999:S281-92.<a href=\"http://www.ncbi.nlm.nih.gov/pubmed/10546653\"> [Abstract]</a>"},

   {
    "id":3,
    "key_article":false,
    "ref_article":true,
    "html":"Englund M, Guermazi A, Gale D, et al. Incidental meniscal findings on knee MRI in middle-aged and elderly persons. N Engl J Med. 2008 Sep 11;359(11):1108-15.<a href=\"http://www.ncbi.nlm.nih.gov/pubmed/18784100\"> [Abstract]</a><a href=\"https://www.doi.org/10.1056/NEJMoa0800777\"> [Full Text]</a>"},

   {
    "id":4,
    "key_article":false,
    "ref_article":true,
    "html":"Majewski M, Susanne H, Klaus S. Epidemiology of athletic knee injuries: A 10-year study. Knee. 2006 Jun;13(3):184-8.<a href=\"http://www.ncbi.nlm.nih.gov/pubmed/16603363\"> [Abstract]</a><a href=\"https://www.doi.org/10.1016/j.knee.2006.01.005\"> [Full Text]</a>"},

   {
    "id":5,
    "key_article":false,
    "ref_article":true,
    "html":"Ding C, Martel-Pelletier J, Pelletier JP, et al. Meniscal tear as an osteoarthritis risk factor in a largely non-osteoarthritic cohort: a cross-sectional study. J Rheumatol. 2007 Apr;34(4):776-84.<a href=\"http://www.ncbi.nlm.nih.gov/pubmed/17361984\"> [Abstract]</a><a href=\"https://\"> [Full Text]</a>"},

   {
    "id":6,
    "key_article":false,
    "ref_article":true,
    "html":"Church S, Keating JF. Reconstruction of the anterior cruciate ligament: timing of surgery and the incidence of meniscal tears and degenerative change. J Bone Joint Surg Br. 2005 Dec;87(12):1639-42.<a href=\"http://www.ncbi.nlm.nih.gov/pubmed/16326877\"> [Abstract]</a><a href=\"https://www.doi.org/10.1302/0301-620X.87B12.16916\"> [Full Text]</a>"},

   {
    "id":7,
    "key_article":false,
    "ref_article":true,
    "html":"Ding C, Martel-Pelletier J, Pelletier JP, et al. Meniscal tear as an osteoarthritis risk factor in a largely non-osteoarthritic cohort: a cross-sectional study. J Rheumatol. 2007 Apr;34(4):776-84.<a href=\"http://www.ncbi.nlm.nih.gov/pubmed/17361984\"> [Abstract]</a>"},

   {
    "id":8,
    "key_article":false,
    "ref_article":true,
    "html":"Englund M, Roos EM, Lohmander LS. Impact of type of meniscal tear on radiographic and symptomatic knee osteoarthritis: a sixteen-year followup of meniscectomy with matched controls. Arthritis Rheum. 2003 Aug;48(8):2178-87.<a href=\"http://www.ncbi.nlm.nih.gov/pubmed/12905471\"> [Abstract]</a><a href=\"https://www.doi.org/10.1002/art.11088\"> [Full Text]</a>"},

   {
    "id":9,
    "key_article":false,
    "ref_article":true,
    "html":"Stärke C, Kopf S, Petersen W, et al. Meniscal repair. Arthroscopy. 2009;25:1033-1044.<a href=\"http://www.ncbi.nlm.nih.gov/pubmed/19732643\"> [Abstract]</a>"},

   {
    "id":10,
    "key_article":false,
    "ref_article":true,
    "html":"Orchard J. Is there a relationship between ground and climatic conditions and injuries in football? Sports Med. 2002;32:419-432.<a href=\"http://www.ncbi.nlm.nih.gov/pubmed/12015804\"> [Abstract]</a>"},

   {
    "id":11,
    "key_article":false,
    "ref_article":true,
    "html":"Vandermeer RD, Cunningham FK. Arthroscopic treatment of the discoid lateral meniscus: results of long-term follow-up. Arthroscopy. 1989;5:101-109.<a href=\"http://www.ncbi.nlm.nih.gov/pubmed/2736005\"> [Abstract]</a>"},

   {
    "id":12,
    "key_article":true,
    "ref_article":true,
    "html":"Zielinska B, Donahue TL. 3D finite element model of meniscectomy: changes in joint contact behavior. J Biomech Eng. 2006;128:115-123.<a href=\"http://www.ncbi.nlm.nih.gov/pubmed/16532624\"> [Abstract]</a>"},

   {
    "id":13,
    "key_article":true,
    "ref_article":true,
    "html":"Lohmander LS, Englund PM, Dahl LL, et al. The long-term consequence of anterior cruciate ligament and meniscus injuries: osteoarthritis. Am J Sports Med. 2007;35:1756-1769.<a href=\"http://www.ncbi.nlm.nih.gov/pubmed/17761605\"> [Abstract]</a>"},

   {
    "id":14,
    "key_article":false,
    "ref_article":true,
    "html":"Ikeuchi H. Arthroscopic treatment of the discoid lateral meniscus: technique and long-term results. Clin Orthop Relat Res. 1982;(167):19-28.<a href=\"http://www.ncbi.nlm.nih.gov/pubmed/6896480\"> [Abstract]</a>"},

   {
    "id":15,
    "key_article":false,
    "ref_article":true,
    "html":"Ferrer-Roca O, Vilalta C. Lesions of the meniscus. Part I: macroscopic and histologic findings. Clin Orthop Relat Res. 1980;(146):289-300.<a href=\"http://www.ncbi.nlm.nih.gov/pubmed/7371263\"> [Abstract]</a>"},

   {
    "id":16,
    "key_article":false,
    "ref_article":true,
    "html":"Granan LP, Forssblad M, Lind M, et al. The Scandinavian ACL registries 2004-2007: baseline epidemiology. Acta Orthop. 2009;80:563-567.<a href=\"http://www.ncbi.nlm.nih.gov/pubmed/19916690\"> [Abstract]</a><a href=\"http://www.ncbi.nlm.nih.gov/pmc/articles/PMC2823321/\"> [Full Text]</a>"},

   {
    "id":17,
    "key_article":false,
    "ref_article":true,
    "html":"Stone KR, Stoller D, De Carli A, et al. The frequency of Baker's cysts associated with meniscal tears. Am J Sports Med. 1996;24:670-671.<a href=\"http://www.ncbi.nlm.nih.gov/pubmed/8883690\"> [Abstract]</a>"},

   {
    "id":18,
    "key_article":false,
    "ref_article":true,
    "html":"Stratford PW, Binkley J. A review of the McMurray test: definition, interpretation, and clinical usefulness. J Orthop Sports Phys Ther. 1995;22:116-20.<a href=\"http://www.ncbi.nlm.nih.gov/pubmed/8535469\"> [Abstract]</a>"},

   {
    "id":19,
    "key_article":false,
    "ref_article":true,
    "html":"Diduch DR, Insall JN, Scott WN, et al. Total knee replacement in young, active patients: long-term follow-up and functional outcome. J Bone Joint Surg Am. 1997;79:575-582.<a href=\"http://www.ncbi.nlm.nih.gov/pubmed/9111404\"> [Abstract]</a>"},

   {
    "id":20,
    "key_article":false,
    "ref_article":true,
    "html":"Crawford R, Walley G, Bridgman S, et al. Magnetic resonance imaging versus arthroscopy in the diagnosis of knee pathology, concentrating on meniscal lesions and ACL tears: a systematic review. Br Med Bull. 2007;84:5-23.<a href=\"http://www.ncbi.nlm.nih.gov/pubmed/17785279\"> [Abstract]</a><a href=\"http://bmb.oxfordjournals.org/content/84/1/5.full\"> [Full Text]</a>"},

   {
    "id":21,
    "key_article":false,
    "ref_article":true,
    "html":"Quarles JD, Hosey RG. Medial and lateral collateral injuries: prognosis and treatment. Prim Care. 2004;31:957-975.<a href=\"http://www.ncbi.nlm.nih.gov/pubmed/15544829\"> [Abstract]</a>"},

   {
    "id":22,
    "key_article":false,
    "ref_article":true,
    "html":"Allen PR, Denham RA, Swan AV. Late degenerative changes after meniscectomy: factors affecting the knee after operation. J Bone Joint Surg Br. 1984;66:666-671.<a href=\"http://www.ncbi.nlm.nih.gov/pubmed/6548755\"> [Abstract]</a>"},

   {
    "id":23,
    "key_article":false,
    "ref_article":true,
    "html":"Baratz ME, Fu FH, Mengato R. Meniscal tears: the effect of meniscectomy and of repair on intraarticular contact areas and stress in the human knee: a preliminary report. Am J Sports Med. 1986;14:270-275.<a href=\"http://www.ncbi.nlm.nih.gov/pubmed/3755296\"> [Abstract]</a>"},

   {
    "id":24,
    "key_article":false,
    "ref_article":true,
    "html":"O'Connor JP, Lysz T. Celecoxib, NSAIDs and the skeleton. Drugs Today (Barc). 2008;44:693-709.<a href=\"http://www.ncbi.nlm.nih.gov/pubmed/19137124\"> [Abstract]</a>"},

   {
    "id":25,
    "key_article":false,
    "ref_article":true,
    "html":"Bergenstock M, Min W, Simon AM, et al. A comparison between the effects of acetaminophen and celecoxib on bone fracture healing in rats. J Orthop Trauma. 2005;19:717-723.<a href=\"http://www.ncbi.nlm.nih.gov/pubmed/16314720\"> [Abstract]</a>"},

   {
    "id":26,
    "key_article":false,
    "ref_article":true,
    "html":"Brignardello-Petersen R, Guyatt GH, Buchbinder R, et al. Knee arthroscopy versus conservative management in patients with degenerative knee disease: a systematic review. BMJ Open. 2017 May 11;7(5):e016114.<a href=\"http://www.ncbi.nlm.nih.gov/pubmed/28495819\"> [Abstract]</a><a href=\"https://www.doi.org/10.1136/bmjopen-2017-016114\"> [Full Text]</a>"},

   {
    "id":27,
    "key_article":false,
    "ref_article":true,
    "html":"Siemieniuk RAC, Harris IA, Agoritsas T, et al. Arthroscopic surgery for degenerative knee arthritis and meniscal tears: a clinical practice guideline. BMJ. 2017;357:j1982.<a href=\"http://www.ncbi.nlm.nih.gov/pubmed/28490431\"> [Abstract]</a><a href=\"http://www.bmj.com/content/357/bmj.j1982\"> [Full Text]</a>"},

   {
    "id":28,
    "key_article":false,
    "ref_article":true,
    "html":"Siemieniuk RAC, Harris IA, Agoritsas T, et al. Arthroscopic surgery for degenerative knee arthritis and meniscal tears: a clinical practice guideline. Br J Sports Med. 2018 Mar;52(5):313.<a href=\"http://www.ncbi.nlm.nih.gov/pubmed/29449218\"> [Abstract]</a><a href=\"https://www.doi.org/10.1136/bjsports-2017-j1982rep\"> [Full Text]</a>"},

   {
    "id":29,
    "key_article":false,
    "ref_article":true,
    "html":"Beaufils P, Becker R, Kopf S, et al. The knee meniscus: management of traumatic tears and degenerative lesions. EFORT Open Rev. 2017 May;2(5):195-203.<a href=\"http://www.ncbi.nlm.nih.gov/pubmed/28698804\"> [Abstract]</a><a href=\"https://www.doi.org/10.1302/2058-5241.2.160056\"> [Full Text]</a>"},

   {
    "id":30,
    "key_article":false,
    "ref_article":true,
    "html":"Barber-Westin SD, Noyes FR. Clinical healing rates of meniscus repairs of tears in the central-third (red-white) zone. Arthroscopy. 2014;30:134-146.<a href=\"http://www.ncbi.nlm.nih.gov/pubmed/24384277\"> [Abstract]</a><a href=\"http://www.arthroscopyjournal.org/article/S0749-8063(13)01120-1/fulltext\"> [Full Text]</a>"},

   {
    "id":31,
    "key_article":false,
    "ref_article":true,
    "html":"Abram SGF, Judge A, Beard DJ, et al. Adverse outcomes after arthroscopic partial meniscectomy: a study of 700 000 procedures in the national Hospital Episode Statistics database for England. Lancet. 2018 Nov 17;392(10160):2194-2202.<a href=\"http://www.ncbi.nlm.nih.gov/pubmed/30262336\"> [Abstract]</a><a href=\"https://www.doi.org/10.1016/S0140-6736(18)31771-9\"> [Full Text]</a>"},

   {
    "id":32,
    "key_article":false,
    "ref_article":true,
    "html":"Thorlund JB, Englund M, Christensen R, et al. Patient reported outcomes in patients undergoing arthroscopic partial meniscectomy for traumatic or degenerative meniscal tears: comparative prospective cohort study. BMJ. 2017 Feb 2;356:j356.<a href=\"http://www.ncbi.nlm.nih.gov/pubmed/28153861\"> [Abstract]</a><a href=\"https://www.doi.org/10.1136/bmj.j356\"> [Full Text]</a>"},

   {
    "id":33,
    "key_article":false,
    "ref_article":true,
    "html":"Eijgenraam SM, Reijman M, Bierma-Zeinstra SMA, et al. Can we predict the clinical outcome of arthroscopic partial meniscectomy? A systematic review. Br J Sports Med. 2018 Apr;52(8):514-521.<a href=\"http://www.ncbi.nlm.nih.gov/pubmed/29183885\"> [Abstract]</a><a href=\"https://www.doi.org/10.1136/bjsports-2017-097836\"> [Full Text]</a>"},

   {
    "id":34,
    "key_article":false,
    "ref_article":true,
    "html":"DeFalco RA, Ricci AR, Balduini FC. Osteonecrosis of the knee after arthroscopic meniscectomy and chondroplasty: a case report and literature review. Am J Sports Med. 2003;31:1013-1016.<a href=\"http://www.ncbi.nlm.nih.gov/pubmed/14623674\"> [Abstract]</a>"},

   {
    "id":35,
    "key_article":false,
    "ref_article":true,
    "html":"Waddell DD, Bert JM. The use of hyaluronan after arthroscopic surgery of the knee. Arthroscopy. 2010;26:105-111.<a href=\"http://www.ncbi.nlm.nih.gov/pubmed/20117634\"> [Abstract]</a>"},

   {
    "id":36,
    "key_article":false,
    "ref_article":true,
    "html":"De Bruycker M, Verdonk PCM, Verdonk RC. Meniscal allograft transplantation: a meta-analysis. SICOT J. 2017;3:33.<a href=\"http://www.ncbi.nlm.nih.gov/pubmed/29792399\"> [Abstract]</a><a href=\"https://www.doi.org/10.1051/sicotj/2017016\"> [Full Text]</a>"},

   {
    "id":37,
    "key_article":false,
    "ref_article":true,
    "html":"Pereira H, Fatih Cengiz I, Gomes S, et al. Meniscal allograft transplants and new scaffolding techniques. EFORT Open Rev. 2019 Jun;4(6):279-295.<a href=\"http://www.ncbi.nlm.nih.gov/pubmed/31210969\"> [Abstract]</a><a href=\"https://www.doi.org/10.1302/2058-5241.4.180103\"> [Full Text]</a>"},

   {
    "id":38,
    "key_article":false,
    "ref_article":true,
    "html":"Insall JN, Scott WN, eds. Surgery of the knee, 3rd ed. New York, NY: Churchill Livingstone; 2001."}   ],
  "online_refs":
  [

   {
    "id":1,
    "title":"Palpation and bounce home test",
    "url":"https://www.youtube.com/watch?v=52reQsXQAZk"},

   {
    "id":2,
    "title":"McMurray test",
    "url":"https://www.youtube.com/watch?v=fkt1TOn1UfI"},

   {
    "id":3,
    "title":"Apley test",
    "url":"https://www.youtube.com/watch?v=w57I1cYXlCA"}   ]},
 "media":
 [

  {
   "file":"826-5-iline.gif",
   "thumb":"",
   "caption":"Anatomical structures around the menisci",
   "hilight":"false",
   "iline":"true",
   "auth":"false",
   "source":"Created by BMJ Publishing Group"},

  {
   "file":"826-4-iline.gif",
   "thumb":"",
   "caption":"Types of meniscal tears",
   "hilight":"false",
   "iline":"true",
   "auth":"false",
   "source":"Created by BMJ Publishing Group"},

  {
   "file":"826-3.jpg",
   "thumb":"826-3-tn.jpg",
   "caption":"MRI scan demonstrating horizontal cleavage tear of medial meniscus (arrow); white horizontal line separates the inferior and superior portions of the torn meniscus",
   "hilight":"false",
   "iline":"false",
   "auth":"false",
   "source":"From the collection of Dr Kevin R. Stone"},

  {
   "file":"826-1-hlight.jpg",
   "thumb":"826-1-hlight-tn.jpg",
   "caption":"Arthroscopic view of horizontal cleavage tear of lateral meniscus (arrow)",
   "hilight":"true",
   "iline":"false",
   "auth":"false",
   "source":"From the collection of Dr Kevin R. Stone"},

  {
   "file":"826-2.jpg",
   "thumb":"826-2-tn.jpg",
   "caption":"Arthroscopic view of suture repair of lateral meniscus (arrow)",
   "hilight":"false",
   "iline":"false",
   "auth":"false",
   "source":"From the collection of Dr Kevin R. Stone"}  ]}