
{
 "id":861,
 "title":"Pityriasis versicolor",
 "views":
 [

  {
   "id":"root",
   "type":"table",
   "sections":
   [

    {
     "cells":
     [

      {
       "target":"highlights",
       "title":"Highlights & Basics",
       "type":"flex0"}      ]},

    {
     "cells":
     [

      {
       "target":"tx_options",
       "title":"Treatment Options",
       "type":"flex0"},

      {
       "target":"tx_emerging",
       "title":"Emerging Treatments",
       "type":"flex0"},

      {
       "target":"tx_approach",
       "title":"Treatment Approach",
       "type":"flex0"},

      {
       "target":"hxexam",
       "title":"History & Exam",
       "type":"flex0"},

      {
       "target":"tests",
       "title":"Tests",
       "type":"flex0"},

      {
       "target":"differentials",
       "title":"Differential Diagnosis",
       "type":"flex0"},

      {
       "target":"diag_approach",
       "title":"Diagnostic Approach",
       "type":"flex0"},

      {
       "target":"followup",
       "title":"Follow-up",
       "type":"flex0"},

      {
       "target":"prevention",
       "title":"Prevention",
       "type":"flex0"},

      {
       "target":"complications",
       "title":"Complications",
       "type":"flex0"},

      {
       "target":"guidelines",
       "title":"Society Guidelines",
       "type":"flex0"}      ]}    ]},

  {
   "id":"highlights",
   "title":"Pityriasis versicolor",
   "html":"<div class=\"cell\"><div class=\"cellBlock\"><div class=\"cellTitle\">Key Highlights</div><div class=\"cellBody\"><ul><li>Pityriasis versicolor is a superficial fungal infection of the stratum corneum, due to dimorphic yeasts of the genus Malassezia, leading to hypo- or hyperpigmented macular lesions on seborrheic areas of the trunk. </li><li>Eruption is most common in the summer months in adolescents. Often has a relapsing nature requiring frequent treatment or prophylaxis.</li><li>Primarily a clinical diagnosis that is confirmed by a KOH preparation demonstrating fungal elements with a characteristic spaghetti-and-meatballs appearance indicating the presence of both yeast and short hyphae.</li><li>Easily treated with either topical medications, including zinc pyrithione shampoo, selenium sulfide shampoo, or azole-class topical antifungal creams. More extensive disease may require systemic therapy with antifungal drugs.</li><li>After successful treatment, remind patients that it may take up to 6 weeks before their normal skin pigmentation returns.</li><li>Recurrence of the disease is common, and prophylactic treatment with selenium shampoo and, for more extensive disease, systemic therapy with antifungal drugs may be necessary.</li></ul></div><div class=\"cellTitle\">Definition</div><div class=\"cellBody\"><P>Pityriasis versicolor (PV), also known as tinea versicolor, is a common superficial fungal infection of the stratum corneum (outer layer of the epidermis) resulting from a change to the mycelial (filamentous fungus or mould) state of dimorphic yeasts of the genus Malassezia. It leads to hypo- or hyperpigmented coalescing scaly macules on the trunk and upper arms. The eruption is most common in the summer months in adolescents and young adults, favors oily areas of the skin, and often has a relapsing nature requiring frequent treatment.<a href=\"epoc://current?article=1\">[1]</a> <a href=\"epoc://current?article=2\">[2]</a><a class=\"inlineImage\" href=\"epoc://current?view=p-images-i_1\">Image</a></P></div><div class=\"cellTitle\">Epidemiology</div><div class=\"cellBody\"><P>PV is most common in hot and humid climates, where prevalence may be as high as 50%.<a href=\"epoc://current?article=6\">[6]</a> It is also common in temperate climates, especially during the summer months, accounting for 3% of patients seen by dermatologists.<a href=\"epoc://current?article=1\">[1]</a> </P><P>The prevalence of PV is about 1% of the population in Scandinavia and 0.8% of the U.S. population.<a href=\"epoc://current?article=7\">[7]</a> <a href=\"epoc://current?article=8\">[8]</a> </P><P>PV is most often seen in teenagers and young adults.<a href=\"epoc://current?article=6\">[6]</a> It is unusual for young children and older adults to have PV due to reduced sebum production in these age groups.<a href=\"epoc://current?article=6\">[6]</a> However, childhood cases are seen in tropical regions, and 1 case in a premature 2-week-old infant has been reported, possibly due to hot and humid conditions in an incubator.<a href=\"epoc://current?article=8\">[8]</a> Cases in older adults occur in the setting of heat and sweating during hospital admission and in the setting of immunocompromise.<a href=\"epoc://current?article=9\">[9]</a> With the increasing use of immunosuppressive agents, cases of iatrogenic immunocompromise-induced pityriasis versicolor secondary to the use of tumor necrosis factor (TNF)-alpha inhibitors have been described.<a href=\"epoc://current?article=10\">[10]</a> Infection rates in men and women vary between studies but overall are similar.<a href=\"epoc://current?article=1\">[1]</a> </P></div><div class=\"cellTitle\">Etiology</div><div class=\"cellBody\"><P>PV is a superficial fungal infection resulting from a change to the mycelial state of dimorphic lipophilic yeasts of the genus Malassezia that colonize the stratum corneum and are normal skin flora.<a href=\"epoc://current?article=1\">[1]</a> Yeasts of this genus are found at sites rich in sebaceous lipids, including the scalp and upper trunk, as the organisms are a lipophilic fungus requiring exogenous fatty acids for growth.<a href=\"epoc://current?article=1\">[1]</a> </P><P>Originally, PV was believed to be caused by M furfur.<a href=\"epoc://current?article=11\">[11]</a> However, recent studies have demonstrated that the most common Malassezia species cultured from lesions of PV are M globosa and M sympodialis.<a href=\"epoc://current?article=11\">[11]</a> <a href=\"epoc://current?article=12\">[12]</a> </P><P>PV is neither contagious nor due to poor hygiene.<a href=\"epoc://current?article=1\">[1]</a> Both exogenous and endogenous factors may lead the Malassezia organism to change from its saprophytic yeast form to the pathologic mycelial form. Exogenous factors include high temperature, humidity, heavy sweating associated with athletic activity, and application of occlusive creams or lotions to the skin.<a href=\"epoc://current?article=6\">[6]</a> <a href=\"epoc://current?article=13\">[13]</a> <a href=\"epoc://current?article=14\">[14]</a> Endogenous factors include young adult age, hyperhidrosis, genetic susceptibility, malnutrition, pregnancy, and immunosuppression associated with corticosteroids or other immunosuppressant agents, malignant lymphoma, and HIV infection.<a href=\"epoc://current?article=6\">[6]</a> </P></div><div class=\"cellTitle\">Authors / Peer Reviewers</div><div class=\"cellBody\"><ul><li>Brian L. Swick, MD</li><li>Hobart Walling, MD, PhD</li><li>Helen Goodyear, MBChB, MRCP, FRCPCH, MD, MMed</li></ul></div><br><b class=\"last-updated display-none\">Last Updated: 2020-07-17</b><div style=\"display: none\" class=\"last-updated\"><div class=\"last-updated-label\">Last Updated</div><div class=\"last-updated-date\">2020-07-17</div></div></div></div>",
   "type":"web"},

  {
   "id":"p-p_tx-c_6",
   "sections":
   [

    {
     "type":"table",
     "cells":
     [

      {
       "target":"tx-7",
       "title":"nonpregnant",
       "type":"flex0"},

      {
       "target":"tx-8",
       "title":"pregnant",
       "type":"flex0"}      ]}    ],
   "type":"table"},

  {
   "id":"tx_options",
   "sections":
   [

    {
     "headerText":"Acute",
     "cells":
     [

      {
       "target":"tx-0",
       "title":"nonpregnant",
       "type":"flex0"},

      {
       "target":"tx-4",
       "title":"pregnant",
       "type":"flex0"}      ]},

    {
     "headerText":"Ongoing",
     "cells":
     [

      {
       "target":"p-p_tx-c_6",
       "title":"recurrent disease after successful pathogen eradication",
       "type":"flex0"}      ]}    ],
   "type":"table"},

  {
   "id":"tx_emerging",
   "title":"Pityriasis versicolor",
   "html":"<div class=\"cell\"><div class=\"cellBlock\"><div class=\"cellTitle\">Rilopirox</div><div class=\"cellBody\">A new synthetic topical pyridone derivative with fungicidal activity against yeast. Rilopirox has been shown to have in vitro activity against Malassezia furfur isolates obtained from patients with pityriasis versicolor and seborrheic dermatitis.<a href=\"epoc://current?article=50\">[50]</a> </div><div class=\"cellTitle\">Pramiconazole</div><div class=\"cellBody\">A new triazole antifungal effective in the treatment of pityriasis versicolor.<a href=\"epoc://current?article=51\">[51]</a> However, long term efficacy is unknown and, due to its high cost, it is not considered a first-line therapy. Avoid its use in pregnant patients.&nbsp;</div></div></div>",
   "type":"web"},

  {
   "id":"tx_approach",
   "title":"Pityriasis versicolor",
   "html":"<div class=\"cell\"><div class=\"cellBlock\"><div class=\"cellBody\"><P>PV is easily treated with both topical and, in some cases, systemic medications. Spontaneous resolution of PV is uncommon and the disease will persist for years if left untreated.<a href=\"epoc://current?article=13\">[13]</a> After only 2 weeks of antifungal therapy, microscopic fragmentation of Malassezia fungal forms is seen.<a href=\"epoc://current?article=6\">[6]</a> However, even after successful treatment, patients and clinicians must remember that the pigmentary abnormalities associated with PV may take up to 6 weeks to resolve and that this is not a sign of treatment failure.<a href=\"epoc://current?article=32\">[32]</a> Hypopigmented lesions, in particular, can take longer to resolve.<a href=\"epoc://current?article=19\">[19]</a> Because of this, treatment efficacy is often assessed by a negative KOH preparation rather than resolution of dyschromia. In addition, because the conversion of Malassezia yeasts to the pathologic mycelial form is thought to be due, in many cases, to endogenous host factors, recurrence is common in up to 60% of patients in the first year after treatment and up to 80% after 2 years.<a href=\"epoc://current?article=6\">[6]</a> <a href=\"epoc://current?article=33\">[33]</a> Because of this, clinicians should consider prophylactic treatment for patients who tend to have repeated episodes of disease.<a href=\"epoc://current?article=6\">[6]</a> </P></div><div class=\"cellTitle\">Topical treatments</div><div class=\"cellBody\"><P>The preferred first-line treatment for all patients, especially children and pregnant women, is topical therapy.<a href=\"epoc://current?article=34\">[34]</a> Many topical therapies are available that for the most part are equally effective. The selection of a topical agent should ultimately be based on patient preference. When using any topical therapy, advise the patient to treat the whole neck, trunk, arms, and legs down to the knees, even if only small areas are involved.<a href=\"epoc://current?article=24\">[24]</a> </P><P>Nonspecific topical therapies are older and relatively inexpensive. These agents include zinc pyrithione, propylene glycol, and selenium sulfide. Specific topical therapies are newer agents and include azole antifungals such as ketoconazole, clotrimazole, and miconazole.<a href=\"epoc://current?article=24\">[24]</a> <a href=\"epoc://current?article=35\">[35]</a> Terbinafine and ciclopirox are also effective.<a href=\"epoc://current?article=24\">[24]</a> Topical retinoids (e.g., tretinoin, adapalene) may also be used.<a href=\"epoc://current?article=36\">[36]</a> <a href=\"epoc://current?article=37\">[37]</a> There is no benefit of one specific topical therapy over another, other than appropriate selection of a base (i.e., for hair-bearing skin, lotions, shampoos, and solutions are better than cream-based products).</P><P>Pyrithione zinc and propylene glycol have not been adequately tested in pregnant women. However, no teratogenicity or embryotoxicity has been observed in the offspring of laboratory animals treated with pyrithione zinc, and there have been no documented problems in humans.<a href=\"epoc://current?article=38\">[38]</a> <a href=\"epoc://current?article=39\">[39]</a> Therefore, these agents are the preferred first-line treatments in pregnant women. There is inadequate data to support the use of topical terbinafine or ciclopirox in pregnant women; however, no teratogenicity or embryotoxicity has been observed in animal studies with either drug and they may be used second line. Topical selenium sulfide and the topical azole antifungals are generally not recommended in pregnancy; however, some clinicians still use selenium sulfide topically during pregnancy. Topical retinoids are contraindicated in pregnant women.</P></div><div class=\"cellTitle\">Systemic treatments</div><div class=\"cellBody\"><P>Systemic therapy is primarily indicated for extensive lesions, for lesions resistant to prior topical therapy, if the patient is immunocompromised, if the patient has difficulty complying with topical therapies, and for patients with frequent relapse. In the treatment of PV, systemic agents are used for only a short time, limiting the risk of adverse effects.<a href=\"epoc://current?article=24\">[24]</a> The advantage of oral therapy is increased patient compliance, as these agents are more convenient and less time consuming than topical agents.<a href=\"epoc://current?article=13\">[13]</a> Oral azole antifungals (e.g., ketoconazole, fluconazole, itraconazole) are the preferred drugs.<a href=\"epoc://current?article=6\">[6]</a> <a href=\"epoc://current?article=12\">[12]</a> <a href=\"epoc://current?article=13\">[13]</a> <a href=\"epoc://current?article=19\">[19]</a> <a href=\"epoc://current?article=40\">[40]</a> <a href=\"epoc://current?article=41\">[41]</a> While studies have failed to consistently demonstrate the efficacy of a single dose of itraconazole in the treatment of PV, there is some evidence to suggest that a short course of itraconazole may be as effective as a multi-day course of treatment.<a href=\"epoc://current?article=40\">[40]</a> <a href=\"epoc://current?article=42\">[42]</a> <a href=\"epoc://current?article=43\">[43]</a> Systemic azole antifungals are best absorbed in an acid environment. Therefore, advise patients to take the medication with a carbonated beverage. In addition, it is common to have patients take the medication 45 minutes before working out to a sweat, and then waiting several hours after sweating before taking a shower to increase delivery of the medication to the site of action in the stratum corneum.</P><P>The above-listed agents differ little in efficacy.<a href=\"epoc://current?article=6\">[6]</a> Rare adverse effects including nausea, vomiting, and hepatitis can occur with all of the azoles, particularly ketoconazole.<a href=\"epoc://current?article=28\">[28]</a> However, these adverse effects are uncommon given the short course of treatment in PV. Ketoconazole may cause severe liver injury and adrenal insufficiency. In July 2013, the US Food and Drug Administration (FDA) recommended that oral ketoconazole should only be used for life-threatening fungal infections where alternative treatments are not available or tolerated, and when the potential benefits of treatment outweigh the risks. Its use is contraindicated in patients with liver disease. If used, monitor liver and adrenal function before and during treatment.<a href=\"epoc://current?article=44\">[44]</a> This recommendation does not apply to topical formulations of ketoconazole. Resistance to traditional systemic agents such as itraconazole and fluconazole has been described, which may necessitate higher doses and longer courses of these medications, or primary use of older topical treatments such as selenium sulfide and pyrithione zinc.<a href=\"epoc://current?article=45\">[45]</a> </P><P>Oral terbinafine and griseofulvin are ineffective in treating PV.<a href=\"epoc://current?article=6\">[6]</a> </P></div><div class=\"cellTitle\">Prophylaxis</div><div class=\"cellBody\"><P>In patients with recurrent disease, prophylactic treatment may be necessary after a successful treatment course. First-line prophylactic treatment, especially in children, is with selenium sulfide.<a href=\"epoc://current?article=1\">[1]</a> If topical prophylactic therapy is ineffective, second-line therapies include pulse-dosed oral azole antifungals.<a href=\"epoc://current?article=46\">[46]</a> <a href=\"epoc://current?article=47\">[47]</a> <a href=\"epoc://current?article=48\">[48]</a> </P></div><div class=\"cellTitle\">Adjunctive measures</div><div class=\"cellBody\"><P>Especially in patients with hypopigmented PV, the resulting dyschromia can be long lasting, even after successful pathogen eradication. In patients with prominent hypopigmented PV, consider UV phototherapy with UV-B 3 times weekly after complete eradication of the fungus, as demonstrated by a negative KOH preparation. Repigmentation can be expected within 3 weeks after starting UV therapy.<a href=\"epoc://current?article=49\">[49]</a> </P></div></div></div>",
   "type":"web"},

  {
   "id":"hxexam_details",
   "sections":
   [

    {
     "type":"table",
     "headerText":"Strong",
     "cells":
     [

      {
       "title":"high ambient temperature and humidity",
       "type":"flex0",
       "targetHTML":"<div class=\"cell\"><div class=\"cellBlock\"><div class=\"cellBody\"><P>PV is most common in tropical regions and during the summer months in temperate climates when temperature and humidity are highest.<a href=\"epoc://current?article=6\">[6]</a> As the organism is a lipophilic yeast, requiring exogenous fatty acids for growth, it can thrive and convert from the yeast form to the pathologic mycelial form during times of greatest heat, when host sweating and sebum production are at their highest.<a href=\"epoc://current?article=6\">[6]</a> Even in tropical locations, the disease is most common during months of greatest heat. In one study in Madras, India, PV was most common during May and October, during high ambient temperature.<a href=\"epoc://current?article=23\">[23]</a></P></div></div></div>"},

      {
       "title":"adolescent and young adult age",
       "type":"flex0",
       "targetHTML":"<div class=\"cell\"><div class=\"cellBlock\"><div class=\"cellBody\"><P>Because of the lipid requirements of Malassezia, the yeasts are most commonly found during the years when sebum production is highest and are rarely found on the skin of prepubescent children or older people.<a href=\"epoc://current?article=6\">[6]</a> Although most adults have the yeast on their skin, conversion of the organism from the yeast to the pathologic mycelial form requires additional factors such as, in the case of adolescents or young adults, hormonal changes or increased sebum secretion.<a href=\"epoc://current?article=1\">[1]</a><a href=\"epoc://current?article=6\">[6]</a></P></div></div></div>"},

      {
       "title":"hyperhidrosis",
       "type":"flex0",
       "targetHTML":"<div class=\"cell\"><div class=\"cellBlock\"><div class=\"cellBody\"><P>Because Malassezia yeasts are lipophilic organisms, requiring exogenous fatty acids for growth, hyperhidrosis provides increased host sebum production, allowing the organism to thrive and be converted to its pathologic mycelial form.<a href=\"epoc://current?article=6\">[6]</a></P></div></div></div>"},

      {
       "title":"systemic corticosteroid or other immunosuppressant use",
       "type":"flex0",
       "targetHTML":"<div class=\"cell\"><div class=\"cellBlock\"><div class=\"cellBody\"><P>Associated with increased risk of PV infection.<a href=\"epoc://current?article=6\">[6]</a><a href=\"epoc://current?article=12\">[12]</a></P><P>PV has been described with use of anti-TNF-alpha monoclonal antibody therapy.<a href=\"epoc://current?article=10\">[10]</a></P></div></div></div>"},

      {
       "title":"participation in athletics",
       "type":"flex0",
       "targetHTML":"<div class=\"cell\"><div class=\"cellBlock\"><div class=\"cellBody\"><P>Athletes are prone to the development of PV, most likely due to excessive sweating.<a href=\"epoc://current?article=6\">[6]</a><a href=\"epoc://current?article=14\">[14]</a></P></div></div></div>"},

      {
       "title":"greasy skin",
       "type":"flex0",
       "targetHTML":"<div class=\"cell\"><div class=\"cellBlock\"><div class=\"cellBody\"><P>PV infection has been associated with oily, greasy skin.<a href=\"epoc://current?article=24\">[24]</a></P></div></div></div>"}      ]},

    {
     "type":"table",
     "headerText":"Weak",
     "cells":
     [

      {
       "title":"family history of PV",
       "type":"flex0",
       "targetHTML":"<div class=\"cell\"><div class=\"cellBlock\"><div class=\"cellBody\"><P>Hereditary factors may play a role in susceptibility to PV infection due to the absence of conjugal PV cases and the common appearance of the disease in &gt;1 related family member.<a href=\"epoc://current?article=6\">[6]</a> The distribution of the disease in first-, second-, and third-degree relatives suggests that susceptibility to PV infection is due to multifactorial inheritance.<a href=\"epoc://current?article=25\">[25]</a><a href=\"epoc://current?article=26\">[26]</a></P></div></div></div>"},

      {
       "title":"malnutrition",
       "type":"flex0",
       "targetHTML":"<div class=\"cell\"><div class=\"cellBlock\"><div class=\"cellBody\"><P>PV infection has been associated with malnutrition in pediatric cases.<a href=\"epoc://current?article=27\">[27]</a></P></div></div></div>"},

      {
       "title":"use of oral contraceptives",
       "type":"flex0",
       "targetHTML":"<div class=\"cell\"><div class=\"cellBlock\"><div class=\"cellBody\"><P>PV has been associated with use of oral contraceptives.<a href=\"epoc://current?article=28\">[28]</a></P></div></div></div>"},

      {
       "title":"HIV infection and other immunosuppressive conditions",
       "type":"flex0",
       "targetHTML":"<div class=\"cell\"><div class=\"cellBlock\"><div class=\"cellBody\"><P>The prevalence of PV is increased in patients with HIV infection and other immunosuppressive conditions. However, the clinical presentation of PV in HIV-infected patients does not differ clinically from PV seen in HIV-negative patients.<a href=\"epoc://current?article=29\">[29]</a></P></div></div></div>"},

      {
       "title":"use of occlusive ointments or creams",
       "type":"flex0",
       "targetHTML":"<div class=\"cell\"><div class=\"cellBlock\"><div class=\"cellBody\"><P>Application to the skin may exacerbate the tendency to develop PV in those prone to the disease.<a href=\"epoc://current?article=6\">[6]</a></P></div></div></div>"}      ]}    ],
   "type":"table"},

  {
   "id":"p-hxexam_factor-key_0",
   "title":"Pityriasis versicolor",
   "html":"<html><div class=\"cell\"><div class=\"cellBlock\"><div class=\"cellBody\"><P>Because of the lipid requirements of Malassezia, the yeasts are most commonly found during the years when sebum production is highest and are rarely found on the skin of prepubescent children or older people.<a href=\"epoc://current?article=6\">[6]</a> </P></div></div></div></html>",
   "type":"web"},

  {
   "id":"p-hxexam_factor-key_1",
   "title":"Pityriasis versicolor",
   "html":"<html><div class=\"cell\"><div class=\"cellBlock\"><div class=\"cellBody\"><P>PV is most common in tropical regions and during the summer months in temperate climates when temperature and humidity are highest.<a href=\"epoc://current?article=6\">[6]</a> </P></div></div></div></html>",
   "type":"web"},

  {
   "id":"p-hxexam_factor-key_2",
   "title":"Pityriasis versicolor",
   "html":"<html><div class=\"cell\"><div class=\"cellBlock\"><div class=\"cellBody\"><P>PV infection has been associated with oily, greasy skin.<a href=\"epoc://current?article=24\">[24]</a> Hyperhidrosis provides increased host sebum production, allowing the organism to thrive and be converted to its pathologic mycelial form.<a href=\"epoc://current?article=6\">[6]</a> Athletes are prone to the development of PV, most likely due to excessive sweating.<a href=\"epoc://current?article=6\">[6]</a> <a href=\"epoc://current?article=14\">[14]</a> </P></div></div></div></html>",
   "type":"web"},

  {
   "id":"p-hxexam_factor-key_3",
   "title":"Pityriasis versicolor",
   "html":"<html><div class=\"cell\"><div class=\"cellBlock\"><div class=\"cellBody\"><P>Systemic corticosteroid or other immunosuppressant use is associated with increased risk of PV infection.<a href=\"epoc://current?article=6\">[6]</a> <a href=\"epoc://current?article=12\">[12]</a> </P></div></div></div></html>",
   "type":"web"},

  {
   "id":"p-hxexam_factor-key_4",
   "title":"Pityriasis versicolor",
   "html":"<html><div class=\"cell\"><div class=\"cellBlock\"><div class=\"cellBody\"><P>PV is most commonly asymptomatic. However, pruritus rarely occurs, and its presence does not exclude the diagnosis of PV.<a href=\"epoc://current?article=1\">[1]</a> </P></div></div></div></html>",
   "type":"web"},

  {
   "id":"p-hxexam_factor-key_5",
   "title":"Pityriasis versicolor",
   "html":"<html><div class=\"cell\"><div class=\"cellBlock\"><div class=\"cellBody\"><P>Altered normal skin color is the primary physical exam finding. These lesions vary in color, as implied by the name versicolor, from hypopigmented shades of white to hyperpigmented shades of pink, tan, brown, red, or black.<a href=\"epoc://current?article=12\">[12]</a><a class=\"inlineImage\" href=\"epoc://current?view=p-images-i_5\">Image</a> Hypopigmentation is twice as common as hyperpigmentation.<a href=\"epoc://current?article=13\">[13]</a> </P></div></div></div></html>",
   "type":"web"},

  {
   "id":"p-hxexam_factor-key_6",
   "title":"Pityriasis versicolor",
   "html":"<html><div class=\"cell\"><div class=\"cellBlock\"><div class=\"cellBody\"><P>Flat macules becoming confluent to form patches are the most common presentation of PV. Only very rarely is the eruption elevated forming papules or plaques.<a href=\"epoc://current?article=1\">[1]</a> </P></div></div></div></html>",
   "type":"web"},

  {
   "id":"p-hxexam_factor-key_7",
   "title":"Pityriasis versicolor",
   "html":"<html><div class=\"cell\"><div class=\"cellBlock\"><div class=\"cellBody\"><P>Distribution of the eruption parallels the density of the sebaceous glands. Commonly affected areas include chest, back, neck, and proximal arms.<a href=\"epoc://current?article=1\">[1]</a> </P></div></div></div></html>",
   "type":"web"},

  {
   "id":"p-hxexam_factor-key_8",
   "title":"Pityriasis versicolor",
   "html":"<html><div class=\"cell\"><div class=\"cellBlock\"><div class=\"cellBody\"><P>Pityriasiform scale is common in hyperpigmented lesions of PV but is less common in depigmented lesions.<a href=\"epoc://current?article=19\">[19]</a> </P></div></div></div></html>",
   "type":"web"},

  {
   "id":"p-hxexam_factor-other_9",
   "title":"Pityriasis versicolor",
   "html":"<html><div class=\"cell\"><div class=\"cellBlock\"><div class=\"cellBody\"><P>Lesions may fluoresce a characteristic bright yellow or gold color under Wood lamp exam. However, Wood lamp exam is positive in only one third of cases, most likely due to most infections being secondary to nonfluorescent species of Malassezia.<a href=\"epoc://current?article=12\">[12]</a> Only M furfur produces the indole compounds that fluoresce under Wood light.<a href=\"epoc://current?article=3\">[3]</a> <a href=\"epoc://current?article=12\">[12]</a> </P></div></div></div></html>",
   "type":"web"},

  {
   "id":"hxexam",
   "sections":
   [

    {
     "headerText":"Risk Factors",
     "cells":
     [

      {
       "target":"hxexam_details",
       "title":"Details",
       "type":"flex0"}      ]},

    {
     "dividerType":"divider0",
     "headers":
     [

      {
       "title":"Key Diagnostic Factors"},

      {
       "title":"common",
       "type":"header1"}      ],
     "cells":
     [

      {
       "title":"adolescent and young adult age",
       "target":"p-hxexam_factor-key_0",
       "type":"flex0"},

      {
       "title":"history of living in area of high temperature and humidity",
       "target":"p-hxexam_factor-key_1",
       "type":"flex0"},

      {
       "title":"susceptible skin characteristics",
       "target":"p-hxexam_factor-key_2",
       "type":"flex0"},

      {
       "title":"positive drug history",
       "target":"p-hxexam_factor-key_3",
       "type":"flex0"},

      {
       "title":"lack of pruritus or pain",
       "target":"p-hxexam_factor-key_4",
       "type":"flex0"},

      {
       "title":"dyspigmentation",
       "target":"p-hxexam_factor-key_5",
       "type":"flex0"},

      {
       "title":"macules or patches",
       "target":"p-hxexam_factor-key_6",
       "type":"flex0"},

      {
       "title":"seborrheic distribution",
       "target":"p-hxexam_factor-key_7",
       "type":"flex0"},

      {
       "title":"fine overlying scale",
       "target":"p-hxexam_factor-key_8",
       "type":"flex0"}      ]},

    {
     "dividerType":"divider0",
     "headers":
     [

      {
       "title":"Other Diagnostic Factors"},

      {
       "title":"uncommon",
       "type":"header1"}      ],
     "cells":
     [

      {
       "title":"yellow fluorescence under Wood lamp exam",
       "target":"p-hxexam_factor-other_9",
       "type":"flex0"}      ]}    ],
   "type":"table"},

  {
   "id":"p-test-t_0",
   "title":"microscopic exam with KOH preparation",
   "html":"<html><div class=\"cell\"><div class=\"cellBlock\"><div class=\"cellTitle\">Result</div><div class=\"cellBody\">short hyphae and budding yeast with spaghetti-and-meatballs appearance</div><div class=\"cellTitle\">Test Details</div><div class=\"cellBody\"><li>Undertaken in the doctor's office. Always confirm a diagnosis of PV by direct microscopic exam of scale from lesions with a KOH preparation. In preparing the specimen, obtain scale and debris from skin lesions by light scraping with a #15 surgical blade (no need to draw blood with the blade) or stripping off scale with tape or a cotton swab when patient cooperation (e.g., in young children) might make a sharp instrument unsafe. Specimen is placed on a glass slide and examined after application of 10% KOH solution, with or without Parker ink (which quickly stains the fungi blue) or chlorazol black (which quickly stains the fungi green).<a href=\"epoc://current?article=12\">[12]</a><a class=\"inlineImage\" href=\"epoc://current?view=p-images-i_6\">Image</a></li></div></div></div></html>",
   "type":"web"},

  {
   "id":"p-test-t_1",
   "title":"skin biopsy",
   "html":"<html><div class=\"cell\"><div class=\"cellBlock\"><div class=\"cellTitle\">Result</div><div class=\"cellBody\">abundant short hyphae and budding yeast forms within the stratum corneum</div><div class=\"cellTitle\">Test Details</div><div class=\"cellBody\"><li>Only required if hx or physical exam findings are atypical. In most cases, a KOH preparation is adequate for diagnosis. However, if adequate scale cannot be obtained or if the results are inconclusive, a skin biopsy can be obtained to confirm diagnosis and exclude other conditions with a similar presentation, especially pityriasis alba, seborrheic dermatitis, confluent and reticulate papillomatosis, and vitiligo.<a class=\"inlineImage\" href=\"epoc://current?view=p-images-i_7\">Image</a></li></div></div></div></html>",
   "type":"web"},

  {
   "id":"p-test-t_2",
   "title":"culture",
   "html":"<html><div class=\"cell\"><div class=\"cellBlock\"><div class=\"cellTitle\">Result</div><div class=\"cellBody\">white to cream-colored colonies 2 to 3 days after inoculation on modified Dixon or Leeming and Dixon media</div><div class=\"cellTitle\">Test Details</div><div class=\"cellBody\"><li>Identification by culture is difficult and not necessary for routine diagnosis of PV. Special media, other than typical Sabouraud mycologic media, is needed to grow and isolate the fungus.<a href=\"epoc://current?article=1\">[1]</a> </li></div></div></div></html>",
   "type":"web"},

  {
   "id":"p-test-t_3",
   "title":"Gram stain",
   "html":"<html><div class=\"cell\"><div class=\"cellBlock\"><div class=\"cellTitle\">Result</div><div class=\"cellBody\">purple-colored accentuation of the infected patches with gentian violet</div><div class=\"cellTitle\">Test Details</div><div class=\"cellBody\"><li>Gentian violet is applied directly to the affected skin as a diagnostic adjunct to distinguish PV from other scaly eruptions that can be associated with hyper- or hypopigmented macules and patches.<a href=\"epoc://current?article=30\">[30]</a> </li></div></div></div></html>",
   "type":"web"},

  {
   "id":"tests",
   "sections":
   [

    {
     "headerText":"Initial Tests",
     "cells":
     [

      {
       "target":"p-test-t_0",
       "title":"microscopic exam with KOH preparation",
       "type":"flex0"}      ]},

    {
     "headerText":"Other Tests to Consider",
     "cells":
     [

      {
       "target":"p-test-t_1",
       "title":"skin biopsy",
       "type":"flex0"},

      {
       "target":"p-test-t_2",
       "title":"culture",
       "type":"flex0"},

      {
       "target":"p-test-t_3",
       "title":"Gram stain",
       "type":"flex0"}      ]}    ],
   "type":"table"},

  {
   "id":"differentials",
   "sections":
   [

    {
     "cells":
     [

      {
       "title":"Vitiligo",
       "type":"flex0",
       "targetHTML":"<div class=\"cell\"><div class=\"cellBlock\"><div class=\"cellTitle\">Signs/Sx</div><div class=\"cellBody\"><ul><li>Primarily affects acral areas of the body such as the hands and feet, as well as the face. Depigmented, rather than hypopigmented, lesions with no associated scale.</li><li>Highlighting of depigmented areas with Wood lamp viewing but no fluorescence in lesions of vitiligo. In addition, vitiligo is usually distributed in a symmetric pattern, whereas the hypopigmented lesions of PV may or may not be symmetric.</li></ul></div><div class=\"cellTitle\">Tests</div><div class=\"cellBody\"><ul><li>Microscopy: negative with KOH preparation.</li><li>Skin biopsy demonstrating absent melanocytes in affected skin with no hyphae or spores within the stratum corneum.</li></ul></div><a href=\"epoc://dx/monograph/628\"><b class=\"view-dx-monograph\">View Dx Monograph</b></a></div></div>"},

      {
       "title":"Tinea corporis",
       "type":"flex0",
       "targetHTML":"<div class=\"cell\"><div class=\"cellBlock\"><div class=\"cellTitle\">Signs/Sx</div><div class=\"cellBody\"><ul><li>Inflammatory (red) annular plaques with leading-edge scale, central hypopigmentation, and folliculocentric pustules on any body surface.</li><li>Inflammatory lesions are often associated with pruritus.</li><li>No fluorescence with Wood lamp viewing.</li></ul></div><div class=\"cellTitle\">Tests</div><div class=\"cellBody\"><ul><li>Septate hyphae with no yeast on KOH preparation.</li><li>Dermatophyte fungus (usually Trichophyton rubrum) on Sabouraud mycologic media.</li><li>Skin biopsy demonstrates septate hyphae, with no yeast, in the stratum corneum, and frequently reveals an inflammatory infiltrate.</li></ul></div><a href=\"epoc://dx/monograph/119\"><b class=\"view-dx-monograph\">View Dx Monograph</b></a></div></div>"},

      {
       "title":"Seborrheic dermatitis",
       "type":"flex0",
       "targetHTML":"<div class=\"cell\"><div class=\"cellBlock\"><div class=\"cellTitle\">Signs/Sx</div><div class=\"cellBody\"><ul><li>Often associated with PV and occurs in similar distribution on the trunk, especially in men. However, seborrheic dermatitis is also often present on the scalp, face, ear canals, groin, and gluteal crease.</li><li>Erythema and pruritus common.</li><li>No associated pigmentary abnormalities.</li><li>No fluorescence on Wood lamp viewing. Seborrheic dermatitis can be seen in all age groups.</li></ul></div><div class=\"cellTitle\">Tests</div><div class=\"cellBody\"><ul><li>Microscopy: yeast may be present on KOH preparation. However, associated hyphal forms are absent.</li><li>Skin biopsy does not demonstrate the characteristic short hyphae and budding yeast of PV, and instead often reveals pronounced epidermal spongiosis, acanthosis, and an inflammatory infiltrate.</li></ul></div><a href=\"epoc://dx/monograph/89\"><b class=\"view-dx-monograph\">View Dx Monograph</b></a></div></div>"},

      {
       "title":"Pityriasis rosea",
       "type":"flex0",
       "targetHTML":"<div class=\"cell\"><div class=\"cellBlock\"><div class=\"cellTitle\">Signs/Sx</div><div class=\"cellBody\"><ul><li>Similar scale to PV but no associated hypopigmentation. Erythematous discrete macules, often pruritic, on the entire trunk with a Christmas tree pattern (individual lesions run parallel to the lines of skin cleavage). Begins with a solitary \"herald patch\" before abrupt onset of eruption and resolves over 3 to 8 weeks with no chronicity or recurrence.</li><li>No fluorescence with Wood lamp viewing.</li></ul></div><div class=\"cellTitle\">Tests</div><div class=\"cellBody\"><ul><li>Microscopy: negative with KOH preparation.</li><li>Skin biopsy does not demonstrate fungal forms and instead reveals epidermal acanthosis, spongiosis, mounding parakeratosis, and lymphocytic inflammation.</li></ul></div><a href=\"epoc://dx/monograph/279\"><b class=\"view-dx-monograph\">View Dx Monograph</b></a></div></div>"},

      {
       "title":"Pityriasis alba",
       "type":"flex0",
       "targetHTML":"<div class=\"cell\"><div class=\"cellBlock\"><div class=\"cellTitle\">Signs/Sx</div><div class=\"cellBody\"><ul><li>Frequently seen on the faces and arms of children with underlying atopic dermatitis.</li><li>No yellow fluorescence with Wood lamp viewing.</li></ul></div><div class=\"cellTitle\">Tests</div><div class=\"cellBody\"><ul><li>Microscopy: negative with KOH preparation.</li><li>Skin biopsy does not demonstrate fungal forms and instead reveals mild epidermal spongiosis, and hyper- and parakeratosis with absent to mild lymphocytic inflammation.</li></ul></div></div></div>"},

      {
       "title":"Erythrasma",
       "type":"flex0",
       "targetHTML":"<div class=\"cell\"><div class=\"cellBlock\"><div class=\"cellTitle\">Signs/Sx</div><div class=\"cellBody\"><ul><li>Sharply demarcated brown scaly patches localized to intertriginous areas of the axillae, genitocrural crease, and web spaces of the toes.</li><li>Wood lamp exam, the optimal diagnostic tool, demonstrates coral red fluorescence instead of the yellow seen in PV.</li></ul></div><div class=\"cellTitle\">Tests</div><div class=\"cellBody\"><ul><li>Microscopy: negative with KOH preparation.</li><li>Skin biopsy does not demonstrate fungal forms and instead reveals gram-positive coccobacilli (often appear filamentous on hematoxylin-eosin-, periodic acid-Schiff-, or Giemsa-stained sections) in the stratum corneum.</li></ul></div></div></div>"},

      {
       "title":"Confluent and reticulated papillomatosis of Gougerot and Carteaud",
       "type":"flex0",
       "targetHTML":"<div class=\"cell\"><div class=\"cellBlock\"><div class=\"cellTitle\">Signs/Sx</div><div class=\"cellBody\"><ul><li>Faintly erythematous to hyperpigmented, slightly scaly macules and patches in the intermammary and upper trunk similar to PV. However, no hypopigmentation. Confluent lesions on the central chest with reticulated peripheral borders.</li><li>No fluorescence with Wood lamp viewing.</li></ul></div><div class=\"cellTitle\">Tests</div><div class=\"cellBody\"><ul><li>Microscopy with KOH preparation often reveals budding yeast with no hyphae (no spaghetti-and-meatballs appearance).</li><li>Skin biopsy demonstrates mild hyperkeratosis and papillomatosis, limited to the valleys between elongated papillae. Yeast often present but no hyphae.</li></ul></div></div></div>"},

      {
       "title":"Melasma",
       "type":"flex0",
       "targetHTML":"<div class=\"cell\"><div class=\"cellBlock\"><div class=\"cellTitle\">Signs/Sx</div><div class=\"cellBody\"><ul><li>Hyperpigmented patches with no overlying scale on the face of young women.</li><li>No fluorescence with Wood lamp viewing.</li></ul></div><div class=\"cellTitle\">Tests</div><div class=\"cellBody\"><ul><li>Microscopy: negative with KOH preparation.</li><li>Skin biopsy rarely needed.</li></ul></div><a href=\"epoc://dx/monograph/627\"><b class=\"view-dx-monograph\">View Dx Monograph</b></a></div></div>"},

      {
       "title":"Secondary syphilis",
       "type":"flex0",
       "targetHTML":"<div class=\"cell\"><div class=\"cellBlock\"><div class=\"cellTitle\">Signs/Sx</div><div class=\"cellBody\"><ul><li>Variety of presentations. Often presents with sharply demarcated, erythematous papules with overlying scale on the trunk, face, groin, and extremities with characteristic involvement of palms and soles. Mucus membrane lesions and generalized lymphadenopathy often present.</li><li>Negative Wood lamp exam.</li></ul></div><div class=\"cellTitle\">Tests</div><div class=\"cellBody\"><ul><li>Microscopy: negative with KOH preparation.</li><li>Positive nontreponemal and treponemal serologic testing.</li><li>Skin biopsy demonstrates psoriasiform epidermal hyperplasia with a band-like and perivascular plasma cell-rich infiltrate. Spirochetes on silver-stained sections with no fungal forms on periodic acid-Schiff- or Grocott-Gomori methenamine silver-stained sections.</li></ul></div><a href=\"epoc://dx/monograph/50\"><b class=\"view-dx-monograph\">View Dx Monograph</b></a></div></div>"},

      {
       "title":"Pinta",
       "type":"flex0",
       "targetHTML":"<div class=\"cell\"><div class=\"cellBlock\"><div class=\"cellTitle\">Signs/Sx</div><div class=\"cellBody\"><ul><li>Eruption begins with erythematous plaque with satellite papules that eventually become hyperpigmented and heal with depigmented macules primarily on the face, waistline, wrist flexures, and trochanteric region.<a href=\"epoc://current?article=2\">[2]</a></li><li>Seen only in areas of the Brazilian rain forest.</li><li>Negative Wood lamp exam.</li></ul></div><div class=\"cellTitle\">Tests</div><div class=\"cellBody\"><ul><li>Microscopy: negative with KOH preparation.</li><li>Darkfield microscopy exam of lesions shows spirochetes.</li></ul></div></div></div>"},

      {
       "title":"Leprosy (lepromatous)",
       "type":"flex0",
       "targetHTML":"<div class=\"cell\"><div class=\"cellBlock\"><div class=\"cellTitle\">Signs/Sx</div><div class=\"cellBody\"><ul><li>Disseminated ill-defined hypopigmented macules and patches. Early lepromatous disease is often not associated with loss of sensation. However, with time a symmetric bilateral peripheral neuropathy will develop. Lesions may be infiltrated and will not have scale.<a href=\"epoc://current?article=31\">[31]</a></li><li>No fluorescence with Wood lamp viewing.</li></ul></div><div class=\"cellTitle\">Tests</div><div class=\"cellBody\"><ul><li>Microscopy: negative with KOH preparation.</li><li>Skin biopsy demonstrating granulomatous dermatitis with numerous mycobacterial organisms on Fite stained sections.</li></ul></div><a href=\"epoc://dx/monograph/923\"><b class=\"view-dx-monograph\">View Dx Monograph</b></a></div></div>"}      ]}    ],
   "type":"table"},

  {
   "id":"diag_approach",
   "title":"Pityriasis versicolor",
   "html":"<div class=\"cell\"><div class=\"cellBlock\"><div class=\"cellBody\"><P>Characteristic clinical appearance combined with laboratory confirmation by KOH preparation of scale from affected skin demonstrating short hyphae and spores is normally sufficient to diagnose PV.<a href=\"epoc://current?article=12\">[12]</a> </P></div><div class=\"cellTitle\">History</div><div class=\"cellBody\"><P>Although PV has been reported in infants, children, and older people, it is most common in adolescents and young adults, when sebaceous gland activity is maximal.<a href=\"epoc://current?article=12\">[12]</a> </P><P>Most patients are asymptomatic. However, pruritus does occur in some cases.<a href=\"epoc://current?article=12\">[12]</a> The typical complaint is cosmetic disfigurement as a result of pigmentary abnormalities associated with the disease.<a href=\"epoc://current?article=28\">[28]</a> </P><P>Patients commonly relate a relapsing/recurring history of disease, with active flares being most common during summer months and at times of increased temperature and humidity.<a href=\"epoc://current?article=12\">[12]</a> </P><P>The patient history may include a history of hyperhidrosis, family history of the disease, participation in athletics, use of oral contraceptives, use of occlusive ointments or creams, use of systemic corticosteroids, and immunosuppressive disorders including HIV disease. These are risk factors for the disease and should be determined.<a href=\"epoc://current?article=6\">[6]</a> </P></div><div class=\"cellTitle\">Physical exam</div><div class=\"cellBody\"><P>PV presents most commonly on the trunk, neck, and upper shoulders: the seborrheic areas of the trunk.<a href=\"epoc://current?article=12\">[12]</a> <a href=\"epoc://current?article=28\">[28]</a>Facial involvement is uncommon but has been described in children in tropical regions.<a href=\"epoc://current?article=3\">[3]</a> <a href=\"epoc://current?article=5\">[5]</a> Less-common sites of involvement include the scalp, legs, and groin, or within a radiotherapy field.<a href=\"epoc://current?article=1\">[1]</a> </P><P>Lesions are dyschromic, round to oval macules and confluent patches that vary in color from hypopigmented shades of white to hyperpigmented shades of pink, red, salmon, brown, or, rarely, black.<a href=\"epoc://current?article=3\">[3]</a> Although most patients present with a single color change, sometimes 2 colors are present, with areas of hyperpigmentation limited to areas covered by clothes and hypopigmented areas on uncovered skin that is tanned in the normal-pigmented areas.<a href=\"epoc://current?article=3\">[3]</a> Fine overlying (pityriasiform) scale is common in hyperpigmented lesions of PV but is less common in depigmented lesions.<a href=\"epoc://current?article=19\">[19]</a> </P><P>Examination of the skin with a Wood light (filtered UV light with a peak of 365 nanometers) can also aid in diagnosing the condition, especially to detect subclinical patches of PV. Lesions of PV may fluoresce a characteristic bright yellow or gold color under Wood lamp exam in a darkened room. However, Wood lamp exam is positive in only one third of cases, limiting the usefulness of the test.<a href=\"epoc://current?article=12\">[12]</a> This is most likely due most infections being secondary to nonfluorescent species of Malassezia, as only M furfur seems to produce the indole compounds that fluoresce under Wood light.<a href=\"epoc://current?article=3\">[3]</a> <a href=\"epoc://current?article=12\">[12]</a><a class=\"inlineImage\" href=\"epoc://current?view=p-images-i_3\">Image</a></P></div><div class=\"cellTitle\">Investigations</div><div class=\"cellBody\"><P>Always confirm a diagnosis of PV by direct microscopic exam of scale from lesions with a KOH preparation. In preparing the specimen, obtain scale and debris from skin lesions by light scraping with a #15 surgical blade or stripping off scale with tape. The specimen is then placed on a glass slide and examined after application of 10% KOH solution with or without Parker ink (which quickly stains the fungi blue) or chlorazol black (which quickly stains the fungi green). If the test is positive, examination should reveal fungal elements with a characteristic spaghetti-and-meatballs appearance indicating the presence of both yeast and short hyphae.<a href=\"epoc://current?article=12\">[12]</a> </P><P>In most cases, a KOH preparation is adequate to diagnose the condition. However, if adequate scale cannot be obtained or if the results are inconclusive, a skin biopsy can be obtained to confirm the diagnosis and exclude other conditions with a similar presentation, especially pityriasis alba, seborrheic dermatitis, confluent and reticulate papillomatosis, and vitiligo.</P><P>Gram staining may be used as a diagnostic adjunct, with gentian violet applied directly to the affected skin to distinguish PV from other scaly eruptions that can be associated with hyper- or hypopigmented macules and patches.<a href=\"epoc://current?article=30\">[30]</a> </P><P>Fungal culture is not necessary for diagnosis of PV and is difficult for most laboratories to perform, as special media are required.<a class=\"inlineImage\" href=\"epoc://current?view=p-images-i_4\">Image</a></P></div></div></div>",
   "type":"web"},

  {
   "id":"followup",
   "title":"Pityriasis versicolor",
   "html":"<div class=\"cell\"><div class=\"cellBlock\"><div class=\"cellTitle\">Prognosis</div><div class=\"cellBody\"><div class=\"cellBody\"><P>Spontaneous resolution of PV is uncommon, and the disease will persist for years if left untreated.<a href=\"epoc://current?article=13\">[13]</a> Fortunately, the treatment options for PV are safe and efficacious. However, even after successful treatment, patients and clinicians must remember that the pigmentary abnormalities associated with PV may take up to 6 weeks to resolve, and that this is not a sign of treatment failure.<a href=\"epoc://current?article=32\">[32]</a> Hypopigmented lesions, in particular, can take longer to resolve.<a href=\"epoc://current?article=19\">[19]</a> In addition, because the conversion of Malassezia yeasts to the pathologic mycelial form is thought to be due, in many cases, to endogenous host factors, recurrence is common in up to 60% of patients in the first year after treatment and up to 80% after 2 years.<a href=\"epoc://current?article=6\">[6]</a> <a href=\"epoc://current?article=33\">[33]</a> Because of this, clinicians should consider prophylactic treatment for patients who tend to have repeated episodes of disease.<a href=\"epoc://current?article=6\">[6]</a> </P></div></div><div class=\"cellTitle\">Monitoring</div><div class=\"cellBody\"><P>Although there are no formal guidelines on the long-term monitoring of patients with PV, it is a relatively asymptomatic condition with low morbidity that does not require close follow-up.</P></div><div class=\"cellTitle\">Patient Instructions</div><div class=\"cellBody\"><P>Patients must be informed of the length of time necessary for normal pigmentation to return after successful treatment (up to 6 weeks and sometimes longer in hypopigmented lesions). In addition, inform patients that PV has a high recurrence rate and may require prophylactic treatment to successfully manage. Encourage patients to return for a follow-up visit to discuss prophylactic therapy if their condition recurs.</P></div></div></div>",
   "type":"web"},

  {
   "id":"prevention",
   "title":"Pityriasis versicolor",
   "html":"<div class=\"cell\"><div class=\"cellBlock\"><div class=\"cellTitle\">Prevention</div><div class=\"cellBody\"><h4>Secondary Prevention</h4><P>Because of the high rate of recurrence, especially during the summer months and during seasonal sports, a safe and effective preventive prophylactic strategy is selenium sulfide applied to the skin on the first and third days of the month during times of the year when recurrence is common. There are also oral prophylactic therapies patients can discuss with their physician.</P></div></div></div>",
   "type":"web"},

  {
   "id":"complications",
   "sections":
   [

    {
     "headerText":"High Likelihood",
     "cells":
     [

      {
       "title":"dyschromia",
       "type":"flex0",
       "targetHTML":"<div class=\"cell\"><div class=\"cellBlock\"><div class=\"cellBody\"><P>As its name suggests, PV, by definition, is characterized by pigmentary abnormalities. After successful treatment of PV, patients can expect resolution of these changes. However, they must be reminded that, even after successful treatment, the pigmentary abnormalities associated with PV may take up to 6 weeks to resolve and are not a sign of treatment failure.<a href=\"epoc://current?article=32\">[32]</a> Hypopigmented lesions in particular can take longer to resolve.<a href=\"epoc://current?article=19\">[19]</a></P></div></div></div>"}      ]}    ],
   "type":"table"},

  {
   "id":"guidelines",
   "title":"Pityriasis versicolor",
   "html":"<div class=\"cell\"><div class=\"cellBlock\"><div class=\"cellTitle\">Treatment Guidelines</div><div class=\"cellBody\"><p><h4>Guidelines of care for superficial mycotic infections of the skin: Pityriasis (tinea) versicolor<a href=\"epoc://current?article=34\">[34]</a> </h4><p><a href=\"http://www.eblue.org/issues?issue_key=S0190-9622%2896%29X8001-0\">View Society Guidelines</a></p><p><small><b>Published by: </b>American Academy of Dermatology</small><br><small><b>Published: </b>1996</small></p><p><small><b>Summary</b><br><P>These guidelines provide recommendations for the topical treatment of pityriasis versicolor.</P></small></p></p><hr></div></div></div>",
   "type":"web"},

  {
   "id":"p-tx-c_0",
   "title":"ignoreme",
   "html":"<html><div class=\"cell\"><div class=\"cellBlock\"><div class=\"cellTitle\">Primary Options</div><div class=\"cellBody\"><UL class=\"tx-options\"><LI><span><A href=\"epoc://rx/monograph/6136\">pyrithione zinc topical</A>: (1%) children &gt;2 years of age and adults: apply to whole neck, trunk, arms, and legs once daily for 2 weeks<BR></span></LI><LI><span>propylene glycol topical: (50%) children and adults: apply to whole neck, trunk, arms, and legs twice daily for 2 weeks<BR></span></LI><LI><span><A href=\"epoc://rx/monograph/2635\">selenium sulfide topical</A>: (2.5%) children and adults: apply to whole neck, trunk, arms, and legs once daily for 1 week<BR></span></LI><LI><span><A href=\"epoc://rx/monograph/2758\">ciclopirox topical</A>: (0.77%) children &gt;10 years of age and adults: apply to whole neck, trunk, arms, and legs once daily for 4 weeks<BR></span></LI><LI><span><A href=\"epoc://rx/monograph/1033\">ketoconazole topical</A>: (2%) children and adults: apply to whole neck, trunk, arms, and legs once or twice daily for 2 weeks<BR></span></LI><LI><span><A href=\"epoc://rx/monograph/12\">clotrimazole topical</A>: (1%) children and adults: apply to whole neck, trunk, arms, and legs twice daily for 2 weeks<BR></span></LI><LI><span><A href=\"epoc://rx/monograph/3420\">miconazole topical</A>: (2%) children and adults: apply to whole neck, trunk, arms, and legs twice daily for 2 weeks<BR></span></LI><LI><span><A href=\"epoc://rx/monograph/852\">terbinafine topical</A>: (1%) children and adults: apply to whole neck, trunk, arms, and legs twice daily for 2 weeks<BR></span></LI><LI><span><A href=\"epoc://rx/monograph/296\">tretinoin topical</A>: children ≥12 years of age and adults (0.1%) apply to whole neck, trunk, arms, and legs once daily for 2 weeks<BR></span></LI><LI><span><A href=\"epoc://rx/monograph/1783\">adapalene topical</A>: children ≥12 years of age and adults (0.1%) apply to whole neck, trunk, arms, and legs once daily for 2 weeks<BR></span></LI></UL></div><div class=\"cellTitle\">Comments</div><div class=\"cellBody\"><ul><li>Preferred first-line therapy for all patients, especially children.<a href=\"epoc://current?article=34\">[34]</a> </li><li>Most topical therapies are generally equally effective, and selection is based on patient preference. Advise patients to treat the whole neck, trunk, arms, and legs down to the knees, even if only small areas are involved.<a href=\"epoc://current?article=24\">[24]</a> </li><li>Nonspecific topical therapies are older and relatively inexpensive. These agents include pyrithione zinc, propylene glycol, and selenium sulfide.<a href=\"epoc://current?article=1\">[1]</a> <a href=\"epoc://current?article=13\">[13]</a> Selenium sulfide may cause a stinging sensation after application and some patients complain about its odor.<a href=\"epoc://current?article=24\">[24]</a> In the US, pyrithione zinc is available OTC in several preparations, but propylene glycol has to be prepared by a compounding pharmacy.</li><li>Newer topical therapies include terbinafine, ciclopirox, and azole antifungals such as ketoconazole, clotrimazole, and miconazole.</li><li>Topical retinoids (e.g., tretinoin, adapalene) may also be used.<a href=\"epoc://current?article=37\">[37]</a> <a href=\"epoc://current?article=36\">[36]</a> </li><li>There is no benefit of one over another, other than appropriate selection of a base (i.e., for hair-bearing skin, lotions, shampoos, and solutions are better than cream-based products).</li></ul></div></div></div></html>",
   "type":"web"},

  {
   "id":"p-tx-c_1",
   "title":"ignoreme",
   "html":"<html><div class=\"cell\"><div class=\"cellBlock\"><div class=\"cellTitle\">Comments</div><div class=\"cellBody\"><ul><li>Especially in patients with hypopigmented PV, the resulting dyschromia can be long lasting, even after successful pathogen eradication. In patients with prominent hypopigmented PV, consider UV phototherapy after complete eradication of the fungus, as demonstrated by a KOH preparation. Repigmentation can be expected within 3 weeks after starting UV therapy such as UV-B 3 times weekly.<a href=\"epoc://current?article=49\">[49]</a> </li><li>UV-B is safe in children old enough to tolerate standing in the booth.</li></ul></div></div></div></html>",
   "type":"web"},

  {
   "id":"p-tx-c_2",
   "title":"ignoreme",
   "html":"<html><div class=\"cell\"><div class=\"cellBlock\"><div class=\"cellTitle\">Primary Options</div><div class=\"cellBody\"><UL class=\"tx-options\"><LI><span><A href=\"epoc://rx/monograph/634\">fluconazole</A>: children: 3-6 mg/kg orally once weekly for 2 weeks; adults: 400 mg orally as a single dose, or 200 mg once weekly for 2 weeks<BR></span></LI><LI><span><A href=\"epoc://rx/monograph/1252\">itraconazole</A>: adults: 400 mg orally once daily for 3 days, or 200 mg orally once daily for 7 days<BR></span></LI></UL></div><div class=\"cellTitle\">Secondary Options</div><div class=\"cellBody\"><UL class=\"tx-options\"><LI><span><A href=\"epoc://rx/monograph/241\">ketoconazole</A>: children &gt;2 years of age: consult specialist for guidance on dose; adults: 400 mg orally once weekly for 2 weeks<BR></span></LI></UL></div><div class=\"cellTitle\">Comments</div><div class=\"cellBody\"><ul><li>Primarily indicated for lesions that are extensive and resistant to topical therapy, and for patients who are immunosuppresed, experience frequent relapses, and have difficulty complying with topical therapies as they are more convenient and less time consuming to use.<a href=\"epoc://current?article=13\">[13]</a> </li><li>Used only for short time periods to minimize the risk of adverse effects.<a href=\"epoc://current?article=24\">[24]</a> </li><li>Systemic agents include fluconazole, itraconazole, or ketoconazole.<a href=\"epoc://current?article=6\">[6]</a> <a href=\"epoc://current?article=12\">[12]</a> <a href=\"epoc://current?article=13\">[13]</a> <a href=\"epoc://current?article=19\">[19]</a> <a href=\"epoc://current?article=40\">[40]</a> <a href=\"epoc://current?article=41\">[41]</a> Systemic azole antifungals differ little in efficacy.<a href=\"epoc://current?article=6\">[6]</a> However, the safety and efficacy of oral itraconazole has not been established in children. While studies have failed to consistently demonstrate the efficacy of a single dose of itraconazole in the treatment of PV, there is some evidence to suggest that a short course of itraconazole may be as effective as a multi-day course of treatment.<a href=\"epoc://current?article=40\">[40]</a> <a href=\"epoc://current?article=42\">[42]</a> <a href=\"epoc://current?article=43\">[43]</a> Ketoconazole may cause severe liver injury and adrenal insufficiency. In July 2013, the US Food and Drug Administration (FDA) recommended that oral ketoconazole should only be used for life-threatening fungal infections where alternative treatments are not available or tolerated, and when the potential benefits of treatment outweigh the risks. Its use is contraindicated in patients with liver disease. If used, monitor liver and adrenal function before and during treatment.<a href=\"epoc://current?article=44\">[44]</a> </li><li>Resistance to traditional systemic agents such as itraconazole and fluconazole has been described, which may necessitate higher doses and longer courses of these medications, or primary use of older topical treatments such as selenium sulfide and pyrithione zinc.<a href=\"epoc://current?article=45\">[45]</a> </li><li>Oral terbinafine and griseofulvin are ineffective in treating PV.<a href=\"epoc://current?article=6\">[6]</a> </li><li>As systemic azole antifungals are best absorbed in an acid environment, they should be taken with a carbonated beverage. To increase delivery of the medication to its site of action in the stratum corneum, patients can take it 45 minutes prior to working out to a sweat, and then waiting several hours before having a shower.</li></ul></div></div></div></html>",
   "type":"web"},

  {
   "id":"p-tx-c_3",
   "title":"ignoreme",
   "html":"<html><div class=\"cell\"><div class=\"cellBlock\"><div class=\"cellTitle\">Comments</div><div class=\"cellBody\"><ul><li>Especially in patients with hypopigmented PV, the resulting dyschromia can be long lasting, even after successful pathogen eradication. In patients with prominent hypopigmented PV, consider UV phototherapy after complete eradication of the fungus, as demonstrated by a KOH preparation. Repigmentation can be expected within 3 weeks after starting UV therapy such as UV-B 3 times weekly.<a href=\"epoc://current?article=49\">[49]</a> </li><li>UV-B is safe in children old enough to tolerate standing in the booth.</li></ul></div></div></div></html>",
   "type":"web"},

  {
   "id":"tx-0",
   "sections":
   [

    {
     "cells":
     [

      {
       "target":"p-tx-c_0",
       "title":"topical therapy",
       "flag":"1st",
       "type":"flex1"},

      {
       "target":"p-tx-c_1",
       "title":"UV light",
       "flag":"adj.",
       "type":"flex1"}      ]},

    {
     "cells":
     [

      {
       "target":"p-tx-c_2",
       "title":"systemic antifungal",
       "flag":"2nd",
       "type":"flex1"},

      {
       "target":"p-tx-c_3",
       "title":"UV light",
       "flag":"adj.",
       "type":"flex1"}      ]}    ],
   "type":"table"},

  {
   "id":"p-tx-c_4",
   "title":"ignoreme",
   "html":"<html><div class=\"cell\"><div class=\"cellBlock\"><div class=\"cellTitle\">Primary Options</div><div class=\"cellBody\"><UL class=\"tx-options\"><LI><span><A href=\"epoc://rx/monograph/6136\">pyrithione zinc topical</A>: (1%) adults: apply to whole neck, trunk, arms, and legs once daily for 2 weeks<BR></span></LI><LI><span>propylene glycol topical: (50%) adults: apply to whole neck, trunk, arms, and legs twice daily for 2 weeks<BR></span></LI></UL></div><div class=\"cellTitle\">Secondary Options</div><div class=\"cellBody\"><UL class=\"tx-options\"><LI><span><A href=\"epoc://rx/monograph/2758\">ciclopirox topical</A>: (0.77%) adults: apply to whole neck, trunk, arms, and legs once daily for 4 weeks<BR></span></LI><LI><span><A href=\"epoc://rx/monograph/852\">terbinafine topical</A>: (1%) children and adults: apply to whole neck, trunk, arms, and legs twice daily for 2 weeks<BR></span></LI></UL></div><div class=\"cellTitle\">Comments</div><div class=\"cellBody\"><ul><li>Most topical therapies are generally equally effective, and selection is based on patient preference. Advise patients to treat the whole neck, trunk, arms, and legs down to the knees, even if only small areas are involved.<a href=\"epoc://current?article=24\">[24]</a> </li><li>Nonspecific topical therapies are older and relatively inexpensive. Pyrithione zinc and propylene glycol have not been adequately tested in pregnant women. However, no teratogenicity or embryotoxicity has been observed in the offspring of laboratory animals treated with pyrithione zinc, and there have been no documented problems in humans.<a href=\"epoc://current?article=38\">[38]</a> <a href=\"epoc://current?article=39\">[39]</a> </li><li>There is inadequate data to support the use of terbinafine or ciclopirox in pregnant women; however, no teratogenicity or embryotoxicity has been observed in animal studies with either drug.</li><li>Selenium sulfide and the topical azole antifungals are generally not recommended in pregnancy. However, some clinicians still use selenium sulfide, topically during pregnancy.</li></ul></div></div></div></html>",
   "type":"web"},

  {
   "id":"p-tx-c_5",
   "title":"ignoreme",
   "html":"<html><div class=\"cell\"><div class=\"cellBlock\"><div class=\"cellTitle\">Comments</div><div class=\"cellBody\"><ul><li>Especially in patients with hypopigmented PV, the resulting dyschromia can be long lasting, even after successful pathogen eradication. In patients with prominent hypopigmented PV, consider UV phototherapy after complete eradication of the fungus, as demonstrated by a KOH preparation. Repigmentation can be expected within 3 weeks after starting UV therapy such as UV-B 3 times weekly.<a href=\"epoc://current?article=49\">[49]</a> UV-B is safe in pregnant women.</li></ul></div></div></div></html>",
   "type":"web"},

  {
   "id":"tx-4",
   "sections":
   [

    {
     "cells":
     [

      {
       "target":"p-tx-c_4",
       "title":"topical therapy",
       "flag":"1st",
       "type":"flex1"},

      {
       "target":"p-tx-c_5",
       "title":"UV light",
       "flag":"adj.",
       "type":"flex1"}      ]}    ],
   "type":"table"},

  {
   "id":"p-tx-c_7",
   "title":"ignoreme",
   "html":"<html><div class=\"cell\"><div class=\"cellBlock\"><div class=\"cellTitle\">Primary Options</div><div class=\"cellBody\"><UL class=\"tx-options\"><LI><span><A href=\"epoc://rx/monograph/2635\">selenium sulfide topical</A>: (2.5%) children and adults: apply to whole neck, trunk, arms, and legs on the first and third day of each month for 6 months<BR></span></LI></UL></div><div class=\"cellTitle\">Secondary Options</div><div class=\"cellBody\"><UL class=\"tx-options\"><LI><span><A href=\"epoc://rx/monograph/241\">ketoconazole</A>: children &gt;2 years of age: consult specialist for guidance on dose; adults: 400 mg orally once monthly for 6 months, or 200 mg once daily for 3 days at the beginning of each month for 6 months<BR></span></LI><LI><span><A href=\"epoc://rx/monograph/1252\">itraconazole</A>: adults: 400 mg orally once monthly for 6 months<BR></span></LI></UL></div><div class=\"cellTitle\">Comments</div><div class=\"cellBody\"><ul><li>In patients with recurrent disease, prophylactic treatment may be necessary after a successful treatment course.</li><li>First-line prophylactic treatment, especially in children, is selenium sulfide.<a href=\"epoc://current?article=1\">[1]</a> </li><li>If topical prophylactic therapy is ineffective, second-line therapies include pulse-dosed oral azole antifungals.<a href=\"epoc://current?article=46\">[46]</a> <a href=\"epoc://current?article=47\">[47]</a> <a href=\"epoc://current?article=48\">[48]</a> The safety and efficacy of oral itraconazole has not been established in children. Ketoconazole may cause severe liver injury and adrenal insufficiency. In July 2013, the US Food and Drug Administration (FDA) recommended that oral ketoconazole should only be used for life-threatening fungal infections where alternative treatments are not available or tolerated, and when the potential benefits of treatment outweigh the risks. Its use is contraindicated in patients with liver disease. If used, monitor liver and adrenal function before and during treatment.<a href=\"epoc://current?article=44\">[44]</a> </li><li>As systemic azole antifungals are best absorbed in an acid environment, they should be taken with a carbonated beverage.</li></ul></div></div></div></html>",
   "type":"web"},

  {
   "id":"tx-7",
   "sections":
   [

    {
     "cells":
     [

      {
       "target":"p-tx-c_7",
       "title":"prophylactic topical or systemic antifungal",
       "flag":"1st",
       "type":"flex1"}      ]}    ],
   "type":"table"},

  {
   "id":"p-tx-c_8",
   "title":"ignoreme",
   "html":"<html><div class=\"cell\"><div class=\"cellBlock\"><div class=\"cellTitle\">Primary Options</div><div class=\"cellBody\"><UL class=\"tx-options\"><LI><span><A href=\"epoc://rx/monograph/6136\">pyrithione zinc topical</A>: (1%) adults: apply to whole neck, trunk, arms and legs on the first and third day of each month for 6 months<BR></span></LI></UL></div><div class=\"cellTitle\">Comments</div><div class=\"cellBody\"><ul><li>In patients with recurrent disease, prophylactic treatment may be necessary after a successful treatment course. First-line prophylactic treatment in pregnant women is pyrithione zinc.</li></ul></div></div></div></html>",
   "type":"web"},

  {
   "id":"tx-8",
   "sections":
   [

    {
     "cells":
     [

      {
       "target":"p-tx-c_8",
       "title":"topical pyrithione zinc",
       "flag":"1st",
       "type":"flex1"}      ]}    ],
   "type":"table"},

  {
   "id":"p-images-i_1",
   "title":"Images",
   "type":"image",
   "image_refs":
   [
0,
1    ]},

  {
   "id":"p-images-i_2",
   "title":"Images",
   "type":"image",
   "image_refs":
   [
2,
3,
4    ]},

  {
   "id":"p-images-i_3",
   "title":"Images",
   "type":"image",
   "image_refs":
   [
0,
1,
5    ]},

  {
   "id":"p-images-i_4",
   "title":"Images",
   "type":"image",
   "image_refs":
   [
6    ]},

  {
   "id":"p-images-i_5",
   "title":"Images",
   "type":"image",
   "image_refs":
   [
4,
2    ]},

  {
   "id":"p-images-i_6",
   "title":"Images",
   "type":"image",
   "image_refs":
   [
6    ]},

  {
   "id":"p-images-i_7",
   "title":"Images",
   "type":"image",
   "image_refs":
   [
7    ]}  ],
 "citations":
 {
  "articles":
  [

   {
    "id":1,
    "key_article":true,
    "ref_article":true,
    "html":"Schwartz RA. Superficial fungal infections. Lancet. 2004 Sep 25-Oct 1;364(9440):1173-82.<a href=\"http://www.ncbi.nlm.nih.gov/pubmed/15451228\"> [Abstract]</a>"},

   {
    "id":2,
    "key_article":false,
    "ref_article":true,
    "html":"James WD, Berger TG, Elston DM. Andrews' diseases of the skin: clinical dermatology. 10th ed. Philadelphia, PA: Elsevier; 2006."},

   {
    "id":3,
    "key_article":false,
    "ref_article":true,
    "html":"Crespo-Erchiga V, Florencio VD. Malassezia yeasts and pityriasis versicolor. Curr Opin Infect Dis. 2006 Apr;19(2):139-47.<a href=\"http://www.ncbi.nlm.nih.gov/pubmed/16514338\"> [Abstract]</a>"},

   {
    "id":4,
    "key_article":false,
    "ref_article":true,
    "html":"Aljabre SH, Alzayir AA, Abdulghani M, et al. Pigmentary changes of tinea versicolor in dark-skinned patients. Int J Dermatol. 2001 Apr;40(4):273-5.<a href=\"http://www.ncbi.nlm.nih.gov/pubmed/11454084\"> [Abstract]</a>"},

   {
    "id":5,
    "key_article":false,
    "ref_article":true,
    "html":"Pontasch MJ, Kyanko ME, Brodell RT. Tinea versicolor of the face in black children in a temperate region. Cutis. 1989 Jan;43(1):81-4.<a href=\"http://www.ncbi.nlm.nih.gov/pubmed/2914467\"> [Abstract]</a>"},

   {
    "id":6,
    "key_article":true,
    "ref_article":true,
    "html":"Gupta AK, Bluhm R, Summerbell R. Pityriasis versicolor. J Eur Acad Dermatol Venereol. 2002 Jan;16(1):19-33.<a href=\"http://www.ncbi.nlm.nih.gov/pubmed/11952286\"> [Abstract]</a>"},

   {
    "id":7,
    "key_article":false,
    "ref_article":true,
    "html":"Faergemann J, Fredriksson T. Tinea versicolor with regard to seborrheic dermatitis: an epidemiological investigation. Arch Dermatol. 1979 Aug;115(8):966-8.<a href=\"http://www.ncbi.nlm.nih.gov/pubmed/157104\"> [Abstract]</a>"},

   {
    "id":8,
    "key_article":false,
    "ref_article":true,
    "html":"Odland GF, Kraning KK. Prevalence, morbidity, and cost of dermatological diseases (editorial). J Invest Dermatol. 1979;73(5):395-401.<a href=\"http://www.ncbi.nlm.nih.gov/pubmed/501137\"> [Abstract]</a><a href=\"http://www.jidonline.org/article/S0022-202X(15)45642-8/pdf\"> [Full Text]</a>"},

   {
    "id":9,
    "key_article":false,
    "ref_article":true,
    "html":"Wyre HW Jr, Johnson WT. Neonatal pityriasis versicolor. Arch Dermatol. 1981 Nov;117(11):752-3.<a href=\"http://www.ncbi.nlm.nih.gov/pubmed/7316542\"> [Abstract]</a>"},

   {
    "id":10,
    "key_article":false,
    "ref_article":true,
    "html":"Balestri R, Rech G, Piraccini BM, et al. Pityriasis versicolor during anti-TNF-alpha monoclonal antibody therapy: therapeutic considerations. Mycoses. 2012 Sep;55(5):444-6.<a href=\"http://www.ncbi.nlm.nih.gov/pubmed/22283428\"> [Abstract]</a>"},

   {
    "id":11,
    "key_article":false,
    "ref_article":true,
    "html":"Morishita N, Sei Y. Microreview of pityriasis versicolor and Malassezia species. Mycopathologia. 2006 Dec;162(6):373-6.<a href=\"http://www.ncbi.nlm.nih.gov/pubmed/17146580\"> [Abstract]</a>"},

   {
    "id":12,
    "key_article":true,
    "ref_article":true,
    "html":"Gupta AK, Batra R, Bluhm R, et al. Skin diseases associated with Malassezia species. J Am Acad Dermatol. 2004 Nov;51(5):785-98.<a href=\"http://www.ncbi.nlm.nih.gov/pubmed/15523360\"> [Abstract]</a>"},

   {
    "id":13,
    "key_article":false,
    "ref_article":true,
    "html":"Gupta AK, Kogan N, Batra R. Pityriasis versicolor: a review of pharmacological treatment options. Expert Opin Pharmacother. 2005 Feb;6(2):165-78.<a href=\"http://www.ncbi.nlm.nih.gov/pubmed/15757415\"> [Abstract]</a>"},

   {
    "id":14,
    "key_article":false,
    "ref_article":true,
    "html":"Conklin RJ. Common cutaneous disorders in athletes. Sports Med. 1990 Feb;9(2):100-19.<a href=\"http://www.ncbi.nlm.nih.gov/pubmed/2180022\"> [Abstract]</a>"},

   {
    "id":15,
    "key_article":false,
    "ref_article":true,
    "html":"Nazzaro-Porro M, Passi S. Identification of tyrosinase inhibitors in culture of Pityrosporum. J Invest Dermatol. 1978 Sep;71(3):205-8.<a href=\"http://www.ncbi.nlm.nih.gov/pubmed/99481\"> [Abstract]</a>"},

   {
    "id":16,
    "key_article":false,
    "ref_article":true,
    "html":"De Luca C, Picardo M, Breathnach A, et al. Lipoperoxidase activity of Pityrosporum: characterisation of by-products and possible role in pityriasis versicolor. Exp Dermatol. 1996 Feb;5(1):49-56.<a href=\"http://www.ncbi.nlm.nih.gov/pubmed/8624612\"> [Abstract]</a>"},

   {
    "id":17,
    "key_article":false,
    "ref_article":true,
    "html":"Karaoui R, Bou-Resli M, Alzaid NS, et al. Tinea versicolor: ultrastructural studies on hypopigmented and hyperpigmented skin. Dermatologica. 1981;162(2):69-85.<a href=\"http://www.ncbi.nlm.nih.gov/pubmed/7195831\"> [Abstract]</a>"},

   {
    "id":18,
    "key_article":false,
    "ref_article":true,
    "html":"Borgers M, Cauwenbergh G, Van De Ven M, et al. Pityriasis versicolor and Pityrosporum ovale: morphogenetic and ultrastructural considerations. Int J Dermatol. 1987 Nov;26(9):586-9.<a href=\"http://www.ncbi.nlm.nih.gov/pubmed/3443527\"> [Abstract]</a>"},

   {
    "id":19,
    "key_article":false,
    "ref_article":true,
    "html":"Thoma W, Kramer HJ, Mayser P. Pityriasis versicolor alba. J Eur Acad Dermatol Venereol. 2005 Mar;19(2):147-52.<a href=\"http://www.ncbi.nlm.nih.gov/pubmed/15752280\"> [Abstract]</a>"},

   {
    "id":20,
    "key_article":false,
    "ref_article":true,
    "html":"Allen HB, Charles CR, Johnson BL. Hyperpigmented tinea versicolor. Arch Dermatol. 1976 Aug;112(8):1110-2.<a href=\"http://www.ncbi.nlm.nih.gov/pubmed/952528\"> [Abstract]</a>"},

   {
    "id":21,
    "key_article":false,
    "ref_article":true,
    "html":"Galdari I, El Komy M, Mousa A, et al. Tinea versicolor: histologic and ultrastructural investigation of pigmentary changes. Int J Dermatol. 1992 Apr;31(4):253-6.<a href=\"http://www.ncbi.nlm.nih.gov/pubmed/1378819\"> [Abstract]</a>"},

   {
    "id":22,
    "key_article":false,
    "ref_article":true,
    "html":"Dotz WI, Henrickson DM, Yu GS, et al. Tinea versicolor: a light and electron microscopic study of hyerpigmented skin. J Am Acad Dermatol. 1985 Jan;12(1 Pt 1):37-44.<a href=\"http://www.ncbi.nlm.nih.gov/pubmed/3980802\"> [Abstract]</a>"},

   {
    "id":23,
    "key_article":false,
    "ref_article":true,
    "html":"Kamalam A, Thambiah AS, Bagavandas M, et al. Mycosis in India: study in Madras. Trans R Soc Trop Med Hyg. 1981;75(1):92-100.<a href=\"http://www.ncbi.nlm.nih.gov/pubmed/7268862\"> [Abstract]</a>"},

   {
    "id":24,
    "key_article":false,
    "ref_article":true,
    "html":"Faergemann J. Management of seborrheic dermatitis and pityriasis versicolor. Am J Clin Dermatol. 2000 Mar-Apr;1(2):75-80.<a href=\"http://www.ncbi.nlm.nih.gov/pubmed/11702314\"> [Abstract]</a>"},

   {
    "id":25,
    "key_article":false,
    "ref_article":true,
    "html":"Hafez M, el-Shamy S. Genetic susceptibility in pityriasis versicolor. Dermatologica. 1985;171(2):86-8.<a href=\"http://www.ncbi.nlm.nih.gov/pubmed/4043474\"> [Abstract]</a>"},

   {
    "id":26,
    "key_article":false,
    "ref_article":true,
    "html":"He SM, Du WD, Yang S, et al. The genetic epidemiology of tinea versicolor in China. Mycoses. 2008 Jan;51(1):55-62.<a href=\"http://www.ncbi.nlm.nih.gov/pubmed/18076596\"> [Abstract]</a><a href=\"http://onlinelibrary.wiley.com/doi/10.1111/j.1439-0507.2007.01437.x/full\"> [Full Text]</a>"},

   {
    "id":27,
    "key_article":false,
    "ref_article":true,
    "html":"Stein DH. Superficial fungal infections. Pediatr Clin North Am. 1983 Jun;30(3):545-61.<a href=\"http://www.ncbi.nlm.nih.gov/pubmed/6224129\"> [Abstract]</a>"},

   {
    "id":28,
    "key_article":false,
    "ref_article":true,
    "html":"Borelli D, Jacobs PH, Nall L. Tinea versicolor: epidemiologic, clinical, and therapeutic aspects. J Am Acad Dermatol. 1991 Aug;25(2 Pt 1):300-5.<a href=\"http://www.ncbi.nlm.nih.gov/pubmed/1918469\"> [Abstract]</a>"},

   {
    "id":29,
    "key_article":false,
    "ref_article":true,
    "html":"Lohoue Petmy J, Lando AJ, Kaptue L, et al. Superficial mycoses and HIV infection in Yaounde. J Eur Acad Dermatol Venereol. 2004 May;18(3):301-4.<a href=\"http://www.ncbi.nlm.nih.gov/pubmed/15096139\"> [Abstract]</a>"},

   {
    "id":30,
    "key_article":false,
    "ref_article":true,
    "html":"Spence-Shishido A, Carr C, Bonner MY, et al. In vivo Gram staining of tinea versicolor. JAMA Dermatol. 2013 Aug;149(8):991-2.<a href=\"http://www.ncbi.nlm.nih.gov/pubmed/23677514\"> [Abstract]</a>"},

   {
    "id":31,
    "key_article":false,
    "ref_article":true,
    "html":"Yang S, Makredes M, O'Donnell P, et al. A case of Hansen Disease presenting as tinea versicolor. Dermatol Online J. 2013 Apr 15;19(4):7.<a href=\"http://www.ncbi.nlm.nih.gov/pubmed/24021367\"> [Abstract]</a><a href=\"http://escholarship.org/uc/item/65h88318\"> [Full Text]</a>"},

   {
    "id":32,
    "key_article":false,
    "ref_article":true,
    "html":"El-Gothamy Z, Abdel-Fattah A, Ghaly AF. Tinea versicolor hypopigmentation: histochemical and therapeutic studies. Int J Dermatol. 1975 Sep;14(7):510-5.<a href=\"http://www.ncbi.nlm.nih.gov/pubmed/1099036\"> [Abstract]</a>"},

   {
    "id":33,
    "key_article":false,
    "ref_article":true,
    "html":"Faergemann J. Pityrosporum species as a cause of allergy and infection. Allergy. 1999 May;54(5):413-9.<a href=\"http://www.ncbi.nlm.nih.gov/pubmed/10380771\"> [Abstract]</a><a href=\"http://onlinelibrary.wiley.com/doi/10.1034/j.1398-9995.1999.00089.x/full\"> [Full Text]</a>"},

   {
    "id":34,
    "key_article":true,
    "ref_article":true,
    "html":"Drake LA, Dinehart SM, Farmer ER, et al. Guidelines of care for superficial mycotic infections of the skin: pityriasis (tinea) versicolor. Guidelines/Outcomes Committee. American Academy of Dermatology. J Am Acad Dermatol. 1996 Feb;34(2 Pt 1):287-9.<a href=\"http://www.ncbi.nlm.nih.gov/pubmed/8642095\"> [Abstract]</a>"},

   {
    "id":35,
    "key_article":false,
    "ref_article":true,
    "html":"Croxtall JD, Plosker GL. Sertaconazole: a review of its use in the management of superficial mycoses in dermatology and gynaecology. Drugs. 2009;69(3):339-59.<a href=\"http://www.ncbi.nlm.nih.gov/pubmed/19275277\"> [Abstract]</a>"},

   {
    "id":36,
    "key_article":false,
    "ref_article":true,
    "html":"Mills OH Jr, Kligman AM. Letter: Tretinoin in tinea versicolor. Arch Dermatol. 1974 Oct;110(4):638.<a href=\"http://www.ncbi.nlm.nih.gov/pubmed/4414455\"> [Abstract]</a>"},

   {
    "id":37,
    "key_article":false,
    "ref_article":true,
    "html":"Shi TW, Ren XK, Yu HX, et al. Roles of adapalene in the treatment of pityriasis versicolor. Dermatology. 2012;224(2):184-8.<a href=\"http://www.ncbi.nlm.nih.gov/pubmed/22572567\"> [Abstract]</a>"},

   {
    "id":38,
    "key_article":false,
    "ref_article":true,
    "html":"Wedig JH, Kennedy GL Jr, Jenkins DH, et al. Teratologic evaluation of dermally applied zinc pyrithione on swine. Toxicol Appl Pharmacol. 1976 May;36(2):255-9.<a href=\"http://www.ncbi.nlm.nih.gov/pubmed/1273846\"> [Abstract]</a>"},

   {
    "id":39,
    "key_article":false,
    "ref_article":true,
    "html":"Nolen GA, Patrick LF, Dierckman TA. A percutaneous teratology study of zinc pyrithione in rabbits. Toxicol Appl Pharmacol. 1975 Mar;31(3):430-3.<a href=\"http://www.ncbi.nlm.nih.gov/pubmed/1145628\"> [Abstract]</a>"},

   {
    "id":40,
    "key_article":false,
    "ref_article":true,
    "html":"Kokturk A, Kaya TI, Ikizoglu G, et al. Efficacy of three short-term regimens of itraconazole in the treatment of pityriasis versicolor. J Dermatolog Treat. 2002 Dec;13(4):185-7.<a href=\"http://www.ncbi.nlm.nih.gov/pubmed/19753739\"> [Abstract]</a>"},

   {
    "id":41,
    "key_article":false,
    "ref_article":true,
    "html":"Gupta AK, Lane D, Paquet M. Systematic review of systemic treatments for tinea versicolor and evidence-based dosing regimen recommendations. J Cutan Med Surg. 2014 Mar-Apr;18(2):79-90.<a href=\"http://www.ncbi.nlm.nih.gov/pubmed/24636433\"> [Abstract]</a>"},

   {
    "id":42,
    "key_article":false,
    "ref_article":true,
    "html":"Köse O, Bülent Taştan H, Riza Gür A, et al. Comparison of a single 400 mg dose versus a 7-day 200 mg daily dose of itraconazole in the treatment of tinea versicolor. J Dermatolog Treat. 2002 Jun;13(2):77-9.<a href=\"http://www.ncbi.nlm.nih.gov/pubmed/12060506\"> [Abstract]</a>"},

   {
    "id":43,
    "key_article":false,
    "ref_article":true,
    "html":"Wahab MA, Ali ME, Rahman MH, et al. Single dose (400 mg) versus 7 day (200 mg) daily dose itraconazole in the treatment of tinea versicolor: a randomized clinical trial. Mymensingh Med J. 2010 Jan;19(1):72-6.<a href=\"http://www.ncbi.nlm.nih.gov/pubmed/20046175\"> [Abstract]</a>"},

   {
    "id":44,
    "key_article":false,
    "ref_article":true,
    "html":"US Food and Drug Administration. FDA drug safety communication: FDA limits usage of Nizoral (ketoconazole) oral tablets due to potentially fatal liver injury and risk of drug interactions and adrenal gland problems. May 2016 [internet publication].<a href=\"http://www.fda.gov/Drugs/DrugSafety/ucm362415.htm\"> [Full Text]</a>"},

   {
    "id":45,
    "key_article":false,
    "ref_article":true,
    "html":"Helou J, Obeid G, Moutran R, et al. Pityriasis versicolor: a case of resistance to treatment. Int J Dermatol. 2014 Feb;53(2):e114-6.<a href=\"http://www.ncbi.nlm.nih.gov/pubmed/23432729\"> [Abstract]</a>"},

   {
    "id":46,
    "key_article":false,
    "ref_article":true,
    "html":"Faergemann J, Djarv L. Tinea versicolor: treatment and prophylaxis with ketoconazole. Cutis. 1982 Oct;30(4):542-5;550.<a href=\"http://www.ncbi.nlm.nih.gov/pubmed/6291861\"> [Abstract]</a>"},

   {
    "id":47,
    "key_article":false,
    "ref_article":true,
    "html":"Rausch LJ, Jacobs PH. Tinea versicolor: treatment and prophylaxis with monthly administration of ketoconazole. Cutis. 1984 Nov;34(5):470-1.<a href=\"http://www.ncbi.nlm.nih.gov/pubmed/6094116\"> [Abstract]</a>"},

   {
    "id":48,
    "key_article":false,
    "ref_article":true,
    "html":"Faergemann J, Gupta AK, Al Mofadi A, et al. Efficacy of itraconazole in the prophylactic treatment of pityriasis (tinea) versicolor. Arch Dermatol. 2002 Jan;138(1):69-73.<a href=\"http://www.ncbi.nlm.nih.gov/pubmed/11790169\"> [Abstract]</a><a href=\"http://archderm.ama-assn.org/cgi/content/full/138/1/69\"> [Full Text]</a>"},

   {
    "id":49,
    "key_article":false,
    "ref_article":true,
    "html":"Jung EG, Bohnert E. Mechanism of depigmentation on pityriasis versicolor alba. Arch Dermatol Res. 1976 Oct 27;256(3):333-4.<a href=\"http://www.ncbi.nlm.nih.gov/pubmed/825051\"> [Abstract]</a>"},

   {
    "id":50,
    "key_article":false,
    "ref_article":true,
    "html":"Rubin AI, Bagheri B, Scher RK. Six novel antimycotics. Am J Clin Dermatol. 2002;3(2):71-81.<a href=\"http://www.ncbi.nlm.nih.gov/pubmed/11893219\"> [Abstract]</a>"},

   {
    "id":51,
    "key_article":false,
    "ref_article":true,
    "html":"Faergemann J, Todd G, Pather S, et al. A double-blind, randomized, placebo-controlled, dose-finding study of oral pramiconazole in the treatment of pityriasis versicolor. J Am Acad Dermatol. 2009 Dec;61(6):971-6.<a href=\"http://www.ncbi.nlm.nih.gov/pubmed/19828211\"> [Abstract]</a>"}   ]},
 "media":
 [

  {
   "file":"861-1-hlight.jpg",
   "thumb":"861-1-hlight-tn.jpg",
   "caption":"Pityriasis versicolor in a light-skinned person",
   "hilight":"true",
   "iline":"false",
   "auth":"false",
   "source":"From the collection of Brian L. Swick, MD"},

  {
   "file":"861-3.jpg",
   "thumb":"861-3-tn.jpg",
   "caption":"Pityriasis versicolor in a dark-skinned person",
   "hilight":"false",
   "iline":"false",
   "auth":"false",
   "source":"From the collection of Brian L. Swick, MD"},

  {
   "file":"861-7.jpg",
   "thumb":"861-7-tn.jpg",
   "caption":"Hypopigmented pityriasis versicolor",
   "hilight":"false",
   "iline":"false",
   "auth":"false",
   "source":"From the collection of Brian L. Swick, MD"},

  {
   "file":"861-2.jpg",
   "thumb":"861-2-tn.jpg",
   "caption":"Pityriasis versicolor in a light-skinned person",
   "hilight":"false",
   "iline":"false",
   "auth":"false",
   "source":"From the collection of Brian L. Swick, MD"},

  {
   "file":"861-4.jpg",
   "thumb":"861-4-tn.jpg",
   "caption":"Hyperpigmented pityriasis versicolor",
   "hilight":"false",
   "iline":"false",
   "auth":"false",
   "source":"From the collection of Brian L. Swick, MD"},

  {
   "file":"861-5.jpg",
   "thumb":"861-5-tn.jpg",
   "caption":"Hyperpigmented pityriasis versicolor",
   "hilight":"false",
   "iline":"false",
   "auth":"false",
   "source":"From the collection of Brian L. Swick, MD"},

  {
   "file":"861-6.jpg",
   "thumb":"861-6-tn.jpg",
   "caption":"KOH and chlorazol black preparation showing short hyphae and spores",
   "hilight":"false",
   "iline":"false",
   "auth":"false",
   "source":"From the collection of Brian L. Swick, MD"},

  {
   "file":"861-8.jpg",
   "thumb":"861-8-tn.jpg",
   "caption":"Skin biopsy showing short hyphae and yeast",
   "hilight":"false",
   "iline":"false",
   "auth":"false",
   "source":"From the collection of Brian L. Swick, MD"}  ]}