
{
 "id":933,
 "title":"Acute tubular necrosis",
 "views":
 [

  {
   "id":"root",
   "type":"table",
   "sections":
   [

    {
     "cells":
     [

      {
       "target":"highlights",
       "title":"Highlights & Basics",
       "type":"flex0"}      ]},

    {
     "cells":
     [

      {
       "target":"tx_options",
       "title":"Treatment Options",
       "type":"flex0"},

      {
       "target":"tx_emerging",
       "title":"Emerging Treatments",
       "type":"flex0"},

      {
       "target":"tx_approach",
       "title":"Treatment Approach",
       "type":"flex0"},

      {
       "target":"hxexam",
       "title":"History & Exam",
       "type":"flex0"},

      {
       "target":"tests",
       "title":"Tests",
       "type":"flex0"},

      {
       "target":"differentials",
       "title":"Differential Diagnosis",
       "type":"flex0"},

      {
       "target":"diag_approach",
       "title":"Diagnostic Approach",
       "type":"flex0"},

      {
       "target":"followup",
       "title":"Follow-up",
       "type":"flex0"},

      {
       "target":"prevention",
       "title":"Prevention",
       "type":"flex0"},

      {
       "target":"complications",
       "title":"Complications",
       "type":"flex0"},

      {
       "target":"guidelines",
       "title":"Society Guidelines",
       "type":"flex0"}      ]}    ]},

  {
   "id":"highlights",
   "title":"Acute tubular necrosis",
   "html":"<div class=\"cell\"><div class=\"cellBlock\"><div class=\"cellTitle\">Key Highlights</div><div class=\"cellBody\"><ul><li>An intrinsic acute kidney injury caused by ischemic or nephrotoxic injury to renal tubular epithelial cells, which results in tubular dysfunction or detachment from the basement membrane.</li><li>A history of hypotension, fluid depletion, or exposure to nephrotoxic agents is usually present.</li><li>In otherwise healthy individuals, when the underlying insult is corrected, the patient frequently has a good outcome with complete renal recovery.</li><li>There is no specific therapy for acute tubular necrosis apart from supportive care.</li></ul></div><div class=\"cellTitle\">Definition</div><div class=\"cellBody\"><P>Acute kidney injury (AKI) is a common syndrome with a wide variety of etiologies and pathophysiologic processes, characterized by a rapid decrease in renal excretory function over a period of minutes to days.<a href=\"epoc://current?article=1\">[1]</a> <a href=\"epoc://current?article=2\">[2]</a> According to the Kidney Disease: Improving Global Outcomes (KDIGO) guidelines, AKI severity is classified into three stages depending on the serum creatinine level or the extent of oliguria.<a href=\"epoc://current?article=3\">[3]</a> </P><P>Acute tubular necrosis (ATN) is an intrinsic AKI that follows a condition of severe and persistent hypoperfusion or toxic injury of epithelial cells causing detachment of the basement membrane and tubular dysfunction.<a href=\"epoc://current?article=4\">[4]</a> </P></div><div class=\"cellTitle\">Classification</div><div class=\"cellBody\"><h3>Types of ATN<a href=\"epoc://current?article=5\">[5]</a> </h3><P>Ischemic:</P><ul><li>Caused by systemic or renal hypoperfusion.</li></ul><P>Nephrotoxic:</P><ul><li>Caused by drugs, poisons, radiocontrast media, or endotoxins.</li></ul></div><div class=\"cellTitle\">Epidemiology</div><div class=\"cellBody\"><P>The exact incidence of ATN has not been established primarily because of the difference in definition and characteristics of assessed patients. For example, the terms acute kidney injury (AKI) and ATN are often mistakenly interchanged.<a href=\"epoc://current?article=5\">[5]</a> Nevertheless, ATN has been estimated to account for 76% of AKI cases in critical care units.<a href=\"epoc://current?article=5\">[5]</a> </P><P>AKI is a common diagnosis. It may be overestimated in cases of unrecognized chronic kidney disease, or underestimated in patients with subclinical manifestations.<a href=\"epoc://current?article=6\">[6]</a> The incidence of AKI is also highly variable due to the different definitions developed over the past decade. It has been estimated to affect 2-3 people per 1000 individuals in the US, affecting older individuals in a greater proportion.<a href=\"epoc://current?article=1\">[1]</a> <a href=\"epoc://current?article=7\">[7]</a> The rate of AKI in 2011 among US Medicare patients ages 66 to 69 years was 14.9 per 1000 individuals, increasing to 18.8 per 1000 individuals in patients ages 70 to 74 years and 35.9 per 1000 in individuals ≥85 years.<a href=\"epoc://current?article=1\">[1]</a> <a href=\"epoc://current?article=8\">[8]</a> In the UK, the incidence has been described as high as 15 in 1000 adults per year.<a href=\"epoc://current?article=1\">[1]</a> <a href=\"epoc://current?article=9\">[9]</a> </P></div><div class=\"cellTitle\">Etiology</div><div class=\"cellBody\"><P>Often complex, with more than one mechanism at play. Most common causes can be grouped as follows:<a href=\"epoc://current?article=5\">[5]</a> <a href=\"epoc://current?article=10\">[10]</a> </P><P>Ischemia</P><ul><li>Systemic hypoperfusion: caused by dehydration (e.g., severe diarrhea and vomiting), bleeding, extensive burns, trauma, cardiac surgery, overwhelming sepsis, or major surgery.</li><li>Local hypoperfusion: caused by cold ischemia during renal transplantation, renal surgery, renal artery thrombosis, cardiac surgery, or aortic dissection.</li><li>The sensitivity of individual patients to a decrease in renal perfusion is variable. For example, some patients suffer from ATN after a few minutes of hypoperfusion while others tolerate several hours of ischemia without structural damage to the kidney.</li></ul><P>Exogenous toxins</P><ul><li>Many drugs and poisons can cause ATN. In general, nephrotoxins cause renal injury by inducing a varying combination of intrarenal vasoconstriction, direct tubular toxicity, and/or tubular obstruction. Examples include: aminoglycosides, amphotericin-B, poisons (e.g., ethylene glycol), chemotherapeutic agents (e.g., cisplatin), nonsteroidal anti-inflammatory drugs, radiocontrast media, or bacterial toxins.</li><li>The nephrotoxic potential of most agents is dramatically increased in the presence of borderline or overt ischemia, sepsis, or other renal insults.</li></ul><P>Endogenous toxins:</P><ul><li>These include increased heme (from myoglobin release as in rhabdomyolysis, or increased hemoglobin release as in hemolysis), increased uric acid (e.g., gout, lysis syndrome), or increased light chain proteins (e.g., myeloma kidney).</li></ul></div><div class=\"cellTitle\">Authors / Peer Reviewers</div><div class=\"cellBody\"><ul><li>Maria Jesus Lloret Cora, MD, MSc</li><li>Leonor Fayos de Arizon, MD</li><li>Ajay Kumar, MD, FACP</li><li>Irfan Moinuddin, MD</li><li>Robert Tompkins, MD</li></ul></div><br><b class=\"last-updated display-none\">Last Updated: 2020-11-26</b><div style=\"display: none\" class=\"last-updated\"><div class=\"last-updated-label\">Last Updated</div><div class=\"last-updated-date\">2020-11-26</div></div></div></div>",
   "type":"web"},

  {
   "id":"p-p_tx-c_0",
   "sections":
   [

    {
     "type":"table",
     "cells":
     [

      {
       "target":"tx-1",
       "title":"with severe acidosis or volume overload refractory to diuretics or hyperkalemia or uremia",
       "type":"flex0"},

      {
       "target":"tx-0",
       "title":"not otherwise specified",
       "type":"flex0"}      ]}    ],
   "type":"table"},

  {
   "id":"tx_options",
   "sections":
   [

    {
     "headerText":"Acute",
     "cells":
     [

      {
       "target":"p-p_tx-c_0",
       "title":"acute tubular necrosis (ATN)",
       "type":"flex0"}      ]}    ],
   "type":"table"},

  {
   "id":"tx_emerging",
   "title":"Acute tubular necrosis",
   "html":"<div class=\"cell\"><div class=\"cellBlock\"><div class=\"cellTitle\">Novel therapeutic agents</div><div class=\"cellBody\">Although several drugs have been tested in animal models of ATN, none of them have demonstrated efficacy in humans and there are no Food and Drug Administration (FDA)-approved therapies for acute kidney injury (AKI). New therapeutic targets are being developed for future treatments.<a href=\"epoc://current?article=53\">[53]</a> Apoptosis inhibitors have been identified as a potential target, driven by the pathophysiology of the renal ischemic processes. p53 is a protein that plays a fundamental role in cellular apoptosis. Its activation is an important pathogenic mechanism for kidney injury in renal ischemia-reperfusion. Knockout of p53 from proximal tubules, but not other tubule segments, has been shown to protect against ischemic AKI.<a href=\"epoc://current?article=54\">[54]</a> Studies are also investigating the use of repair agents, such as hepatocyte growth factor (HGF), which promotes cell proliferation, survival regeneration, and injury repair. Studies have shown that HGF improves renal hemodynamic recovery after ischemia-reperfusion.<a href=\"epoc://current?article=55\">[55]</a> Other targets currently being evaluated include antioxidants (e.g., propofol) or hemodynamic modulators such as angiotensin II or levosimendan after cardiac surgery. Atrial natriuretic peptide, growth factors, pentoxifylline, and cilastatin are also emerging treatments that require further research.</div></div></div>",
   "type":"web"},

  {
   "id":"tx_approach",
   "title":"Acute tubular necrosis",
   "html":"<div class=\"cell\"><div class=\"cellBlock\"><div class=\"cellBody\"><P>Early consultation with a nephrologist or an intensive care specialist improves the outcome of patients with ATN. The goals of management are avoidance of further kidney damage, treatment of underlying conditions, and aggressive treatment of complications. General issues include intervention in electrolyte and acid-base abnormalities and optimization of volume status by replacing fluids. Dose adjustment of medications is required in all cases along with removal or minimization of potential nephrotoxins.</P></div><div class=\"cellTitle\">General treatment</div><div class=\"cellBody\"><P>There is no specific therapy for ATN apart from supportive care (i.e., maintaining volume status and controlling electrolyte and acid-base abnormalities).<a href=\"epoc://current?article=5\">[5]</a> Adequate maintenance of hemodynamics and renal perfusion is the cornerstone of care. The use of vasopressors in conjunction with ﬂuids in patients with vasomotor shock with, or at risk for, acute kidney injury (AKI) is recommended by the Kidney Disease: Improving Global Outcomes (KDIGO) guidelines.<a href=\"epoc://current?article=3\">[3]</a> </P><P>Vasopressors are used under specialist guidance. Nephrotoxins (e.g., nonsteroidal anti-inflammatory drugs, aminoglycosides, amphotericin-B, chemotherapeutic agents such as cisplatin, radiocontrast media) should preferably be ceased or, if this is not possible, dose should be decreased.</P><P>Dopamine, a selective renal vasodilator, has been used to increase urine output but does not alter the course of ATN. Moreover, it may be risky in critically ill patients.<a href=\"epoc://current?article=5\">[5]</a> </P></div><div class=\"cellTitle\">Volume replacement</div><div class=\"cellBody\"><P>The underlying cause of volume contraction or blood loss needs to be treated along with restoring euvolemia and hemodynamic stability. Crystalloid (normal saline or lactated Ringer) is sufficient in most cases for volume expansion. In the absence of hemorrhagic shock, the KDIGO guidelines suggest using isotonic crystalloids rather than colloids (albumin or starches) as initial management for expansion of intravascular volume in patients at risk for AKI or with AKI.<a href=\"epoc://current?article=3\">[3]</a> Nevertheless, there is controversy and contradictory information in the literature when comparing balanced crystalloids versus normal isotonic saline in the critical care patient.<a href=\"epoc://current?article=40\">[40]</a> Normal isotonic saline has been associated with an increased risk of AKI and hyperchloremic metabolic acidosis. Some of the balanced solutions are considered hypotonic given the lower sodium concentration compared with plasma and could be associated with metabolic alkalosis, hyperlactemia, and hypotonicity.<a href=\"epoc://current?article=41\">[41]</a> A recent meta-analysis concludes that there are no significant differences between balanced crystalloids and isotonic saline in the incidence of in-hospital mortality, AKI, intensive care unit (ICU) mortality, or renal replacement therapy (RRT) in critically ill patients.<a href=\"epoc://current?article=42\">[42]</a> However, patients with AKI are especially at risk of fluid overload and this can contribute to the persistence of AKI. Therefore, in critically ill patients, it is important to take into account strategies like goal-directed therapies (GDT) to guide fluid therapy based on hemodynamic targets, which can protect against spare unwarranted fluid therapy.<a href=\"epoc://current?article=43\">[43]</a> </P></div><div class=\"cellTitle\">Contrast-induced AKI</div><div class=\"cellBody\"><P>Volume expansion with normal saline has been demonstrated to be beneficial in reducing the risk of contrast-induced nephropathy in patients at risk for contrast-induced AKI.<a href=\"epoc://current?article=44\">[44]</a> Target doses of normal saline at 1 mL/kg/hour have been demonstrated to have benefit.<a href=\"epoc://current?article=45\">[45]</a> Most studies suggest starting fluid therapy at least 1 hour before contrast and maintaining for 3-6 hours after. It is important to maintain a good diuretic rate &gt;150 mL/hour after the procedure in order to achieve a euvolemic diuresis. Current guidelines from the American College of Radiology recommend administration of 100 mL/hour intravenous isotonic saline for 6 to 12 hours before and 4 to 12 hours after radiocontrast exposure.<a href=\"epoc://current?article=23\">[23]</a> The European Society of Cardiology guidelines on myocardial revascularization recommend intravenous isotonic saline 1-1.5 mL/kg/hour for 12 hours before and up to 24 hours after the procedure.<a href=\"epoc://current?article=24\">[24]</a> For outpatient or urgent procedures, administration of isotonic saline 1 to 3 hours before and 6 hours after could be beneficial.</P><P>The lowest possible dose of contrast medium should be used in patients at risk for contrast-induced AKI. The KDIGO guidelines recommend using either iso-osmolar or low-osmolar iodinated contrast media, rather than high-osmolar iodinated contrast media, in patients at increased risk of contrast-induced AKI.<a href=\"epoc://current?article=3\">[3]</a> No preventive benefit of RRT has been demonstrated. No pharmacologic measure has shown any clear benefit. Routine administration of N-acetylcysteine is not recommended.<a href=\"epoc://current?article=21\">[21]</a> <a href=\"epoc://current?article=23\">[23]</a> <a href=\"epoc://current?article=25\">[25]</a> There are insufficient data to recommend discontinuing diuretics or ACE inhibitors. It would be appropriate to suspend other nephrotoxic agents (especially anti-inflammatories), and it is reasonable to temporarily stop treatment with metformin due to concern that lactic acidosis might develop.<a href=\"epoc://current?article=21\">[21]</a> </P></div><div class=\"cellTitle\">Use of diuretics</div><div class=\"cellBody\"><P>Diuretics should be used only if extracellular fluid volume and cardiac function are first carefully assessed and found to be adequate. Diuretics present some theoretical benefits; however, the administration of diuretics such as furosemide in controlled studies increases diuresis, facilitating the management of fluid balance, hyperkalemia, and hypercalcemia, but does not improve the course of the disease. Furosemide has not shown efficacy in terms of the duration of renal failure, need for dialysis, or the time to recovery of renal function. In one study, furosemide did not reduce the rate of worsening AKI, nor did it improve recovery or reduce RRT in critically ill patients. It was, however, associated with greater electrolyte abnormalities.<a href=\"epoc://current?article=46\">[46]</a> It is important to monitor electrolytes to avoid and/or correct hypokalemia and hypomagnesemia, as well as acid-base status, because chloride losses exceed sodium losses and hypochloremic metabolic alkalosis could develop.</P><P>The KDIGO guidelines suggest not using diuretics to treat AKI, except in the management of volume overload.<a href=\"epoc://current?article=3\">[3]</a> </P><P>Mannitol, another diuretic, although not routinely used, has been reported to be useful in ATN caused by crush injury if administered early in the course of treatment.<a href=\"epoc://current?article=5\">[5]</a> </P></div><div class=\"cellTitle\">Renal replacement therapy</div><div class=\"cellBody\"><P>RRT (i.e., hemodialysis, hemofiltration, hemodiafiltration) may be required if the patient has severe metabolic acidosis, organ dysfunction due to diuretic-resistant fluid overload, severe hyperkalemia, or uremia complications (e.g., pericarditis, encephalopathy). The KDIGO guidelines provide recommendations on RRT for AKI.<a href=\"epoc://current?article=3\">[3]</a> However, agreement on the thresholds is lacking. There are other factors to take into account when considering RRT, such as the tolerability to water overload (e.g., poor in acute or severe chronic cardiorespiratory pathology), potential for short-term reversibility of underlying disease, and trends in kidney function. It is also important to consider dialysis-related complications.<a href=\"epoc://current?article=47\">[47]</a> </P><P>There are several options for supporting lost renal function and selection involves evaluation of the patient's overall condition with hemodynamic and laboratory evaluation. Determining the type of support and therapy and when to start is at the recommendation of the nephrologist. In critically ill patients, a multidisciplinary care team composed of nephrologists and intensivists is required.</P><P>The timing of RRT in the critical care patient with AKI is a source of intense debate and must therefore be considered on an individual basis. One study concluded that among patients with septic shock who had severe AKI, there was no significant difference in overall mortality at 90 days between patients who were assigned to an early strategy for the initiation of RRT and those who were assigned to a delayed strategy.<a href=\"epoc://current?article=48\">[48]</a> However, there are other populations (e.g., postoperative cardiac surgery patients) where the results are conflicting.<a href=\"epoc://current?article=49\">[49]</a> </P><P>Conventional hemodialysis is often used in hemodynamically stable patients.</P><P>Other modes of renal replacement include the continuous renal replacement therapies (CRRT). Major commonly used modalities include continuous venovenous hemofiltration (CVVH), continuous venovenous hemodialysis (CVVHD), and continuous venovenous hemodiafiltration (CVVHDF).</P><P>Use of CRRT is most beneficial in hemodynamically unstable patients or those in whom aggressive ultrafiltration within the conventional 4- to 6-hour treatment of hemodialysis would not be tolerated. These patients include septic patients requiring vasopressors, or patients with severe heart failure with volume overload and a blood pressure that would not support conventional hemodialysis.<a href=\"epoc://current?article=50\">[50]</a> <a href=\"epoc://current?article=51\">[51]</a> <a href=\"epoc://current?article=52\">[52]</a> </P><P>In addition to continuous or intermittent modalities, combination approaches such as hybrid therapies may be used. A large double lumen catheter has to be placed into the central venous system, usually through the internal jugular or femoral vein. Prolonged intermittent renal replacement therapies (PIRRT) combine characteristics of both techniques and could be indicated in unstable patients with low doses of vasoactive drugs. The combined approaches have improved hemodynamic tolerability, greater \"down time\" for diagnosis and therapeutic procedures, reduction of the duration of exposure to anticoagulation, and lower cost.</P></div></div></div>",
   "type":"web"},

  {
   "id":"hxexam_details",
   "sections":
   [

    {
     "type":"table",
     "headerText":"Strong",
     "cells":
     [

      {
       "title":"chronic kidney disease (CKD)",
       "type":"flex0",
       "targetHTML":"<div class=\"cell\"><div class=\"cellBlock\"><div class=\"cellBody\"><P>Pre-existing CKD increases susceptibility to acute kidney injury (AKI). Lower levels of glomerular filtration rate are associated with higher risk of AKI.<a href=\"epoc://current?article=13\">[13]</a></P></div></div></div>"},

      {
       "title":"chronic hypertension",
       "type":"flex0",
       "targetHTML":"<div class=\"cell\"><div class=\"cellBlock\"><div class=\"cellBody\"><P>Patients with chronic hypertension are more vulnerable to situations of hypoperfusion as the kidney's autoregulation processes are impaired. Due to chronic structural changes in renal arterioles and small arteries, afferent arteriolar resistance does not decrease as it should, or may even increase in situations of hypoperfusion, increasing the susceptibility of renal ischemia.<a href=\"epoc://current?article=2\">[2]</a></P></div></div></div>"},

      {
       "title":"diabetes mellitus",
       "type":"flex0",
       "targetHTML":"<div class=\"cell\"><div class=\"cellBlock\"><div class=\"cellBody\"><P>Multiple studies have shown that diabetes is an independent risk factor for acute kidney injury.<a href=\"epoc://current?article=14\">[14]</a><a href=\"epoc://current?article=15\">[15]</a><a href=\"epoc://current?article=16\">[16]</a> Incidence rates of acute kidney injury of 9% to 38% have been reported in cases of patients with diabetes and chronic kidney disease undergoing contrast exposure.<a href=\"epoc://current?article=17\">[17]</a></P></div></div></div>"},

      {
       "title":"advanced age",
       "type":"flex0",
       "targetHTML":"<div class=\"cell\"><div class=\"cellBlock\"><div class=\"cellBody\"><P>Advanced age is associated with a higher prevalence of chronic kidney disease, underlying renal vascular disease, and other comorbid medical conditions that predispose to ATN.<a href=\"epoc://current?article=18\">[18]</a></P></div></div></div>"},

      {
       "title":"low-perfusion states",
       "type":"flex0",
       "targetHTML":"<div class=\"cell\"><div class=\"cellBlock\"><div class=\"cellBody\"><P>Hypotension and/or excessive fluid loss from hemorrhage, the gastrointestinal tract (e.g., vomiting and diarrhea), sweating, or burns may cause a decrease in renal blood supply, which can lead to ischemic injury and result in ATN. Anasarca (severe and generalized edema), such as may occur in congestive heart failure or cirrhosis, may cause reduced kidney perfusion. Cardiac arrest or mechanical ventilation can lead to alterations of hemodynamics and worsen renal function.</P><P>The sensitivity of individual patients to a decrease in renal perfusion is variable. For example, some patients suffer from ATN after a few minutes of hypoperfusion, while others tolerate several hours of ischemia without structural damage to the kidney. In fact, several studies have shown how acute kidney injury may develop with normal or even increased renal perfusion due to a dysfunction of the intrarenal microcirculation, which appears to play an important role in the pathogenesis.<a href=\"epoc://current?article=19\">[19]</a><a href=\"epoc://current?article=20\">[20]</a> It is not clear whether this is a direct cause of kidney injury as a result of inflammatory diseases such as sepsis, or an adaptive mechanism.<a href=\"epoc://current?article=20\">[20]</a></P></div></div></div>"},

      {
       "title":"sepsis",
       "type":"flex0",
       "targetHTML":"<div class=\"cell\"><div class=\"cellBlock\"><div class=\"cellBody\"><P>Sepsis is the most common condition associated with acute kidney injury (AKI) in hospital and intensive care units (ICUs).<a href=\"epoc://current?article=1\">[1]</a> Globally, it has been reported in almost 50% of patients with severe AKI in ICUs. In Europe, AKI has been reported in up to 51% of patients with sepsis, with a mortality up to 41% in ICUs. Sepsis is characterized by a systemic inflammatory response to an infection. The pathogenesis of septic AKI is still not fully understood. Systemic vasodilation leads to a decrease in renal blood supply and resulting ischemia. There is also direct toxic injury generating an inflammatory response, with vascular injury (endothelial dysfunction, microvascular obstruction, vasoconstriction, coagulopathy, and vascular edema) as well as tubular injury.<a href=\"epoc://current?article=1\">[1]</a></P></div></div></div>"},

      {
       "title":"major surgery",
       "type":"flex0",
       "targetHTML":"<div class=\"cell\"><div class=\"cellBlock\"><div class=\"cellBody\"><P>Certain types of surgery are associated with higher risks of renal hypoperfusion, such as in vascular surgery, where the aorta is cross-clamped above the renal arteries. Cold ischemia can occur during renal transplantation, renal surgery, or renal artery thrombosis and can lead to ischemic injury and ATN. The pathophysiology of acute kidney injury following cardiac surgery is complex and involves multiple factors (including pre-, intra-, and post-operative factors). Hypoperfusion, ischemia-reperfusion injury, neurohormonal activation, oxidative stress, and inflammation leads to vasoconstriction that leads to a reduction in renal perfusion and renal ischemia.<a href=\"epoc://current?article=20\">[20]</a></P></div></div></div>"},

      {
       "title":"exposure to nephrotoxic agents",
       "type":"flex0",
       "targetHTML":"<div class=\"cell\"><div class=\"cellBlock\"><div class=\"cellBody\"><P>Examples include nonsteroidal anti-inflammatory drugs, amphotericin-B, aminoglycosides, chemotherapeutic agents (e.g., cisplatin), calcineurin inhibitors (tacrolimus, cyclosporine), and poisons (e.g., ethylene glycol). ATN occurs in 10% to 20% of patients receiving aminoglycosides.<a href=\"epoc://current?article=5\">[5]</a></P></div></div></div>"},

      {
       "title":"exposure to radiocontrast media",
       "type":"flex0",
       "targetHTML":"<div class=\"cell\"><div class=\"cellBlock\"><div class=\"cellBody\"><P>Exposure to radioisotopic contrast media may cause ATN within 7 days after exposure.<a href=\"epoc://current?article=3\">[3]</a><a href=\"epoc://current?article=5\">[5]</a><a href=\"epoc://current?article=21\">[21]</a> Incidence is variable and influenced by patient-related factors, such as pre-existing chronic kidney disease and diabetic nephropathy. The type and volume of contrast (&gt;350 mL), as well as repeated administration within 72 hours can also increase the risk.<a href=\"epoc://current?article=21\">[21]</a></P></div></div></div>"},

      {
       "title":"exposure to endogenous toxins",
       "type":"flex0",
       "targetHTML":"<div class=\"cell\"><div class=\"cellBlock\"><div class=\"cellBody\"><P>Muscle trauma (e.g., crush injury) may cause rhabdomyolysis, which will produce an increased myoglobin release that can occlude the renal filtration. Hemolysis, increased hemoglobin release, can lead to ATN. In patients with multiple myeloma there may be increased light chain proteins precipitated into the tubular lumen associated with myeloma of the kidney. Bacterial toxins may also cause toxic injury and result in ATN. Hyperuricemia (e.g., gout, tumor lysis syndrome) leads to acute crystal-induced nephropathy, which may result in ATN.</P></div></div></div>"}      ]}    ],
   "type":"table"},

  {
   "id":"p-hxexam_factor-key_0",
   "title":"Acute tubular necrosis",
   "html":"<html><div class=\"cell\"><div class=\"cellBlock\"><div class=\"cellBody\"><P>Oliguria and anuria, although not diagnostic, may be present in ATN. Oliguria is usually present in the maintenance phase. Nephrotoxic ATN is less prone to show oliguria than ischemic ATN due to fluid depletion.</P></div></div></div></html>",
   "type":"web"},

  {
   "id":"p-hxexam_factor-key_1",
   "title":"Acute tubular necrosis",
   "html":"<html><div class=\"cell\"><div class=\"cellBlock\"><div class=\"cellBody\"><P>Common in ATN due to fluid depletion.</P></div></div></div></html>",
   "type":"web"},

  {
   "id":"p-hxexam_factor-key_2",
   "title":"Acute tubular necrosis",
   "html":"<html><div class=\"cell\"><div class=\"cellBlock\"><div class=\"cellBody\"><P>Common in ATN due to fluid depletion.</P></div></div></div></html>",
   "type":"web"},

  {
   "id":"p-hxexam_factor-other_3",
   "title":"Acute tubular necrosis",
   "html":"<html><div class=\"cell\"><div class=\"cellBlock\"><div class=\"cellBody\"><P>Patients may have poor oral intake, and anorexia.</P></div></div></div></html>",
   "type":"web"},

  {
   "id":"p-hxexam_factor-other_4",
   "title":"Acute tubular necrosis",
   "html":"<html><div class=\"cell\"><div class=\"cellBlock\"><div class=\"cellBody\"><P>Patients may have malaise.</P></div></div></div></html>",
   "type":"web"},

  {
   "id":"p-hxexam_factor-other_5",
   "title":"Acute tubular necrosis",
   "html":"<html><div class=\"cell\"><div class=\"cellBlock\"><div class=\"cellBody\"><P>Excessive fluid loss (as a result of hemorrhage, burns, gastrointestinal losses, or sweating) may present with symptoms of hypovolemia, including thirst.</P></div></div></div></html>",
   "type":"web"},

  {
   "id":"p-hxexam_factor-other_6",
   "title":"Acute tubular necrosis",
   "html":"<html><div class=\"cell\"><div class=\"cellBlock\"><div class=\"cellBody\"><P>Excessive fluid loss (as a result of hemorrhage, burns, gastrointestinal losses, or sweating) may present with symptoms of hypovolemia, including dizziness.</P></div></div></div></html>",
   "type":"web"},

  {
   "id":"p-hxexam_factor-other_7",
   "title":"Acute tubular necrosis",
   "html":"<html><div class=\"cell\"><div class=\"cellBlock\"><div class=\"cellBody\"><P>May occur if advanced cardiac failure is present leading to reduced renal perfusion.</P></div></div></div></html>",
   "type":"web"},

  {
   "id":"p-hxexam_factor-other_8",
   "title":"Acute tubular necrosis",
   "html":"<html><div class=\"cell\"><div class=\"cellBlock\"><div class=\"cellBody\"><P>Patients with fluid loss, sepsis, or pancreatitis may have signs of circulatory collapse including edema.</P></div></div></div></html>",
   "type":"web"},

  {
   "id":"hxexam",
   "sections":
   [

    {
     "headerText":"Risk Factors",
     "cells":
     [

      {
       "target":"hxexam_details",
       "title":"Details",
       "type":"flex0"}      ]},

    {
     "dividerType":"divider0",
     "headers":
     [

      {
       "title":"Key Diagnostic Factors"},

      {
       "title":"common",
       "type":"header1"}      ],
     "cells":
     [

      {
       "title":"oliguria or anuria",
       "target":"p-hxexam_factor-key_0",
       "type":"flex0"},

      {
       "title":"hypotension",
       "target":"p-hxexam_factor-key_1",
       "type":"flex0"},

      {
       "title":"tachycardia",
       "target":"p-hxexam_factor-key_2",
       "type":"flex0"}      ]},

    {
     "dividerType":"divider0",
     "headers":
     [

      {
       "title":"Other Diagnostic Factors"},

      {
       "title":"common",
       "type":"header1"}      ],
     "cells":
     [

      {
       "title":"poor oral intake and anorexia",
       "target":"p-hxexam_factor-other_3",
       "type":"flex0"},

      {
       "title":"malaise",
       "target":"p-hxexam_factor-other_4",
       "type":"flex0"}      ]},

    {
     "headers":
     [

      {
       "title":"uncommon",
       "type":"header1"}      ],
     "cells":
     [

      {
       "title":"thirst",
       "target":"p-hxexam_factor-other_5",
       "type":"flex0"},

      {
       "title":"dizziness",
       "target":"p-hxexam_factor-other_6",
       "type":"flex0"},

      {
       "title":"orthopnea/dyspnea",
       "target":"p-hxexam_factor-other_7",
       "type":"flex0"},

      {
       "title":"edema",
       "target":"p-hxexam_factor-other_8",
       "type":"flex0"}      ]}    ],
   "type":"table"},

  {
   "id":"p-test-t_0",
   "title":"basic metabolic profile (including BUN and creatinine)",
   "html":"<html><div class=\"cell\"><div class=\"cellBlock\"><div class=\"cellTitle\">Result</div><div class=\"cellBody\">elevated serum creatinine, elevated BUN, hyperkalemia, or metabolic acidosis suggests ATN</div><div class=\"cellTitle\">Test Details</div><div class=\"cellBody\"><li>Order as soon as possible and as routine follow-up in at-risk patients.</li><li>Creatinine is not a reliable indicator of renal failure as sudden decrease in glomerular filtration rate can overestimate creatinine.</li><li>Changes in creatinine and BUN levels can be influenced by other nonrenal events such as rhabdomyolysis, nutritional state, use of steroids, or bleeding.<a href=\"epoc://current?article=5\">[5]</a> </li></div></div></div></html>",
   "type":"web"},

  {
   "id":"p-test-t_1",
   "title":"BUN-to-creatinine ratio",
   "html":"<html><div class=\"cell\"><div class=\"cellBlock\"><div class=\"cellTitle\">Result</div><div class=\"cellBody\">10:1 supports ATN (in a prerenal situation, the ratio can rise to 20:1 or higher)</div><div class=\"cellTitle\">Test Details</div><div class=\"cellBody\"><li>In cases of ATN the ratio of BUN to creatinine falls to 10:1, as tubular injury means there is no increased reabsorption of water, sodium, and BUN.<a href=\"epoc://current?article=2\">[2]</a> <a href=\"epoc://current?article=5\">[5]</a> </li></div></div></div></html>",
   "type":"web"},

  {
   "id":"p-test-t_2",
   "title":"urine sodium concentration",
   "html":"<html><div class=\"cell\"><div class=\"cellBlock\"><div class=\"cellTitle\">Result</div><div class=\"cellBody\">elevated (&gt;40 mEq/L)</div><div class=\"cellTitle\">Test Details</div><div class=\"cellBody\"><li>Tubule dysfunction leads to increased urinary sodium concentration.<a href=\"epoc://current?article=5\">[5]</a> </li></div></div></div></html>",
   "type":"web"},

  {
   "id":"p-test-t_3",
   "title":"urine osmolality",
   "html":"<html><div class=\"cell\"><div class=\"cellBlock\"><div class=\"cellTitle\">Result</div><div class=\"cellBody\">&lt;450 mOsmol/kg supports ATN</div><div class=\"cellTitle\">Test Details</div><div class=\"cellBody\"><li>Impairment in urinary concentrating capacity is characterized by decrease in urine osmolality.<a href=\"epoc://current?article=5\">[5]</a> </li><li>Can help differentiate between prerenal azotemia (in which the reabsorptive capacity and concentrating ability of the kidney are preserved or enhanced) and ATN (in which these functions are impaired).</li></div></div></div></html>",
   "type":"web"},

  {
   "id":"p-test-t_4",
   "title":"fractional excretion of sodium",
   "html":"<html><div class=\"cell\"><div class=\"cellBlock\"><div class=\"cellTitle\">Result</div><div class=\"cellBody\">&gt;2% supports ATN</div><div class=\"cellTitle\">Test Details</div><div class=\"cellBody\"><li>Tubule dysfunction leads to increased fractional excretion of sodium.<a href=\"epoc://current?article=5\">[5]</a> </li><li>Low sensitivity and specificity for ATN. Also present in hemolysis, sepsis, cirrhosis, and chronic heart failure.</li></div></div></div></html>",
   "type":"web"},

  {
   "id":"p-test-t_5",
   "title":"fractional excretion of BUN",
   "html":"<html><div class=\"cell\"><div class=\"cellBlock\"><div class=\"cellTitle\">Result</div><div class=\"cellBody\">over 35% supports ATN</div><div class=\"cellTitle\">Test Details</div><div class=\"cellBody\"><li>More reliable in patients taking diuretics or with chronic kidney disease.<a href=\"epoc://current?article=29\">[29]</a> </li></div></div></div></html>",
   "type":"web"},

  {
   "id":"p-test-t_6",
   "title":"urinalysis for sediment",
   "html":"<html><div class=\"cell\"><div class=\"cellBlock\"><div class=\"cellTitle\">Result</div><div class=\"cellBody\">tubular epithelial cells, epithelial cell casts, or muddy brown casts supports ATN</div><div class=\"cellTitle\">Test Details</div><div class=\"cellBody\"><li>Can help distinguish from prerenal azotemia.<a href=\"epoc://current?article=39\">[39]</a> </li><li>Heme-positive urine in the absence of erythrocytes in the sediment suggests ATN from hemolysis or rhabdomyolysis.</li></div></div></div></html>",
   "type":"web"},

  {
   "id":"p-test-t_7",
   "title":"CBC",
   "html":"<html><div class=\"cell\"><div class=\"cellBlock\"><div class=\"cellTitle\">Result</div><div class=\"cellBody\">anemia</div><div class=\"cellTitle\">Test Details</div><div class=\"cellBody\"><li>Mild to moderate anemia is commonly observed in some types of ATN, such as in multiple myeloma, bleeding, hemolysis, or chronic kidney disease.</li></div></div></div></html>",
   "type":"web"},

  {
   "id":"p-test-t_8",
   "title":"coagulation studies",
   "html":"<html><div class=\"cell\"><div class=\"cellBlock\"><div class=\"cellTitle\">Result</div><div class=\"cellBody\">prolonged PTT</div><div class=\"cellTitle\">Test Details</div><div class=\"cellBody\"><li>Prolonged ATN can result in bleeding as a result of dysfunctional platelets.</li></div></div></div></html>",
   "type":"web"},

  {
   "id":"p-test-t_9",
   "title":"urinary myoglobin",
   "html":"<html><div class=\"cell\"><div class=\"cellBlock\"><div class=\"cellTitle\">Result</div><div class=\"cellBody\">elevated</div><div class=\"cellTitle\">Test Details</div><div class=\"cellBody\"><li>Elevated myoglobin levels suggest ATN from rhabdomyolysis.</li></div></div></div></html>",
   "type":"web"},

  {
   "id":"p-test-t_10",
   "title":"arterial blood gases (ABG)",
   "html":"<html><div class=\"cell\"><div class=\"cellBlock\"><div class=\"cellTitle\">Result</div><div class=\"cellBody\">metabolic acidosis</div><div class=\"cellTitle\">Test Details</div><div class=\"cellBody\"><li>Assists in further evaluation of acidosis, which is often suggested by the low bicarbonate on the basic metabolic profile.</li></div></div></div></html>",
   "type":"web"},

  {
   "id":"p-test-t_11",
   "title":"platelet aggregation studies",
   "html":"<html><div class=\"cell\"><div class=\"cellBlock\"><div class=\"cellTitle\">Result</div><div class=\"cellBody\">prolonged</div><div class=\"cellTitle\">Test Details</div><div class=\"cellBody\"><li>Prolonged ATN can result in bleeding as a result of platelet dysfunction.</li></div></div></div></html>",
   "type":"web"},

  {
   "id":"p-test-t_12",
   "title":"ultrasound",
   "html":"<html><div class=\"cell\"><div class=\"cellBlock\"><div class=\"cellTitle\">Result</div><div class=\"cellBody\">normal in ATN</div><div class=\"cellTitle\">Test Details</div><div class=\"cellBody\"><li>Assists in evaluation of postobstructive causes as well as in the evaluation of renal architecture and size (underlying chronic kidney disease).</li></div></div></div></html>",
   "type":"web"},

  {
   "id":"p-test-t_13",
   "title":"ECG",
   "html":"<html><div class=\"cell\"><div class=\"cellBlock\"><div class=\"cellTitle\">Result</div><div class=\"cellBody\">arrhythmias, peaked T waves, increased PR interval, widened QRS, atrial arrest, and deterioration to a sine wave pattern (if severe hyperkalemia)</div><div class=\"cellTitle\">Test Details</div><div class=\"cellBody\"><li>May occur with hyperkalemia.</li><li>Performed if hyperkalemia is suspected or detected by laboratory tests.</li></div></div></div></html>",
   "type":"web"},

  {
   "id":"p-test-t_14",
   "title":"inferior vena cava (IVC) diameter measured by ultrasound",
   "html":"<html><div class=\"cell\"><div class=\"cellBlock\"><div class=\"cellTitle\">Result</div><div class=\"cellBody\">IVC diameter &gt;2.5 cm suggests volume overload; IVC diameter &lt;1.5 cm suggests volume depletion</div><div class=\"cellTitle\">Test Details</div><div class=\"cellBody\"><li>Perform to assess intravascular volume status.<a href=\"epoc://current?article=30\">[30]</a> </li></div></div></div></html>",
   "type":"web"},

  {
   "id":"p-test-t_15",
   "title":"renal biopsy",
   "html":"<html><div class=\"cell\"><div class=\"cellBlock\"><div class=\"cellTitle\">Result</div><div class=\"cellBody\">patchy and focal loss of individual cells or clusters of cells from tubular epithelium with resultant gaps, and exposure of areas of denudated basement membrane</div><div class=\"cellTitle\">Test Details</div><div class=\"cellBody\"><li>Should only be performed when the history, clinical features, and findings of laboratory and radiologic investigation suggest primary renal disease other than ischemic or toxic-related ATN.<a href=\"epoc://current?article=5\">[5]</a> </li></div></div></div></html>",
   "type":"web"},

  {
   "id":"p-test-t_16",
   "title":"serum and urinary biomarkers",
   "html":"<html><div class=\"cell\"><div class=\"cellBlock\"><div class=\"cellTitle\">Result</div><div class=\"cellBody\">results indicative of renal damage; confined to research studies, not widely applied to clinical settings</div><div class=\"cellTitle\">Test Details</div><div class=\"cellBody\"><li>Various novel serum and urinary biomarkers are showing potential as useful indicators for the diagnosis and classification of acute kidney injury.<a href=\"epoc://current?article=31\">[31]</a> <a href=\"epoc://current?article=32\">[32]</a> Kidney injury molecule-1 (KIM-1) has been shown to be a good early biomarker of ischemic ATN.<a href=\"epoc://current?article=33\">[33]</a> <a href=\"epoc://current?article=34\">[34]</a> Other biomarkers include neutrophil gelatinase-associated lipocalin (NGAL), interleukin-18 (IL-18), tissue inhibitor of metalloproteinase-2 (TIMP-2), and insulin-like growth factor binding protein 7 (IGFBP7).<a href=\"epoc://current?article=35\">[35]</a> <a href=\"epoc://current?article=36\">[36]</a> <a href=\"epoc://current?article=37\">[37]</a> <a href=\"epoc://current?article=38\">[38]</a> </li></div></div></div></html>",
   "type":"web"},

  {
   "id":"tests",
   "sections":
   [

    {
     "headerText":"Initial Tests",
     "cells":
     [

      {
       "target":"p-test-t_0",
       "title":"basic metabolic profile (including BUN and creatinine)",
       "type":"flex0"},

      {
       "target":"p-test-t_1",
       "title":"BUN-to-creatinine ratio",
       "type":"flex0"},

      {
       "target":"p-test-t_2",
       "title":"urine sodium concentration",
       "type":"flex0"},

      {
       "target":"p-test-t_3",
       "title":"urine osmolality",
       "type":"flex0"},

      {
       "target":"p-test-t_4",
       "title":"fractional excretion of sodium",
       "type":"flex0"},

      {
       "target":"p-test-t_5",
       "title":"fractional excretion of BUN",
       "type":"flex0"},

      {
       "target":"p-test-t_6",
       "title":"urinalysis for sediment",
       "type":"flex0"},

      {
       "target":"p-test-t_7",
       "title":"CBC",
       "type":"flex0"},

      {
       "target":"p-test-t_8",
       "title":"coagulation studies",
       "type":"flex0"},

      {
       "target":"p-test-t_9",
       "title":"urinary myoglobin",
       "type":"flex0"}      ]},

    {
     "headerText":"Other Tests to Consider",
     "cells":
     [

      {
       "target":"p-test-t_10",
       "title":"arterial blood gases (ABG)",
       "type":"flex0"},

      {
       "target":"p-test-t_11",
       "title":"platelet aggregation studies",
       "type":"flex0"},

      {
       "target":"p-test-t_12",
       "title":"ultrasound",
       "type":"flex0"},

      {
       "target":"p-test-t_13",
       "title":"ECG",
       "type":"flex0"},

      {
       "target":"p-test-t_14",
       "title":"inferior vena cava (IVC) diameter measured by ultrasound",
       "type":"flex0"},

      {
       "target":"p-test-t_15",
       "title":"renal biopsy",
       "type":"flex0"},

      {
       "target":"p-test-t_16",
       "title":"serum and urinary biomarkers",
       "type":"flex0"}      ]}    ],
   "type":"table"},

  {
   "id":"differentials",
   "sections":
   [

    {
     "cells":
     [

      {
       "title":"Prerenal azotemia",
       "type":"flex0",
       "targetHTML":"<div class=\"cell\"><div class=\"cellBlock\"><div class=\"cellTitle\">Signs/Sx</div><div class=\"cellBody\"><ul><li>Oliguria is much more frequent.</li></ul></div><div class=\"cellTitle\">Tests</div><div class=\"cellBody\"><ul><li>BUN-to-creatinine ratio is &gt;20:1.</li><li>Ratio of urine to plasma creatinine levels are high and the urinary sodium concentration is low; fractional excretion of sodium is low.</li><li>Fractional excretion of sodium (FENa) &lt;1%.</li><li>Fractional excretion of urea (FEUrea) &lt;35%.</li></ul></div><a href=\"epoc://dx/monograph/83\"><b class=\"view-dx-monograph\">View Dx Monograph</b></a></div></div>"},

      {
       "title":"Intrinsic renal azotemia",
       "type":"flex0",
       "targetHTML":"<div class=\"cell\"><div class=\"cellBlock\"><div class=\"cellTitle\">Signs/Sx</div><div class=\"cellBody\"><ul><li>Patients with glomerular disease typically present with proteinuria and microscopic dysmorphic hematuria.</li></ul></div><div class=\"cellTitle\">Tests</div><div class=\"cellBody\"><ul><li>Urinalysis shows proteinuria and microscopic hematuria.</li><li>Fractional excretion of sodium (FENa) &gt;2%.</li><li>Fractional excretion of urea (FEUrea) &gt;35%.</li></ul></div><a href=\"epoc://dx/monograph/83\"><b class=\"view-dx-monograph\">View Dx Monograph</b></a></div></div>"}      ]}    ],
   "type":"table"},

  {
   "id":"diag_approach",
   "title":"Acute tubular necrosis",
   "html":"<div class=\"cell\"><div class=\"cellBlock\"><div class=\"cellBody\"><P>ATN can present in all medical settings but is more frequently acquired in hospital.<a href=\"epoc://current?article=5\">[5]</a> The condition is often asymptomatic and only diagnosed by laboratory tests. A history of hypotension, fluid depletion, or exposure to nephrotoxic agents is usually present. Suggestive history and physical findings supported by blood tests, urine studies, and a renal ultrasound confirms the diagnosis.</P></div><div class=\"cellTitle\">History</div><div class=\"cellBody\"><P>ATN is more likely to develop in patients with poor renal perfusion (e.g., renal transplantation, renal surgery, or renal artery thrombosis), underlying renal disease (e.g., myeloma), diabetes mellitus, or pre-existing hypovolemia. A history of excessive fluid loss (as a result of hemorrhage, burns, gastrointestinal losses, or sweating) may present with symptoms of hypovolemia, including thirst. They may also have poor oral intake, malaise, and anorexia. There may be a history of sepsis or pancreatitis. ATN may present after hemorrhage, drug overdose, surgery, cardiac arrest, or other conditions with hypotension and prolonged renal ischemia. Orthopnea and paroxysmal nocturnal dyspnea may occur if advanced cardiac failure is present, leading to reduced renal perfusion.</P><P>Patients may have history of exposure to radiocontrast media or nephrotoxic drugs (e.g., aminoglycosides, amphotericin-B, nonsteroidal anti-inflammatory drugs or chemotherapeutic agents [e.g., cisplatin]). They may have history of muscle trauma, gout, or tumor lysis syndrome.</P></div><div class=\"cellTitle\">Physical exam</div><div class=\"cellBody\"><P>Physical exam findings may be unremarkable because the condition is often asymptomatic and only diagnosed by laboratory tests. The condition is suspected when serum creatinine increases above 0.3 mg/dL/day within 48 hours after a hypotensive event or exposure to a nephrotoxin. Patients with fluid loss, sepsis, or pancreatitis may have hypotension, tachycardia, oliguria, or anuria together with other signs of circulatory collapse (e.g., edema). Prolonged ATN also can result in bleeding due to dysfunctional platelets.</P></div><div class=\"cellTitle\">Initial laboratory investigations</div><div class=\"cellBody\"><P>Initial workup should include basic metabolic profile (including blood urea nitrogen [BUN] and creatinine), urine chemistries (for fractional excretion of sodium and urea, osmolality), urinalysis, and complete blood count.</P><P>Serum chemistries</P><ul><li>Elevated BUN and creatinine levels are indicators of ATN; however, they are not sensitive markers of glomerular filtration rate (GFR) and can be affected by nutritional state, muscle mass, use of steroids, or presence of gastrointestinal bleeding. An increase in creatinine levels can be influenced by other nonrenal events, such as rhabdomyolysis.<a href=\"epoc://current?article=5\">[5]</a> Creatinine is also a late marker of injury; when there is a rise in serum creatinine, it occurs 48-72 hours after the event. Both BUN and creatinine levels become abnormal when the GFR decreases by more than 50%. In ATN, the BUN:creatinine ratio is usually 10:1. In a prerenal situation, BUN reabsorption at the proximal tubule is increased; therefore, the ratio rises from 10:1 to 20:1 or higher.<a href=\"epoc://current?article=2\">[2]</a> </li><li>High serum potassium and metabolic acidosis suggests ATN. Hyperkalemia is most pronounced in individuals with excessive endogenous potassium production, such as in rhabdomyolysis, hemolysis, and tumor lysis syndrome.</li><li>Measurement of creatine kinase and free myoglobin are used to identify possible rhabdomyolysis. The risk of acute kidney injury (AKI) associated with rhabdomyolysis is usually low when creatine kinase levels are less than 15,000 to 20,000 U/L. However, it may appear with low levels (as low as 5000 U/L) if there are coexisting conditions such as sepsis, dehydration, or acidosis.<a href=\"epoc://current?article=26\">[26]</a> </li></ul><P>Urinalysis</P><ul><li>Examination of urine sediment can be useful to differentiate ATN from other conditions, such as prerenal conditions. A purely prerenal cause of AKI results in a sediment characterized by hyaline casts, while in ATN, the sediment may show pigmented, muddy brown, granular casts, implying the presence of tubular injury and necrosis. The higher the number of casts, the more severe the AKI, the more likely the need for dialysis therapy, and the higher the mortality rate.<a href=\"epoc://current?article=27\">[27]</a> </li><li>Heme-positive urine in the absence of erythrocytes in the sediment suggests ATN from hemolysis or rhabdomyolysis.</li><li>Uric acid crystals in urine does not confirm a diagnosis of uric acid nephropathy as it may be present in samples of healthy patients. However, uric acid crystalluria can be observed in patients with rhabdomyolysis or lymphoproliferative disorders complicated by a tumor lysis syndrome.<a href=\"epoc://current?article=27\">[27]</a> Sulfadiazine or methotrexate crystals can also be observed precipitating in the urine when these drugs damage the kidney.</li></ul><P>Urine indexes</P><ul><li>Tubule dysfunction leads to increased urinary sodium concentration, as the injured tubules are unable to increase reabsorption of water, sodium, and BUN.<a href=\"epoc://current?article=5\">[5]</a> </li><li>Impairment in urinary concentrating capacity is characterized by a decrease in urine osmolality.<a href=\"epoc://current?article=5\">[5]</a> This can help differentiate between prerenal azotemia (in which the reabsorptive capacity and concentrating ability of the kidney are preserved or enhanced) and ATN (in which these functions are impaired).</li><li>Fractional excretion of sodium (FENa) &gt;2% supports a diagnosis of ATN.<a href=\"epoc://current?article=5\">[5]</a> Tubule dysfunction leads to increased fractional excretion of sodium. However, an FENa over 2% is also expected with the use of diuretics, chronic kidney disease (CKD), after intravenous fluid therapy, and in glucosuria or bicarbonaturia. In contrast, some cases of ATN, such as in hemolysis, rhabdomyolysis, or contrast-induced AKI, can have FENa &lt;1%.<a href=\"epoc://current?article=28\">[28]</a> The FENa is calculated as follows: (urine sodium × plasma creatinine)/(plasma sodium × urine creatinine) × 100%.</li><li>Fractional excretion of urea (FEUrea) can be a more reliable index in cases of diuretic use or CKD. An FEUrea over 35% is expected in ATN.<a href=\"epoc://current?article=29\">[29]</a> It is calculated as follows: (urine urea × plasma creatinine)/(plasma urea × urine creatinine) × 100%.</li><li>Elevated urinary myoglobin levels suggest ATN from rhabdomyolysis.</li></ul><P>Blood studies</P><ul><li>Anemia should not be expected in every case of ATN unless the predisposing cause justifies it. Anemia is expected in multiple myeloma, blood loss, hemolysis, or previous CKD.</li><li>Prolonged ATN can also result in bleeding due to dysfunctional platelets. There are good data supporting the theory that impaired platelet function is one of the main determinants of uremic bleeding. This impairment is multifactorial and includes defects intrinsic to the platelet as well as abnormal platelet-endothelial interaction. Uremic toxins and anemia also play a role.</li></ul></div><div class=\"cellTitle\">Subsequent tests</div><div class=\"cellBody\"><ul><li>Arterial blood gases (ABG) are measured to confirm metabolic acidosis.</li><li>ECG is performed if hyperkalemia is suspected or detected by laboratory tests. It may demonstrate arrhythmias if hyperkalemia is present. Atrioventricular block may be seen if hyperkalemia is severe.</li><li>A renal ultrasound evaluates postobstructive causes as well as in renal architecture and size. It is also useful for diagnosis of underlying CKD.</li><li>The measurement of the inferior vena cava (IVC) diameter can also be used to assess volume status. Measured 3 cm from the right atrium, the normal diameter of IVC is 1.5 to 2.5 cm. Volume depletion is considered with an IVC diameter &lt;1.5 cm, while an IVC diameter &gt;2.5 cm suggests volume overload.<a href=\"epoc://current?article=30\">[30]</a> </li><li>A renal ultrasound is ordered to assist in evaluation of postobstructive causes as well as in the evaluation of renal architecture and size. It is also useful for diagnosis of underlying chronic kidney disease.</li><li>Biopsy should only be performed when the history, clinical features, and findings of laboratory and radiologic investigation suggest primary renal disease other than ischemic or toxic-related ATN.<a href=\"epoc://current?article=5\">[5]</a> Once a diagnosis of ATN has been made, biopsy can also be used to establish the renal prognosis (degree of tubulointerstitial fibrosis and/or glomerulosclerosis). Histology of ATN demonstrates denuded basement membranes and presence of cells in the tubule lumen, focal areas of proximal tubule vacuolization and flattening, tubular dilatation, and brush border debris present in tubular lumen.<a class=\"inlineImage\" href=\"epoc://current?view=p-images-i_1\">Image</a></li><li>Various novel serum and urinary biomarkers are showing potential as useful indicators for the diagnosis, classification, and prognosis of AKI. They could potentially be able to differentiate between prerenal azotemia and acute tubular injury.<a href=\"epoc://current?article=31\">[31]</a> <a href=\"epoc://current?article=32\">[32]</a> Kidney injury molecule-1 (KIM-1) has been shown to be a good early biomarker of ischemic ATN.<a href=\"epoc://current?article=33\">[33]</a> <a href=\"epoc://current?article=34\">[34]</a> Other biomarkers include neutrophil gelatinase-associated lipocalin (NGAL) and interleukin-18 (IL-18).<a href=\"epoc://current?article=35\">[35]</a> <a href=\"epoc://current?article=36\">[36]</a> Urinary tissue inhibitor of metalloproteinase-2 (TIMP-2) and insulin-like growth factor binding protein 7 (IGFBP7) are G1 cell cycle arrest biomarkers. They have been found to be effective in predicting the need for renal replacement therapy and mortality in patients at high risk for AKI.<a href=\"epoc://current?article=37\">[37]</a> Unfortunately, these biomarkers are still undergoing research and have not yet been widely introduced into clinical practice.<a href=\"epoc://current?article=38\">[38]</a> </li></ul></div></div></div>",
   "type":"web"},

  {
   "id":"followup",
   "title":"Acute tubular necrosis",
   "html":"<div class=\"cell\"><div class=\"cellBlock\"><div class=\"cellTitle\">Prognosis</div><div class=\"cellBody\"><div class=\"cellBody\"><P>Prognosis is good in otherwise healthy patients when the underlying insult is corrected. However, if there was pre-existing renal disease, advanced age, or if ATN has a severe presentation with prolonged anuria, the prognosis is poor and the patient may eventually require renal replacement therapy. Patients who are sick enough to require critical care have a higher mortality (79%) than those who are able to be managed without admission to the intensive care unit (37%).<a href=\"epoc://current?article=5\">[5]</a> </P><P>Long-term effects of acute kidney injury (AKI), whether recovered or not, have been described as uremic memory. The hypothesis is that the greater long-term mortality of patients who have presented with an AKI could be related not only to the greater likelihood of presenting with chronic kidney disease, but also to the consequences of an inflammatory response, resulting in cardiac alterations, abnormal lung physiology, and endothelial dysfunction. These changes have been implicated during AKI and could result in more infections, cardiovascular morbidity, and stroke.<a href=\"epoc://current?article=56\">[56]</a> </P><P>Predictors of mortality include male sex, advanced age, comorbid illness, malignancy, oliguria, sepsis, mechanical ventilation, multiorgan failure, and high severity of illness.<a href=\"epoc://current?article=5\">[5]</a> One study reports a mortality rate of 24.5% after long-term follow-up, with a 5-year survival rate of 55%. During follow-up 4.7% of patients required chronic dialysis.<a href=\"epoc://current?article=57\">[57]</a> </P></div></div><div class=\"cellTitle\">Monitoring</div><div class=\"cellBody\"><P>If recovery of function is complete and a normal glomerular filtration rate is re-established with no evidence of residual renal injury, renal follow-up is not compulsory, although it is advisable. If after ATN, renal function is impaired and the patient is left with acute kidney disease (AKD) or residual chronic kidney disease (CKD), a nephrologist follow-up is highly recommended with interventions based on stage of AKD or CKD.</P></div><div class=\"cellTitle\">Patient Instructions</div><div class=\"cellBody\"><P>In otherwise healthy patients, when the underlying insult is corrected, they should be advised to avoid further nephrotoxic substances.<a href=\"https://www.kidney.org/atoz/atozTopic_KidneyDisease\">National Kidney Foundation: kidney disease</a> </P></div></div></div>",
   "type":"web"},

  {
   "id":"prevention",
   "title":"Acute tubular necrosis",
   "html":"<div class=\"cell\"><div class=\"cellBlock\"><div class=\"cellTitle\">Prevention</div><div class=\"cellBody\"><h4>Primary Prevention</h4><P>Implementing an intervention before the ischemic or toxic injury occurs provides the best opportunity for preventing or attenuating the course of ATN.<a href=\"epoc://current?article=5\">[5]</a> If patients are prescribed nephrotoxic drugs, therapeutic blood drug levels should be monitored to avoid nephrotoxicity. In hospitalized patients, an optimal hemodynamic state should be maintained and renal hypoperfusion avoided. Monitored fluid repletion should always be performed as soon as ATN is suspected. The risk of postoperative kidney injury can be reduced by monitoring hemodynamic changes during surgery (especially in high-risk surgeries, such as vascular or cardiac), and optimizing intravascular volume, cardiac output, and oxygenation.<a href=\"epoc://current?article=1\">[1]</a> </P><P>Pretreatment for radiocontrast exposure:</P><P>A lower incidence of toxicity has been seen in patients receiving periprocedural intravenous isotonic saline; however, the protective effect remains controversial. Other studies suggest that the risk of acute kidney injury (AKI) following contrast administration could be overestimated.<a href=\"epoc://current?article=21\">[21]</a> <a href=\"epoc://current?article=22\">[22]</a> Despite this, current guidelines from the American College of Radiology recommend administration of 100 mL/hour intravenous isotonic saline for 6 to 12 hours before and 4 to 12 hours after radiocontrast exposure.<a href=\"epoc://current?article=23\">[23]</a> The European Society of Cardiology guidelines on myocardial revascularization recommend intravenous isotonic saline 1-1.5 mL/kg/hour for 12 hours before and up to 24 hours after the procedure.<a href=\"epoc://current?article=24\">[24]</a> For outpatient or urgent procedures, administration of isotonic saline 1 to 3 hours before and 6 hours after could be beneficial. N-acetylcysteine has been widely used in daily practice. However, a recent study has shown no difference in the rate of contrast-associated AKI compared with placebo. Therefore, it is no longer recommended.<a href=\"epoc://current?article=21\">[21]</a> <a href=\"epoc://current?article=23\">[23]</a> <a href=\"epoc://current?article=25\">[25]</a> </P></div></div></div>",
   "type":"web"},

  {
   "id":"complications",
   "sections":
   [

    {
     "headerText":"High Likelihood",
     "cells":
     [

      {
       "title":"hyperkalemia",
       "type":"flex0",
       "targetHTML":"<div class=\"cell\"><div class=\"cellBlock\"><div class=\"cellBody\"><P>Results in ECG abnormalities (i.e., peaked T waves, increased PR interval, widened QRS, atrial arrest, and deterioration to a sine wave pattern) and cardiac arrhythmias.</P><P>Hyperkalemia may be treated by restriction of dietary intake, potassium binding ion exchange resins, and loop diuretics.</P><P>Emergency measures for this include intravenous insulin and glucose, and hemodialysis.</P><P>If hyperkalemia is refractory to medical treatment or if cardiac manifestations are present, hemodialysis is indicated for rapid potassium normalization.</P><A href=\"epoc://dx/monograph/60\"><B class=\"view-dx-monograph\">View Dx monograph</B></A></div></div></div>"},

      {
       "title":"metabolic acidosis",
       "type":"flex0",
       "targetHTML":"<div class=\"cell\"><div class=\"cellBlock\"><div class=\"cellBody\"><P>Caused by renal impairment.</P><P>Oral bicarbonate preparations such as sodium citrate/citric acid may be used to manage metabolic acidosis.</P><P>Management often requires dialysis if severe and if respiratory compensation is unable to maintain pH.</P><A href=\"epoc://dx/monograph/460\"><B class=\"view-dx-monograph\">View Dx monograph</B></A></div></div></div>"}      ]},

    {
     "headerText":"Medium Likelihood",
     "cells":
     [

      {
       "title":"end-stage renal disease",
       "type":"flex0",
       "targetHTML":"<div class=\"cell\"><div class=\"cellBlock\"><div class=\"cellBody\"><P>Severe kidney injury, especially in patients with underlying kidney disease or other comorbid medical conditions; may not recover and renal replacement therapy may be required.</P></div></div></div>"},

      {
       "title":"anemia",
       "type":"flex0",
       "targetHTML":"<div class=\"cell\"><div class=\"cellBlock\"><div class=\"cellBody\"><P>Caused partly by renal failure but mainly by comorbidities.</P><P>Transfusion agents may be required.</P><A href=\"epoc://dx/monograph/93\"><B class=\"view-dx-monograph\">View Dx monograph</B></A></div></div></div>"}      ]},

    {
     "headerText":"Low Likelihood",
     "cells":
     [

      {
       "title":"uremic bleeding",
       "type":"flex0",
       "targetHTML":"<div class=\"cell\"><div class=\"cellBlock\"><div class=\"cellBody\"><P>Caused by dysfunction of platelets due to uremia.</P><P>Requires treatment with desmopressin, estrogens, correction of anemia, and dialysis.</P></div></div></div>"},

      {
       "title":"uremia",
       "type":"flex0",
       "targetHTML":"<div class=\"cell\"><div class=\"cellBlock\"><div class=\"cellBody\"><P>Uremic toxins accumulate with severe and untreated renal failure resulting in lethargy and confusion. Pericarditis may develop.</P><P>Dialysis is required for management of uremia.</P></div></div></div>"}      ]}    ],
   "type":"table"},

  {
   "id":"guidelines",
   "title":"Acute tubular necrosis",
   "html":"<div class=\"cell\"><div class=\"cellBlock\"><div class=\"cellTitle\">Diagnostic Guidelines</div><div class=\"cellBody\"><p><h4>KDIGO clinical practice guideline for acute kidney injury<a href=\"epoc://current?article=3\">[3]</a> </h4><p><a href=\"https://kdigo.org/guidelines/\">View Society Guidelines</a></p><p><small><b>Published by: </b>Kidney Disease: Improving Global Outcomes</small><br><small><b>Published: </b>2012</small></p><p><small><b>Summary</b><br><P>Provides information about the diagnosis of acute kidney injury.</P></small></p></p><hr></div><br><div class=\"cellTitle\">Treatment Guidelines</div><div class=\"cellBody\"><p><h4>KDIGO clinical practice guideline for acute kidney injury<a href=\"epoc://current?article=3\">[3]</a> </h4><p><a href=\"https://kdigo.org/guidelines/\">View Society Guidelines</a></p><p><small><b>Published by: </b>Kidney Disease: Improving Global Outcomes</small><br><small><b>Published: </b>2012</small></p><p><small><b>Summary</b><br><P>Provides information about the management of acute kidney injury.</P></small></p></p><hr></div></div></div>",
   "type":"web"},

  {
   "id":"p-tx-c_0",
   "title":"ignoreme",
   "html":"<html><div class=\"cell\"><div class=\"cellBlock\"><div class=\"cellTitle\">Comments</div><div class=\"cellBody\"><ul><li>There is no specific therapy for ATN apart from supportive care in maintaining volume status and controlling electrolyte and acid-base abnormalities.<a href=\"epoc://current?article=5\">[5]</a> </li><li>Nephrotoxins should be ceased (preferable) or if this is not possible, dose should be decreased.</li><li>The underlying cause of volume contraction or blood loss needs to be treated along with restoring euvolemia and hemodynamic stability.</li><li>Crystalloid (normal saline or lactated Ringer) is sufficient in most cases for volume expansion.</li><li>In the absence of hemorrhagic shock, isotonic crystalloids rather than colloids (albumin or starches) can be used as initial management for expansion of intravascular volume in patients at risk for acute kidney injury (AKI) or with AKI.<a href=\"epoc://current?article=3\">[3]</a> Nevertheless, there is controversy and contradictory information in the literature when comparing balanced crystalloids versus normal isotonic saline in the critical care patient.<a href=\"epoc://current?article=40\">[40]</a> </li><li>Volume expansion with normal saline has been demonstrated to be beneficial in reducing the risk of contrast-induced nephropathy in patients at risk of contrast-induced AKI.<a href=\"epoc://current?article=44\">[44]</a> Target doses of normal saline at 1 mL/kg/hour have been demonstrated to have benefit.<a href=\"epoc://current?article=45\">[45]</a> </li><li>Most studies suggest starting fluid therapy at least 1 hour before contrast and maintaining for 3-6 hours after. It is important to maintain a good diuretic rate &gt;150 mL/hour after the procedure in order to achieve a euvolemic diuresis. Current guidelines from the American College of Radiology recommend administration of 100 mL/hour intravenous isotonic saline for 6 to 12 hours before and 4 to 12 hours after radiocontrast exposure.<a href=\"epoc://current?article=23\">[23]</a> The European Society of Cardiology guidelines on myocardial revascularization recommend intravenous isotonic saline 1-1.5 mL/kg/hour for 12 hours before and up to 24 hours after the procedure.<a href=\"epoc://current?article=24\">[24]</a> For outpatient or urgent procedures, administration of isotonic saline 1 to 3 hours before and 6 hours after could be beneficial.</li><li>Hemorrhage requires blood product replacement.</li><li>Diuretics should not be used to treat ATN, except in the management of volume overload.<a href=\"epoc://current?article=3\">[3]</a> </li><li>The use of vasopressors in conjunction with fluids is recommended in patients with vasomotor shock with, or at risk for, AKI.<a href=\"epoc://current?article=3\">[3]</a> Vasopressors are used under specialist guidance.</li></ul></div></div></div></html>",
   "type":"web"},

  {
   "id":"tx-0",
   "sections":
   [

    {
     "cells":
     [

      {
       "target":"p-tx-c_0",
       "title":"supportive care",
       "flag":"1st",
       "type":"flex1"}      ]}    ],
   "type":"table"},

  {
   "id":"p-tx-p_0",
   "title":"ignoreme",
   "html":"<html><div class=\"cell\"><div class=\"cellBlock\"><div class=\"cellTitle\">Comments</div><div class=\"cellBody\"><ul><li>There is no specific therapy for ATN apart from supportive care in maintaining volume status and controlling electrolyte and acid-base abnormalities.<a href=\"epoc://current?article=5\">[5]</a> </li><li>Nephrotoxins should be ceased (preferable) or if this is not possible, dose should be decreased.</li><li>The underlying cause of volume contraction or blood loss needs to be treated along with restoring euvolemia and hemodynamic stability.</li><li>Crystalloid (normal saline or lactated Ringer) is sufficient in most cases for volume expansion.</li><li>In the absence of hemorrhagic shock, isotonic crystalloids rather than colloids (albumin or starches) can be used as initial management for expansion of intravascular volume in patients at risk for acute kidney injury (AKI) or with AKI.<a href=\"epoc://current?article=3\">[3]</a> Nevertheless, there is controversy and contradictory information in the literature when comparing balanced crystalloids versus normal isotonic saline in the critical care patient.<a href=\"epoc://current?article=40\">[40]</a> </li><li>Volume expansion with normal saline has been demonstrated to be beneficial in reducing the risk of contrast-induced nephropathy in patients at risk of contrast-induced AKI.<a href=\"epoc://current?article=44\">[44]</a> Target doses of normal saline at 1 mL/kg/hour have been demonstrated to have benefit.<a href=\"epoc://current?article=45\">[45]</a> </li><li>Most studies suggest starting fluid therapy at least 1 hour before contrast and maintaining for 3-6 hours after. It is important to maintain a good diuretic rate &gt;150 mL/hour after the procedure in order to achieve a euvolemic diuresis. Current guidelines from the American College of Radiology recommend administration of 100 mL/hour intravenous isotonic saline for 6 to 12 hours before and 4 to 12 hours after radiocontrast exposure.<a href=\"epoc://current?article=23\">[23]</a> The European Society of Cardiology guidelines on myocardial revascularization recommend intravenous isotonic saline 1-1.5 mL/kg/hour for 12 hours before and up to 24 hours after the procedure.<a href=\"epoc://current?article=24\">[24]</a> For outpatient or urgent procedures, administration of isotonic saline 1 to 3 hours before and 6 hours after could be beneficial.</li><li>Hemorrhage requires blood product replacement.</li><li>Diuretics should not be used to treat ATN, except in the management of volume overload.<a href=\"epoc://current?article=3\">[3]</a> </li><li>The use of vasopressors in conjunction with fluids is recommended in patients with vasomotor shock with, or at risk for, AKI.<a href=\"epoc://current?article=3\">[3]</a> Vasopressors are used under specialist guidance.</li></ul></div></div></div></html>",
   "type":"web"},

  {
   "id":"p-tx-c_1",
   "title":"ignoreme",
   "html":"<html><div class=\"cell\"><div class=\"cellBlock\"><div class=\"cellTitle\">Comments</div><div class=\"cellBody\"><ul><li>Nephrologist consultation recommended.</li><li>Conventional hemodialysis is used in hemodynamically stable patients.</li><li>Other modes of renal replacement include the continuous renal replacement therapies (CRRT). Major commonly used modalities include continuous venovenous hemofiltration (CVVH), continuous venovenous hemodialysis (CVVHD), and continuous venovenous hemodiafiltration (CVVHDF).</li><li>CRRT is most beneficial in hemodynamically unstable patients (e.g., patients with sepsis or severe congestive heart failure) or those in whom aggressive ultrafiltration within the conventional 4- to 6-hour treatment of hemodialysis would not be tolerated.</li><li>Prolonged intermittent renal replacement therapies (PIRRT) combine characteristics of both techniques and could be indicated in unstable patients with low doses of vasoactive drugs.</li><li>The Kidney Disease: Improving Global Outcomes (KDIGO) guidelines provide recommendations on renal replacement therapy for acute kidney injury.<a href=\"epoc://current?article=3\">[3]</a> </li></ul></div></div></div></html>",
   "type":"web"},

  {
   "id":"tx-1",
   "sections":
   [

    {
     "cells":
     [

      {
       "target":"p-tx-p_0",
       "title":"supportive care",
       "flag":"1st",
       "type":"flex1"},

      {
       "target":"p-tx-c_1",
       "title":"renal replacement therapy",
       "flag":"adj.",
       "type":"flex1"}      ]}    ],
   "type":"table"},

  {
   "id":"p-images-i_1",
   "title":"Images",
   "type":"image",
   "image_refs":
   [
0    ]}  ],
 "citations":
 {
  "articles":
  [

   {
    "id":1,
    "key_article":false,
    "ref_article":true,
    "html":"Kellum JA, Prowle JR. Paradigms of acute kidney injury in the intensive care setting. Nat Rev Nephrol. 2018 Apr;14(4):217-30.<a href=\"http://www.ncbi.nlm.nih.gov/pubmed/29355173\"> [Abstract]</a>"},

   {
    "id":2,
    "key_article":false,
    "ref_article":true,
    "html":"Abuelo JG. Normotensive ischemic acute renal failure. N Engl J Med. 2007 Aug 23;357(8):797-805.<a href=\"http://www.ncbi.nlm.nih.gov/pubmed/17715412\"> [Abstract]</a>"},

   {
    "id":3,
    "key_article":false,
    "ref_article":true,
    "html":"Kidney Disease: Improving Global Outcomes (KDIGO) Acute Kidney Injury Work Group. KDIGO clinical practice guideline for acute kidney injury. Kidney Inter Suppl. 2012 Mar;2(1):1-138.<a href=\"https://kdigo.org/wp-content/uploads/2016/10/KDIGO-2012-AKI-Guideline-English.pdf\"> [Full Text]</a>"},

   {
    "id":4,
    "key_article":false,
    "ref_article":true,
    "html":"Bellomo R, Kellum JA, Ronco C. Acute kidney injury. Lancet. 2012 Aug 25;380(9843):756-66.<a href=\"http://www.ncbi.nlm.nih.gov/pubmed/22617274\"> [Abstract]</a>"},

   {
    "id":5,
    "key_article":true,
    "ref_article":true,
    "html":"Gill N, Nally JV Jr, Fatica RA. Renal failure secondary to acute tubular necrosis: epidemiology, diagnosis, and management. Chest. 2005 Oct;128(4):2847-63.<a href=\"http://www.ncbi.nlm.nih.gov/pubmed/16236963\"> [Abstract]</a>"},

   {
    "id":6,
    "key_article":false,
    "ref_article":true,
    "html":"Hoste EAJ, Kellum JA, Selby NM, et al. Global epidemiology and outcomes of acute kidney injury. Nat Rev Nephrol. 2018 Oct;14(10):607-25.<a href=\"http://www.ncbi.nlm.nih.gov/pubmed/30135570\"> [Abstract]</a>"},

   {
    "id":7,
    "key_article":false,
    "ref_article":true,
    "html":"Kellum JA, Bellomo R, Ronco C. Kidney attack. JAMA. 2012 Jun 6;307(21):2265-6.<a href=\"http://www.ncbi.nlm.nih.gov/pubmed/22572776\"> [Abstract]</a>"},

   {
    "id":8,
    "key_article":false,
    "ref_article":true,
    "html":"United States Renal Data System. Chapter 6: Acute kidney injury. In: 2013 USRDS annual data report: Atlas of chronic kidney disease in the United States. Bethesda, MD: National Institutes of Health, National Institute of Diabetes and Digestive and Kidney Diseases;2013:95-106.<a href=\"https://www.usrds.org/media/1490/v1_ch6_13.pdf\"> [Full Text]</a>"},

   {
    "id":9,
    "key_article":false,
    "ref_article":true,
    "html":"Bedford M, Stevens PE, Wheeler TW, et al. What is the real impact of acute kidney injury? BMC Nephrol. 2014 Jun 21;15:95.<a href=\"http://www.ncbi.nlm.nih.gov/pubmed/24952580\"> [Abstract]</a><a href=\"https://bmcnephrol.biomedcentral.com/articles/10.1186/1471-2369-15-95\"> [Full Text]</a>"},

   {
    "id":10,
    "key_article":false,
    "ref_article":true,
    "html":"Basile DP, Anderson MD, Sutton TA. Pathophysiology of acute kidney injury. Compr Physiol. 2012 Apr;2(2):1303-53.<a href=\"http://www.ncbi.nlm.nih.gov/pubmed/23798302\"> [Abstract]</a><a href=\"https://www.ncbi.nlm.nih.gov/pmc/articles/PMC3919808/\"> [Full Text]</a>"},

   {
    "id":11,
    "key_article":false,
    "ref_article":true,
    "html":"Mangan C, Stott MC, Dhanda R. Renal physiology: blood flow, glomerular filtration and plasma clearance. Anaesth Intensive Care Med. 2018 May;19(5):254-7."},

   {
    "id":12,
    "key_article":false,
    "ref_article":true,
    "html":"Sharfuddin AA, Molitoris BA. Pathophysiology of ischemic acute kidney injury. Nat Rev Nephrol. 2011 Apr;7(4):189-200.<a href=\"http://www.ncbi.nlm.nih.gov/pubmed/21364518\"> [Abstract]</a>"},

   {
    "id":13,
    "key_article":false,
    "ref_article":true,
    "html":"Pannu N, James M, Hemmelgarn BR, et al. Modification of outcomes after acute kidney injury by the presence of CKD. Am J Kidney Dis. 2011 Aug;58(2):206-13.<a href=\"http://www.ncbi.nlm.nih.gov/pubmed/21496979\"> [Abstract]</a>"},

   {
    "id":14,
    "key_article":false,
    "ref_article":true,
    "html":"Saran R, Robinson B, Abbott KC, et al. US Renal Data System 2016 annual data report: epidemiology of kidney disease in the United States. Am J Kidney Dis. 2017 Mar;69(3 suppl 1):A7-A8.<a href=\"http://www.ncbi.nlm.nih.gov/pubmed/28236831\"> [Abstract]</a><a href=\"https://www.ajkd.org/article/S0272-6386(16)30703-X/fulltext\"> [Full Text]</a>"},

   {
    "id":15,
    "key_article":false,
    "ref_article":true,
    "html":"Waikar SS, Liu KD, Chertow GM. Diagnosis, epidemiology and outcomes of acute kidney injury. Clin J Am Soc Nephrol. 2008 May;3(3):844-61.<a href=\"http://www.ncbi.nlm.nih.gov/pubmed/18337550\"> [Abstract]</a><a href=\"https://cjasn.asnjournals.org/content/3/3/844.long\"> [Full Text]</a>"},

   {
    "id":16,
    "key_article":false,
    "ref_article":true,
    "html":"James MT, Grams ME, Woodward M, et al. A meta-analysis of the association of estimated GFR, albuminuria, diabetes mellitus, and hypertension with acute kidney injury. Am J Kidney Dis. 2015 Oct;66(4):602-12.<a href=\"http://www.ncbi.nlm.nih.gov/pubmed/25975964\"> [Abstract]</a><a href=\"https://www.ncbi.nlm.nih.gov/pmc/articles/PMC4594211/\"> [Full Text]</a>"},

   {
    "id":17,
    "key_article":false,
    "ref_article":true,
    "html":"Brenner B. The kidney. 7th ed. Philadelphia, PA: WB Saunders; 2003: Chapter 27."},

   {
    "id":18,
    "key_article":false,
    "ref_article":true,
    "html":"Cheung CM, Ponnusamy A, Anderton JG. Management of acute renal failure in the elderly patient: a clinician's guide. Drugs Aging. 2008;25(6):455-76.<a href=\"http://www.ncbi.nlm.nih.gov/pubmed/18540687\"> [Abstract]</a>"},

   {
    "id":19,
    "key_article":false,
    "ref_article":true,
    "html":"Prowle J, Bagshaw SM, Bellomo R. Renal blood flow, fractional excretion of sodium and acute kidney injury: time for a new paradigm? Curr Opin Crit Care. 2012 Dec;18(6):585-92.<a href=\"http://www.ncbi.nlm.nih.gov/pubmed/22954663\"> [Abstract]</a>"},

   {
    "id":20,
    "key_article":false,
    "ref_article":true,
    "html":"Ostermann M, Liu K. Pathophysiology of AKI. Best Pract Res Clin Anaesthesiol. 2017 Sep;31(3):305-14.<a href=\"http://www.ncbi.nlm.nih.gov/pubmed/29248138\"> [Abstract]</a>"},

   {
    "id":21,
    "key_article":false,
    "ref_article":true,
    "html":"Mehran R, Dangas GD, Weisbord SD. Contrast-associated acute kidney injury. N Engl J Med. 2019 May 30;380(22):2146-55.<a href=\"http://www.ncbi.nlm.nih.gov/pubmed/31141635\"> [Abstract]</a>"},

   {
    "id":22,
    "key_article":false,
    "ref_article":true,
    "html":"McDonald JS, McDonald RJ, Carter RE, et al. Risk of intravenous contrast material-mediated acute kidney injury: a propensity score-matched study stratified by baseline-estimated glomerular filtration rate. Radiology. 2014 Apr;271(1):65-73.<a href=\"http://www.ncbi.nlm.nih.gov/pubmed/24475854\"> [Abstract]</a><a href=\"https://pubs.rsna.org/doi/10.1148/radiol.13130775\"> [Full Text]</a>"},

   {
    "id":23,
    "key_article":false,
    "ref_article":true,
    "html":"ACR Committee on Drugs and Contrast Media. ACR manual on contrast media. 2020 [internet publication].<a href=\"https://www.acr.org/-/media/ACR/Files/Clinical-Resources/Contrast_Media.pdf\"> [Full Text]</a>"},

   {
    "id":24,
    "key_article":false,
    "ref_article":true,
    "html":"Sousa-Uva M, Neumann FJ, Ahlsson A, et al. 2018 ESC/EACTS guidelines on myocardial revascularization. Eur J Cardiothorac Surg. 2019 Jan 1;55(1):4-90.<a href=\"http://www.ncbi.nlm.nih.gov/pubmed/30165632\"> [Abstract]</a><a href=\"https://academic.oup.com/ejcts/article/55/1/4/5079878\"> [Full Text]</a>"},

   {
    "id":25,
    "key_article":false,
    "ref_article":true,
    "html":"Weisbord SD, Gallagher M, Jneid H, et al. Outcomes after angiography with sodium bicarbonate and acetylcysteine. N Engl J Med. 2018 Feb 15;378(7):603-14.<a href=\"http://www.ncbi.nlm.nih.gov/pubmed/29130810\"> [Abstract]</a><a href=\"https://www.nejm.org/doi/full/10.1056/NEJMoa1710933\"> [Full Text]</a>"},

   {
    "id":26,
    "key_article":false,
    "ref_article":true,
    "html":"Bosch X, Poch E, Grau JM. Rhabdomyolysis and acute kidney injury. N Engl J Med. 2009 Jul 2;361(1):62-72.<a href=\"http://www.ncbi.nlm.nih.gov/pubmed/19571284\"> [Abstract]</a>"},

   {
    "id":27,
    "key_article":false,
    "ref_article":true,
    "html":"Cavanaugh C, Perazella MA. Urine sediment examination in the diagnosis and management of kidney disease: core curriculum 2019. Am J Kidney Dis. 2019 Feb;73(2):258-72.<a href=\"http://www.ncbi.nlm.nih.gov/pubmed/30249419\"> [Abstract]</a><a href=\"https://www.ajkd.org/article/S0272-6386(18)30873-4/fulltext\"> [Full Text]</a>"},

   {
    "id":28,
    "key_article":false,
    "ref_article":true,
    "html":"Tenorio Cañamas M, Galeano Alvarez C, Rodríguez Mendiola N, et al. Differential diagnosis of acute renal failure [in Spanish]. Revista de Nefrologia. 2010 Oct;3(2):1-58.<a href=\"https://www.revistanefrologia.com/es-diagnostico-diferencial-insuficiencia-renal-aguda-articulo-X1888970010000728\"> [Full Text]</a>"},

   {
    "id":29,
    "key_article":false,
    "ref_article":true,
    "html":"Carvounis CP, Nisar S, Guro-Razuman S. Significance of the fractional excretion of urea in the differential diagnosis of acute renal failure. Kidney Int. 2002 Dec;62(6):2223-9.<a href=\"http://www.ncbi.nlm.nih.gov/pubmed/12427149\"> [Abstract]</a><a href=\"https://www.kidney-international.org/article/S0085-2538(15)48792-7/fulltext\"> [Full Text]</a>"},

   {
    "id":30,
    "key_article":false,
    "ref_article":true,
    "html":"Claure-Del Granado R, Mehta RL. Fluid overload in the ICU: evaluation and management. BMC Nephrol. 2016 Aug 2;17(1):109.<a href=\"http://www.ncbi.nlm.nih.gov/pubmed/27484681\"> [Abstract]</a><a href=\"https://bmcnephrol.biomedcentral.com/articles/10.1186/s12882-016-0323-6\"> [Full Text]</a>"},

   {
    "id":31,
    "key_article":false,
    "ref_article":true,
    "html":"Parikh CR, Lu JC, Coca SG, et al. Tubular proteinuria in acute kidney injury: a critical evaluation of current status and future promise. Ann Clin Biochem. 2010 Jul;47(Pt 4):301-12.<a href=\"http://www.ncbi.nlm.nih.gov/pubmed/20511371\"> [Abstract]</a><a href=\"http://journals.sagepub.com/doi/full/10.1258/acb.2010.010076\"> [Full Text]</a>"},

   {
    "id":32,
    "key_article":false,
    "ref_article":true,
    "html":"Makris K, Spanou L. Acute kidney injury: diagnostic approaches and controversies. Clin Biochem Rev. 2016 Dec;37(4):153-75.<a href=\"http://www.ncbi.nlm.nih.gov/pubmed/28167845\"> [Abstract]</a><a href=\"https://www.ncbi.nlm.nih.gov/pmc/articles/PMC5242479/\"> [Full Text]</a>"},

   {
    "id":33,
    "key_article":false,
    "ref_article":true,
    "html":"Waring WS, Moonie A. Earlier recognition of nephrotoxicity using novel biomarkers of acute kidney injury. Clin Toxicol (Phila). 2011 Oct;49(8):720-8.<a href=\"http://www.ncbi.nlm.nih.gov/pubmed/21970770\"> [Abstract]</a>"},

   {
    "id":34,
    "key_article":false,
    "ref_article":true,
    "html":"Huang Y, Don-Wauchope AC. The clinical utility of kidney injury molecule 1 in the prediction, diagnosis and prognosis of acute kidney injury: a systematic review. Inflamm Allergy Drug Targets. 2011 Aug;10(4):260-71.<a href=\"http://www.ncbi.nlm.nih.gov/pubmed/21539514\"> [Abstract]</a>"},

   {
    "id":35,
    "key_article":false,
    "ref_article":true,
    "html":"Clerico A, Galli C, Fortunato A, et al. Neutrophil gelatinase-associated lipocalin (NGAL) as biomarker of acute kidney injury: a review of the laboratory characteristics and clinical evidences. Clin Chem Lab Med. 2012 Feb 15;50(9):1505-17.<a href=\"http://www.ncbi.nlm.nih.gov/pubmed/22962216\"> [Abstract]</a>"},

   {
    "id":36,
    "key_article":false,
    "ref_article":true,
    "html":"Puthumana J, Ariza X, Belcher JM, et al. Urine interleukin 18 and lipocalin 2 are biomarkers of acute tubular necrosis in patients with cirrhosis: a systematic review and meta-analysis. Clin Gastroenterol Hepatol. 2017 Jul;15(7):1003-1013.e3.<a href=\"http://www.ncbi.nlm.nih.gov/pubmed/28013112\"> [Abstract]</a>"},

   {
    "id":37,
    "key_article":false,
    "ref_article":true,
    "html":"Jia HM, Huang LF, Zheng Y, et al. Prognostic value of cell cycle arrest biomarkers in patients at high risk for acute kidney injury: a systematic review and meta-analysis. Nephrology (Carlton). 2017 Nov;22(11):831-7.<a href=\"http://www.ncbi.nlm.nih.gov/pubmed/28646585\"> [Abstract]</a><a href=\"https://onlinelibrary.wiley.com/doi/full/10.1111/nep.13095\"> [Full Text]</a>"},

   {
    "id":38,
    "key_article":false,
    "ref_article":true,
    "html":"Parikh CR, Mansour SG. Perspective on clinical application of biomarkers in AKI. J Am Soc Nephrol. 2017 Jun;28(6):1677-85.<a href=\"http://www.ncbi.nlm.nih.gov/pubmed/28220028\"> [Abstract]</a><a href=\"https://jasn.asnjournals.org/content/28/6/1677.long\"> [Full Text]</a>"},

   {
    "id":39,
    "key_article":false,
    "ref_article":true,
    "html":"Kanbay M, Kasapoglu B, Perazella MA. Acute tubular necrosis and pre-renal acute kidney injury: utility of urine microscopy in their evaluation - a systematic review. Int Urol Nephrol. 2010 Jun;42(2):425-33.<a href=\"http://www.ncbi.nlm.nih.gov/pubmed/19921458\"> [Abstract]</a>"},

   {
    "id":40,
    "key_article":false,
    "ref_article":true,
    "html":"Hammond NE, Taylor C, Finfer S, et al. Patterns of intravenous fluid resuscitation use in adult intensive care patients between 2007 and 2014: an international cross-sectional study. PLoS One. 2017 May 12;12(5):e0176292.<a href=\"http://www.ncbi.nlm.nih.gov/pubmed/28498856\"> [Abstract]</a><a href=\"https://journals.plos.org/plosone/article?id=10.1371/journal.pone.0176292\"> [Full Text]</a>"},

   {
    "id":41,
    "key_article":false,
    "ref_article":true,
    "html":"Myburgh JA, Mythen MG. Resuscitation fluids. N Engl J Med. 2013 Sep 26;369(13):1243-51.<a href=\"http://www.ncbi.nlm.nih.gov/pubmed/24066745\"> [Abstract]</a><a href=\"https://www.nejm.org/doi/full/10.1056/NEJMra1208627\"> [Full Text]</a>"},

   {
    "id":42,
    "key_article":false,
    "ref_article":true,
    "html":"Zayed YZM, Aburahma AMY, Barbarawi MO, et al. Balanced crystalloids versus isotonic saline in critically ill patients: systematic review and meta-analysis. J Intensive Care. 2018 Aug 17;6:51.<a href=\"http://www.ncbi.nlm.nih.gov/pubmed/30140441\"> [Abstract]</a><a href=\"https://jintensivecare.biomedcentral.com/articles/10.1186/s40560-018-0320-x\"> [Full Text]</a>"},

   {
    "id":43,
    "key_article":false,
    "ref_article":true,
    "html":"Prowle JR, Kirwan CJ, Bellomo R. Fluid management for the prevention and attenuation of acute kidney injury. Nat Rev Nephrol. 2014 Jan;10(1):37-47.<a href=\"http://www.ncbi.nlm.nih.gov/pubmed/24217464\"> [Abstract]</a>"},

   {
    "id":44,
    "key_article":false,
    "ref_article":true,
    "html":"National Institute for Health and Care Excellence. Acute kidney injury: prevention, detection and management. December 2019 [internet publication].<a href=\"https://www.nice.org.uk/guidance/ng148\"> [Full Text]</a>"},

   {
    "id":45,
    "key_article":false,
    "ref_article":true,
    "html":"Barrett BJ, Parfey PS. Clinical practice. Preventing nephropathy induced by contrast medium. N Engl J Med. 2006 Jan 26;354(4):379-86.<a href=\"http://www.ncbi.nlm.nih.gov/pubmed/16436769\"> [Abstract]</a>"},

   {
    "id":46,
    "key_article":false,
    "ref_article":true,
    "html":"Bagshaw SM, Gibney RTN, Kruger P, et al. The effect of low-dose furosemide in critically ill patients with early acute kidney injury: a pilot randomized blinded controlled trial (the SPARK study). J Crit Care. 2017 Dec;42:138-46.<a href=\"http://www.ncbi.nlm.nih.gov/pubmed/28732314\"> [Abstract]</a>"},

   {
    "id":47,
    "key_article":false,
    "ref_article":true,
    "html":"Schetz M, Forni LG, Joannidis M. Does this patient with AKI need RRT? Intensive Care Med. 2016 Jul;42(7):1155-8.<a href=\"http://www.ncbi.nlm.nih.gov/pubmed/26690077\"> [Abstract]</a>"},

   {
    "id":48,
    "key_article":false,
    "ref_article":true,
    "html":"Barbar SD, Clere-Jehl R, Bourredjem A, et al. Timing of renal-replacement therapy in patients with acute kidney injury and sepsis. N Engl J Med. 2018 Oct 11;379(15):1431-42.<a href=\"http://www.ncbi.nlm.nih.gov/pubmed/30304656\"> [Abstract]</a><a href=\"https://www.nejm.org/doi/full/10.1056/NEJMoa1803213\"> [Full Text]</a>"},

   {
    "id":49,
    "key_article":false,
    "ref_article":true,
    "html":"Zarbock A, Kellum JA, Schmidt C, et al. Effect of early vs delayed initiation of renal replacement therapy on mortality in critically ill patients with acute kidney injury: the ELAIN randomized clinical trial. JAMA. 2016 May 24-31;315(20):2190-9.<a href=\"http://www.ncbi.nlm.nih.gov/pubmed/27209269\"> [Abstract]</a><a href=\"https://jamanetwork.com/journals/jama/fullarticle/2522434\"> [Full Text]</a>"},

   {
    "id":50,
    "key_article":false,
    "ref_article":true,
    "html":"Ronco C, Bellomo R, Homel P, et al. Effects of different doses in continuous veno-venous haemofiltration on outcomes of acute renal failure: a prospective randomised trial. Lancet. 2000 Jul 1;356(9223):26-30.<a href=\"http://www.ncbi.nlm.nih.gov/pubmed/10892761\"> [Abstract]</a>"},

   {
    "id":51,
    "key_article":false,
    "ref_article":true,
    "html":"Saudan P, Niederberger M, De Seigneux S, et al. Adding a dialysis dose to continuous hemofiltration increases survival in patients with acute renal failure. Kidney Int. 2006 Oct;70(7):1312-7.<a href=\"http://www.ncbi.nlm.nih.gov/pubmed/16850022\"> [Abstract]</a>"},

   {
    "id":52,
    "key_article":false,
    "ref_article":true,
    "html":"Ronco C. Continuous renal replacement therapies for the treatment of acute renal failure in intensive care patients. Clin Nephrol. 1993 Oct;40(4):187-98.<a href=\"http://www.ncbi.nlm.nih.gov/pubmed/8261674\"> [Abstract]</a>"},

   {
    "id":53,
    "key_article":false,
    "ref_article":true,
    "html":"Hulse M, Rosner MH. Drugs in development for acute kidney injury. Drugs. 2019 Jun;79(8):811-21.<a href=\"http://www.ncbi.nlm.nih.gov/pubmed/31004331\"> [Abstract]</a>"},

   {
    "id":54,
    "key_article":false,
    "ref_article":true,
    "html":"Kelly KJ, Plotkin Z, Vulgamott SL, et al. P53 mediates the apoptotic response to GTP depletion after renal ischemia-reperfusion: protective role of a p53 inhibitor. J Am Soc Nephrol. 2003 Jan;14(1):128-38.<a href=\"http://www.ncbi.nlm.nih.gov/pubmed/12506145\"> [Abstract]</a><a href=\"https://jasn.asnjournals.org/content/14/1/128.long\"> [Full Text]</a>"},

   {
    "id":55,
    "key_article":false,
    "ref_article":true,
    "html":"Nakatani T, Kim T, Uchida J, et al. Hepatocyte growth factor ameliorates renal hemodynamic disorder after ischemia/reperfusion. Int J Mol Med. 2002 Aug;10(2):217-9.<a href=\"http://www.ncbi.nlm.nih.gov/pubmed/12119562\"> [Abstract]</a>"},

   {
    "id":56,
    "key_article":false,
    "ref_article":true,
    "html":"Golestaneh L, Melamed ML, Hostetter TH. Uremic memory: the role of acute kidney injury in long-term outcomes. Kidney Int. 2009 Oct;76(8):813-4.<a href=\"http://www.ncbi.nlm.nih.gov/pubmed/19789540\"> [Abstract]</a><a href=\"https://www.kidney-international.org/article/S0085-2538(15)54089-1/fulltext\"> [Full Text]</a>"},

   {
    "id":57,
    "key_article":false,
    "ref_article":true,
    "html":"Brito GA, Balbi AL, Abrão JM, et al. Long-term outcome of patients followed by nephrologists after an acute tubular necrosis episode. Int J Nephrol. 2012;2012:361528.<a href=\"http://www.ncbi.nlm.nih.gov/pubmed/23227335\"> [Abstract]</a>"}   ],
  "online_refs":
  [

   {
    "id":1,
    "title":"National Kidney Foundation: kidney disease",
    "url":"https://www.kidney.org/atoz/atozTopic_KidneyDisease"}   ]},
 "media":
 [

  {
   "file":"933-2.jpg",
   "thumb":"933-2-tn.jpg",
   "caption":"Denuded basement membranes and presence of cells in the tubule lumen",
   "hilight":"false",
   "iline":"false",
   "auth":"false",
   "source":"Courtesy of Puigvert Foundation, Barcelona, Spain"}  ]}