
{
 "id":972,
 "title":"Orthostatic hypotension",
 "views":
 [

  {
   "id":"root",
   "type":"table",
   "sections":
   [

    {
     "cells":
     [

      {
       "target":"highlights",
       "title":"Highlights & Basics",
       "type":"flex0"}      ]},

    {
     "cells":
     [

      {
       "target":"tx_options",
       "title":"Treatment Options",
       "type":"flex0"},

      {
       "target":"tx_approach",
       "title":"Treatment Approach",
       "type":"flex0"},

      {
       "target":"hxexam",
       "title":"History & Exam",
       "type":"flex0"},

      {
       "target":"tests",
       "title":"Tests",
       "type":"flex0"},

      {
       "target":"differentials",
       "title":"Differential Diagnosis",
       "type":"flex0"},

      {
       "target":"diag_approach",
       "title":"Diagnostic Approach",
       "type":"flex0"},

      {
       "target":"followup",
       "title":"Follow-up",
       "type":"flex0"},

      {
       "target":"prevention",
       "title":"Prevention",
       "type":"flex0"},

      {
       "target":"complications",
       "title":"Complications",
       "type":"flex0"},

      {
       "target":"guidelines",
       "title":"Society Guidelines",
       "type":"flex0"}      ]}    ]},

  {
   "id":"highlights",
   "title":"Orthostatic hypotension",
   "html":"<div class=\"cell\"><div class=\"cellBlock\"><div class=\"cellTitle\">Key Highlights</div><div class=\"cellBody\"><ul><li>An independent predictor of mortality and the cause of significant morbidity associated with falls.</li><li>A common problem in frail older people. Orthostatic hypotension-related hospitalizations increase markedly with age.</li><li>Common causes include drugs (e.g., alpha-blockers, including tamsulosin [used for treating conditions such as benign prostatic hypertrophy], and diuretics), diseases causing peripheral neuropathy (e.g., diabetes mellitus), Parkinson disease, and dementia with Lewy bodies.</li><li>Primary neurodegenerative disorders of the autonomic nervous system (pure autonomic failure, and multiple system atrophy or Shy-Drager syndrome) are less common, but cause severe orthostatic hypotension.</li><li>Acute or subacute onset should suggest an autoimmune or paraneoplastic disorder.</li><li>Treatment consists of addressing any underlying pathology, when possible, followed by discontinuing or reducing the dose of aggravating drugs, and nonpharmacologic countermeasures (e.g., liberalization of salt intake, use of abdominal binders or compression stockings). Volume expansion (using mineralocorticoid therapy), short-acting vasopressors, or norepinephrine precursor therapy with droxidopa are adjunctive therapies when nonpharmacologic measures are insufficient.</li></ul></div><div class=\"cellTitle\">Definition</div><div class=\"cellBody\"><P>Orthostatic hypotension is defined as a fall in systolic blood pressure of at least 20 mmHg (at least 30 mmHg in patients with hypertension) and/or a fall in diastolic blood pressure of at least 10 mmHg within 3 minutes of standing. When orthostatic hypotension has an underlying neurogenic cause (e.g., peripheral neuropathy) it is associated with a blunted increase in heart rate, typically less than 15 bpm.<a href=\"epoc://current?article=1\">[1]</a> Orthostatic hypotension becomes clinically significant if it is accompanied by symptoms of cerebral hypoperfusion, which can lead to syncope and falls. This topic concentrates on orthostatic hypotension caused by autonomic problems.</P></div><div class=\"cellTitle\">Epidemiology</div><div class=\"cellBody\"><P>The prevalence of orthostatic hypotension is greater in older people, but varies widely depending on the underlying medical condition. In older community dwellers the prevalence is 11% to 16%, but this increases greatly among older people in nursing homes or geriatric wards (50% and 68%, respectively).<a href=\"epoc://current?article=2\">[2]</a> <a href=\"epoc://current?article=3\">[3]</a> <a href=\"epoc://current?article=4\">[4]</a> <a href=\"epoc://current?article=5\">[5]</a> <a href=\"epoc://current?article=6\">[6]</a> The high prevalence among institutionalized patients probably reflects the presence of multiple risk factors in this population, such as neurodegenerative diseases that cause orthostatic hypotension, the use of medications that may impair a proper response to postural changes (e.g., antihypertensives, antidepressants), and physical inactivity leading to deconditioning.</P></div><div class=\"cellTitle\">Etiology</div><div class=\"cellBody\"><P>Healthy aging is associated with decreased autonomic buffering capacity, which can impair adaptation to orthostatic stress. This predisposes older people to orthostatic hypotension, which may be triggered by medications (e.g., alpha-blockers [used for treating conditions such as benign prostatic hypertrophy], diuretics, tricyclic antidepressants, and antihypertensives) or other circumstances (e.g., volume depletion, physical deconditioning due to prolonged bed rest).</P><P>Many diseases that cause peripheral neuropathy (most notably diabetes mellitus and amyloidosis) can produce autonomic neuropathy and neurogenic orthostatic hypotension.</P><P>Patients with Parkinson disease and Lewy body dementia, two related conditions, frequently suffer neurogenic orthostatic hypotension of varying severity. Other neurodegenerative disorders that affect the autonomic nervous system are less common but are associated with severe orthostatic hypotension. These include pure autonomic failure (a Lewy body disease in which mostly the peripheral autonomic nerves are involved, without a movement disorder phenotype) and multiple system atrophy (MSA, previously called Shy-Drager syndrome), which can have atypical parkinsonian features (MSA-P) or symptoms of cerebellar ataxia (MSA-C).<a href=\"epoc://current?article=7\">[7]</a> </P><P>An acute or subacute onset of progressive autonomic failure may be caused by an autoimmune autonomic ganglionopathy (often with antibodies against the nicotinic acetylcholine receptor)<a href=\"epoc://current?article=8\">[8]</a> or a paraneoplastic syndrome (most often small cell lung cancer, monoclonal gammopathies, or light-chain disease).</P></div><div class=\"cellTitle\">Authors / Peer Reviewers</div><div class=\"cellBody\"><ul><li>Italo Biaggioni, MD</li><li>Lucy Norcliffe-Kaufmann, PhD</li><li>Horacio Kaufmann, MD</li><li>Phillip A. Low, MD</li><li>William P. Cheshire, MD</li><li>Alan Moore, MB, FRCPI</li></ul></div><br><b class=\"last-updated display-none\">Last Updated: 2020-08-28</b><div style=\"display: none\" class=\"last-updated\"><div class=\"last-updated-label\">Last Updated</div><div class=\"last-updated-date\">2020-08-28</div></div></div></div>",
   "type":"web"},

  {
   "id":"tx_options",
   "sections":
   [

    {
     "headerText":"Acute",
     "cells":
     [

      {
       "target":"tx-0",
       "title":"all patients",
       "type":"flex0"}      ]}    ],
   "type":"table"},

  {
   "id":"tx_approach",
   "title":"Orthostatic hypotension",
   "html":"<div class=\"cell\"><div class=\"cellBlock\"><div class=\"cellBody\"><P>The goal of treatment is to improve symptoms and quality of life by increasing standing blood pressure to a level that does not cause symptoms of cerebral hypoperfusion, and to prevent falls and morbidities associated with orthostatic hypotension. It is important to treat symptoms rather than blood pressure levels. Orthostatic hypotension can be effectively treated with a combination of pharmacologic and nonpharmacologic interventions. However, antihypotensive drugs frequently worsen supine hypertension, and most are recommended based upon expert opinion with limited evidence supporting their use.<a href=\"epoc://current?article=12\">[12]</a> </P></div><div class=\"cellTitle\">Elimination of aggravating factors</div><div class=\"cellBody\"><P>Medications that induce or aggravate orthostatic hypotension (e.g., amitriptyline and other antidepressants, diuretics and other antihypertensive agents, alpha-blockers, sildenafil and other phosphodiesterase-5 inhibitors) should be carefully reviewed and eliminated, if appropriate.<a href=\"epoc://current?article=17\">[17]</a> Even \"bladder-selective\" alpha-blockers, such as tamsulosin, can aggravate orthostatic hypotension in older men,<a href=\"epoc://current?article=18\">[18]</a> and increase the risk of hip fracture.<a href=\"epoc://current?article=19\">[19]</a> The alpha-agonist activity of some centrally acting muscle relaxants, such as tizanidine, is similar to that of clonidine.</P></div><div class=\"cellTitle\">Orthostatic hypotension in hypertensive patients</div><div class=\"cellBody\"><P>Hypertension is a risk factor for orthostatic hypotension, and both conditions commonly coexist in older patients. Although certain antihypertensive agents can trigger or worsen orthostatic hypotension, complete withdrawal of antihypertensives is not appropriate as this will lead to pressure diuresis and worsening of orthostatic hypotension. Judicious use of antihypertensives (e.g., ACE inhibitors, angiotensin-II receptor antagonists) and avoiding agents likely to cause orthostatic hypotension (e.g., alpha-blockers, diuretics) is therefore recommended.</P></div><div class=\"cellTitle\">Lifestyle changes</div><div class=\"cellBody\"><P>Patients should first sit when going from a supine to a standing position. Straining during bowel movements or performing Valsalva-like maneuvers during isometric exercise may significantly reduce venous return to the heart and worsen orthostatic hypotension, leading to syncope. Constipation should therefore be treated aggressively. Eating frequent, small meals is often effective in lessening postprandial blood pressure falls.</P><P>Patients should be aware that hot environments lead to cutaneous vasodilation to dissipate heat and may worsen orthostatic hypotension.</P></div><div class=\"cellTitle\">Physical measures</div><div class=\"cellBody\"><P>The use of physical counter-maneuvers when upright, such as leg-crossing, standing on tiptoes, and muscle tensing, increases venous return to the heart and enhances orthostatic tolerance. Custom-made full-length elastic stockings can be useful in preventing pooling in the lower extremities but can be difficult to use. An abdominal binder can be tried first.<a href=\"epoc://current?article=20\">[20]</a> </P></div><div class=\"cellTitle\">Volume expansion</div><div class=\"cellBody\"><P>Patients should liberalize their dietary salt intake or use sodium chloride tablets with each meal and drink at least 2 liters of water a day. Tilting the head of the bed up during the night, by inserting blocks 6 to 9 inches (15-22 cm) high under the headposts, reduces overnight sodium and water excretion by the kidney and lessens orthostatic hypotension in the morning.</P><P>In patients in whom these measures do not achieve the desired result, consideration can be given to treatment with fludrocortisone, a synthetic mineralocorticoid. When combined with a high salt, fludrocortisone intake raises blood pressure.<a href=\"epoc://current?article=21\">[21]</a> Potassium supplementation may be needed, because fludrocortisone increases renal potassium excretion. Fludrocortisone should be used with extreme caution as it results in hypertension when supine, promotes cardiac fibrosis, and may accelerate progression of renal deterioration.<a href=\"epoc://current?article=22\">[22]</a> </P></div><div class=\"cellTitle\">Short-acting pressor agents</div><div class=\"cellBody\"><P>When nonpharmacologic measures and mineralocorticoids are not sufficient to alleviate symptoms, short-acting pressor agents can be added. Vasoconstrictor agents such as the selective alpha-1-adrenoreceptor agonist midodrine increase blood pressure and improve symptoms of orthostatic hypotension.<a href=\"epoc://current?article=23\">[23]</a> <a href=\"epoc://current?article=24\">[24]</a> Side effects of midodrine include pilomotor reactions, pruritus, supine hypertension, and urinary retention. Pyridostigmine, an acetylcholinesterase inhibitor, is used in the treatment of orthostatic hypotension.<a href=\"epoc://current?article=25\">[25]</a> It has modest pressor effects but can help patients with mild-to-moderate orthostatic hypotension. The norepinephrine-reuptake inhibitor atomoxetine can acutely improve upright blood pressure and ameliorate symptoms in some patients,<a href=\"epoc://current?article=26\">[26]</a> <a href=\"epoc://current?article=27\">[27]</a> but long-term efficacy has not been demonstrated.</P><P>These agents should be used as needed, within the prescribed daily frequencies, and taken about 1 hour before the factor that precipitates a hypotensive episode (e.g., upright activity, meals), so that their pressor effect coincides with the expected nadir in blood pressure. They should be avoided before bed.</P></div><div class=\"cellTitle\">Droxidopa</div><div class=\"cellBody\"><P>Droxidopa is a prodrug that is converted to norepinephrine in the body (by the same enzyme that converts levodopa to dopamine).<a href=\"epoc://current?article=28\">[28]</a> It is an alternative option to short-acting pressor agents. It increases blood pressure, with a peak effect about 3 hours after administration, and improves symptoms associated with orthostatic hypotension. Droxidopa has been approved by the Food and Drug Administration (FDA) for the treatment of neurogenic orthostatic hypotension, based upon randomized controlled trials demonstrating symptom improvement after 1 week of treatment.<a href=\"epoc://current?article=29\">[29]</a> <a href=\"epoc://current?article=30\">[30]</a> The FDA requires longer-term post-marketing studies to determine persistence of effect.</P></div><div class=\"cellTitle\">Correction of anemia</div><div class=\"cellBody\"><P>In patients who do not respond adequately to other interventions, treatment with recombinant erythropoietin to correct the anemia that is common in chronic autonomic disorders increases upright blood pressure and improves symptoms of orthostatic hypotension.<a href=\"epoc://current?article=31\">[31]</a> <a href=\"epoc://current?article=32\">[32]</a> Erythropoietin dose is titrated to maintain a hematocrit of 40% to 45%. Iron supplementation may be needed to prevent or treat iron deficiency. The long-term safety of this approach has not been determined.</P></div></div></div>",
   "type":"web"},

  {
   "id":"hxexam_details",
   "sections":
   [

    {
     "type":"table",
     "headerText":"Strong",
     "cells":
     [

      {
       "title":"frailty and physical deconditioning",
       "type":"flex0",
       "targetHTML":"<div class=\"cell\"><div class=\"cellBlock\"><div class=\"cellBody\"><P>Prolonged bed rest and general frailty can make normal age-related reduction in baroreflex buffering clinically significant, leading to symptomatic orthostatic hypotension. It can also cause skeletal and cardiac muscle atrophy, leading to reduced cardiac output.</P></div></div></div>"},

      {
       "title":"medications that impair sympathetic tone",
       "type":"flex0",
       "targetHTML":"<div class=\"cell\"><div class=\"cellBlock\"><div class=\"cellBody\"><P>Medications such as alpha-blockers (including tamsulosin), some antihypertensive agents (including diuretics), and antidepressants increase the likelihood of orthostatic hypotension.</P></div></div></div>"},

      {
       "title":"volume depletion/anemia",
       "type":"flex0",
       "targetHTML":"<div class=\"cell\"><div class=\"cellBlock\"><div class=\"cellBody\"><P>A major risk factor for orthostatic hypotension, especially in older patients taking diuretics. Because blood pressure is dependent on intravascular&nbsp;volume, anemia may exacerbate orthostatic hypotension by reducing red blood cell mass and blood viscosity.</P></div></div></div>"},

      {
       "title":"autonomic neuropathy (e.g., diabetes mellitus)",
       "type":"flex0",
       "targetHTML":"<div class=\"cell\"><div class=\"cellBlock\"><div class=\"cellBody\"><P>Any disease causing peripheral neuropathy can affect autonomic nerves. Many patients with diabetes have detectable autonomic abnormalities, but clinically significant orthostatic hypotension is more common in longstanding diabetes. Toxins and antineoplastic agents can also produce autonomic neuropathy and therefore orthostatic hypotension.</P></div></div></div>"},

      {
       "title":"Parkinson disease",
       "type":"flex0",
       "targetHTML":"<div class=\"cell\"><div class=\"cellBlock\"><div class=\"cellBody\"><P>Protein (alpha-synuclein) deposits can occur in peripheral autonomic nerves and autonomic ganglia, which can produce autonomic abnormalities, including clinically significant orthostatic hypotension.<a href=\"epoc://current?article=7\">[7]</a></P></div></div></div>"},

      {
       "title":"Lewy body dementia",
       "type":"flex0",
       "targetHTML":"<div class=\"cell\"><div class=\"cellBlock\"><div class=\"cellBody\"><P>Protein (alpha-synuclein) deposits can occur in peripheral autonomic nerves and autonomic ganglia, which can produce autonomic abnormalities, including clinically significant orthostatic hypotension.<a href=\"epoc://current?article=7\">[7]</a></P></div></div></div>"},

      {
       "title":"multiple system atrophy",
       "type":"flex0",
       "targetHTML":"<div class=\"cell\"><div class=\"cellBlock\"><div class=\"cellBody\"><P>Protein (alpha-synuclein) deposits can occur in central autonomic pathways, which can produce autonomic abnormalities, including clinically significant orthostatic hypotension.<a href=\"epoc://current?article=7\">[7]</a></P></div></div></div>"}      ]},

    {
     "type":"table",
     "headerText":"Weak",
     "cells":
     [

      {
       "title":"older adult age",
       "type":"flex0",
       "targetHTML":"<div class=\"cell\"><div class=\"cellBlock\"><div class=\"cellBody\"><P>Aging is associated with an increase in resting sympathetic tone, a decrease in parasympathetic tone, and impairment of baroreflex sensitivity (i.e., the compensatory increase in heart rate as blood pressure falls). These physiologic changes predispose to orthostatic hypotension, but clinically significant symptomatic orthostatic hypotension is relatively uncommon in healthy elderly.</P></div></div></div>"}      ]}    ],
   "type":"table"},

  {
   "id":"p-hxexam_factor-key_0",
   "title":"Orthostatic hypotension",
   "html":"<html><div class=\"cell\"><div class=\"cellBlock\"><div class=\"cellBody\"><P>Aging is associated with an increase in resting sympathetic tone, a decrease in parasympathetic tone, and impairment of baroreflex sensitivity (i.e., the compensatory increase in heart rate as blood pressure falls).</P></div></div></div></html>",
   "type":"web"},

  {
   "id":"p-hxexam_factor-key_1",
   "title":"Orthostatic hypotension",
   "html":"<html><div class=\"cell\"><div class=\"cellBlock\"><div class=\"cellBody\"><P>Medications that affect sympathetic tone (e.g., tamsulosin, antihypertensive agents) increase the likelihood of orthostatic hypotension. Older patients taking diuretics who become volume depleted are also at risk.</P></div></div></div></html>",
   "type":"web"},

  {
   "id":"p-hxexam_factor-key_2",
   "title":"Orthostatic hypotension",
   "html":"<html><div class=\"cell\"><div class=\"cellBlock\"><div class=\"cellBody\"><P>Conditions that affect autonomic nerve function (e.g., diabetes mellitus, Parkinson disease, multiple system atrophy) are associated with orthostatic hypotension.</P></div></div></div></html>",
   "type":"web"},

  {
   "id":"p-hxexam_factor-key_3",
   "title":"Orthostatic hypotension",
   "html":"<html><div class=\"cell\"><div class=\"cellBlock\"><div class=\"cellBody\"><P>Symptoms of cerebral hypoperfusion are essential in the evaluation of orthostatic hypotension. They occur in the upright posture and are the result of inadequate perfusion of the brain, and improve on sitting or lying down when gravity passively restores cerebral perfusion. Syncope may result from cerebral hypoperfusion.</P><P>Additional symptoms of hypoperfusion include visual changes, weakness, fatigue, trouble concentrating, and pain across the neck and shoulders.</P><P>Increased ventilation and dyspnea also occur during orthostatic hypotension, and can result in constriction of the cerebral blood vessels and worsening of cerebral hypoperfusion.</P></div></div></div></html>",
   "type":"web"},

  {
   "id":"p-hxexam_factor-other_4",
   "title":"Orthostatic hypotension",
   "html":"<html><div class=\"cell\"><div class=\"cellBlock\"><div class=\"cellBody\"><P>Parkinsonian features (e.g., resting tremor, slowness, paucity of movement, decreased arm swing when walking) suggest a problem with motor pathways. In the early stages, these abnormalities can be mild. REM sleep behavior disorder (acting out dreams) and inability to discrimiate smells (anosmia) can be other indicators of the early stages of Parkinson disease. The same disease process can also affect pathways that control the outflow of sympathetic nerves to the blood vessels. The prevalence of orthostatic hypotension in patients with multiple system atrophy and Parkinson disease is markedly increased.</P></div></div></div></html>",
   "type":"web"},

  {
   "id":"p-hxexam_factor-other_5",
   "title":"Orthostatic hypotension",
   "html":"<html><div class=\"cell\"><div class=\"cellBlock\"><div class=\"cellBody\"><P>Multiple system atrophy (MSA, or Shy-Drager syndrome) affects autonomic pathways and can result in orthostatic hypotension. Ataxia of gait and ataxia of speech (cerebellar dysarthria) are the most common clinical features of the cerebellar form of MSA. Limb ataxia may also occur, but it is less common.</P></div></div></div></html>",
   "type":"web"},

  {
   "id":"p-hxexam_factor-other_6",
   "title":"Orthostatic hypotension",
   "html":"<html><div class=\"cell\"><div class=\"cellBlock\"><div class=\"cellBody\"><P>Unintentional weight loss can be a sign of cancer and, as such, in a patient with an acute- or subacute-onset orthostatic hypotension, it suggests a paraneoplastic syndrome in which the autoimmune process damages the autonomic nervous system.</P></div></div></div></html>",
   "type":"web"},

  {
   "id":"p-hxexam_factor-other_7",
   "title":"Orthostatic hypotension",
   "html":"<html><div class=\"cell\"><div class=\"cellBlock\"><div class=\"cellBody\"><P>May be a feature of diabetic loss of parasympathetic nerves innervating the heart. This results in an increase in resting heart rate and diminished heart rate variability during deep breathing.</P></div></div></div></html>",
   "type":"web"},

  {
   "id":"p-hxexam_factor-other_8",
   "title":"Orthostatic hypotension",
   "html":"<html><div class=\"cell\"><div class=\"cellBlock\"><div class=\"cellBody\"><P>Symptoms of abnormal gastrointestinal motility (e.g., nausea, postprandial vomiting, bloating, loss of appetite, early satiety, constipation, ileus, abdominal pain) are common in patients with autonomic neuropathy. The incidence of constipation (&lt;3 bowel movements/week) is increased in patients with Parkinson disease, and can precede the development of overt parkinsonian features by many years.</P></div></div></div></html>",
   "type":"web"},

  {
   "id":"p-hxexam_factor-other_9",
   "title":"Orthostatic hypotension",
   "html":"<html><div class=\"cell\"><div class=\"cellBlock\"><div class=\"cellBody\"><P>Erection requires vascular and autonomic integrity. Erectile dysfunction is common in older men and is almost universal in men with autonomic failure. It is often associated with lack of ejaculation. The 2 features together suggest an underlying autonomic abnormality affecting parasympathetic function (erection) and sympathetic function (ejaculation).</P></div></div></div></html>",
   "type":"web"},

  {
   "id":"p-hxexam_factor-other_10",
   "title":"Orthostatic hypotension",
   "html":"<html><div class=\"cell\"><div class=\"cellBlock\"><div class=\"cellBody\"><P>Autonomic failure is often associated with abnormalities in sweat function, and patients with autonomic failure frequently report diminished sweating (anhidrosis), limiting their tolerance of hot environments. This is in contrast to patients with&nbsp;vasovagal syncope, who will frequently describe a cold sweat before an impending&nbsp;faint.</P></div></div></div></html>",
   "type":"web"},

  {
   "id":"p-hxexam_factor-other_11",
   "title":"Orthostatic hypotension",
   "html":"<html><div class=\"cell\"><div class=\"cellBlock\"><div class=\"cellBody\"><P>Problems with bladder function are common in patients with autonomic failure and may be wrongly explained as a result of benign prostatic hypertrophy, which is common in older men. Urinary frequency, urgency, and retention have been reported in patients with Parkinson disease. It is common in multiple system atrophy and, as the disease progresses, postvoid residual urinary volume increases and patients may require self-catheterization.</P><P>Nocturia is extremely common in patients with autonomic failure and occurs as a result of loss of circadian blood pressure rhythm. Instead of the normal night-time \"dipping,\" blood pressure throughout the night while lying flat in bed is elevated in patients with autonomic failure. As a result, there is an increase in fluid and sodium loss overnight, causing nocturia. Excessive fluid loss overnight results in worsening of symptoms of orthostatic hypotension in the morning.</P></div></div></div></html>",
   "type":"web"},

  {
   "id":"hxexam",
   "sections":
   [

    {
     "headerText":"Risk Factors",
     "cells":
     [

      {
       "target":"hxexam_details",
       "title":"Details",
       "type":"flex0"}      ]},

    {
     "dividerType":"divider0",
     "headers":
     [

      {
       "title":"Key Diagnostic Factors"},

      {
       "title":"common",
       "type":"header1"}      ],
     "cells":
     [

      {
       "title":"older adult age",
       "target":"p-hxexam_factor-key_0",
       "type":"flex0"},

      {
       "title":"use of high-risk medications",
       "target":"p-hxexam_factor-key_1",
       "type":"flex0"},

      {
       "title":"underlying medical condition",
       "target":"p-hxexam_factor-key_2",
       "type":"flex0"},

      {
       "title":"postural lightheadedness, syncope, and other symptoms of cerebral hypoperfusion",
       "target":"p-hxexam_factor-key_3",
       "type":"flex0"}      ]},

    {
     "dividerType":"divider0",
     "headers":
     [

      {
       "title":"Other Diagnostic Factors"},

      {
       "title":"common",
       "type":"header1"}      ],
     "cells":
     [

      {
       "title":"parkinsonian features",
       "target":"p-hxexam_factor-other_4",
       "type":"flex0"},

      {
       "title":"cerebellar ataxia",
       "target":"p-hxexam_factor-other_5",
       "type":"flex0"},

      {
       "title":"weight loss",
       "target":"p-hxexam_factor-other_6",
       "type":"flex0"},

      {
       "title":"resting tachycardia or impaired heart rate variation",
       "target":"p-hxexam_factor-other_7",
       "type":"flex0"},

      {
       "title":"abnormal gastrointestinal motility",
       "target":"p-hxexam_factor-other_8",
       "type":"flex0"},

      {
       "title":"erectile dysfunction and lack of ejaculation",
       "target":"p-hxexam_factor-other_9",
       "type":"flex0"},

      {
       "title":"anhidrosis, heat intolerance, dry skin, focal hyperhidrosis",
       "target":"p-hxexam_factor-other_10",
       "type":"flex0"}      ]},

    {
     "headers":
     [

      {
       "title":"uncommon",
       "type":"header1"}      ],
     "cells":
     [

      {
       "title":"urinary frequency, urgency, nocturia",
       "target":"p-hxexam_factor-other_11",
       "type":"flex0"}      ]}    ],
   "type":"table"},

  {
   "id":"p-test-t_0",
   "title":"posture test",
   "html":"<html><div class=\"cell\"><div class=\"cellBlock\"><div class=\"cellTitle\">Result</div><div class=\"cellBody\">systolic blood pressure falls &gt;20 mmHg (&gt;30 mmHg in patients with hypertension) and diastolic blood pressure falls &gt;10 mmHg within 3 minutes of standing upright; a heart rate increase &lt;0.5 bpm per mmHg systolic blood pressure fall indicates a neurogenic cause</div><div class=\"cellTitle\">Test Details</div><div class=\"cellBody\"><li>The initial test to diagnose orthostatic hypotension; can be performed easily at the bedside. Blood pressure should be measured supine or sitting and after standing for 3 minutes. Heart rate should be taken at the same time as the blood pressure measurements, as the expected tachycardia in response to hypotension is&nbsp;blunted when there is an underlying neurogenic cause (e.g., peripheral neuropathy).</li><li>These measurements, however, are rarely done routinely, so a careful history is crucial to suspect orthostatic hypotension as the cause of the patient's symptoms.</li><li>In patients who have orthostatic hypotension caused by impaired autonomic cardiovascular reflexes, the increase in heart rate that accompanies the fall in blood pressure is typically diminished (&lt;10 bpm). However, in some patients, particularly those with multiple system atrophy, the heart rate may increase as much as 20 bpm when the fall in blood pressure is profound. Thus, the ratio of heart rate&nbsp;increase to blood pressure fall is a more precise measure of baroreflex impairment.</li><li>A normal rise in heart rate accompanying the fall in blood pressure is typical of patients with depletion of intravascular volume (from dehydration or hemorrhage) or impaired vasoconstrictor tone (usually caused by drugs).</li></div></div></div></html>",
   "type":"web"},

  {
   "id":"p-test-t_1",
   "title":"tilt-table test",
   "html":"<html><div class=\"cell\"><div class=\"cellBlock\"><div class=\"cellTitle\">Result</div><div class=\"cellBody\">beat-to-beat recordings of blood pressure and heart rate reveal an immediate and progressive decline in blood pressure with a small increase in heart rate on head-up tilt</div><div class=\"cellTitle\">Test Details</div><div class=\"cellBody\"><li>Can be useful when orthostatic hypotension is not detected during the posture test and the patient gives a history suggestive of orthostatic hypotension.</li><li>Blood pressure and heart rate (by means of RR intervals on ECG) are measured continuously in the supine position and during passive head-up tilt (usually at 60°).</li><li>Upright tilt induces a progressive fall in blood pressure in patients with impaired autonomic cardiovascular reflexes. The increase in heart rate is either absent or abnormally low considering the magnitude of the blood pressure fall.</li><li>A fall in blood pressure on head-up tilt accompanied by a large rise (&gt;25 bpm) in heart rate suggests dehydration or impaired vasomotor tone (e.g., varicose veins), frequently as a result of the use of antihypertensive drugs.</li><li>Maintenance of blood pressure on upright posture rules out chronic severe orthostatic hypotension (i.e., autonomic failure). It does not, however, rule out the possibility of orthostatic hypotension that occurs only with aggravating factors such as eating (postprandial hypotension) or exercise. If postprandial hypotension is suspected, the tilt-table test can be repeated after a carbohydrate-rich meal.</li><li>Delayed orthostatic hypotension can occur, and requires prolonged tilt (of up to 40 minutes).</li></div></div></div></html>",
   "type":"web"},

  {
   "id":"p-test-t_2",
   "title":"plasma norepinephrine",
   "html":"<html><div class=\"cell\"><div class=\"cellBlock\"><div class=\"cellTitle\">Result</div><div class=\"cellBody\">blunted increase in norepinephrine on standing; plasma norepinephrine levels &lt;150 pg/mL usually indicate a severe peripheral neuropathy</div><div class=\"cellTitle\">Test Details</div><div class=\"cellBody\"><li>Patients with autonomic disorders that affect postganglionic sympathetic nerves, such as pure autonomic failure and diabetic neuropathy, frequently have low plasma norepinephrine levels in the supine position. In contrast, patients with autonomic disorders that selectively affect preganglionic sympathetic neurons (e.g., multiple system atrophy) typically have normal plasma norepinephrine levels in the supine position.</li><li>In normal people, plasma norepinephrine levels double on the assumption of the upright posture. In contrast, this response is absent in patients with sympathetic failure (both pre- and postganglionic).</li></div></div></div></html>",
   "type":"web"},

  {
   "id":"p-test-t_3",
   "title":"deep breathing",
   "html":"<html><div class=\"cell\"><div class=\"cellBlock\"><div class=\"cellTitle\">Result</div><div class=\"cellBody\">diminished beat-to-beat variation on ECG during inspiration and expiration</div><div class=\"cellTitle\">Test Details</div><div class=\"cellBody\"><li>Heart rate variability during deep paced breathing (6 breaths/min) is performed as part of a battery of autonomic tests in patients with suspected dysautonomias.</li><li>Normally, during inspiration, heart rate increases (RR intervals shorten) and during expiration heart rate decreases (RR intervals lengthen). Diminished variation in RR intervals during inspiration and expiration indicates an abnormality in parasympathetic outflow to the heart. Heart rate variability diminishes with age and is decreased in patients with parasympathetic neuropathy (most frequently due to diabetes). The degree of heart rate variability impairment in diabetes correlates with morbidity and mortality.</li><li>This test cannot be interpreted in patients with pacemakers; the test can be difficult to interpret in patients with frequent arrhythmias.</li></div></div></div></html>",
   "type":"web"},

  {
   "id":"p-test-t_4",
   "title":"Valsalva maneuver",
   "html":"<html><div class=\"cell\"><div class=\"cellBlock\"><div class=\"cellTitle\">Result</div><div class=\"cellBody\">failure of the blood pressure to recover during strain, and to overshoot after release</div><div class=\"cellTitle\">Test Details</div><div class=\"cellBody\"><li>The Valsalva maneuver is a standard test performed in patients with suspected dysautonomia. It is performed by having the patient blow forcefully, maintaining a pressure of 40 mmHg for 15 seconds. The decrease in venous return and stroke volume lowers blood pressure during strain, and elicits sympathetic activation with partial restoration of blood pressure and compensatory tachycardia. Upon release, venous return and cardiac output is restored on a vasoconstricted vascular bed leading to a blood pressure overshoot and reflex bradycardia.</li><li>In normal subjects, the magnitude of the blood pressure and heart rate response during and after release of the strain decrease with age.</li><li>In patients with impaired autonomic cardiovascular reflexes, blood pressure falls progressively and markedly during forced expiration and the heart rate increases little. A failure of the blood pressure to increase (overshoot) after releasing the strain indicates sympathetic dysfunction, with an abnormality in the sympathetic outflow to the blood vessels. Blood pressure also takes longer to return to baseline levels after release&nbsp;of the strain.</li><li>The Valsalva maneuver requires continuous blood pressure monitoring, and a significant degree of patient cooperation and the ability to generate the strain pressure. If the patient is not able to perform the maneuver adequately, the result cannot be interpreted.</li></div></div></div></html>",
   "type":"web"},

  {
   "id":"p-test-t_5",
   "title":"nerve conduction studies and EMG",
   "html":"<html><div class=\"cell\"><div class=\"cellBlock\"><div class=\"cellTitle\">Result</div><div class=\"cellBody\">reduction in sensory nerve conduction velocity; muscle denervation</div><div class=\"cellTitle\">Test Details</div><div class=\"cellBody\"><li>Nerve conduction studies and electromyogram (EMG) can be abnormal in diabetes mellitus and in other forms of peripheral neuropathy, but they can be normal in small-fiber neuropathies.</li></div></div></div></html>",
   "type":"web"},

  {
   "id":"p-test-t_6",
   "title":"quantitative sudomotor axon reflex test (QSART)",
   "html":"<html><div class=\"cell\"><div class=\"cellBlock\"><div class=\"cellTitle\">Result</div><div class=\"cellBody\">absence or decrease of sweat production</div><div class=\"cellTitle\">Test Details</div><div class=\"cellBody\"><li>QSART examines the integrity of peripheral sympathetic cholinergic function, which may be affected in patients with generalized autonomic failure, and absence of sweat production suggests a problem with peripheral autonomic nerves.</li></div></div></div></html>",
   "type":"web"},

  {
   "id":"p-test-t_7",
   "title":"heart rate variability",
   "html":"<html><div class=\"cell\"><div class=\"cellBlock\"><div class=\"cellTitle\">Result</div><div class=\"cellBody\">decreased heart rate variability</div><div class=\"cellTitle\">Test Details</div><div class=\"cellBody\"><li>Continuous ECG traces show a variation in RR intervals, reflecting changes in autonomic outflow to the sinoatrial node. Spectral analysis of RR variability in predefined high-frequency (HF) bands (0.15 Hz up to 0.40 Hz) and low-frequency (LF) bands (0.04 Hz up to 0.14 Hz) are complementary ways of measuring autonomic (sympathetic and parasympathetic) innervation to the sinoatrial node.</li><li>To standardize values, RR intervals should be measured for 500 seconds during quiet supine rest. Ectopic beats need to be removed from the tracings.</li><li>Decreased heart rate variability at the predefined bands suggests impaired sympathetic or parasympathetic outflow.</li><li>The variability in heart rate decreases with age and reduced fitness levels. Heart rate variability is also reduced in patients with disorders that affect autonomic function (e.g., diabetes mellitus, Parkinson disease, multiple system atrophy). In patients with impaired autonomic reflexes, there is often a reduction in overall power in the HF and LF bands of heart rate variability.</li><li>Time domain measures of heart rate variability (including standard deviation, root mean squared standard deviation, and percentage of sequential RR intervals&nbsp;that differ by 50 milliseconds or more) are also diminished.</li><li>These tests cannot be used as a standalone measure to diagnose autonomic dysfunction.</li></div></div></div></html>",
   "type":"web"},

  {
   "id":"p-test-t_8",
   "title":"24-hour blood pressure monitoring",
   "html":"<html><div class=\"cell\"><div class=\"cellBlock\"><div class=\"cellTitle\">Result</div><div class=\"cellBody\">episodes of low blood pressure, either when standing or after eating; absence of the normal night-time \"dipping\" in blood pressure</div><div class=\"cellTitle\">Test Details</div><div class=\"cellBody\"><li>Ambulatory blood pressure monitoring should be ordered in patients with a history suggesting symptomatic orthostatic hypotension, particularly when orthostatic hypotension is not detected during regular autonomic testing.</li><li>Ambulatory monitoring involves intermittent recordings of blood pressure (and heart rate) over 24 hours while the patient is awake and asleep. Patients should keep a diary in which they record symptoms, meal times, medications, posture, and sleep time.</li><li>Normally, there is a fall both in blood pressure and in heart rate at night during sleep. In patients with impaired autonomic reflexes this night-time \"dipping\" is often absent; 50% of patients have hypertension during the night. Ambulatory blood pressure monitoring can also identify episodes of hypotension not seen during office testing. Ambulatory monitoring is useful to detect episodes of hypotension that occur only after meals or after exercise.</li><li>Ambulatory recordings allow correlation between symptoms and blood pressure values and is a useful tool to guide the treatment.</li></div></div></div></html>",
   "type":"web"},

  {
   "id":"p-test-t_9",
   "title":"autoimmune antibodies",
   "html":"<html><div class=\"cell\"><div class=\"cellBlock\"><div class=\"cellTitle\">Result</div><div class=\"cellBody\">high antibody titers</div><div class=\"cellTitle\">Test Details</div><div class=\"cellBody\"><li>The presence of paraneoplastic antibodies (anti-Hu, anti-Yo, anti-Ri, antiamphiphysin, anti-CV2, anti-Ma2) suggests a paraneoplastic disorder.</li><li>In patients with acute or subacute onset of orthostatic hypotension who have risk factors for breast or lung cancer or have had sudden weight loss, the autoimmune antibody panel should be used to rule out a paraneoplastic syndrome.</li><li>Autoantibodies against the nicotinic ganglionic receptors occur in some patients and result in severe orthostatic hypotension. These patients have an autoimmune autonomic ganglionopathy.</li><li>More than half of patients presenting with acute or subacute orthostatic hypotension, accompanied by other autonomic abnormalities such as gastrointestinal dysfunction, are seronegative (i.e., no known pathogenic antibodies are detected).</li></div></div></div></html>",
   "type":"web"},

  {
   "id":"p-test-t_10",
   "title":"chest CT",
   "html":"<html><div class=\"cell\"><div class=\"cellBlock\"><div class=\"cellTitle\">Result</div><div class=\"cellBody\">tumor mass detected on chest CT as a source of paraneoplastic antibodies</div><div class=\"cellTitle\">Test Details</div><div class=\"cellBody\"><li>In a patient with orthostatic hypotension found to have high autoimmune antibodies, chest CT can rule out small cell lung carcinoma as the underlying source of the paraneoplastic antibodies by visualizing small nodules that would be undetectable by x-ray, or enlarged lymph nodes.</li><li>If the chest CT is negative in such a patient, other cancer screens should be carried out (e.g., breast, ovary).</li><li>However, paraneoplastic syndromes can occur without a detectable tumor mass.</li></div></div></div></html>",
   "type":"web"},

  {
   "id":"p-test-t_11",
   "title":"serum and urine electrophoresis",
   "html":"<html><div class=\"cell\"><div class=\"cellBlock\"><div class=\"cellTitle\">Result</div><div class=\"cellBody\">high levels of monoclonal proteins</div><div class=\"cellTitle\">Test Details</div><div class=\"cellBody\"><li>Gammopathies can be associated with autonomic neuropathies. A normal serum electrophoresis does not rule out light-chain disease, and urine electrophoresis may be required.</li></div></div></div></html>",
   "type":"web"},

  {
   "id":"p-test-t_12",
   "title":"fat-pad biopsy",
   "html":"<html><div class=\"cell\"><div class=\"cellBlock\"><div class=\"cellTitle\">Result</div><div class=\"cellBody\">amyloid deposits in fat</div><div class=\"cellTitle\">Test Details</div><div class=\"cellBody\"><li>Amyloid deposits can result in a polyneuropathy and orthostatic hypotension.</li></div></div></div></html>",
   "type":"web"},

  {
   "id":"p-test-t_13",
   "title":"genetic testing",
   "html":"<html><div class=\"cell\"><div class=\"cellBlock\"><div class=\"cellTitle\">Result</div><div class=\"cellBody\">positive</div><div class=\"cellTitle\">Test Details</div><div class=\"cellBody\"><li>Genetic testing may be used for suspected transthyretin familial amyloid polyneuropathy, which can cause autonomic dysfunction and orthostatic hypotension.</li><li>Genes can be tested by direct sequencing.</li></div></div></div></html>",
   "type":"web"},

  {
   "id":"tests",
   "sections":
   [

    {
     "headerText":"Initial Tests",
     "cells":
     [

      {
       "target":"p-test-t_0",
       "title":"posture test",
       "type":"flex0"}      ]},

    {
     "headerText":"Other Tests to Consider",
     "cells":
     [

      {
       "target":"p-test-t_1",
       "title":"tilt-table test",
       "type":"flex0"},

      {
       "target":"p-test-t_2",
       "title":"plasma norepinephrine",
       "type":"flex0"},

      {
       "target":"p-test-t_3",
       "title":"deep breathing",
       "type":"flex0"},

      {
       "target":"p-test-t_4",
       "title":"Valsalva maneuver",
       "type":"flex0"},

      {
       "target":"p-test-t_5",
       "title":"nerve conduction studies and EMG",
       "type":"flex0"},

      {
       "target":"p-test-t_6",
       "title":"quantitative sudomotor axon reflex test (QSART)",
       "type":"flex0"},

      {
       "target":"p-test-t_7",
       "title":"heart rate variability",
       "type":"flex0"},

      {
       "target":"p-test-t_8",
       "title":"24-hour blood pressure monitoring",
       "type":"flex0"},

      {
       "target":"p-test-t_9",
       "title":"autoimmune antibodies",
       "type":"flex0"},

      {
       "target":"p-test-t_10",
       "title":"chest CT",
       "type":"flex0"},

      {
       "target":"p-test-t_11",
       "title":"serum and urine electrophoresis",
       "type":"flex0"},

      {
       "target":"p-test-t_12",
       "title":"fat-pad biopsy",
       "type":"flex0"},

      {
       "target":"p-test-t_13",
       "title":"genetic testing",
       "type":"flex0"}      ]}    ],
   "type":"table"},

  {
   "id":"differentials",
   "sections":
   [

    {
     "cells":
     [

      {
       "title":"Neurally mediated (vasovagal) syncope",
       "type":"flex0",
       "targetHTML":"<div class=\"cell\"><div class=\"cellBlock\"><div class=\"cellTitle\">Signs/Sx</div><div class=\"cellBody\"><ul><li>Premonitory symptoms such as sweating and nausea/gastric discomfort are typical of neurally mediated (vasovagal) syncope, but do not occur in patients with chronic autonomic failure.</li><li>Symptoms of neurally mediated syncope are intermittent and frequently occur with specific triggers (e.g., blood drawing, prolonged standing, emotional upset). In between episodes, blood pressure responses are normal, and symptoms are not related to eating or physical exercise.</li></ul></div><div class=\"cellTitle\">Tests</div><div class=\"cellBody\"><ul><li>In the tilt-table test the blood pressure is initially maintained until, after a variable period, it falls abruptly, often in association with a drop in heart rate, which can range from asystole to only a few milliseconds of slowing. In contrast, in orthostatic hypotension the fall in blood pressure occurs immediately upon head-up tilt, and is usually progressive.</li><li>The autonomic response to the Valsalva maneuver is normal; in contrast, in autonomic failure there is lack of blood pressure overshoot after release of the strain. Norepinephrine levels increase appropriately on standing, but fail to continue increasing at the time of syncope.</li></ul></div><a href=\"epoc://dx/monograph/1110\"><b class=\"view-dx-monograph\">View Dx Monograph</b></a></div></div>"},

      {
       "title":"Vertigo",
       "type":"flex0",
       "targetHTML":"<div class=\"cell\"><div class=\"cellBlock\"><div class=\"cellTitle\">Signs/Sx</div><div class=\"cellBody\"><ul><li>Vertigo is the result of vestibular or cerebellar pathology, but it may be confused with the dizziness or lightheadedness of orthostatic hypotension.</li></ul></div><div class=\"cellTitle\">Tests</div><div class=\"cellBody\"><ul><li>Neurologic exam reveals cerebellar ataxia or nystagmus. Vestibular testing with electronystagmography shows abnormal responses.</li></ul></div><a href=\"epoc://dx/monograph/965\"><b class=\"view-dx-monograph\">View Dx Monograph</b></a></div></div>"},

      {
       "title":"Nonspecific falls in older people",
       "type":"flex0",
       "targetHTML":"<div class=\"cell\"><div class=\"cellBlock\"><div class=\"cellTitle\">Signs/Sx</div><div class=\"cellBody\"><ul><li>Gait imbalance and falls are common in older people and may be the result of impaired postural reflexes, reduced visual acuity, or orthopedic problems, and may be confused with orthostatic hypotension. These can be assessed by physical exam, including a full neurologic exam. When questioned, patients with basal ganglia problems may describe the sensation of being inebriated when standing due to impairment in balance.</li></ul></div><div class=\"cellTitle\">Tests</div><div class=\"cellBody\"><ul><li>Neurologic exam showing gait imbalance or abnormal postural reflexes.</li></ul></div><a href=\"epoc://dx/monograph/880\"><b class=\"view-dx-monograph\">View Dx Monograph</b></a></div></div>"},

      {
       "title":"Psychogenic syncope (pseudo-syncope)",
       "type":"flex0",
       "targetHTML":"<div class=\"cell\"><div class=\"cellBlock\"><div class=\"cellTitle\">Signs/Sx</div><div class=\"cellBody\"><ul><li>Periods of unresponsiveness due to psychiatric disorders can easily be confused with syncope. A psychiatric evaluation is required to determine the cause.</li><li>A high attack frequency and delayed recovery, atypical triggers, and lack of prodrome are more typical.</li></ul></div><div class=\"cellTitle\">Tests</div><div class=\"cellBody\"><ul><li>Unresponsiveness during a tilt-table test with a documented lack of hypotension or bradycardia is very suggestive of psychogenic syncope. Unresponsiveness without seizure activity or flattening of the EEG during EEG monitoring is virtually diagnostic.</li></ul></div><a href=\"epoc://dx/monograph/248\"><b class=\"view-dx-monograph\">View Dx Monograph</b></a></div></div>"}      ]}    ],
   "type":"table"},

  {
   "id":"diag_approach",
   "title":"Orthostatic hypotension",
   "html":"<div class=\"cell\"><div class=\"cellBlock\"><div class=\"cellBody\"><P>The diagnosis is relatively simple, requiring just the measurement of blood pressure in the supine (or seated) and standing postures. Orthostatic hypotension is defined as a fall in systolic blood pressure of at least 20 mmHg (at least 30 mmHg in patients with hypertension) and/or in the diastolic blood pressure of at least 10 mmHg between the supine reading and the upright reading. Heart rate should be taken at the same time as the blood pressure measurements, as the expected tachycardia in response to&nbsp;hypotension is blunted when there is an underlying neurogenic cause (e.g., peripheral neuropathy).</P><P>These measurements, however, are rarely done routinely, so a careful history is crucial to suspect orthostatic hypotension as the cause of the patient's symptoms.</P></div><div class=\"cellTitle\">History</div><div class=\"cellBody\"><P>Lightheadedness is the typical symptom of orthostatic hypotension. Other symptoms include dizziness, weakness, faintness, fatigue on exertion and dimming of the vision (tunnel vision or visual blackouts). Symptoms should not occur while supine, should get worse on standing, and should be relieved by sitting or lying down. Some patients may have difficulty recognizing or describing symptoms of orthostatic hypotension and may present with recurrent or unexplained falls. Patients with dementia in particular may experience a gradual&nbsp;fading of consciousness or be unaware of losing consciousness.</P><P>Aggravating factors can often be identified, and the symptoms are often worse:</P><ul><li>Early in the morning (because of relative volume depletion after overnight fast and pressure diuresis)</li><li>In hot environments (because of cutaneous vasodilation)</li><li>After meals (because of splanchnic blood pooling)</li><li>After standing motionless (because of decreased venous return caused by loss of muscle pump action)</li><li>During or after exercise (because of metabolic vasodilation).</li></ul><P>Frequently there is a history of small-fiber neuropathy affecting the lower extremities. Typical symptoms include pain, dysesthesias (burning, tingling), and decreased sensation. The most common cause is diabetes mellitus, but any systemic disease that can cause peripheral neuropathy or amyloidosis can also produce autonomic neuropathy.</P><P>A history of an acute or subacute onset of progressive disabling orthostatic hypotension can provide diagnostic clues. An acute pan-dysautonomia may follow a viral-like illness. Antibodies against acetylcholine nicotinic receptors that mediate neurotransmission at the level of the autonomic ganglia have been found in some of these patients.<a href=\"epoc://current?article=8\">[8]</a> </P><P>Paraneoplastic autoimmune syndromes can also cause subacute orthostatic hypotension. The most common causes are small cell lung cancer, monoclonal gammopathies, and light-chain disease.</P></div><div class=\"cellTitle\">Diagnosis of neurogenic orthostatic hypotension</div><div class=\"cellBody\"><P>The diagnosis of orthostatic hypotension can be made by measuring the patient's blood pressure and heart rate when they have been supine for 10 minutes, and then again after standing for 1 to 3 minutes. Measuring heart rate alongside blood pressure is crucial in determining if an autonomic neuropathy is present. Orthostatic hypotension caused by volume depletion is associated with orthostatic tachycardia. Lack of an adequate compensatory heart rate increase (&gt;20 bpm) in the face of profound orthostatic hypotension (&gt;30 mmHg fall in systolic blood pressure) is characteristic of neurogenic orthostatic hypotension, and few conditions other than autonomic failure can explain severe orthostatic hypotension. A sensitive cut off for diagnosing neurogenic orthostatic hypotension is a heart rate rise &lt;0.5 bpm per mmHg systolic blood pressure fall.<a href=\"epoc://current?article=1\">[1]</a> </P><P>In autonomic failure, the decrease in blood pressure is usually seen immediately upon standing and the heart rate fails to increase appropriately. This situation is in contrast to that seen in neurally mediated (i.e., vasovagal) syncope, in which the initial response to standing is normal, but after a variable period the patient experiences a sudden onset of hypotension together with a decrease in heart rate.</P><P>Other signs of autonomic neuropathy include erectile dysfunction (an early but nonspecific sign), worsening of constipation, urinary retention, gastroparesis, and decreased sweating (in some cases with compensatory focal hyperhidrosis). Patients with autonomic failure will often have REM sleep&nbsp;behavior disorder, which suggests the presence of an underlying neurodegenerative process also involving the central nervous system. Not infrequently, these patients develop Parkinson disease, dementia&nbsp;with Lewy bodies, or&nbsp;multiple system atrophy.<a href=\"epoc://current?article=1\">[1]</a> </P></div><div class=\"cellTitle\">Physical exam</div><div class=\"cellBody\"><P>Vagal modulation of heart rate is often impaired, and translates into a fixed heart rate that does not fluctuate during deep breathing (sinus arrhythmia). Parkinsonian features may be present in patients with multiple system atrophy (MSA, or Shy-Drager syndrome), although the typical parkinsonian pill-rolling tremor is usually absent. Gait abnormalities and truncal ataxia are present in patients with MSA of the cerebellar type. Subtle impairment of motor function (reduced frequency of blinking, slow/clumsy rapid alternating movements) may indicate the early stages of Parkinson disease, dementia with Lewy bodies, or multiple system atrophy. Symmetric distal sensory loss occurs in patients with diabetic neuropathy or other forms or peripheral neuropathy.</P></div><div class=\"cellTitle\">Investigations</div><div class=\"cellBody\"><P>Tilt-table testing is of limited additional value if careful orthostatic vital signs are measured, but it can aid in the diagnosis of neurally mediated (vasovagal) syncope. In orthostatic hypotension the fall in blood pressure occurs immediately upon head-up tilt and is usually progressive, whereas in neurally mediated syncope blood pressure is initially maintained and, after a variable period, blood pressure falls abruptly, often in association with a drop in heart rate.</P><P>Autonomic function tests are useful to confirm the presence of autonomic failure and to assess its severity. These tests include deep breathing, Valsalva maneuver, measures of heart rate variability, and 24-hour blood pressure monitoring.</P><P>The use of 24-hour blood pressure monitoring can be useful to find out if supine hypertension is present at night (which can occur in up to 50% of patients with autonomic failure). It can also be used to detect early morning and postprandial hypotension if patients are asked to keep a careful diary of activities.</P><P>If autonomic dysfunction is suspected, plasma norepinephrine levels may be helpful in determining the underlying cause of autonomic dysfunction. In healthy people, plasma norepinephrine levels double on the assumption of the upright posture. In contrast, this response is absent in patients with sympathetic failure (both pre- and postganglionic). Patients with autonomic disorders that affect postganglionic sympathetic nerves, such as pure autonomic failure, Parkinson disease, and diabetic neuropathy, frequently have low plasma norepinephrine levels in the supine position. Patients with autonomic disorders that selectively affect preganglionic sympathetic neurons (e.g., multiple system atrophy) typically have normal plasma norepinephrine levels in the supine position.</P><P>Nerve conduction studies and electromyogram (EMG) can be useful for confirming the cause of orthostatic hypotension in patients with peripheral neuropathy related to diabetes mellitus and other causes, although results can be normal in small-fiber neuropathies. Small-fiber neuropathy can be tested for by quantitative sudomotor axon reflex testing (QSART).</P><P>An antibody panel that includes the nicotinic acetylcholine receptor antibody is needed if an autoimmune process is suspected.<a href=\"epoc://current?article=8\">[8]</a> </P><P>Chest CT should be performed if a paraneoplastic syndrome is suspected, often because of unintended weight loss accompanying the orthostatic hypotension, in order to detect the primary node (which is often small) and enlarged mediastinal lymph nodes. The presence of paraneoplastic antibodies (anti-Hu, anti-Yo, anti-Ri, antiamphiphysin, anti-CV2, anti-Ma2) should be investigated.</P><P>Serum and urine electrophoresis can be performed to rule out a monoclonal gammopathy and light-chain disease.</P><P>Fat aspirate may be needed if amyloidosis is suspected.</P><P>Genetic testing for transthyretin familial amyloid polyneuropathy is available.</P></div></div></div>",
   "type":"web"},

  {
   "id":"followup",
   "title":"Orthostatic hypotension",
   "html":"<div class=\"cell\"><div class=\"cellBlock\"><div class=\"cellTitle\">Prognosis</div><div class=\"cellBody\"><div class=\"cellBody\"><P>The goal of treatment is to improve symptoms and quality of life, and to prevent falls and morbidities associated with orthostatic hypotension. It is important to treat symptoms rather than blood pressure levels.</P></div><div class=\"cellTitle\">Neurodegenerative disorders with autonomic failure and a movement disorder</div><div class=\"cellBody\"><P>Orthostatic hypotension in patients with neurodegenerative disorders that affect autonomic nerves and motor pathways (e.g., Parkinson disease, multiple system atrophy) can be successfully treated with significant improvement in quality of life. However, the relentless progression of nonautonomic neurologic deficits is the main factor affecting prognosis.</P></div><div class=\"cellTitle\">Pure autonomic failure</div><div class=\"cellBody\"><P>Pure autonomic failure is a neurodegenerative disorder that does not affect motor pathways. The prognosis is usually benign if orthostatic hypotension and other autonomic problems can be successfully treated. However, patients with pure autonomic failure have a 10% per year cumulative risk of developing Parkinson disease, dementia&nbsp;with Lewy bodies, or multiple system atrophy. This risk is increased in patients with REM sleep behavior disorder.<a href=\"epoc://current?article=35\">[35]</a> </P></div><div class=\"cellTitle\">Peripheral autonomic neuropathies</div><div class=\"cellBody\"><P>Orthostatic hypotension can be successfully treated in most autonomic neuropathies, but the prognosis depends on the underlying disorder.</P></div></div><div class=\"cellTitle\">Monitoring</div><div class=\"cellBody\"><P>Patients prescribed antihypotensive medication must be followed on a regular basis, typically every 3 to 6 months. At follow-up visits, measurements of supine and standing blood pressures should be performed. In patients with supine hypertension, 24-hour ambulatory monitoring may be required to assess the severity of hypertension and the need for treatment. Yearly measurements of creatinine should be performed to monitor renal function and the potential development of renal failure.</P><P>The possibility of infection (most frequently urinary tract infection), dehydration, or the addition of a medication should be excluded in patients with known orthostatic hypotension who experience a sudden worsening of symptoms.</P></div><div class=\"cellTitle\">Patient Instructions</div><div class=\"cellBody\"><P>To lessen orthostatic stress, patients should be instructed to sit when going from a supine to a standing position. A bedside commode can be useful to avoid syncope at night in patients with frequent nocturia. To avoid reducing venous return to the heart and worsening orthostatic hypotension, patients should avoid performing Valsalva-like maneuvers during isometric exercise and should avoid straining (e.g., during a bowel movement). To lessen postprandial falls in blood pressure, patients should be advised to eat small, frequent meals. To increase venous return to the heart and enhance orthostatic tolerance, patients should learn to use physical counter-maneuvers when upright, such as leg-crossing, standing on tiptoes, and muscle tensing. Patients should stay well hydrated and avoid other aggravating factors that worsen orthostatic hypotension.<a href=\"http://www.americanautonomicsociety.org\">American Autonomic Society</a> </P></div></div></div>",
   "type":"web"},

  {
   "id":"prevention",
   "title":"Orthostatic hypotension",
   "html":"<div class=\"cell\"><div class=\"cellBlock\"><div class=\"cellTitle\">Prevention</div><div class=\"cellBody\"><h4>Primary Prevention</h4><P>Medications that trigger orthostatic hypotension should be avoided in susceptible populations. The most common medications known to trigger orthostatic hypotension are the alpha-blockers (used for treating conditions such as benign prostatic hypertrophy), antidepressants (e.g., amitriptyline), phosphodiesterase-5 inhibitors (used to treat conditions such as erectile dysfunction), and antihypertensive agents, particularly diuretics. Levodopa and dopaminergic agonists also frequently induce orthostatic hypotension.</P><P>Dehydration and diets that are very low in sodium should also be avoided in susceptible populations.</P><P>Tight glycemic control has been shown to delay progression of autonomic neuropathy in type 1 diabetes, but not in type 2 diabetes.</P><h4>Secondary Prevention</h4><P>Patients with orthostatic hypotension should be aware that their condition makes them more susceptible to syncope, thereby rendering them more vulnerable to falls. Educating patients about the effects of posture, medications, and hydration on blood pressure and the need to use physical counter-maneuvers is important to prevent falls.</P><P>Patients should be told to avoid being supine during the day because of the increased incidence of supine hypertension in patients with orthostatic hypotension caused by chronic autonomic failure. Patients should be instructed to sleep with the head of the bed elevated at 30° or as tolerated.</P></div></div></div>",
   "type":"web"},

  {
   "id":"complications",
   "sections":
   [

    {
     "headerText":"High Likelihood",
     "cells":
     [

      {
       "title":"falls",
       "type":"flex0",
       "targetHTML":"<div class=\"cell\"><div class=\"cellBlock\"><div class=\"cellBody\"><P>Falls in older people are a significant cause of morbidity and mortality. If orthostatic hypotension is severe enough to compromise blood supply to the brain, syncope and loss of postural tone can occur. In patients with orthostatic hypotension, the likelihood of syncope is markedly increased, especially when there is a combination of aggravating factors (e.g., cutaneous vasodilation during hot weather, dehydration, prolonged standing).</P><P>The most important measure for preventing orthostatic hypotension-induced falls is patient education (i.e., avoiding triggers of orthostatic hypotension, learning to recognize symptoms and to sit down immediately to avoid syncope, and using physical counter-maneuvers aimed at increasing venous return during orthostatic stresses).</P><A href=\"epoc://dx/monograph/880\"><B class=\"view-dx-monograph\">View Dx monograph</B></A></div></div></div>"}      ]},

    {
     "headerText":"Medium Likelihood",
     "cells":
     [

      {
       "title":"supine hypertension",
       "type":"flex0",
       "targetHTML":"<div class=\"cell\"><div class=\"cellBlock\"><div class=\"cellBody\"><P>In 50% of patients with severe autonomic impairment, circadian blood pressure rhythms are lost and blood pressure is elevated at night. This causes end-organ damage.</P><P>Periodic measurements of left ventricular thickness and serum creatinine levels are necessary to monitor the progression of end-organ damage in patients with supine hypertension.</P><P>Patients should not lie down during the day, and sleeping with the head of the bed elevated reduces supine hypertension.</P><P>Short-acting antihypertensive drugs taken at bedtime may be required.</P></div></div></div>"}      ]}    ],
   "type":"table"},

  {
   "id":"guidelines",
   "title":"Orthostatic hypotension",
   "html":"<div class=\"cell\"><div class=\"cellBlock\"><div class=\"cellTitle\">Diagnostic Guidelines</div><div class=\"cellBody\"><p><h4>Guideline for the evaluation and management of patients with syncope<a href=\"epoc://current?article=10\">[10]</a> </h4><p><a href=\"https://www.ahajournals.org/doi/10.1161/CIR.0000000000000499\">View Society Guidelines</a></p><p><small><b>Published by: </b>American College of Cardiology/American Heart Association Task Force on Clinical Practice Guidelines and the Heart Rhythm Society</small><br><small><b>Published: </b>2017</small></p><p><small><b>Summary</b><br><P>Evidence-based guidelines on the evaluation of patients with syncope, including syncope due to orthostatic hypotension.</P></small></p></p><hr><p><h4>Evaluation and treatment of orthostatic hypotension<a href=\"epoc://current?article=11\">[11]</a> </h4><p><a href=\"http://www.ash-us.org/Publications/ASH-Position-Papers.aspx\">View Society Guidelines</a></p><p><small><b>Published by: </b>American Society of Hypertension</small><br><small><b>Published: </b>2013</small></p><p><small><b>Summary</b><br><P>Practical advice on how to screen and diagnose orthostatic hypotension.</P></small></p></p><hr><p><h4>Consensus statement on the definition of orthostatic hypotension, neurally mediated syncope and the postural tachycardia syndrome<a href=\"epoc://current?article=9\">[9]</a> </h4><p><a href=\"http://www.ncbi.nlm.nih.gov/pubmed/21431947\">View Society Guidelines</a></p><p><small><b>Published by: </b>Consensus Committee of the American Autonomic Society; European Federation of Autonomic Societies; World Federation of Neurology; American Academy of Neurology</small><br><small><b>Published: </b>2011</small></p><p><small><b>Summary</b><br><P>Orthostatic hypertension is defined as a sustained fall in systolic blood pressure of at least 20 mmHg (at least 30 mmHg in those with supine hypertension) or diastolic blood pressure of 10 mmHg within 3 minutes of standing or head-up tilt to at least 60° on a tilt table.</P></small></p></p><hr><p><h4>Consensus statement on the definition of neurogenic supine hypertension<a href=\"epoc://current?article=12\">[12]</a> </h4><p><a href=\"https://www.ncbi.nlm.nih.gov/pubmed/29766366\">View Society Guidelines</a></p><p><small><b>Published by: </b>American Autonomic Society; European Federation of Autonomic Societies; Endorsed by the European Academy of Neurology; and the European Society of Hypertension (ESH).</small><br><small><b>Published: </b>2018</small></p><p><small><b>Summary</b><br><P>Guidelines describing the diagnosis of supine hypertension in patients with autonomic failure. In patients with neurogenic orthostatic hypotension, neurogenic supine hypertension is defined as systolic BP ≥ 140 mmHg and/or diastolic BP ≥ 90 mmHg, measured after at least 5 min of rest in the supine position.</P></small></p></p><hr><p><h4>The recommendations of a consensus panel for the screening, diagnosis, and treatment of neurogenic orthostatic hypotension and associated supine hypertension<a href=\"epoc://current?article=13\">[13]</a> </h4><p><a href=\"https://link.springer.com/article/10.1007%2Fs00415-016-8375-x\">View Society Guidelines</a></p><p><small><b>Published by: </b>American Autonomic Society and the National Parkinson Foundation</small><br><small><b>Published: </b>2017</small></p><p><small><b>Summary</b><br><P>Conensus guidelines for screening and diagnosis of neurogenic orthostatic hypotension and associated supine hypertension.</P></small></p></p><hr><p><h4>Second consensus statement on the diagnosis of multiple system atrophy<a href=\"epoc://current?article=14\">[14]</a> </h4><p><a href=\"http://www.ncbi.nlm.nih.gov/pmc/articles/PMC2676993/\">View Society Guidelines</a></p><p><small><b>Published by: </b>American Academy of Neurology</small><br><small><b>Published: </b>2008</small></p><p><small><b>Summary</b><br><P>Describes features supporting and not supporting a diagnosis of MSA.</P></small></p></p><hr><p><h4>EFNS guidelines on the diagnosis and management of orthostatic hypotension<a href=\"epoc://current?article=15\">[15]</a> </h4><p><a href=\"https://www.ean.org/Reference-Center.2699.0.html\">View Society Guidelines</a></p><p><small><b>Published by: </b>European Federation of Neurological Societies</small><br><small><b>Published: </b>2011</small></p><p><small><b>Summary</b><br><P>Describes diagnostic strategies. Orthostatic hypotension is defined as a fall in blood pressure within 3 min of active standing or head-up tilt testing.</P></small></p></p><hr><p><h4>Guidelines on the diagnosis and management of syncope<a href=\"epoc://current?article=16\">[16]</a> </h4><p><a href=\"https://www.escardio.org/Guidelines/Clinical-Practice-Guidelines\">View Society Guidelines</a></p><p><small><b>Published by: </b>European Society of Cardiology</small><br><small><b>Published: </b>2018</small></p><p><small><b>Summary</b><br><P>Orthostatic hypotension is more likely to occur, or to be more severe, when specific factors are present e.g., medication causing low BP, alcohol use, volume depletion, pulmonary diseases causing reduction in brain oxygen supply, and environmental factors (thermal stress).</P></small></p></p><hr></div><br><div class=\"cellTitle\">Treatment Guidelines</div><div class=\"cellBody\"><p><h4>Evaluation and treatment of orthostatic hypotension<a href=\"epoc://current?article=11\">[11]</a> </h4><p><a href=\"https://onlinelibrary.wiley.com/doi/full/10.1111/jch.12062\">View Society Guidelines</a></p><p><small><b>Published by: </b>American Society of Hypertension</small><br><small><b>Published: </b>2013</small></p><p><small><b>Summary</b><br><P>Orthostatic hypotension treatment should focus on alleviating symptoms and reducing risk of falls and syncope rather than achieving an arbitary blood presssure goal.</P></small></p></p><hr><p><h4>The recommendations of a consensus panel for the screening, diagnosis, and treatment of neurogenic orthostatic hypotension and associated supine hypertension<a href=\"epoc://current?article=13\">[13]</a> </h4><p><a href=\"https://link.springer.com/article/10.1007%2Fs00415-016-8375-x\">View Society Guidelines</a></p><p><small><b>Published by: </b>American Autonomic Society and the National Parkinson Foundation</small><br><small><b>Published: </b>2017</small></p><p><small><b>Summary</b><br><P>Principal treatment goals include reducing symptom burden, prolonging standing time, and restoring independence in activities of daily living.</P></small></p></p><hr><p><h4>Guideline for the evaluation and management of patients with syncope<a href=\"epoc://current?article=10\">[10]</a> </h4><p><a href=\"https://www.acc.org/guidelines#doctype=Guidelines\">View Society Guidelines</a></p><p><small><b>Published by: </b>American College of Cardiology/American Heart Association Task Force on Clinical Practice Guidelines and the Heart Rhythm Society</small><br><small><b>Published: </b>2017</small></p><p><small><b>Summary</b><br><P>Includes an algorithm for the treatment of orthostatic hypotension.</P></small></p></p><hr><p><h4>Orthostatic hypotension due to autonomic dysfunction: midodrine<a href=\"epoc://current?article=33\">[33]</a> </h4><p><a href=\"https://www.nice.org.uk/advice/esnm61/chapter/Key-points-from-the-evidence\">View Society Guidelines</a></p><p><small><b>Published by: </b>National Institute for Health and Care Excellence (UK)</small><br><small><b>Published: </b>2015</small></p><p><small><b>Summary</b><br><P>Summary of the key evidence for midodrine for severe orthostatic hypotension due to autonomic dysfunction.</P></small></p></p><hr><p><h4>EFNS guidelines on the diagnosis and management of orthostatic hypotension<a href=\"epoc://current?article=15\">[15]</a> </h4><p><a href=\"https://www.ean.org/Reference-Center.2699.0.html\">View Society Guidelines</a></p><p><small><b>Published by: </b>European Federation of Neurological Societies</small><br><small><b>Published: </b>2011</small></p><p><small><b>Summary</b><br><P>Avoidance of factors that may induce OH is recommended.</P><P>Fludrocortisone monotherapy is recommended as a first-line treatment.</P><P>Erythropoietin is recommended in anemic patients.</P></small></p></p><hr><p><h4>Guidelines on the diagnosis and management of syncope<a href=\"epoc://current?article=34\">[34]</a> </h4><p><a href=\"https://www.escardio.org/Guidelines/Clinical-Practice-Guidelines\">View Society Guidelines</a></p><p><small><b>Published by: </b>European Society of Cardiology</small><br><small><b>Published: </b>2018</small></p><p><small><b>Summary</b><br><P>Includes a schematic guide forthe treatment of orthostatic hypotension. Initial treatment should include patient education regarding awareness and avoidance of triggers (e.g., hot crowded environments, volume depletion), early recognition of prodromal symptoms, and performing positional maneuvers as necessary. Avoidance of agents that lower BP (e.g., alpha-blockers, diuretics, and alcohol) is important.</P></small></p></p><hr></div></div></div>",
   "type":"web"},

  {
   "id":"p-tx-c_0",
   "title":"ignoreme",
   "html":"<html><div class=\"cell\"><div class=\"cellBlock\"><div class=\"cellTitle\">Comments</div><div class=\"cellBody\"><ul><li>Medications that induce or aggravate orthostatic hypotension (e.g., amitriptyline and other antidepressants, diuretics and other antihypertensive agents, alpha-blockers, sildenafil and other phosphodiesterase-5 inhibitors) should be carefully reviewed and eliminated, if appropriate. Even \"bladder-selective\" alpha-blockers, such as tamsulosin, can aggravate orthostatic hypotension in older men,<a href=\"epoc://current?article=18\">[18]</a> and increase the risk of hip fracture.<a href=\"epoc://current?article=19\">[19]</a> The alpha-agonist activity of some centrally acting muscle relaxants, such as tizanidine, is similar to that of clonidine.</li><li>Hypertension is a risk factor for orthostatic hypotension, and both conditions commonly coexist in older patients. Although certain antihypertensive agents can trigger or worsen orthostatic hypotension, complete withdrawal of antihypertensives is not appropriate as this will lead to pressure diuresis and worsening of orthostatic hypotension. Judicious use of antihypertensives (e.g., ACE inhibitors, angiotensin-II receptor antagonists) and avoiding agents likely to cause orthostatic hypotension (e.g., alpha-blockers, diuretics) is therefore recommended.</li><li>Patients should first sit when going from supine to standing. Straining during bowel movements or performing Valsalva-like maneuvers should be avoided. Eating frequent, small meals is often effective in lessening postprandial hypotension. Patients should be aware that hot environments may worsen orthostatic&nbsp;hypotension.</li><li>Physical counter-maneuvers when upright, such as leg-crossing, standing on tiptoes, and muscle-tensing, enhance orthostatic tolerance. Custom-made elastic stockings or an abdominal binder help some patients.</li><li>The head of the bed should be raised by inserting blocks 6 to 9 inches (15-22 cm) high under the headposts.</li></ul></div></div></div></html>",
   "type":"web"},

  {
   "id":"p-tx-c_1",
   "title":"ignoreme",
   "html":"<html><div class=\"cell\"><div class=\"cellBlock\"><div class=\"cellTitle\">Primary Options</div><div class=\"cellBody\"><UL class=\"tx-options\"><LI><span><A href=\"epoc://rx/monograph/756\">fludrocortisone</A>: 0.1 to 0.2 mg orally once daily <B>and</B><BR></span><span>sodium chloride: 1 g orally with each meal<BR></span></LI></UL></div><div class=\"cellTitle\">Comments</div><div class=\"cellBody\"><ul><li>Patients who have an inadequate response to simple nonpharmacologic measures may benefit from fludrocortisone, a synthetic mineralocorticoid that raises blood pressure when given with a high salt intake.<a href=\"epoc://current?article=21\">[21]</a> However, fludrocortisone should be used with extreme caution as it results in hypertension when supine, promotes cardiac fibrosis, and may accelerate progression of renal deterioration.<a href=\"epoc://current?article=22\">[22]</a> </li><li>Dietary salt can be increased or sodium chloride tablets can be taken. Water intake should be at least 2 liters each day.</li></ul></div></div></div></html>",
   "type":"web"},

  {
   "id":"p-tx-c_2",
   "title":"ignoreme",
   "html":"<html><div class=\"cell\"><div class=\"cellBlock\"><div class=\"cellTitle\">Primary Options</div><div class=\"cellBody\"><UL class=\"tx-options\"><LI><span><A href=\"epoc://rx/monograph/1768\">midodrine</A>: 2.5 mg orally three times daily when required initially, increase according to response, maximum 30 mg/day<BR></span></LI><LI><span><A href=\"epoc://rx/monograph/6949\">droxidopa</A>: 100 mg orally three times daily initially (morning, midday, and late afternoon at least 3 hours before bedtime), increase gradually according to response, maximum 1800 mg/day<BR></span></LI></UL></div><div class=\"cellTitle\">Secondary Options</div><div class=\"cellBody\"><UL class=\"tx-options\"><LI><span><A href=\"epoc://rx/monograph/3281\">atomoxetine</A>: 18 mg orally twice daily when required<BR></span></LI><LI><span><A href=\"epoc://rx/monograph/954\">pyridostigmine</A>: 60 mg orally two or three times daily when required<BR></span></LI></UL></div><div class=\"cellTitle\">Comments</div><div class=\"cellBody\"><ul><li>When nonpharmacologic measures and mineralocorticoids are not sufficient to alleviate symptoms, short-acting pressor agents or droxidopa can be used.<a href=\"epoc://current?article=23\">[23]</a> <a href=\"epoc://current?article=24\">[24]</a> <a href=\"epoc://current?article=25\">[25]</a> <a href=\"epoc://current?article=26\">[26]</a> <a href=\"epoc://current?article=28\">[28]</a> </li><li>Short-acting pressor agents should be used when required, within the prescribed daily frequencies, and taken about 1 hour before the factor that precipitates a hypotensive episode (e.g., upright activity, meals), so that their pressor effect coincides with the expected nadir in blood pressure. They should be avoided before bed.</li><li>Droxidopa, a norepinephrine prodrug, is converted to norepinephrine in the body by the same enzyme that converts levodopa to dopamine.<a href=\"epoc://current?article=28\">[28]</a> It increases blood pressure, with a peak effect about 3 hours after administration, and improves symptoms associated with orthostatic hypotension. It has been approved by the Food and Drug Administration (FDA) for the treatment of neurogenic orthostatic hypotension, based upon randomized controlled trials demonstrating symptom improvement after 1 week of treatment.<a href=\"epoc://current?article=29\">[29]</a> <a href=\"epoc://current?article=30\">[30]</a> The FDA requires longer-term post-marketing studies to determine persistence of effect.</li><li>Droxidopa should be taken upon arising in the morning, at midday, and late afternoon at least 3 hours prior to bedtime to reduce the potential for supine hypertension. However, many patients can miss out the late afternoon dose.</li><li>Pyridostigmine, an acetylcholinesterase inhibitor, has modest pressor effects but can help some patients with mild-to-moderate orthostatic hypotension. The norepinephrine-reuptake inhibitor atomoxetine can acutely improve upright blood pressure and ameliorate symptoms in some patients,<a href=\"epoc://current?article=26\">[26]</a> <a href=\"epoc://current?article=27\">[27]</a> but long-term efficacy has not been demonstrated.</li></ul></div></div></div></html>",
   "type":"web"},

  {
   "id":"p-tx-c_3",
   "title":"ignoreme",
   "html":"<html><div class=\"cell\"><div class=\"cellBlock\"><div class=\"cellTitle\">Primary Options</div><div class=\"cellBody\"><UL class=\"tx-options\"><LI><span><A href=\"epoc://rx/monograph/2025\">epoetin alfa</A>: 25-50 units/kg subcutaneously three times weekly initially, titrate to maintain a hematocrit of 40% to 45%<BR></span></LI></UL></div><div class=\"cellTitle\">Comments</div><div class=\"cellBody\"><ul><li>In patients who do not respond adequately to other interventions, treatment with recombinant erythropoietin to correct anemia, which is common in chronic autonomic disorders, increases upright blood pressure and improves symptoms of orthostatic hypotension.<a href=\"epoc://current?article=31\">[31]</a> <a href=\"epoc://current?article=32\">[32]</a> </li><li>Dose is titrated against hematocrit.</li><li>Iron supplementation may be needed to prevent or treat iron deficiency.</li><li>The long-term safety of this approach has not been determined.</li></ul></div></div></div></html>",
   "type":"web"},

  {
   "id":"tx-0",
   "sections":
   [

    {
     "cells":
     [

      {
       "target":"p-tx-c_0",
       "title":"eliminate aggravating factors and institute lifestyle changes",
       "flag":"1st",
       "type":"flex1"},

      {
       "target":"p-tx-c_1",
       "title":"mineralocorticoid therapy and volume expansion",
       "flag":"adj.",
       "type":"flex1"},

      {
       "target":"p-tx-c_2",
       "title":"short-acting pressors or droxidopa",
       "flag":"adj.",
       "type":"flex1"},

      {
       "target":"p-tx-c_3",
       "title":"correction of anemia",
       "flag":"adj.",
       "type":"flex1"}      ]}    ],
   "type":"table"}  ],
 "citations":
 {
  "articles":
  [

   {
    "id":1,
    "key_article":false,
    "ref_article":true,
    "html":"Norcliffe-Kaufmann L, Kaufmann H, Palma JA, et al. Orthostatic heart rate changes in patients with autonomic failure caused by neurodegenerative synucleinopathies. Ann Neurol. 2018 Mar;83(3):522-31.<a href=\"http://www.ncbi.nlm.nih.gov/pubmed/29405350\"> [Abstract]</a><a href=\"https://www.doi.org/10.1002/ana.25170\"> [Full Text]</a>"},

   {
    "id":2,
    "key_article":false,
    "ref_article":true,
    "html":"Rodstein M, Zeman FD. Postural blood pressure changes in the elderly. J Chronic Dis. 1957 Dec;6(6):581-8.<a href=\"http://www.ncbi.nlm.nih.gov/pubmed/13491668\"> [Abstract]</a>"},

   {
    "id":3,
    "key_article":false,
    "ref_article":true,
    "html":"Wu JS, Yang YC, Lu FH, et al. Population-based study on the prevalence and correlates of orthostatic hypotension/hypertension and orthostatic dizziness. Hypertens Res. 2008 May;31(5):897-904.<a href=\"http://www.ncbi.nlm.nih.gov/pubmed/18712045\"> [Abstract]</a>"},

   {
    "id":4,
    "key_article":true,
    "ref_article":true,
    "html":"Low PA. Prevalence of orthostatic hypotension. Clin Auton Res. 2008 Mar;18 Suppl 1:8-13.<a href=\"http://www.ncbi.nlm.nih.gov/pubmed/18368301\"> [Abstract]</a>"},

   {
    "id":5,
    "key_article":true,
    "ref_article":true,
    "html":"Ooi WL, Hossain M, Lipsitz LA. The association between orthostatic hypotension and recurrent falls in nursing home residents. Am J Med. 2000 Feb;108(2):106-11.<a href=\"http://www.ncbi.nlm.nih.gov/pubmed/11126303\"> [Abstract]</a>"},

   {
    "id":6,
    "key_article":false,
    "ref_article":true,
    "html":"Weiss A, Grossman E, Beloosesky Y, et al. Orthostatic hypotension in acute geriatric ward: is it a consistent finding? Arch Intern Med. 2002 Nov 11;162(20):2369-74.<a href=\"http://www.ncbi.nlm.nih.gov/pubmed/12418952\"> [Abstract]</a><a href=\"http://archinte.jamanetwork.com/article.aspx?articleid=213832\"> [Full Text]</a>"},

   {
    "id":7,
    "key_article":true,
    "ref_article":true,
    "html":"Kaufmann H, Biaggioni I. Autonomic failure in neurodegenerative disorders. Semin Neurol. 2003 Dec;23(4):351-63.<a href=\"http://www.ncbi.nlm.nih.gov/pubmed/15088256\"> [Abstract]</a>"},

   {
    "id":8,
    "key_article":false,
    "ref_article":true,
    "html":"Vernino S, Low PA, Fealey RD, et al. Autoantibodies to ganglionic acetylcholine receptors in autoimmune autonomic neuropathies. N Engl J Med. 2000 Sep 21;343(12):847-55.<a href=\"http://www.ncbi.nlm.nih.gov/pubmed/10995864\"> [Abstract]</a><a href=\"http://www.nejm.org/doi/full/10.1056/NEJM200009213431204#t=article\"> [Full Text]</a>"},

   {
    "id":9,
    "key_article":false,
    "ref_article":true,
    "html":"Freeman R, Wieling W, Axelrod FB, et al. Consensus statement on the definition of orthostatic hypotension, neurally mediated syncope and the postural tachycardia syndrome. Clin Auton Res. 2011 Apr;21(2):69-72.<a href=\"http://www.ncbi.nlm.nih.gov/pubmed/21431947\"> [Abstract]</a>"},

   {
    "id":10,
    "key_article":false,
    "ref_article":true,
    "html":"Shen WK, Sheldon RS, Benditt DG, et al. 2017 ACC/AHA/HRS Guideline for the Evaluation and Management of Patients With Syncope: A Report of the American College of Cardiology/American Heart Association Task Force on Clinical Practice Guidelines and the Heart Rhythm Society. Circulation. 2017 Aug 1;136(5):e60-e122.<a href=\"http://www.ncbi.nlm.nih.gov/pubmed/28280231\"> [Abstract]</a><a href=\"https://www.doi.org/10.1161/CIR.0000000000000499\"> [Full Text]</a>"},

   {
    "id":11,
    "key_article":false,
    "ref_article":true,
    "html":"Shibao C, Lipsitz LA, Biaggioni I; American Society of Hypertension Writing Group. Evaluation and treatment of orthostatic hypotension. J Am Soc Hypertens. 2013 Jul-Aug;7(4):317-24.<a href=\"http://www.ncbi.nlm.nih.gov/pubmed/23721882\"> [Abstract]</a><a href=\"https://onlinelibrary.wiley.com/doi/10.1111/jch.12062/full\"> [Full Text]</a>"},

   {
    "id":12,
    "key_article":false,
    "ref_article":true,
    "html":"Fanciulli A, Jordan J, Biaggioni I, et al. Consensus statement on the definition of neurogenic supine hypertension in cardiovascular autonomic failure by the American Autonomic Society (AAS) and the European Federation of Autonomic Societies (EFAS) : Endorsed by the European Academy of Neurology (EAN) and the European Society of Hypertension (ESH). Clin Auton Res. 2018 Aug;28(4):355-62.<a href=\"http://www.ncbi.nlm.nih.gov/pubmed/29766366\"> [Abstract]</a><a href=\"https://www.doi.org/10.1007/s10286-018-0529-8\"> [Full Text]</a>"},

   {
    "id":13,
    "key_article":false,
    "ref_article":true,
    "html":"Gibbons CH, Schmidt P, Biaggioni I, et al. The recommendations of a consensus panel for the screening, diagnosis, and treatment of neurogenic orthostatic hypotension and associated supine hypertension. J Neurol. 2017 Aug;264(8):1567-82.<a href=\"http://www.ncbi.nlm.nih.gov/pubmed/28050656\"> [Abstract]</a><a href=\"https://www.doi.org/10.1007/s00415-016-8375-x\"> [Full Text]</a>"},

   {
    "id":14,
    "key_article":false,
    "ref_article":true,
    "html":"Gilman S, Wenning GK, Low PA, et al. Second consensus statement on the diagnosis of multiple system atrophy. Neurology. 2008 Aug 26;71(9):670-6.<a href=\"http://www.ncbi.nlm.nih.gov/pubmed/18725592\"> [Abstract]</a><a href=\"http://www.ncbi.nlm.nih.gov/pmc/articles/PMC2676993/\"> [Full Text]</a>"},

   {
    "id":15,
    "key_article":false,
    "ref_article":true,
    "html":"Lahrmann H, Cortelli P, Hilz M, et al. EFNS guidelines on orthostatic hypotension. In: Gilhus NE, Barnes MP, Brainin M (eds). European Handbook of Neurological Management. Vol 1, 2nd ed. Oxford: Wiley-Blackwell; 2011."},

   {
    "id":16,
    "key_article":false,
    "ref_article":true,
    "html":"Brignole M, Moya A, de Lange FJ, et al. 2018 ESC Guidelines for the diagnosis and management of syncope. Eur Heart J. 2018 Jun 1;39(21):1883-948.<a href=\"http://www.ncbi.nlm.nih.gov/pubmed/29562304\"> [Abstract]</a><a href=\"https://www.doi.org/10.1093/eurheartj/ehy037\"> [Full Text]</a>"},

   {
    "id":17,
    "key_article":false,
    "ref_article":true,
    "html":"Moonen JE, Foster-Dingley JC, de Ruijter W, et al. Effect of discontinuation of antihypertensive medication on orthostatic hypotension in older persons with mild cognitive impairment: the DANTE Study Leiden. Age Ageing. 2016 Mar;45(2):249-55.<a href=\"http://www.ncbi.nlm.nih.gov/pubmed/26758532\"> [Abstract]</a><a href=\"http://ageing.oxfordjournals.org/content/45/2/249.long\"> [Full Text]</a>"},

   {
    "id":18,
    "key_article":false,
    "ref_article":true,
    "html":"Bird ST, Delaney JA, Brophy JM, et al. Tamsulosin treatment for benign prostatic hyperplasia and risk of severe hypotension in men aged 40-85 years in the United States: risk window analyses using between and within patient methodology. BMJ. 2013 Nov 5;347:f6320.<a href=\"http://www.ncbi.nlm.nih.gov/pubmed/24192967\"> [Abstract]</a><a href=\"http://www.bmj.com/content/347/bmj.f6320.long\"> [Full Text]</a>"},

   {
    "id":19,
    "key_article":false,
    "ref_article":true,
    "html":"Seo GH, Lee YK, Ha YC. Risk of hip fractures in men with alpha-blockers: a nationwide study base on claim registry. J Bone Metab. 2015 Feb;22(1):29-32.<a href=\"http://www.ncbi.nlm.nih.gov/pubmed/25774362\"> [Abstract]</a><a href=\"http://e-jbm.org/DOIx.php?id=10.11005/jbm.2015.22.1.29\"> [Full Text]</a>"},

   {
    "id":20,
    "key_article":false,
    "ref_article":true,
    "html":"Fanciulli A, Goebel G, Metzler B, et al. Elastic abdominal binders attenuate orthostatic hypotension in Parkinson's disease. Mov Disord Clin Pract. 2015 Nov 27;3(2):156-60.<a href=\"http://onlinelibrary.wiley.com/doi/10.1002/mdc3.12270/full\"> [Full Text]</a>"},

   {
    "id":21,
    "key_article":false,
    "ref_article":true,
    "html":"Hickler RB, Thompson GR, Fox LM, et al. Successful treatment of orthostatic hypotension with 9-alpha-fluorohydrocortisone. N Engl J Med. 1959 Oct 15;261:788-91.<a href=\"http://www.ncbi.nlm.nih.gov/pubmed/14401690\"> [Abstract]</a>"},

   {
    "id":22,
    "key_article":false,
    "ref_article":true,
    "html":"Young MJ, Rickard AJ. Mineralocorticoid receptors in the heart: lessons from cell-selective transgenic animals. J Endocrinol. 2015 Jan;224(1):R1-13.<a href=\"http://www.ncbi.nlm.nih.gov/pubmed/25335936\"> [Abstract]</a><a href=\"http://joe.endocrinology-journals.org/content/224/1/R1.long\"> [Full Text]</a>"},

   {
    "id":23,
    "key_article":false,
    "ref_article":true,
    "html":"Wright RA, Kaufmann HC, Perera R, et al. A double-blind, dose-response study of midodrine in neurogenic orthostatic hypotension. Neurology. 1998 Jul;51(1):120-4.<a href=\"http://www.ncbi.nlm.nih.gov/pubmed/9674789\"> [Abstract]</a>"},

   {
    "id":24,
    "key_article":false,
    "ref_article":true,
    "html":"Low PA, Gilden JL, Freeman R, et al. Efficacy of midodrine vs placebo in neurogenic orthostatic hypotension. A randomized, double-blind multicenter study. Midodrine Study Group. JAMA. 1997 Apr 2;277(13):1046-51. [Erratum in: JAMA. 1997 Aug 6;278(5):388.]<a href=\"http://www.ncbi.nlm.nih.gov/pubmed/9091692\"> [Abstract]</a>"},

   {
    "id":25,
    "key_article":false,
    "ref_article":true,
    "html":"Gales BJ, Gales MA. Pyridostigmine in the treatment of orthostatic intolerance. Ann Pharmacother. 2007 Feb;41(2):314-8.<a href=\"http://www.ncbi.nlm.nih.gov/pubmed/17284509\"> [Abstract]</a>"},

   {
    "id":26,
    "key_article":false,
    "ref_article":true,
    "html":"Shibao C, Raj SR, Gamboa A, et al. Norepinephrine transporter blockade with atomoxetine induces hypertension in patients with impaired autonomic function. Hypertension. 2007 Jul;50(1):47-53.<a href=\"http://www.ncbi.nlm.nih.gov/pubmed/17515448\"> [Abstract]</a><a href=\"http://hyper.ahajournals.org/content/50/1/47.long\"> [Full Text]</a>"},

   {
    "id":27,
    "key_article":false,
    "ref_article":true,
    "html":"Ramirez CE, Okamoto LE, Arnold AC, et al. Efficacy of atomoxetine versus midodrine for the treatment of orthostatic hypotension in autonomic failure. Hypertension. 2014 Dec;64(6):1235-40.<a href=\"http://www.ncbi.nlm.nih.gov/pubmed/25185131\"> [Abstract]</a>"},

   {
    "id":28,
    "key_article":false,
    "ref_article":true,
    "html":"Kaufmann H, Saadia D, Voustianiouk A, et al. Norepinephrine precursor therapy in neurogenic orthostatic hypotension. Circulation. 2003 Aug 12;108(6):724-8.<a href=\"http://www.ncbi.nlm.nih.gov/pubmed/12885750\"> [Abstract]</a><a href=\"http://circ.ahajournals.org/content/108/6/724.full\"> [Full Text]</a>"},

   {
    "id":29,
    "key_article":false,
    "ref_article":true,
    "html":"Kaufmann H, Freeman R, Biaggioni I, et al; NOH301 Investigators. Droxidopa for neurogenic orthostatic hypotension: a randomized, placebo-controlled, phase 3 trial. Neurology. 2014 Jul 22;83(4):328-35.<a href=\"http://www.ncbi.nlm.nih.gov/pubmed/24944260\"> [Abstract]</a><a href=\"http://www.neurology.org/content/83/4/328.long\"> [Full Text]</a>"},

   {
    "id":30,
    "key_article":false,
    "ref_article":true,
    "html":"Hauser RA, Isaacson S, Lisk JP, et al. Droxidopa for the short-term treatment of symptomatic neurogenic orthostatic hypotension in Parkinson's disease (nOH306B). Mov Disord. 2015 Apr 15;30(5):646-54.<a href=\"http://www.ncbi.nlm.nih.gov/pubmed/25487613\"> [Abstract]</a><a href=\"http://onlinelibrary.wiley.com/doi/10.1002/mds.26086/full\"> [Full Text]</a>"},

   {
    "id":31,
    "key_article":false,
    "ref_article":true,
    "html":"Perera R, Isola L, Kaufmann H. Effect of recombinant erythropoietin on anemia and orthostatic hypotension in primary autonomic failure. Clin Auton Res. 1995 Sep;5(4):211-3.<a href=\"http://www.ncbi.nlm.nih.gov/pubmed/8520216\"> [Abstract]</a>"},

   {
    "id":32,
    "key_article":false,
    "ref_article":true,
    "html":"Biaggioni I, Robertson D, Krantz S, et al. The anemia of primary autonomic failure and its reversal with recombinant erythropoietin. Ann Intern Med. 1994 Aug 1;121(3):181-6.<a href=\"http://www.ncbi.nlm.nih.gov/pubmed/8017744\"> [Abstract]</a>"},

   {
    "id":33,
    "key_article":false,
    "ref_article":true,
    "html":"National Institute for Health and Care Excellence. Orthostatic hypotension due to autonomic dysfunction: midodrine. NICE advice [ESNM61]. October 2015 [internet publication].<a href=\"https://www.nice.org.uk/advice/esnm61/chapter/Key-points-from-the-evidence\"> [Full Text]</a>"},

   {
    "id":34,
    "key_article":false,
    "ref_article":true,
    "html":"Moya A, Sutton R, Ammirati F, et al. Guidelines for the diagnosis and management of syncope (version 2009): the Task Force for the Diagnosis and Management of Syncope of the European Society of Cardiology (ESC). Eur Heart J. 2009 Nov;30(21):2631-71.<a href=\"http://www.ncbi.nlm.nih.gov/pubmed/19713422\"> [Abstract]</a><a href=\"https://www.escardio.org/Guidelines/Clinical-Practice-Guidelines/Syncope-Guidelines-on-Diagnosis-and-Management-of\"> [Full Text]</a>"},

   {
    "id":35,
    "key_article":false,
    "ref_article":true,
    "html":"Norcliffe-Kaufmann L, Kaufmann H, Palma JA, et al. Orthostatic heart rate changes in patients with autonomic failure caused by neurodegenerative synucleinopathies. Ann Neurol. 2018 Mar;83(3):522-531.<a href=\"http://www.ncbi.nlm.nih.gov/pubmed/29405350\"> [Abstract]</a><a href=\"https://www.doi.org/10.1002/ana.25170\"> [Full Text]</a>"}   ],
  "online_refs":
  [

   {
    "id":1,
    "title":"American Autonomic Society",
    "url":"http://www.americanautonomicsociety.org"}   ]},
 "media":
 [
  ]}