
{
 "id":986,
 "title":"Substance abuse/ OD overview",
 "views":
 [

  {
   "id":"root",
   "type":"table",
   "sections":
   [

    {
     "cells":
     [

      {
       "target":"summary",
       "title":"Summary",
       "type":"flex0"}      ]},

    {
     "cells":
     [

      {
       "target":"subtopics",
       "title":"Specific Topics",
       "type":"flex0"}      ]}    ]},

  {
   "id":"summary",
   "html":"<div class=\"cell\"><div class=\"cellBlock\"><div class=\"cellBody\"><P>According to the United Nations Office on Drugs and Crime (UNODC), it is estimated that 1 in 20 adults, or a quarter of a billion people between the ages of 15 and 64 years, used at least one drug in 2014. Cannabis remains the most commonly used drug at the global level, while amphetamines remain the second most commonly used drug. Although the use of opioids and prescription opioids is less common, opioids remain major drugs of potential harm and health consequences. A sharp increase in heroin use in some markets where it was previously declining shows that heroin remains one of the major drugs of public health concern. Many people who use drugs, both occasionally and regularly, tend to be polydrug users who use more than one substance concurrently or sequentially.<a href=\"epoc://current?article=1\">[1]</a> </P></div><div class=\"cellTitle\">Authors / Peer Reviewers</div><div class=\"cellBody\"><ul><li>Editorial Team</li></ul><BR><B class=\"last-updated display-none\">Last Updated: 2018-11-01</B><div style=\"display: none\" class=\"last-updated\"><div class=\"last-updated-label\">Last Updated</div><div class=\"last-updated-date\">2018-11-01</div></div></div></div></div>",
   "type":"web"},

  {
   "id":"subtopics",
   "sections":
   [

    {
     "cells":
     [

      {
       "title":"Opioid use disorder",
       "type":"flex0",
       "targetHTML":"<div class=\"cell\"><div class=\"cellBlock\"><div class=\"cellBody\"><P>An opioid is a synthetic or natural agent that stimulates opioid receptors and produces opium-like effects. Opiates are opioids that are naturally derived from the opium poppy (e.g., morphine). They are used to treat pain but may also be abused because of their euphoric effects. Opioid use disorder is defined as a problematic pattern of opioid use, leading to clinically significant impairment or distress, occurring in a 12-month period,<a href=\"epoc://current?article=2\">[2]</a> and may include symptoms of tolerance and withdrawal, despite knowledge that continued opioid use is the cause of these problems. Commonly abused opioids include codeine, fentanyl, heroin, morphine, opium, oxycodone, and hydrocodone.</P></div></div></div>"},

      {
       "title":"Opioid overdose",
       "type":"flex0",
       "targetHTML":"<div class=\"cell\"><div class=\"cellBlock\"><div class=\"cellBody\"><P>Overdose occurs when the quantities taken are larger than can be physically tolerated, resulting in central nervous system (CNS) and respiratory depression, miosis, and apnea. Can be fatal if not treated rapidly.</P><A href=\"epoc://dx/monograph/339\"><B class=\"view-dx-monograph\">View Dx monograph</B></A></div></div></div>"},

      {
       "title":"Cocaine abuse",
       "type":"flex0",
       "targetHTML":"<div class=\"cell\"><div class=\"cellBlock\"><div class=\"cellBody\"><P>Cocaine is a drug of abuse that is usually either insufflated (snorted), injected, or smoked in its freebase form (crack). Cocaine is a type IA antidysrhythmic, local anesthetic, and sympathomimetic. Episodic cocaine use leads to short-lived states of autonomic arousal. Chronic use can lead to scarring of heart tissue and myocardial hypertrophy, with increased myocardial calcium content resulting in an increased risk for lethal arrhythmias and sudden death. Cocaine use causes a hyperadrenergic state associated with abnormal mentation. The symptoms of any hyperadrenergic state include nausea, jitteriness, trouble concentrating, anxiety, paranoia, and euphoria.</P><A href=\"epoc://dx/monograph/199\"><B class=\"view-dx-monograph\">View Dx monograph</B></A></div></div></div>"},

      {
       "title":"Cocaine overdose",
       "type":"flex0",
       "targetHTML":"<div class=\"cell\"><div class=\"cellBlock\"><div class=\"cellBody\"><P>Refers to adverse events that occur within minutes or hours of excessive cocaine use. These events, which can occur in combination or isolation, include hyperthermia, rhabdomyolysis, dysrhythmia, ischemia, intracranial hemorrhage, agitation, psychosis, and seizures.</P><P>Patients may die suddenly before treatment can be given.</P><A href=\"epoc://dx/monograph/340\"><B class=\"view-dx-monograph\">View Dx monograph</B></A></div></div></div>"},

      {
       "title":"Amphetamine use disorder",
       "type":"flex0",
       "targetHTML":"<div class=\"cell\"><div class=\"cellBlock\"><div class=\"cellBody\"><P>Involves use of a class of noncatechol sympathomimetic amines, including amphetamines, methamphetamines, and methylenedioxymethamphetamine (MDMA, ecstasy). These are taken by oral and intravenous routes, by nasal insufflation (snorting), and by inhalation (smoking), resulting in either acute or chronic toxicity. Patients have a high probability of repeated abuse of amphetamines after documented acute or chronic abuse.</P><A href=\"epoc://dx/monograph/201\"><B class=\"view-dx-monograph\">View Dx monograph</B></A></div></div></div>"},

      {
       "title":"Amphetamine overdose",
       "type":"flex0",
       "targetHTML":"<div class=\"cell\"><div class=\"cellBlock\"><div class=\"cellBody\"><P>A patient with amphetamine toxicity will often present with agitated, irrational, and aggressive behavior, and may show signs of paranoia and psychosis.<a href=\"epoc://current?article=3\">[3]</a><a href=\"epoc://current?article=4\">[4]</a></P><A href=\"epoc://dx/monograph/341\"><B class=\"view-dx-monograph\">View Dx monograph</B></A></div></div></div>"},

      {
       "title":"Cannabis use disorder",
       "type":"flex0",
       "targetHTML":"<div class=\"cell\"><div class=\"cellBlock\"><div class=\"cellBody\"><P>Global cannabis consumption has remained somewhat stable in recent years.<a href=\"epoc://current?article=1\">[1]</a> Acute health effects include impairment of cognitive development (in children and adolescents) and psychomotor performance. Chronic health effects include further cognitive impairment, dependence, exacerbation of schizophrenia, and airway and lung damage associated with smoking the drug.</P></div></div></div>"},

      {
       "title":"Inhalant use disorder",
       "type":"flex0",
       "targetHTML":"<div class=\"cell\"><div class=\"cellBlock\"><div class=\"cellBody\"><P>The deliberate inhalation of a volatile substance to achieve an altered mental state.<a href=\"epoc://current?article=5\">[5]</a> Inhalants used include volatile solvents from household and industrial products, aerosol propellants, gases from household, industrial, and medical products, and nitrites. Hypoxia and heart failure can occur within minutes. Longer-term adverse effects include hearing loss, peripheral neuropathies, and liver and kidney damage.</P></div></div></div>"},

      {
       "title":"Hallucinogen use disorder",
       "type":"flex0",
       "targetHTML":"<div class=\"cell\"><div class=\"cellBlock\"><div class=\"cellBody\"><P>Includes LSD, peyote cactus, psilocybin (from certain types of mushrooms), and PCP (phencyclidine). Psychological effects can be unpredictable.</P><A href=\"epoc://dx/monograph/1051\"><B class=\"view-dx-monograph\">View Dx monograph</B></A></div></div></div>"},

      {
       "title":"Benzodiazepine overdose",
       "type":"flex0",
       "targetHTML":"<div class=\"cell\"><div class=\"cellBlock\"><div class=\"cellBody\"><P>Overdose can be intentional in suicidal patients, accidental in combination with other CNS depressants such as alcohol and opioids, and in older people (who commonly have diminished drug clearance and polypharmacy), and occasionally by medication error. The key feature is excessive sedation with unremarkable vital signs and anterograde amnesia. Larger doses can cause coma and respiratory depression. Acute management consists of maintaining airway, respiration, and hemodynamic support while excluding other diagnoses. Assisted ventilation may be necessary. Death is uncommon.</P><A href=\"epoc://dx/monograph/343\"><B class=\"view-dx-monograph\">View Dx monograph</B></A></div></div></div>"},

      {
       "title":"Tricyclic antidepressant overdose",
       "type":"flex0",
       "targetHTML":"<div class=\"cell\"><div class=\"cellBlock\"><div class=\"cellBody\"><P>Tricyclic antidepressants have a narrow therapeutic index and therefore become potent cardiovascular and CNS toxins in moderate doses. Best markers for suspected overdose are a history of depression, suicidality, and overdose, with a sudden deterioration in mental status and vital signs.</P><A href=\"epoc://dx/monograph/342\"><B class=\"view-dx-monograph\">View Dx monograph</B></A></div></div></div>"},

      {
       "title":"Anabolic steroid use disorder",
       "type":"flex0",
       "targetHTML":"<div class=\"cell\"><div class=\"cellBlock\"><div class=\"cellBody\"><P>Testosterone derivatives are used to improve athletic performance or to increase lean body mass and muscle size. Adverse effects in men include acne, oily skin, disproportionate muscular development of the upper torso, changes in libido, testicular atrophy, scrotal pain, impotence, infertility, temporal hairline recession, irreversible gynecomastia, and increased voice pitch. In women, adverse effects include acne, oily skin, muscular development of the upper torso, menstrual irregularities, and changes in libido. The potential irreversible masculinizing effects include hirsutism, male pattern baldness, deepening of the voice, and clitoral hypertrophy.</P><A href=\"epoc://dx/monograph/987\"><B class=\"view-dx-monograph\">View Dx monograph</B></A></div></div></div>"},

      {
       "title":"Acetaminophen overdose",
       "type":"flex0",
       "targetHTML":"<div class=\"cell\"><div class=\"cellBlock\"><div class=\"cellBody\"><P>Occurs by acute single ingestion of a large amount or by repeated ingestion of an amount exceeding the recommended dosage or by multiple doses. Poisoning may cause various degrees of liver injury including fulminant hepatic failure and hepatorenal syndrome. Patients are often asymptomatic or have only mild gastrointestinal symptoms at initial presentation. Initial presentation with coma and severe metabolic acidosis is rare.</P><A href=\"epoc://dx/monograph/337\"><B class=\"view-dx-monograph\">View Dx monograph</B></A></div></div></div>"},

      {
       "title":"Overview of chronic alcoholism",
       "type":"flex0",
       "targetHTML":"<div class=\"cell\"><div class=\"cellBlock\"><div class=\"cellBody\"><P>Alcohol dependence is a chronic, relapsing disorder that results from a variety of genetic, psychosocial, and environmental factors.<a href=\"epoc://current?article=6\">[6]</a> It is characterized by increased tolerance to the effects of alcohol, the presence of characteristic withdrawal signs and symptoms, and impaired control over the quantity and frequency of drinking.<a href=\"epoc://current?article=2\">[2]</a> Prolonged exposure causes adaptive changes in the brain receptors and neurotransmitters, which are responsible for various effects such as addiction, tolerance, and withdrawal. Alcohol dependence, particularly when chronic and severe, can be associated with a variety of medical and psychiatric sequelae.</P><A href=\"epoc://dx/monograph/824\"><B class=\"view-dx-monograph\">View Dx monograph</B></A></div></div></div>"},

      {
       "title":"Smoking cessation",
       "type":"flex0",
       "targetHTML":"<div class=\"cell\"><div class=\"cellBlock\"><div class=\"cellBody\"><P>In the US, cigarette smoking prevalence has declined from 20.9% in 2005 to 15.5% in 2016.<a href=\"epoc://current?article=7\">[7]</a> Smoking is associated with heart disease, multiple types of cancer, and COPD. Physicians and other healthcare professionals should play a central role in motivating and assisting patients who smoke to quit.<a href=\"epoc://current?article=8\">[8]</a></P><A href=\"epoc://dx/monograph/411\"><B class=\"view-dx-monograph\">View Dx monograph</B></A></div></div></div>"},

      {
       "title":"Toxic ingestions in children",
       "type":"flex0",
       "targetHTML":"<div class=\"cell\"><div class=\"cellBlock\"><div class=\"cellBody\"><P>Children may ingest a toxic substance accidentally while exploring their environment, or deliberately in response to stress or underlying mental problems, or in an attempt to get \"high.\" Agents consumed may be pharmaceutical substances; drugs of abuse (including alcohol); toxic plants, berries, or mushrooms; or chemicals. Diagnosis is based on a combination of thorough clinical evaluation and comprehensive laboratory investigation to identify all ingested substances.</P><A href=\"epoc://dx/monograph/885\"><B class=\"view-dx-monograph\">View Dx monograph</B></A></div></div></div>"},

      {
       "title":"Overview of acute coronary syndromes",
       "type":"flex0",
       "targetHTML":"<div class=\"cell\"><div class=\"cellBlock\"><div class=\"cellBody\"><P>Acute coronary syndrome refers to acute myocardial ischemia caused by atherosclerotic coronary disease, and includes ST elevation myocardial infarction (STEMI), non-STEMI, and unstable angina. Cocaine accounts for up to 25% of acute MIs in people ages 18 to 45 years.<a href=\"epoc://current?article=9\">[9]</a> The lifetime risk of nonfatal MI with cocaine use is 7 times the risk in nonusers. In the hour after cocaine is used, the risk of MI is 24 times the baseline risk. It is probably due to cocaine-induced coronary vasospasm and thrombosis, in addition to a direct effect on heart rate and arterial pressure. Cocaine also has direct myocardial toxic properties.<a href=\"epoc://current?article=10\">[10]</a></P><A href=\"epoc://dx/monograph/152\"><B class=\"view-dx-monograph\">View Dx monograph</B></A></div></div></div>"},

      {
       "title":"Overview of sexually transmitted diseases (STDs)",
       "type":"flex0",
       "targetHTML":"<div class=\"cell\"><div class=\"cellBlock\"><div class=\"cellBody\"><P>The term STDs includes a range of clinical syndromes that can be acquired and transmitted through sexual activity and may be caused by various types of pathogen, including bacteria, fungi, viruses, and parasites.<a href=\"epoc://current?article=11\">[11]</a> Drug users are at risk from STDs from both injection of drugs and taking part in high-risk sexual behavior under the influence of drugs.</P><A href=\"epoc://dx/monograph/46\"><B class=\"view-dx-monograph\">View Dx monograph</B></A></div></div></div>"},

      {
       "title":"Overview of HIV",
       "type":"flex0",
       "targetHTML":"<div class=\"cell\"><div class=\"cellBlock\"><div class=\"cellBody\"><P>Needle-sharing injection drug use with an infected source is a risk factor for HIV infection.</P><A href=\"epoc://dx/monograph/1073\"><B class=\"view-dx-monograph\">View Dx monograph</B></A></div></div></div>"},

      {
       "title":"Cirrhosis",
       "type":"flex0",
       "targetHTML":"<div class=\"cell\"><div class=\"cellBlock\"><div class=\"cellBody\"><P>The pathologic end-stage of any chronic liver disease. It most commonly results from chronic hepatitis C and B (which can be caught from intravenous drug use), alcohol misuse, and nonalcoholic fatty liver disease. The main complications of cirrhosis are related to the development of liver insufficiency and portal hypertension and include ascites, variceal hemorrhage, jaundice, portosystemic encephalopathy, hepatorenal and hepatopulmonary syndromes, and the development of hepatocellular carcinoma.</P><A href=\"epoc://dx/monograph/278\"><B class=\"view-dx-monograph\">View Dx monograph</B></A></div></div></div>"},

      {
       "title":"Overview of depression",
       "type":"flex0",
       "targetHTML":"<div class=\"cell\"><div class=\"cellBlock\"><div class=\"cellBody\"><P>Depressed patients may abuse drugs to \"dull the pain\" or to address feelings of low self-worth. Additionally, the chemical effects of drug use may cause depressed mood.</P><A href=\"epoc://dx/monograph/1083\"><B class=\"view-dx-monograph\">View Dx monograph</B></A></div></div></div>"},

      {
       "title":"Schizophrenia",
       "type":"flex0",
       "targetHTML":"<div class=\"cell\"><div class=\"cellBlock\"><div class=\"cellBody\"><P>Drug use is very common in patients with schizophrenia.<a href=\"epoc://current?article=12\">[12]</a> Relates to an increased incidence of psychosis and psychotic decompensation.</P><A href=\"epoc://dx/monograph/406\"><B class=\"view-dx-monograph\">View Dx monograph</B></A></div></div></div>"},

      {
       "title":"Evaluation of delirium",
       "type":"flex0",
       "targetHTML":"<div class=\"cell\"><div class=\"cellBlock\"><div class=\"cellBody\"><P>Sedatives, narcotics, anticholinergics, multiple drug use, and alcohol, as well as overdose of tricyclic antidepressants, stimulants, opiates, corticosteroids, analgesics, cardiac glycosides, and anti-Parkinson drugs are important precipitating insults that can result in delirium.<a href=\"epoc://current?article=13\">[13]</a><a href=\"epoc://current?article=14\">[14]</a></P><A href=\"epoc://dx/monograph/241\"><B class=\"view-dx-monograph\">View Dx monograph</B></A></div></div></div>"},

      {
       "title":"Rhabdomyolysis",
       "type":"flex0",
       "targetHTML":"<div class=\"cell\"><div class=\"cellBlock\"><div class=\"cellBody\"><P>Numerous prescribed and abused drugs may lead to rhabdomyolysis.<a href=\"epoc://current?article=15\">[15]</a><a href=\"epoc://current?article=16\">[16]</a><a href=\"epoc://current?article=17\">[17]</a></P><P>Cocaine and amphetamines may cause hyperdynamic muscular state. Narcotics may cause tissue hypoperfusion and prolonged immobilization and limb compression.</P><A href=\"epoc://dx/monograph/167\"><B class=\"view-dx-monograph\">View Dx monograph</B></A></div></div></div>"},

      {
       "title":"Hypertensive emergencies",
       "type":"flex0",
       "targetHTML":"<div class=\"cell\"><div class=\"cellBlock\"><div class=\"cellBody\"><P>Use of sympathomimetic street drugs (e.g., cocaine, LSD, amphetamines, ecstasy) predisposes to hypertensive emergency.</P><A href=\"epoc://dx/monograph/27\"><B class=\"view-dx-monograph\">View Dx monograph</B></A></div></div></div>"},

      {
       "title":"Complications of injection drug use",
       "type":"flex0",
       "targetHTML":"<div class=\"cell\"><div class=\"cellBlock\"><div class=\"cellBody\"><P>Chronic intravenous drug abuse leads to scarred and/or collapsed veins and skin changes that can be a hallmark of heroin addicts. These skin changes may develop into infections such as cellulitis and abscesses that require medical care with antibiotics and possibly surgery.</P></div></div></div>"}      ]}    ],
   "type":"table"}  ],
 "citations":
 {
  "articles":
  [

   {
    "id":1,
    "key_article":false,
    "ref_article":true,
    "html":"United Nations Office on Drugs and Crime. World drug report 2016. May 2016 [internet publication].<a href=\"https://www.unodc.org/doc/wdr2016/WORLD_DRUG_REPORT_2016_web.pdf\"> [Full Text]</a>"},

   {
    "id":2,
    "key_article":false,
    "ref_article":true,
    "html":"American Psychiatric Association. Diagnostic and statistical manual of mental disorders, 5th ed. (DSM-5). Washington, DC: American Psychiatric Publishing; 2013."},

   {
    "id":3,
    "key_article":false,
    "ref_article":true,
    "html":"Jenner L, Spain D, Whyte I, et al. Management of patients with psychostimulant toxicity: guidelines for emergency departments, 2nd ed 2004. Monograph 51. Canberra, Australia: Australian Government Department of Health and Ageing; 2004."},

   {
    "id":4,
    "key_article":false,
    "ref_article":true,
    "html":"Queensland Health. Management of patients with psychostimulant toxicity: protocol for emergency departments. Brisbane, Australia: Queensland Government; 2008."},

   {
    "id":5,
    "key_article":false,
    "ref_article":true,
    "html":"Baydala L. Inhalant abuse. Paediatr Child Health. 2010 Sep;15(7):443-54.<a href=\"http://www.ncbi.nlm.nih.gov/pubmed/21886449\"> [Abstract]</a><a href=\"http://www.ncbi.nlm.nih.gov/pmc/articles/PMC2948777/pdf/pch15443.pdf\"> [Full Text]</a>"},

   {
    "id":6,
    "key_article":false,
    "ref_article":true,
    "html":"Swift RM. Drug therapy for alcohol dependence. N Engl J Med. 1999 May 13;340(19):1482-90.<a href=\"http://www.ncbi.nlm.nih.gov/pubmed/10320388\"> [Abstract]</a>"},

   {
    "id":7,
    "key_article":false,
    "ref_article":true,
    "html":"Jamal A, Phillips E, Gentzke AS, et al. Current cigarette smoking among adults - United States, 2016. MMWR Morb Mortal Wkly Rep. 2018 Jan 19;67(2):53-9. <a href=\"http://www.ncbi.nlm.nih.gov/pubmed/29346338\"> [Abstract]</a><a href=\"https://www.ncbi.nlm.nih.gov/pmc/articles/PMC5772802/\"> [Full Text]</a>"},

   {
    "id":8,
    "key_article":false,
    "ref_article":true,
    "html":"Tobacco Use and Dependence Guideline Panel. Treating tobacco use and dependence: 2008 update. Rockville (MD): US Department of Health and Human Services; 2008.<a href=\"http://www.ncbi.nlm.nih.gov/books/NBK63952/\"> [Full Text]</a>"},

   {
    "id":9,
    "key_article":false,
    "ref_article":true,
    "html":"Qureshi AI, Suri MF, Guterman LR, et al. Cocaine use and the likelihood of nonfatal myocardial infarction and stroke: data from the Third National Health and Nutrition Examination Survey. Circulation. 2001 Jan 30;103(4):502-6.<a href=\"http://www.ncbi.nlm.nih.gov/pubmed/11157713\"> [Abstract]</a><a href=\"http://circ.ahajournals.org/content/103/4/502\"> [Full Text]</a>"},

   {
    "id":10,
    "key_article":false,
    "ref_article":true,
    "html":"Amsterdam EA, Wenger NK, Brindis RG, et al. 2014 AHA/ACC guideline for the management of patients with non-ST-elevation acute coronary syndromes: a report of the American College of Cardiology/American Heart Association Task Force on Practice Guidelines. J Am Coll Cardiol. 2014;64:e139-228.<a href=\"http://www.ncbi.nlm.nih.gov/pubmed/25260718\"> [Abstract]</a><a href=\"http://www.onlinejacc.org/content/64/24/e139\"> [Full Text]</a>"},

   {
    "id":11,
    "key_article":false,
    "ref_article":true,
    "html":"Workowski KA, Bolan GA; Centers for Disease Control and Prevention. Sexually transmitted diseases treatment guidelines, 2015. MMWR Recomm Rep. 2015 Jun 5;64(RR-03):1-137.<a href=\"http://www.ncbi.nlm.nih.gov/pubmed/26042815\"> [Abstract]</a><a href=\"http://www.cdc.gov/mmwr/preview/mmwrhtml/rr6403a1.htm\"> [Full Text]</a>"},

   {
    "id":12,
    "key_article":false,
    "ref_article":true,
    "html":"Gregg L, Barrowclough C, Haddock G. Reasons for increased substance use in psychosis. Clin Psychol Rev. 2007 May;27(4):494-510. <a href=\"http://www.ncbi.nlm.nih.gov/pubmed/17240501\"> [Abstract]</a>"},

   {
    "id":13,
    "key_article":false,
    "ref_article":true,
    "html":"Rothberg MB, Herzig SJ, Pekow PS, et al. Association between sedating medications and delirium in older inpatients. J Am Geriatr Soc. 2013 Jun;61(6):923-30. <a href=\"http://www.ncbi.nlm.nih.gov/pubmed/23631415\"> [Abstract]</a>"},

   {
    "id":14,
    "key_article":false,
    "ref_article":true,
    "html":"McPherson JA, Wagner CE, Boehm LM, et al. Delirium in the cardiovascular ICU: exploring modifiable risk factors. Crit Care Med. 2013 Feb;41(2):405-13. <a href=\"http://www.ncbi.nlm.nih.gov/pubmed/23263581\"> [Abstract]</a><a href=\"http://www.ncbi.nlm.nih.gov/pmc/articles/PMC3557701/\"> [Full Text]</a>"},

   {
    "id":15,
    "key_article":false,
    "ref_article":true,
    "html":"Allison RC, Bedsole DL. The other medical causes of rhabdomyolysis. Am J Med Sci. 2003 Aug;326(2):79-88.<a href=\"http://www.ncbi.nlm.nih.gov/pubmed/12920439\"> [Abstract]</a>"},

   {
    "id":16,
    "key_article":false,
    "ref_article":true,
    "html":"Curry SC, Chang D, Connor D. Drug- and toxin-induced rhabdomyolysis. Ann Emerg Med. 1989 Oct;18(10):1068-84.<a href=\"http://www.ncbi.nlm.nih.gov/pubmed/%202679245\"> [Abstract]</a>"},

   {
    "id":17,
    "key_article":false,
    "ref_article":true,
    "html":"Welch RD1, Todd K, Krause GS. Incidence of cocaine-associated rhabdomyolysis. Ann Emerg Med. 1991 Feb;20(2):154-7.<a href=\"http://www.ncbi.nlm.nih.gov/pubmed/1996798\"> [Abstract]</a>"}   ]},
 "media":
 [
  ]}