
{
 "id":991,
 "title":"Serotonin syndrome",
 "views":
 [

  {
   "id":"root",
   "type":"table",
   "sections":
   [

    {
     "cells":
     [

      {
       "target":"highlights",
       "title":"Highlights & Basics",
       "type":"flex0"}      ]},

    {
     "cells":
     [

      {
       "target":"tx_options",
       "title":"Treatment Options",
       "type":"flex0"},

      {
       "target":"tx_approach",
       "title":"Treatment Approach",
       "type":"flex0"},

      {
       "target":"hxexam",
       "title":"History & Exam",
       "type":"flex0"},

      {
       "target":"tests",
       "title":"Tests",
       "type":"flex0"},

      {
       "target":"differentials",
       "title":"Differential Diagnosis",
       "type":"flex0"},

      {
       "target":"diag_approach",
       "title":"Diagnostic Approach",
       "type":"flex0"},

      {
       "target":"followup",
       "title":"Follow-up",
       "type":"flex0"},

      {
       "target":"prevention",
       "title":"Prevention",
       "type":"flex0"},

      {
       "target":"complications",
       "title":"Complications",
       "type":"flex0"}      ]}    ]},

  {
   "id":"highlights",
   "title":"Serotonin syndrome",
   "html":"<div class=\"cell\"><div class=\"cellBlock\"><div class=\"cellTitle\">Key Highlights</div><div class=\"cellBody\"><ul><li>Clinical manifestation of excess serotonin in the CNS, resulting from the therapeutic use or overdose of serotonergic drugs.</li><li>Characterized by a triad of clinical features: neuromuscular excitation, autonomic effects, and altered mental status.</li><li>Better described as a spectrum of toxicity, ranging from mild to severe, rather than a \"syndrome\".</li><li>Diagnosis is clinical and should be based on the Hunter Serotonin Toxicity Criteria (HSTC), of which clonus is a key diagnostic feature.</li><li>Treatment is guided by the severity of toxicity and involves cessation of the drug(s), supportive care, and antiserotonergic drugs in select patients.</li></ul></div><div class=\"cellTitle\">Definition</div><div class=\"cellBody\"><P>An excess of synaptic serotonin in the CNS that clinically manifests as the triad of neuromuscular excitation, autonomic effects, and altered mental status.<a href=\"epoc://current?article=1\">[1]</a> Can result from therapeutic use of medications, drug overdose, or specific drug-drug interactions. It is better described as a spectrum of toxicity rather than a specific syndrome.<a href=\"epoc://current?article=2\">[2]</a> <a href=\"epoc://current?article=3\">[3]</a> Commonly known as serotonin toxicity.</P></div><div class=\"cellTitle\">Classification</div><div class=\"cellBody\"><h3>Serotonin toxicity severity<a href=\"epoc://current?article=2\">[2]</a> <a href=\"epoc://current?article=4\">[4]</a> </h3><P>The spectrum of serotonin toxicity can be divided into 3 groups of severity based on the requirement for medical intervention.</P><P>Mild toxicity</P><ul><li>Serotonergic features that may or may not concern the patient. Such features include hyperreflexia (almost always present in patients on selective serotonin-reuptake inhibitors [SSRIs]), inducible clonus, tremor, myoclonic jerks, and diaphoresis, or sometimes more nonspecific symptoms such as headache or sweating.</li><li>These patients do not meet the Hunter Serotonin Toxicity Criteria (HSTC).<a href=\"epoc://current?article=4\">[4]</a> </li></ul><P>Moderate toxicity</P><ul><li>Causes significant distress in patient and requires treatment but is not life-threatening.</li><li>Characterized by anxiety and agitation. Tachycardia is also common.</li><li>Patients meet the HSTC, but hyperthermia (temperature &gt;101.3°F [&gt;38.5°C] or rapidly rising) and hypertonia are absent.<a href=\"epoc://current?article=4\">[4]</a> </li></ul><P>Severe toxicity</P><ul><li>Considered a medical emergency as it progresses to multiorgan failure if not treated. Almost always associated with exposure to a combination of serotonergic drugs that act by different pharmacologic mechanisms.</li><li>Patients meet the HSTC and have hyperthermia and hypertonia.<a href=\"epoc://current?article=4\">[4]</a> </li></ul><h3>Drugs associated with serotonin toxicity<a href=\"epoc://current?article=4\">[4]</a> <a href=\"epoc://current?article=5\">[5]</a> <a href=\"epoc://current?article=6\">[6]</a> <a href=\"epoc://current?article=7\">[7]</a> </h3><P>Serotonin-reuptake inhibitors</P><ul><li>Selective serotonin-reuptake inhibitors (SSRIs) such as fluoxetine, fluvoxamine, paroxetine, citalopram, sertraline, or escitalopram</li><li>Serotonin-norepinephrine reuptake inhibitors (SNRIs) such as venlafaxine, desvenlafaxine, or duloxetine</li><li>Other antidepressants (e.g., clomipramine, imipramine)</li><li>Opioid analgesics (e.g., meperidine, tramadol, fentanyl, dextromethorphan)</li><li>St. John's wort</li></ul><P>Monoamine oxidase inhibitors (MAOIs)</P><ul><li>Phenelzine, tranylcypromine (irreversible)</li><li>Moclobemide (not currently available in the US)</li><li>Linezolid</li><li>Methylene blue (methylthioninium chloride)</li></ul><P>Serotonin-releasing agents</P><ul><li>Amphetamines, methamphetamine, methylphenidate, phentermine</li><li>Synthetic stimulants - ecstasy, \"bath salts\" (cathinones, phenylethylamines)</li><li>Fenfluramine (not currently available in the US)</li></ul><P>Others</P><ul><li>Lithium</li><li>Tryptophan</li><li>Buspirone</li><li>Lamotrigine</li></ul></div><div class=\"cellTitle\">Epidemiology</div><div class=\"cellBody\"><P>In its mildest form, serotonin toxicity is probably relatively common but is often unreported.<a href=\"epoc://current?article=2\">[2]</a> <a href=\"epoc://current?article=3\">[3]</a> <a href=\"epoc://current?article=8\">[8]</a> <a href=\"epoc://current?article=9\">[9]</a> In addition, the ambiguous nature of the Sternbach criteria,<a href=\"epoc://current?article=10\">[10]</a> a set of criteria that has been used to define serotonin toxicity for many years, means that many other medical conditions were often misdiagnosed as serotonin toxicity, despite the second part of the Sternbach criteria requiring the absence of other causes.<a href=\"epoc://current?article=3\">[3]</a> <a href=\"epoc://current?article=11\">[11]</a> </P><P>There are limited data on the current incidence of serotonin toxicity. Data from the Toxic Exposure Surveillance System (TESS) in 2002 reported 46,244 exposures to selective serotonin-reuptake inhibitors (SSRIs); of these, 30,027 were among patients treated in a healthcare facility, and there were 93 deaths (fatality rate of 0.3%).<a href=\"epoc://current?article=8\">[8]</a> Data from 2017 shows a reduction in the number of toxic exposures, with 24,819 reported exposures to SSRIs and 4703 exposures to serotonin-norepinephrine reuptake inhibitors (SNRIs). In the SSRI group 15,207 exposures were among patients in healthcare facilities and there were five deaths in total (fatality rate of 0.03%). In the SNRI group 2691 cases were among patients treated in a healthcare facility and there were a total of four deaths (fatality rate of 0.14%).<a href=\"epoc://current?article=9\">[9]</a> </P><P>A number of Australian studies on deliberate self-poisoning found the frequency of adverse effects in SSRI overdoses to be about 15% and the number of severe serotonin toxicity cases to be decreasing.<a href=\"epoc://current?article=4\">[4]</a> <a href=\"epoc://current?article=10\">[10]</a> <a href=\"epoc://current?article=12\">[12]</a> </P></div><div class=\"cellTitle\">Etiology</div><div class=\"cellBody\"><P>Serotonin toxicity can occur from exposure to any medication that increases the intrasynaptic serotonin concentration in the CNS.<a href=\"epoc://current?article=1\">[1]</a> <a href=\"epoc://current?article=3\">[3]</a> This includes medications where the therapeutic aim of using them is to increase CNS serotonin levels (e.g., antidepressants), and medications where this effect is unintended (e.g., opioid analgesics). Drugs associated with serotonin toxicity are listed below. This is not an exhaustive list, as new agents are continuously introduced to the market.<a href=\"epoc://current?article=4\">[4]</a> <a href=\"epoc://current?article=5\">[5]</a> <a href=\"epoc://current?article=6\">[6]</a> <a href=\"epoc://current?article=7\">[7]</a> <a href=\"epoc://current?article=13\">[13]</a> <a href=\"epoc://current?article=14\">[14]</a> </P><P>Serotonin-reuptake inhibitors</P><ul><li>Selective serotonin-reuptake inhibitors (SSRIs) such as fluoxetine, fluvoxamine, paroxetine, citalopram, sertraline, or escitalopram</li><li>Serotonin-norepinephrine reuptake inhibitors (SNRIs) such as venlafaxine, desvenlafaxine, or duloxetine</li><li>Other antidepressants (e.g., clomipramine, imipramine)</li><li>Opioid analgesics (e.g., meperidine, tramadol, fentanyl, dextromethorphan)</li><li>St. John's wort</li></ul><P>Monoamine oxidase inhibitors (MAOIs)</P><ul><li>Phenelzine, tranylcypromine (irreversible)</li><li>Moclobemide (not currently available in the US)</li><li>Linezolid</li><li>Methylene blue (methylthioninium chloride)</li></ul><P>Serotonin-releasing agents</P><ul><li>Amphetamines, methamphetamine, methylphenidate, phentermine</li><li>Synthetic stimulants - ecstasy, \"bath salts\" (cathinones, phenylethylamines)</li><li>Fenfluramine (not currently available in the US)</li></ul><P>Others</P><ul><li>Lithium</li><li>Tryptophan</li><li>Buspirone</li><li>Lamotrigine</li></ul><P>A number of other agents have been implicated in causing serotonin toxicity, including some antipsychotics (i.e., those with 5-HT2A antagonist activity),<a href=\"epoc://current?article=15\">[15]</a> triptans (5-HT1 agonists),<a href=\"epoc://current?article=16\">[16]</a> <a href=\"epoc://current?article=17\">[17]</a> and other antidepressants (e.g., mirtazapine).<a href=\"epoc://current?article=18\">[18]</a> However, there is insufficient evidence to label these drugs as causative agents.</P><P>Intrasynaptic serotonin can be increased via a number of mechanisms, including increased serotonin production, serotonin release, serotonin-reuptake inhibition, and decreased serotonin metabolism (e.g., monoamine oxidase inhibition).<a href=\"epoc://current?article=1\">[1]</a> <a href=\"epoc://current?article=2\">[2]</a> </P><P>Severe serotonin toxicity is almost always the result of exposure to two serotonergic agents that act via different mechanisms. The most common and classic combination is an SSRI plus an MAOI.<a href=\"epoc://current?article=10\">[10]</a> </P></div><div class=\"cellTitle\">Authors / Peer Reviewers</div><div class=\"cellBody\"><ul><li>Geoffrey Isbister, BSc, MBBS, FACEM, MD</li><li>Karl Marlowe, MbChB, MSc, PgC-Ed, PgD-CBT, MRCPsych</li><li>Theodore A. Stern, MD</li><li>Paul M. Gahlinger, MD</li></ul></div><br><b class=\"last-updated display-none\">Last Updated: 2019-12-31</b><div style=\"display: none\" class=\"last-updated\"><div class=\"last-updated-label\">Last Updated</div><div class=\"last-updated-date\">2019-12-31</div></div></div></div>",
   "type":"web"},

  {
   "id":"p-p_tx-c_0",
   "sections":
   [

    {
     "type":"table",
     "cells":
     [

      {
       "target":"tx-3",
       "title":"with rhabdomyolysis",
       "type":"flex0"},

      {
       "target":"tx-0",
       "title":"not otherwise specified",
       "type":"flex0"}      ]}    ],
   "type":"table"},

  {
   "id":"tx_options",
   "sections":
   [

    {
     "headerText":"Acute",
     "cells":
     [

      {
       "target":"p-p_tx-c_0",
       "title":"severe serotonin toxicity",
       "type":"flex0"},

      {
       "target":"tx-4",
       "title":"moderate serotonin toxicity",
       "type":"flex0"},

      {
       "target":"tx-6",
       "title":"mild serotonin toxicity",
       "type":"flex0"}      ]}    ],
   "type":"table"},

  {
   "id":"tx_approach",
   "title":"Serotonin syndrome",
   "html":"<div class=\"cell\"><div class=\"cellBlock\"><div class=\"cellBody\"><P>The treatment of serotonin toxicity consists of ceasing the serotonergic medication, assessing the severity of toxicity, providing supportive care, and, in moderate and severe cases, the use of specific antiserotonergic agents.<a href=\"epoc://current?article=1\">[1]</a> <a href=\"epoc://current?article=2\">[2]</a> Severe serotonin toxicity is a medical emergency that often requires emergency treatment.<a href=\"epoc://current?article=1\">[1]</a> <a href=\"epoc://current?article=2\">[2]</a> <a href=\"epoc://current?article=3\">[3]</a> </P></div><div class=\"cellTitle\">Assessment of severity</div><div class=\"cellBody\"><P>The spectrum of serotonin toxicity can be divided into 3 groups of severity based on the requirement for medical intervention.<a href=\"epoc://current?article=2\">[2]</a> <a href=\"epoc://current?article=4\">[4]</a> The severity should be assessed early so appropriate treatment can be started immediately.</P><P>Mild toxicity</P><ul><li>Serotonergic features that may or may not concern the patient. Such features include hyperreflexia (almost always universally present in patients prescribed selective serotonin-reuptake inhibitors), inducible clonus, tremor, myoclonic jerks, and diaphoresis, or sometimes more nonspecific symptoms such as headache or sweating.</li><li>These patients do not meet the Hunter Serotonin Toxicity Criteria (HSTC).<a href=\"epoc://current?article=4\">[4]</a> </li></ul><P>Moderate toxicity</P><ul><li>Causes significant distress and requires treatment but is not life-threatening.</li><li>Characterized by anxiety and agitation. Tachycardia is also common.</li><li>Patients meet the HSTC, but hyperthermia (temperature &gt;101.3°F [&gt;38.5°C] or rapidly rising) and hypertonia are absent.<a href=\"epoc://current?article=4\">[4]</a> </li></ul><P>Severe toxicity</P><ul><li>Considered a medical emergency, as it progresses to multiorgan failure if not treated. Almost always associated with exposure to a combination of serotonergic drugs that act by different pharmacologic mechanisms.</li><li>Patients meet the HSTC and have hyperthermia and hypertonia.<a href=\"epoc://current?article=4\">[4]</a> </li></ul></div><div class=\"cellTitle\">Severe serotonin toxicity</div><div class=\"cellBody\"><P>All serotonergic drugs must be ceased. This is a medical emergency and the patient needs to be treated in a critical care area. Initial assessment of airway, breathing, and circulation should be undertaken. Hyperthermia should be treated with rapid cooling.<a href=\"epoc://current?article=2\">[2]</a> <a href=\"epoc://current?article=3\">[3]</a> In the majority of patients it is best to sedate, intubate, and ventilate early, including induction of muscle paralysis to treat spontaneous clonus and hyperthermia. Sedation can be achieved either with morphine and midazolam or with propofol. Propofol allows for a more rapid wake-up afterward compared with morphine and midazolam. The aim is to prevent major complications including rhabdomyolysis, multiorgan failure, and death.<a href=\"epoc://current?article=25\">[25]</a> Early treatment may prevent the development of these complications. In patients with rhabdomyolysis, muscle paralysis and cooling are indicated.<a href=\"epoc://current?article=25\">[25]</a> <a href=\"epoc://current?article=26\">[26]</a> <a href=\"epoc://current?article=27\">[27]</a> </P><P>If severe serotonin toxicity is a result of an overdose, then decontamination with a single dose of activated charcoal may be considered if the overdose occurred within the last hour.</P><P>Although there is limited evidence for the use of specific 5-HT antagonists, intravenous chlorpromazine has been anecdotally successful.<a href=\"epoc://current?article=26\">[26]</a> <a href=\"epoc://current?article=28\">[28]</a> Repeat doses can be used, and often a dose can be used to sedate the patient rather than using a benzodiazepine. Hypotension due to peripheral alpha-antagonism must be avoided by preadministration of intravenous fluids.</P></div><div class=\"cellTitle\">Moderate serotonin toxicity</div><div class=\"cellBody\"><P>All serotonergic drugs must be ceased. Patients should be observed in the hospital for at least a 6-hour period, although they are unlikely to develop severe or life-threatening toxicity. Occasionally, severe serotonin toxicity may present early as moderate toxicity, such as with extended-release venlafaxine.<a href=\"epoc://current?article=10\">[10]</a> If toxicity becomes life-threatening, patient should be treated as per guidelines for severe toxicity.</P><P>Treatment focuses on symptomatic relief of anxiety and agitation and the distressing effects of neuromuscular excitation. There is no evidence to support best treatment, except the existence of case reports.<a href=\"epoc://current?article=1\">[1]</a> <a href=\"epoc://current?article=2\">[2]</a> <a href=\"epoc://current?article=3\">[3]</a> Benzodiazepines may be used to treat anxiety and also sedate the patient. For patients with neuromuscular excitation and agitation that is distressing or unpleasant, cyproheptadine (a nonspecific 5-HT2 antagonist and antihistamine) may be used.<a href=\"epoc://current?article=28\">[28]</a> <a href=\"epoc://current?article=29\">[29]</a> <a href=\"epoc://current?article=30\">[30]</a> <a href=\"epoc://current?article=31\">[31]</a> It also has sedative effects that are useful.</P></div><div class=\"cellTitle\">Mild serotonin toxicity</div><div class=\"cellBody\"><P>No treatment is required in these patients, except possibly ceasing the offending medication(s) or reducing the dose of the medication, if appropriate.<a href=\"epoc://current?article=4\">[4]</a> Often, simple identification of the serotonergic symptoms may be sufficient, and continuation of the medication can then be decided on based upon the patient's tolerance of these effects and benefits of the treatment.</P></div><div class=\"cellTitle\">Restarting treatment</div><div class=\"cellBody\"><P>Depending on the situation that has led to the serotonin toxicity (e.g., increased dose, overdose, drug-drug interaction), a single serotonergic medication may be restarted at a lower dose after the condition has resolved, while the patient is monitored closely.</P></div></div></div>",
   "type":"web"},

  {
   "id":"hxexam_details",
   "sections":
   [

    {
     "type":"table",
     "headerText":"Strong",
     "cells":
     [

      {
       "title":"exposure to a serotonergic drug",
       "type":"flex0",
       "targetHTML":"<div class=\"cell\"><div class=\"cellBlock\"><div class=\"cellBody\"><P>This is an essential requirement for serotonin toxicity to occur.</P><P>Drugs from many classes may be involved. Examples of some classes include the following: selective serotonin-reuptake inhibitors (e.g., fluoxetine, fluvoxamine, paroxetine, citalopram, sertraline, or escitalopram); serotonin-norepinephrine reuptake inhibitors (e.g., venlafaxine, desvenlafaxine, or duloxetine); other antidepressants (e.g., clomipramine, imipramine); opioid analgesics (e.g., pethidine, tramadol, fentanyl, dextromethorphan); St. John's wort; monoamine oxidase inhibitors (e.g., phenelzine, tranylcypromine, moclobemide, linezolid, methylene blue); serotonin-releasing agents (e.g., amphetamines, methamphetamine, methylphenidate, phentermine, synthetic stimulants such as ecstasy and \"bath salts\"); others (e.g., lithium, tryptophan, buspirone, lamotrigine).</P></div></div></div>"}      ]},

    {
     "type":"table",
     "headerText":"Weak",
     "cells":
     [

      {
       "title":"genetic predisposition",
       "type":"flex0",
       "targetHTML":"<div class=\"cell\"><div class=\"cellBlock\"><div class=\"cellBody\"><P>One study showed that there is no relationship with the genotype of the cytochrome P450 enzymes.<a href=\"epoc://current?article=20\">[20]</a> No strong genetic associations have been identified.<a href=\"epoc://current?article=21\">[21]</a><a href=\"epoc://current?article=22\">[22]</a></P></div></div></div>"}      ]}    ],
   "type":"table"},

  {
   "id":"p-hxexam_factor-key_0",
   "title":"Serotonin syndrome",
   "html":"<html><div class=\"cell\"><div class=\"cellBlock\"><div class=\"cellBody\"><P>This is an essential requirement for serotonin toxicity to occur.</P><P>Drugs include serotonin-reuptake inhibitors (e.g., selective serotonin-reuptake inhibitors, other antidepressants, opioid analgesics), monoamine oxidase inhibitors, serotonin-releasing agents (e.g., amphetamines), lithium, and tryptophan.</P></div></div></div></html>",
   "type":"web"},

  {
   "id":"p-hxexam_factor-key_1",
   "title":"Serotonin syndrome",
   "html":"<html><div class=\"cell\"><div class=\"cellBlock\"><div class=\"cellBody\"><P>Most common diagnostic feature of serotonin toxicity. It ranges in severity from inducible clonus (&gt;3 beats) to spontaneous clonus and is best elicited at the ankle.</P><P>In more severe cases, clonus will be sustained or will become spontaneous and may be difficult to distinguish from hypertonia.</P><P>Ocular clonus manifests as rapid and equal movements of the eyes and is best elicited by getting the patient to fix on a finger moved rapidly to the midline.</P></div></div></div></html>",
   "type":"web"},

  {
   "id":"p-hxexam_factor-key_2",
   "title":"Serotonin syndrome",
   "html":"<html><div class=\"cell\"><div class=\"cellBlock\"><div class=\"cellBody\"><P>Occurs almost universally with serotonin toxicity. It is usually more pronounced in the lower limbs.</P></div></div></div></html>",
   "type":"web"},

  {
   "id":"p-hxexam_factor-other_3",
   "title":"Serotonin syndrome",
   "html":"<html><div class=\"cell\"><div class=\"cellBlock\"><div class=\"cellBody\"><P>Symptom of moderate serotonin toxicity. Although this is nonspecific, in the presence of other features it is often one of the most distressing for the patient.</P></div></div></div></html>",
   "type":"web"},

  {
   "id":"p-hxexam_factor-other_4",
   "title":"Serotonin syndrome",
   "html":"<html><div class=\"cell\"><div class=\"cellBlock\"><div class=\"cellBody\"><P>Symptom of moderate serotonin toxicity. Although this is nonspecific, in the presence of other features it is often one of the most distressing for the patient.</P></div></div></div></html>",
   "type":"web"},

  {
   "id":"p-hxexam_factor-other_5",
   "title":"Serotonin syndrome",
   "html":"<html><div class=\"cell\"><div class=\"cellBlock\"><div class=\"cellBody\"><P>Symptom of severe serotonin toxicity. Although this is nonspecific, in the presence of other features it is often one of the most distressing for the patient.</P></div></div></div></html>",
   "type":"web"},

  {
   "id":"p-hxexam_factor-other_6",
   "title":"Serotonin syndrome",
   "html":"<html><div class=\"cell\"><div class=\"cellBlock\"><div class=\"cellBody\"><P>Tremor and shivering are abnormal regular shaking movements of the muscles that differ in frequency. Muscle jerking is sudden involuntary movements of the muscles.</P></div></div></div></html>",
   "type":"web"},

  {
   "id":"p-hxexam_factor-other_7",
   "title":"Serotonin syndrome",
   "html":"<html><div class=\"cell\"><div class=\"cellBlock\"><div class=\"cellBody\"><P>Nonspecific symptom but can occur in association with other features.</P></div></div></div></html>",
   "type":"web"},

  {
   "id":"p-hxexam_factor-other_8",
   "title":"Serotonin syndrome",
   "html":"<html><div class=\"cell\"><div class=\"cellBlock\"><div class=\"cellBody\"><P>Nonspecific symptom but can occur in association with other features.</P></div></div></div></html>",
   "type":"web"},

  {
   "id":"p-hxexam_factor-other_9",
   "title":"Serotonin syndrome",
   "html":"<html><div class=\"cell\"><div class=\"cellBlock\"><div class=\"cellBody\"><P>Nonspecific sign but occurs commonly in moderate serotonin toxicity and is a reasonable indicator of deterioration or improvement in the patient.</P></div></div></div></html>",
   "type":"web"},

  {
   "id":"p-hxexam_factor-other_10",
   "title":"Serotonin syndrome",
   "html":"<html><div class=\"cell\"><div class=\"cellBlock\"><div class=\"cellBody\"><P>Most likely due to sustained, spontaneous clonus in severe serotonin toxicity. It usually occurs in association with hyperthermia and should be considered to be diagnostic of severe toxicity requiring immediate treatment.</P></div></div></div></html>",
   "type":"web"},

  {
   "id":"p-hxexam_factor-other_11",
   "title":"Serotonin syndrome",
   "html":"<html><div class=\"cell\"><div class=\"cellBlock\"><div class=\"cellBody\"><P>Nonspecific sign that can occur in all severities of serotonin toxicity.</P></div></div></div></html>",
   "type":"web"},

  {
   "id":"p-hxexam_factor-other_12",
   "title":"Serotonin syndrome",
   "html":"<html><div class=\"cell\"><div class=\"cellBlock\"><div class=\"cellBody\"><P>Nonspecific sign that can occur in all severities of serotonin toxicity.</P></div></div></div></html>",
   "type":"web"},

  {
   "id":"p-hxexam_factor-other_13",
   "title":"Serotonin syndrome",
   "html":"<html><div class=\"cell\"><div class=\"cellBlock\"><div class=\"cellBody\"><P>May be seen but is more diagnostic of other toxidromes such as anticholinergic syndrome.<a href=\"epoc://current?article=23\">[23]</a> </P></div></div></div></html>",
   "type":"web"},

  {
   "id":"p-hxexam_factor-other_14",
   "title":"Serotonin syndrome",
   "html":"<html><div class=\"cell\"><div class=\"cellBlock\"><div class=\"cellBody\"><P>A mild elevation in temperature (i.e., &gt;100.4°F [&gt;38°C]) may occur, but this is neither diagnostic nor contributory on its own.</P><P>Hyperthermia (temperature &gt;101.3°F [&gt;38.5°C] or rapidly rising) is a diagnostic feature of severe toxicity and its presence necessitates urgent treatment.<a href=\"epoc://current?article=4\">[4]</a> <a href=\"epoc://current?article=10\">[10]</a> </P><P>In the absence of neuromuscular features, other causes of hyperthermia should be considered.<a href=\"epoc://current?article=12\">[12]</a> </P></div></div></div></html>",
   "type":"web"},

  {
   "id":"p-hxexam_factor-other_15",
   "title":"Serotonin syndrome",
   "html":"<html><div class=\"cell\"><div class=\"cellBlock\"><div class=\"cellBody\"><P>Patient should be observed for myoclonic movements.</P></div></div></div></html>",
   "type":"web"},

  {
   "id":"p-hxexam_factor-other_16",
   "title":"Serotonin syndrome",
   "html":"<html><div class=\"cell\"><div class=\"cellBlock\"><div class=\"cellBody\"><P>In moderate serotonin toxicity, patients will startle easily (e.g., at sudden sounds or changes in the environment), although this should not be elicited on exam.<a href=\"epoc://current?article=24\">[24]</a> </P></div></div></div></html>",
   "type":"web"},

  {
   "id":"hxexam",
   "sections":
   [

    {
     "headerText":"Risk Factors",
     "cells":
     [

      {
       "target":"hxexam_details",
       "title":"Details",
       "type":"flex0"}      ]},

    {
     "dividerType":"divider0",
     "headers":
     [

      {
       "title":"Key Diagnostic Factors"},

      {
       "title":"common",
       "type":"header1"}      ],
     "cells":
     [

      {
       "title":"exposure to a serotonergic drug",
       "target":"p-hxexam_factor-key_0",
       "type":"flex0"},

      {
       "title":"clonus",
       "target":"p-hxexam_factor-key_1",
       "type":"flex0"},

      {
       "title":"hyperreflexia",
       "target":"p-hxexam_factor-key_2",
       "type":"flex0"}      ]},

    {
     "dividerType":"divider0",
     "headers":
     [

      {
       "title":"Other Diagnostic Factors"},

      {
       "title":"common",
       "type":"header1"}      ],
     "cells":
     [

      {
       "title":"anxiety",
       "target":"p-hxexam_factor-other_3",
       "type":"flex0"},

      {
       "title":"agitation",
       "target":"p-hxexam_factor-other_4",
       "type":"flex0"},

      {
       "title":"confusion",
       "target":"p-hxexam_factor-other_5",
       "type":"flex0"},

      {
       "title":"tremor, shivering, muscle jerking",
       "target":"p-hxexam_factor-other_6",
       "type":"flex0"},

      {
       "title":"sweating",
       "target":"p-hxexam_factor-other_7",
       "type":"flex0"},

      {
       "title":"headache",
       "target":"p-hxexam_factor-other_8",
       "type":"flex0"},

      {
       "title":"tachycardia",
       "target":"p-hxexam_factor-other_9",
       "type":"flex0"},

      {
       "title":"hypertonia/rigidity",
       "target":"p-hxexam_factor-other_10",
       "type":"flex0"}      ]},

    {
     "headers":
     [

      {
       "title":"uncommon",
       "type":"header1"}      ],
     "cells":
     [

      {
       "title":"diaphoresis",
       "target":"p-hxexam_factor-other_11",
       "type":"flex0"},

      {
       "title":"flushing",
       "target":"p-hxexam_factor-other_12",
       "type":"flex0"},

      {
       "title":"dilated pupils",
       "target":"p-hxexam_factor-other_13",
       "type":"flex0"},

      {
       "title":"hyperthermia",
       "target":"p-hxexam_factor-other_14",
       "type":"flex0"},

      {
       "title":"myoclonus",
       "target":"p-hxexam_factor-other_15",
       "type":"flex0"},

      {
       "title":"startling",
       "target":"p-hxexam_factor-other_16",
       "type":"flex0"}      ]}    ],
   "type":"table"},

  {
   "id":"p-test-t_0",
   "title":"clinical diagnosis",
   "html":"<html><div class=\"cell\"><div class=\"cellBlock\"><div class=\"cellTitle\">Result</div><div class=\"cellBody\">features of serotonin toxicity</div><div class=\"cellTitle\">Test Details</div><div class=\"cellBody\"><li>Diagnosis of serotonin toxicity is primarily clinical, and diagnostic tests are rarely required unless other differential diagnoses are being considered.</li></div></div></div></html>",
   "type":"web"},

  {
   "id":"p-test-t_1",
   "title":"CBC",
   "html":"<html><div class=\"cell\"><div class=\"cellBlock\"><div class=\"cellTitle\">Result</div><div class=\"cellBody\">may be normal, may show leukocytosis if infection is present</div><div class=\"cellTitle\">Test Details</div><div class=\"cellBody\"><li>Performed in patients with suspected infection.</li></div></div></div></html>",
   "type":"web"},

  {
   "id":"p-test-t_2",
   "title":"creatine phosphokinase",
   "html":"<html><div class=\"cell\"><div class=\"cellBlock\"><div class=\"cellTitle\">Result</div><div class=\"cellBody\">may be elevated</div><div class=\"cellTitle\">Test Details</div><div class=\"cellBody\"><li>Performed in patients who present with clonus to assess for rhabdomyolysis and to exclude other causes.</li></div></div></div></html>",
   "type":"web"},

  {
   "id":"p-test-t_3",
   "title":"urine toxicology screen",
   "html":"<html><div class=\"cell\"><div class=\"cellBlock\"><div class=\"cellTitle\">Result</div><div class=\"cellBody\">may be positive for other drugs than the offending medication or illicit substances</div><div class=\"cellTitle\">Test Details</div><div class=\"cellBody\"><li>Performed in patients with suspected coingestion of other drugs or illicit substances.</li></div></div></div></html>",
   "type":"web"},

  {
   "id":"p-test-t_4",
   "title":"ECG",
   "html":"<html><div class=\"cell\"><div class=\"cellBlock\"><div class=\"cellTitle\">Result</div><div class=\"cellBody\">may show tachycardia</div><div class=\"cellTitle\">Test Details</div><div class=\"cellBody\"><li>Performed in patients with suspected serotonin syndrome to exclude other causes.</li></div></div></div></html>",
   "type":"web"},

  {
   "id":"tests",
   "sections":
   [

    {
     "headerText":"Initial Tests",
     "cells":
     [

      {
       "target":"p-test-t_0",
       "title":"clinical diagnosis",
       "type":"flex0"}      ]},

    {
     "headerText":"Other Tests to Consider",
     "cells":
     [

      {
       "target":"p-test-t_1",
       "title":"CBC",
       "type":"flex0"},

      {
       "target":"p-test-t_2",
       "title":"creatine phosphokinase",
       "type":"flex0"},

      {
       "target":"p-test-t_3",
       "title":"urine toxicology screen",
       "type":"flex0"},

      {
       "target":"p-test-t_4",
       "title":"ECG",
       "type":"flex0"}      ]}    ],
   "type":"table"},

  {
   "id":"differentials",
   "sections":
   [

    {
     "cells":
     [

      {
       "title":"Neuroleptic malignant syndrome (NMS)",
       "type":"flex0",
       "targetHTML":"<div class=\"cell\"><div class=\"cellBlock\"><div class=\"cellTitle\">Signs/Sx</div><div class=\"cellBody\"><ul><li>History of exposure to antipsychotics, unless patient is on multiple drugs including serotonergic agents.</li><li>Slow onset of symptoms, usually over days.</li><li>Bradykinesia, extrapyramidal effects, lead-pipe rigidity, and autonomic lability differentiate.<a href=\"epoc://current?article=2\">[2]</a></li><li>Absence of neuromuscular excitation.</li></ul></div><div class=\"cellTitle\">Tests</div><div class=\"cellBody\"><ul><li>Diagnosis is clinical. There are no differentiating tests.</li></ul></div><a href=\"epoc://dx/monograph/990\"><b class=\"view-dx-monograph\">View Dx Monograph</b></a></div></div>"},

      {
       "title":"Sympathomimetic toxicity",
       "type":"flex0",
       "targetHTML":"<div class=\"cell\"><div class=\"cellBlock\"><div class=\"cellTitle\">Signs/Sx</div><div class=\"cellBody\"><ul><li>History of exposure to sympathomimetics.</li><li>Absence of neuromuscular excitation.</li></ul></div><div class=\"cellTitle\">Tests</div><div class=\"cellBody\"><ul><li>Diagnosis is clinical. Urine drug screen for amphetamines may aid in the diagnosis.</li></ul></div></div></div>"},

      {
       "title":"Anticholinergic delirium",
       "type":"flex0",
       "targetHTML":"<div class=\"cell\"><div class=\"cellBlock\"><div class=\"cellTitle\">Signs/Sx</div><div class=\"cellBody\"><ul><li>History of exposure to anticholinergics.</li><li>Bowel sounds absent.</li><li>Dry skin.</li><li>Absence of neuromuscular excitation.</li></ul></div><div class=\"cellTitle\">Tests</div><div class=\"cellBody\"><ul><li>Diagnosis is clinical. There are no differentiating tests.</li></ul></div></div></div>"},

      {
       "title":"Malignant hyperthermia",
       "type":"flex0",
       "targetHTML":"<div class=\"cell\"><div class=\"cellBlock\"><div class=\"cellTitle\">Signs/Sx</div><div class=\"cellBody\"><ul><li>History of exposure to anesthetics.</li><li>Occurs perioperatively.</li><li>Absence of neuromuscular excitation.</li></ul></div><div class=\"cellTitle\">Tests</div><div class=\"cellBody\"><ul><li>Diagnosis is clinical. There are no differentiating tests.</li></ul></div><a href=\"epoc://dx/monograph/1053\"><b class=\"view-dx-monograph\">View Dx Monograph</b></a></div></div>"},

      {
       "title":"Meningitis",
       "type":"flex0",
       "targetHTML":"<div class=\"cell\"><div class=\"cellBlock\"><div class=\"cellTitle\">Signs/Sx</div><div class=\"cellBody\"><ul><li>Nonspecific symptoms including neck stiffness and nausea/vomiting, photophobia, and rash.</li><li>Kernig or Brudzinski signs may be present.</li><li>Absence of neuromuscular excitation.</li></ul></div><div class=\"cellTitle\">Tests</div><div class=\"cellBody\"><ul><li>Investigations include CT/MRI head; cerebrospinal fluid microscopy, Gram stain, cultures, and protein/glucose; and blood cultures.</li></ul></div><a href=\"epoc://dx/monograph/111\"><b class=\"view-dx-monograph\">View Dx Monograph</b></a></div></div>"},

      {
       "title":"Encephalitis",
       "type":"flex0",
       "targetHTML":"<div class=\"cell\"><div class=\"cellBlock\"><div class=\"cellTitle\">Signs/Sx</div><div class=\"cellBody\"><ul><li>Focal neurologic deficit, rash, and altered mental state.</li><li>Absence of neuromuscular excitation.</li></ul></div><div class=\"cellTitle\">Tests</div><div class=\"cellBody\"><ul><li>Investigations include CT/MRI brain, blood cultures, throat swab (for viruses), and cerebrospinal fluid analysis.</li></ul></div><a href=\"epoc://dx/monograph/436\"><b class=\"view-dx-monograph\">View Dx Monograph</b></a></div></div>"},

      {
       "title":"Nonconvulsive status epilepticus",
       "type":"flex0",
       "targetHTML":"<div class=\"cell\"><div class=\"cellBlock\"><div class=\"cellTitle\">Signs/Sx</div><div class=\"cellBody\"><ul><li>Absence of neuromuscular excitation.</li></ul></div><div class=\"cellTitle\">Tests</div><div class=\"cellBody\"><ul><li>Response to benzodiazepine.</li><li>An EEG should be done in consultation with a neurologist.</li></ul></div></div></div>"},

      {
       "title":"Baclofen withdrawal",
       "type":"flex0",
       "targetHTML":"<div class=\"cell\"><div class=\"cellBlock\"><div class=\"cellTitle\">Signs/Sx</div><div class=\"cellBody\"><ul><li>History of exposure to intrathecal baclofen.</li></ul></div><div class=\"cellTitle\">Tests</div><div class=\"cellBody\"><ul><li>Positive response to reintroduction of baclofen.</li></ul></div></div></div>"}      ]}    ],
   "type":"table"},

  {
   "id":"diag_approach",
   "title":"Serotonin syndrome",
   "html":"<div class=\"cell\"><div class=\"cellBlock\"><div class=\"cellBody\"><P>Diagnosis of serotonin toxicity is primarily clinical, and diagnostic tests are rarely required. Toxicity is characterized by a triad of clinical features (neuromuscular excitation, autonomic effects, and altered mental status) in combination with a history of exposure to a serotonergic drug.<a href=\"epoc://current?article=1\">[1]</a> <a href=\"epoc://current?article=2\">[2]</a> It is important to establish whether serotonin toxicity is mild, moderate, or severe, as this guides treatment.<a href=\"epoc://current?article=3\">[3]</a> A number of clinical diagnostic criteria have been used for serotonin toxicity, but those currently recommended are the Hunter Serotonin Toxicity Criteria (HSTC).<a href=\"epoc://current?article=4\">[4]</a> </P></div><div class=\"cellTitle\">Serotonin toxicity classification</div><div class=\"cellBody\"><P>The spectrum of serotonin toxicity can be divided into 3 groups of severity based on the requirement for medical intervention.<a href=\"epoc://current?article=2\">[2]</a> <a href=\"epoc://current?article=4\">[4]</a> </P><P>Mild toxicity</P><ul><li>Serotonergic features that may or may not concern the patient. Such features include hyperreflexia (almost always present in patients on selective serotonin-reuptake inhibitors), inducible clonus, tremor, myoclonic jerks, and diaphoresis, or sometimes more nonspecific symptoms such as headache or sweating.</li><li>These patients do not meet the HSTC.<a href=\"epoc://current?article=4\">[4]</a> </li></ul><P>Moderate toxicity</P><ul><li>Causes significant distress and requires treatment but is not life-threatening.</li><li>Characterized by anxiety and agitation. Tachycardia is also common.</li><li>Patients meet the HSTC, but hyperthermia (temperature &gt;101.3°F [&gt;38.5°C] or rapidly rising) and hypertonia are absent.<a href=\"epoc://current?article=4\">[4]</a> </li></ul><P>Severe toxicity</P><ul><li>Considered a medical emergency, as it progresses to multiorgan failure if not treated. Almost always associated with exposure to a combination of serotonergic drugs that act by different pharmacologic mechanisms.</li><li>Patients meet the HSTC and must have hyperthermia and hypertonia.<a href=\"epoc://current?article=4\">[4]</a> </li></ul></div><div class=\"cellTitle\">History</div><div class=\"cellBody\"><P>Ascertaining whether the patient has been exposed to serotonergic drugs is an essential part of the diagnosis. It is important to establish an accurate history of exposure from either the patient or a reliable source (e.g., if patient is unconscious), which includes when the agent was started or taken, whether the agent was prescribed for the patient or belongs to someone else, how much of the agent was taken, and the name of the agent if known.<a href=\"epoc://current?article=1\">[1]</a> <a href=\"epoc://current?article=3\">[3]</a> <a href=\"epoc://current?article=4\">[4]</a> <a href=\"epoc://current?article=11\">[11]</a> Absence of exposure excludes serotonin toxicity as a diagnosis. Combinations of serotonergic drugs that act via different pharmacologic mechanisms (most commonly a selective serotonin-reuptake inhibitor plus a monoamine oxidase inhibitor) is the most likely cause of severe serotonin toxicity.<a href=\"epoc://current?article=10\">[10]</a> </P><P>Symptoms of altered mental status include anxiety and agitation, and occur most commonly in moderate toxicity. Confusion is uncommon but may be present in cases of severe toxicity. Although these symptoms are nonspecific, in the presence of other features they are often the most distressing for the patient. Other nonspecific symptoms include generalized sweating and headache.</P><P>Symptoms of neuromuscular excitation (e.g., tremor, shivering, or muscle jerks) are common. Tremor and shivering are abnormal regular shaking movements of the muscles that differ in frequency. Muscle jerking is sudden involuntary movements of the muscles.</P></div><div class=\"cellTitle\">Physical exam</div><div class=\"cellBody\"><P>A general exam looking for autonomic signs and mental status, and a focused neurologic exam, should be conducted.<a href=\"epoc://current?article=1\">[1]</a> <a href=\"epoc://current?article=2\">[2]</a> Patient may appear agitated, anxious, or confused on initial exam.</P><P>Autonomic signs include tachycardia, diaphoresis, flushing, dilated pupils, and hyperthermia. Tachycardia is a nonspecific sign but occurs commonly in moderate toxicity and is a reasonable indicator of deterioration or improvement in the patient. Blood pressure is not a diagnostic factor in serotonin toxicity but is usually normal or mildly elevated in most cases. Diaphoresis and flushing are also nonspecific signs, but they can occur in all severities of serotonin toxicity. Dilated pupils may be seen, but this is more diagnostic of other toxidromes such as anticholinergic syndrome.<a href=\"epoc://current?article=23\">[23]</a> A mild elevation in temperature (i.e., &gt;100.4°F [&gt;38°C]) may occur, but this is neither diagnostic nor contributory on its own. Hyperthermia (temperature &gt;101.3°F [&gt;38.5°C] or rapidly rising) is a diagnostic feature of severe toxicity and its presence necessitates urgent treatment.<a href=\"epoc://current?article=4\">[4]</a> <a href=\"epoc://current?article=10\">[10]</a> In the absence of neuromuscular features, other causes of hyperthermia should be considered.<a href=\"epoc://current?article=12\">[12]</a> </P><P>Signs of neuromuscular excitation include clonus, hyperreflexia, tremor, myoclonus, and hypertonia/rigidity. Clonus is the single most common diagnostic feature of serotonin toxicity. It ranges in severity from inducible clonus (&gt;3 beats) to spontaneous clonus and is best elicited at the ankle. It can also be elicited in other muscular groups in the upper and lower limbs but is more difficult to induce. In more severe cases, clonus will be sustained or will become spontaneous and may be difficult to distinguish from hypertonia. Ocular clonus is a diagnostic sign and is rarely seen in other clinical conditions. It is manifested by rapid and equal movements of the eyes and is best elicited by getting the patient to fix on a finger moved rapidly to the midline. It should be distinguished from nystagmus, in which there is a fast and slow component. Hyperreflexia occurs almost universally with serotonin toxicity and in the majority of patients on serotonergic drugs therapeutically. It is usually more pronounced in the lower limbs. Hypertonia is most likely due to sustained spontaneous clonus in severe toxicity. It usually occurs in association with hyperthermia and should be considered to be diagnostic of severe toxicity requiring immediate treatment.</P><P>In moderate serotonin toxicity, patients will startle easily (e.g., at sudden sounds or changes in the environment), although this should not be elicited on exam.<a href=\"epoc://current?article=24\">[24]</a> </P></div><div class=\"cellTitle\">Investigations</div><div class=\"cellBody\"><P>Diagnosis of serotonin toxicity is primarily clinical, and diagnostic tests are rarely required unless other differential diagnoses are being considered (e.g., urine toxicology screen if unknown history or type of ingestion, CBC to exclude infection, creatine phosphokinase in patients presenting with clonus to assess for rhabdomyolysis in patients with severe serotonin toxicity and to exclude other causes of clonus). ECG may be performed in patients with suspected serotonin toxicity to exclude other causes. It is likely to demonstrate tachycardia.</P></div><div class=\"cellTitle\">Hunter Serotonin Toxicity Criteria (HSTC)</div><div class=\"cellBody\"><P>In the presence of a serotonergic agent, serotonin toxicity exists:</P><ul><li>If spontaneous clonus is present OR</li><li>If inducible clonus AND agitation or diaphoresis are present OR</li><li>If ocular clonus AND agitation or diaphoresis are present OR</li><li>If tremor AND hyperreflexia are present OR</li><li>If hypertonia AND pyrexia (temperature &gt;100.4°F [&gt;38°C]) AND ocular clonus or inducible clonus are present.</li></ul><P><a class=\"inlineImage\" href=\"epoc://current?view=p-images-i_1\">Image</a></P></div></div></div>",
   "type":"web"},

  {
   "id":"followup",
   "title":"Serotonin syndrome",
   "html":"<div class=\"cell\"><div class=\"cellBlock\"><div class=\"cellTitle\">Prognosis</div><div class=\"cellBody\"><div class=\"cellBody\"><P>There should be complete recovery from severe serotonin toxicity with no sequelae, unless it is treated late and multiorgan failure develops. Both mild and moderate serotonin toxicity will resolve over 24 hours or a few days. The time course will depend on the clearance of the implicated drug (i.e., based on the drug's half-life) and will be much longer for drugs such as fluoxetine.</P><P>All patients will completely recover once the drug is ceased. Relapse will occur only if the drug is restarted. Relapse may or may not occur with other serotonergic drugs. Depending on the situation that has led to the serotonin toxicity (e.g., increased dose, overdose, drug-drug interaction), a single serotonergic medication may be restarted at a lower dose after the condition has resolved, while the patient is monitored closely.</P></div></div><div class=\"cellTitle\">Monitoring</div><div class=\"cellBody\"><P>Once the patient has recovered, no further monitoring is required unless a serotonergic agent is reintroduced. The level of monitoring with reintroduction should be based on the severity of the serotonin toxicity that occurred and the relative doses being used. For example, if only mild serotonin toxicity occurred, then outpatient monitoring would be appropriate.</P></div><div class=\"cellTitle\">Patient Instructions</div><div class=\"cellBody\"><P>Patients prescribed serotonergic agents should be provided with information about serotonin toxicity and informed about other medications (i.e., other serotonergic agents) that should be avoided while they are taking these medications. For example, the most common cause of severe toxicity is a drug-drug interaction between a monoamine oxidase inhibitor (MAOI) and a selective serotonin-reuptake inhibitor (SSRI). Patients should be followed up a few days after increasing the dose or starting a new drug, and should be checked annually thereafter if still taking the drug.<a href=\"epoc://current?article=32\">[32]</a> </P></div></div></div>",
   "type":"web"},

  {
   "id":"prevention",
   "title":"Serotonin syndrome",
   "html":"<div class=\"cell\"><div class=\"cellBlock\"><div class=\"cellTitle\">Prevention</div><div class=\"cellBody\"><h4>Primary Prevention</h4><P>Agents that increase central nervous system serotonin levels via different pharmacologic mechanisms should never be prescribed together (e.g., a monoamine oxidase inhibitor [MAOI] plus a selective serotonin-reuptake inhibitor [SSRI]). Agents that act on the same serotonergic pathway should rarely be prescribed together (e.g., SSRI plus tramadol or meperidine). Prescribing more than one serotonergic agent at a time is recommended only in situations where the therapeutic benefit clearly outweighs the risks of serotonin toxicity. However, a regimen that features only one serotonergic agent must be trialed (and shown to be safe, albeit subtherapeutic) first.</P><P>Patients prescribed serotonergic agents should be provided with information about serotonin toxicity and warned about other medications that should be avoided while they are taking these medications.</P></div></div></div>",
   "type":"web"},

  {
   "id":"complications",
   "sections":
   [

    {
     "headerText":"Low Likelihood",
     "cells":
     [

      {
       "title":"rhabdomyolysis",
       "type":"flex0",
       "targetHTML":"<div class=\"cell\"><div class=\"cellBlock\"><div class=\"cellBody\"><P>Develops acutely in untreated severe serotonin toxicity due to prolonged tonic-clonic muscle activity in association with hyperthermia. Characterized by a rising creatine phosphokinase level. Can be prevented with early treatment of severe serotonin toxicity with muscle paralysis and cooling.<a href=\"epoc://current?article=25\">[25]</a><a href=\"epoc://current?article=26\">[26]</a><a href=\"epoc://current?article=27\">[27]</a></P><A href=\"epoc://dx/monograph/167\"><B class=\"view-dx-monograph\">View Dx monograph</B></A></div></div></div>"},

      {
       "title":"multiorgan failure",
       "type":"flex0",
       "targetHTML":"<div class=\"cell\"><div class=\"cellBlock\"><div class=\"cellBody\"><P>Develops in the same setting as rhabdomyolysis and is due to untreated severe serotonin toxicity. Patients develop multiorgan failure with DIC, acute renal failure, and gradual involvement of other organs. Can be prevented with early treatment of severe serotonin toxicity.<a href=\"epoc://current?article=10\">[10]</a><a href=\"epoc://current?article=25\">[25]</a><a href=\"epoc://current?article=27\">[27]</a></P></div></div></div>"}      ]}    ],
   "type":"table"},

  {
   "id":"p-tx-c_0",
   "title":"ignoreme",
   "html":"<html><div class=\"cell\"><div class=\"cellBlock\"><div class=\"cellTitle\">Primary Options</div><div class=\"cellBody\"><UL class=\"tx-options\"><LI><span><A href=\"epoc://rx/monograph/1752\">midazolam</A>: 1-5 mg/hour intravenous infusion <B>and</B><BR></span><span><A href=\"epoc://rx/monograph/110\">morphine sulfate</A>: 1-5 mg/hour intravenous infusion<BR></span></LI></UL></div><div class=\"cellTitle\">Secondary Options</div><div class=\"cellBody\"><UL class=\"tx-options\"><LI><span><A href=\"epoc://rx/monograph/1977\">propofol</A>: consult specialist for guidance on dose<BR></span></LI></UL></div><div class=\"cellTitle\">Comments</div><div class=\"cellBody\"><ul><li>All serotonergic drugs must be ceased.</li><li>This is a medical emergency and the patient needs to be treated in a critical care area.</li><li>Initial assessment of airway, breathing, and circulation should be undertaken, and hyperthermia treated with rapid cooling depending on the patient's temperature.<a href=\"epoc://current?article=2\">[2]</a> <a href=\"epoc://current?article=3\">[3]</a> </li><li>In the majority of patients it is best to sedate, intubate, and ventilate early, including induction of muscle paralysis to treat spontaneous clonus and hyperthermia. Sedation can be achieved either with morphine and midazolam or with propofol. Propofol allows for a more rapid wake-up afterward compared with morphine and midazolam.</li></ul></div></div></div></html>",
   "type":"web"},

  {
   "id":"p-tx-c_1",
   "title":"ignoreme",
   "html":"<html><div class=\"cell\"><div class=\"cellBlock\"><div class=\"cellTitle\">Primary Options</div><div class=\"cellBody\"><UL class=\"tx-options\"><LI><span><A href=\"epoc://rx/monograph/335\">charcoal, activated</A>: 25-100 g orally as a single dose<BR></span></LI></UL></div><div class=\"cellTitle\">Comments</div><div class=\"cellBody\"><ul><li>If severe serotonin toxicity is a result of an overdose, then decontamination with a single dose of activated charcoal may be considered if the overdose occurred within the last hour.</li></ul></div></div></div></html>",
   "type":"web"},

  {
   "id":"p-tx-c_2",
   "title":"ignoreme",
   "html":"<html><div class=\"cell\"><div class=\"cellBlock\"><div class=\"cellTitle\">Primary Options</div><div class=\"cellBody\"><UL class=\"tx-options\"><LI><span><A href=\"epoc://rx/monograph/177\">chlorpromazine</A>: 12.5 to 50 mg intravenous infusion over 30-60 minutes, may repeat in 4-8 hours according to response<BR></span></LI></UL></div><div class=\"cellTitle\">Comments</div><div class=\"cellBody\"><ul><li>Although there is limited evidence for the use of specific 5-HT antagonists in severe serotonin toxicity, intravenous chlorpromazine has been anecdotally successful.<a href=\"epoc://current?article=26\">[26]</a> <a href=\"epoc://current?article=28\">[28]</a> </li><li>Hypotension due to peripheral alpha-antagonism must be avoided by preadministration of intravenous fluids.</li><li>There is limited experience with chlorpromazine in this setting, and careful clinical judgment is required to determine whether there are adequate benefits versus the risk of hypotension.</li></ul></div></div></div></html>",
   "type":"web"},

  {
   "id":"tx-0",
   "sections":
   [

    {
     "cells":
     [

      {
       "target":"p-tx-c_0",
       "title":"cessation of offending medication(s) + emergency supportive care",
       "flag":"1st",
       "type":"flex1"},

      {
       "target":"p-tx-c_1",
       "title":"activated charcoal",
       "flag":"adj.",
       "type":"flex1"},

      {
       "target":"p-tx-c_2",
       "title":"chlorpromazine",
       "flag":"adj.",
       "type":"flex1"}      ]}    ],
   "type":"table"},

  {
   "id":"p-tx-p_0",
   "title":"ignoreme",
   "html":"<html><div class=\"cell\"><div class=\"cellBlock\"><div class=\"cellTitle\">Primary Options</div><div class=\"cellBody\"><UL class=\"tx-options\"><LI><span><A href=\"epoc://rx/monograph/1752\">midazolam</A>: 1-5 mg/hour intravenous infusion <B>and</B><BR></span><span><A href=\"epoc://rx/monograph/110\">morphine sulfate</A>: 1-5 mg/hour intravenous infusion<BR></span></LI></UL></div><div class=\"cellTitle\">Secondary Options</div><div class=\"cellBody\"><UL class=\"tx-options\"><LI><span><A href=\"epoc://rx/monograph/1977\">propofol</A>: consult specialist for guidance on dose<BR></span></LI></UL></div><div class=\"cellTitle\">Comments</div><div class=\"cellBody\"><ul><li>All serotonergic drugs must be ceased.</li><li>This is a medical emergency and the patient needs to be treated in a critical care area.</li><li>Initial assessment of airway, breathing, and circulation should be undertaken, and hyperthermia treated with rapid cooling depending on the patient's temperature.<a href=\"epoc://current?article=2\">[2]</a> <a href=\"epoc://current?article=3\">[3]</a> </li><li>In the majority of patients it is best to sedate, intubate, and ventilate early, including induction of muscle paralysis to treat spontaneous clonus and hyperthermia. Sedation can be achieved either with morphine and midazolam or with propofol. Propofol allows for a more rapid wake-up afterward compared with morphine and midazolam.</li></ul></div></div></div></html>",
   "type":"web"},

  {
   "id":"p-tx-p_1",
   "title":"ignoreme",
   "html":"<html><div class=\"cell\"><div class=\"cellBlock\"><div class=\"cellTitle\">Primary Options</div><div class=\"cellBody\"><UL class=\"tx-options\"><LI><span><A href=\"epoc://rx/monograph/335\">charcoal, activated</A>: 25-100 g orally as a single dose<BR></span></LI></UL></div><div class=\"cellTitle\">Comments</div><div class=\"cellBody\"><ul><li>If severe serotonin toxicity is a result of an overdose, then decontamination with a single dose of activated charcoal may be considered if the overdose occurred within the last hour.</li></ul></div></div></div></html>",
   "type":"web"},

  {
   "id":"p-tx-p_2",
   "title":"ignoreme",
   "html":"<html><div class=\"cell\"><div class=\"cellBlock\"><div class=\"cellTitle\">Primary Options</div><div class=\"cellBody\"><UL class=\"tx-options\"><LI><span><A href=\"epoc://rx/monograph/177\">chlorpromazine</A>: 12.5 to 50 mg intravenous infusion over 30-60 minutes, may repeat in 4-8 hours according to response<BR></span></LI></UL></div><div class=\"cellTitle\">Comments</div><div class=\"cellBody\"><ul><li>Although there is limited evidence for the use of specific 5-HT antagonists in severe serotonin toxicity, intravenous chlorpromazine has been anecdotally successful.<a href=\"epoc://current?article=26\">[26]</a> <a href=\"epoc://current?article=28\">[28]</a> </li><li>Hypotension due to peripheral alpha-antagonism must be avoided by preadministration of intravenous fluids.</li><li>There is limited experience with chlorpromazine in this setting, and careful clinical judgment is required to determine whether there are adequate benefits versus the risk of hypotension.</li></ul></div></div></div></html>",
   "type":"web"},

  {
   "id":"p-tx-c_3",
   "title":"ignoreme",
   "html":"<html><div class=\"cell\"><div class=\"cellBlock\"><div class=\"cellTitle\">Comments</div><div class=\"cellBody\"><ul><li>Rhabdomyolysis develops acutely in untreated, severe serotonin toxicity due to prolonged tonic-clonic muscle activity in association with hyperthermia. Characterized by a rising creatine phosphokinase level.</li><li>Can be prevented with early treatment of severe serotonin toxicity plus muscle paralysis and cooling.<a href=\"epoc://current?article=25\">[25]</a> <a href=\"epoc://current?article=26\">[26]</a> <a href=\"epoc://current?article=27\">[27]</a> </li></ul></div></div></div></html>",
   "type":"web"},

  {
   "id":"tx-3",
   "sections":
   [

    {
     "cells":
     [

      {
       "target":"p-tx-p_0",
       "title":"cessation of offending medication(s) + emergency supportive care",
       "flag":"1st",
       "type":"flex1"},

      {
       "target":"p-tx-p_1",
       "title":"activated charcoal",
       "flag":"adj.",
       "type":"flex1"},

      {
       "target":"p-tx-p_2",
       "title":"chlorpromazine",
       "flag":"adj.",
       "type":"flex1"},

      {
       "target":"p-tx-c_3",
       "title":"muscle paralysis and cooling",
       "flag":"plus",
       "type":"flex1"}      ]}    ],
   "type":"table"},

  {
   "id":"p-tx-c_4",
   "title":"ignoreme",
   "html":"<html><div class=\"cell\"><div class=\"cellBlock\"><div class=\"cellTitle\">Comments</div><div class=\"cellBody\"><ul><li>All serotonergic drugs must be ceased.</li><li>Patients should be observed in the hospital for at least 6 hours, although they are unlikely to develop severe or life-threatening toxicity.</li><li>Occasionally, severe serotonin toxicity may present early as moderate toxicity, such as with extended-release venlafaxine.<a href=\"epoc://current?article=10\">[10]</a> </li><li>If toxicity becomes life-threatening, patient should be treated as per guidelines for severe toxicity.</li></ul></div></div></div></html>",
   "type":"web"},

  {
   "id":"p-tx-c_5",
   "title":"ignoreme",
   "html":"<html><div class=\"cell\"><div class=\"cellBlock\"><div class=\"cellTitle\">Primary Options</div><div class=\"cellBody\"><UL class=\"tx-options\"><LI><span><A href=\"epoc://rx/monograph/192\">diazepam</A>: 5-10 mg orally as a single dose, may repeat in 30-60 minutes according to response<BR></span></LI><LI><span><A href=\"epoc://rx/monograph/14\">cyproheptadine</A>: 12 mg orally as a single dose, may repeat once according to response; or 4-8 mg orally three times daily<BR></span></LI></UL></div><div class=\"cellTitle\">Comments</div><div class=\"cellBody\"><ul><li>Benzodiazepines may be used to treat anxiety and also provide sedation.</li><li>For patients with neuromuscular excitation and agitation that is distressing or unpleasant, a single high dose of cyproheptadine (a nonspecific 5-HT2 antagonist and antihistamine) may be used.<a href=\"epoc://current?article=28\">[28]</a> <a href=\"epoc://current?article=29\">[29]</a> <a href=\"epoc://current?article=30\">[30]</a> <a href=\"epoc://current?article=31\">[31]</a> For longer-acting serotonergic agents (e.g., fluoxetine), regular lower doses should be used. It also has sedative effects that are useful.</li></ul></div></div></div></html>",
   "type":"web"},

  {
   "id":"tx-4",
   "sections":
   [

    {
     "cells":
     [

      {
       "target":"p-tx-c_4",
       "title":"cessation of offending medication(s) + observation",
       "flag":"1st",
       "type":"flex1"},

      {
       "target":"p-tx-c_5",
       "title":"benzodiazepine or cyproheptadine",
       "flag":"adj.",
       "type":"flex1"}      ]}    ],
   "type":"table"},

  {
   "id":"p-tx-c_6",
   "title":"ignoreme",
   "html":"<html><div class=\"cell\"><div class=\"cellBlock\"><div class=\"cellTitle\">Comments</div><div class=\"cellBody\"><ul><li>No treatment is required in these patients, except ceasing the offending medication(s) or reducing the dose of the medication, if appropriate.<a href=\"epoc://current?article=4\">[4]</a> </li><li>Often, simple identification of the serotonergic symptoms may be sufficient, and continuation of the medication can then be decided on based upon the patient's tolerance of these effects and the benefits of treatment.</li></ul></div></div></div></html>",
   "type":"web"},

  {
   "id":"tx-6",
   "sections":
   [

    {
     "cells":
     [

      {
       "target":"p-tx-c_6",
       "title":"cessation of offending medication(s) or dose reduction",
       "flag":"1st",
       "type":"flex1"}      ]}    ],
   "type":"table"},

  {
   "id":"p-images-i_1",
   "title":"Images",
   "type":"image",
   "image_refs":
   [
0    ]},

  {
   "id":"p-images-i_2",
   "title":"Images",
   "type":"image",
   "image_refs":
   [
0    ]}  ],
 "citations":
 {
  "articles":
  [

   {
    "id":1,
    "key_article":false,
    "ref_article":true,
    "html":"Boyer EW, Shannon M. The serotonin syndrome. N Engl J Med. 2005;352:1112-1120.<a href=\"http://www.ncbi.nlm.nih.gov/pubmed/15784664\"> [Abstract]</a>"},

   {
    "id":2,
    "key_article":true,
    "ref_article":true,
    "html":"Buckley NA, Dawson AH, Isbister GK. Serotonin syndrome. BMJ. 2014;348:g1626<a href=\"http://www.ncbi.nlm.nih.gov/pubmed/24554467\"> [Abstract]</a>"},

   {
    "id":3,
    "key_article":true,
    "ref_article":true,
    "html":"Isbister GK, Buckley NA. The pathophysiology of serotonin toxicity in animals and humans: implications for diagnosis and treatment. Clin Neuropharmacol. 2005;28:205-214.<a href=\"http://www.ncbi.nlm.nih.gov/pubmed/16239759\"> [Abstract]</a>"},

   {
    "id":4,
    "key_article":true,
    "ref_article":true,
    "html":"Dunkley EJ, Isbister GK, Sibbritt D, et al. The Hunter Serotonin Toxicity Criteria: simple and accurate diagnostic decision rules for serotonin toxicity. QJM. 2003;96:635-642.<a href=\"http://www.ncbi.nlm.nih.gov/pubmed/12925718\"> [Abstract]</a><a href=\"http://qjmed.oxfordjournals.org/content/96/9/635.full\"> [Full Text]</a>"},

   {
    "id":5,
    "key_article":false,
    "ref_article":true,
    "html":"Taylor JJ, Wilson JW, Estes LL. Linezolid and serotonergic drug interactions: a retrospective survey. Clin Infect Dis. 2006;43:180-187.<a href=\"http://www.ncbi.nlm.nih.gov/pubmed/16779744\"> [Abstract]</a><a href=\"http://cid.oxfordjournals.org/content/43/2/180.full\"> [Full Text]</a>"},

   {
    "id":6,
    "key_article":false,
    "ref_article":true,
    "html":"Stanford SC, Stanford BJ, Gillman PK. Risk of severe serotonin toxicity following co-administration of methylene blue and serotonin reuptake inhibitors: an update on a case report of post-operative delirium. J Psychopharmacol. 2010;24:1433-1438.<a href=\"http://www.ncbi.nlm.nih.gov/pubmed/19423610\"> [Abstract]</a>"},

   {
    "id":7,
    "key_article":false,
    "ref_article":true,
    "html":"Gelener P, Gorgulu U, Kutlu G, et al. Serotonin syndrome due to duloxetine. Clin Neuropharmacol. 2011;34:127-128.<a href=\"http://www.ncbi.nlm.nih.gov/pubmed/21586918\"> [Abstract]</a>"},

   {
    "id":8,
    "key_article":false,
    "ref_article":true,
    "html":"Watson WA, Litovitz TL, Klein-Schwartz W, et al. 2003 annual report of the American Association of Poison Control Centers Toxic Exposure Surveillance System. Am J Emerg Med. 2004;22:335-404.<a href=\"http://www.ncbi.nlm.nih.gov/pubmed/15490384\"> [Abstract]</a>"},

   {
    "id":9,
    "key_article":false,
    "ref_article":true,
    "html":"Gummin DD, Mowry JB, Spyker DA, et al. 2017 Annual Report of the American Association of Poison Control Centers' National Poison Data System (NPDS): 35th Annual Report. Clin Toxicol (Phila). 2018 Dec;56(12):1213-1415.<a href=\"http://www.ncbi.nlm.nih.gov/pubmed/30576252\"> [Abstract]</a>"},

   {
    "id":10,
    "key_article":false,
    "ref_article":true,
    "html":"Isbister GK, Hackett LP, Dawson AH, et al. Moclobemide poisoning: toxicokinetics and occurrence of serotonin toxicity. Br J Clin Pharm. 2003;56:441-450.<a href=\"http://www.ncbi.nlm.nih.gov/pubmed/12968990\"> [Abstract]</a><a href=\"http://onlinelibrary.wiley.com/doi/10.1046/j.1365-2125.2003.01895.x/full\"> [Full Text]</a>"},

   {
    "id":11,
    "key_article":false,
    "ref_article":true,
    "html":"Sternbach H. The serotonin syndrome. Am J Psychiatry. 1991;148:705-713.<a href=\"http://www.ncbi.nlm.nih.gov/pubmed/2035713\"> [Abstract]</a>"},

   {
    "id":12,
    "key_article":false,
    "ref_article":true,
    "html":"Isbister GK, Bowe SJ, Dawson A, et al. Relative toxicity of selective serotonin reuptake inhibitors (SSRIs) in overdose. J Toxicol Clin Toxicol. 2004;42:277-285.<a href=\"http://www.ncbi.nlm.nih.gov/pubmed/15362595\"> [Abstract]</a>"},

   {
    "id":13,
    "key_article":false,
    "ref_article":true,
    "html":"Kirschner R, Donovan JW. Serotonin syndrome precipitated by fentanyl during procedural sedation. J Emerg Med. 2010;38:477-480.<a href=\"http://www.ncbi.nlm.nih.gov/pubmed/18757161\"> [Abstract]</a>"},

   {
    "id":14,
    "key_article":false,
    "ref_article":true,
    "html":"Monte AA, Chuang R, Bodmer M. Dextromethorphan, chlorphenamine and serotonin toxicity: case report and systematic literature review. Br J Clin Pharmacol. 2010;70:794-798.<a href=\"http://www.ncbi.nlm.nih.gov/pubmed/21175434\"> [Abstract]</a>"},

   {
    "id":15,
    "key_article":false,
    "ref_article":true,
    "html":"Isbister GK, Downes F, Whyte IM. Olanzapine and serotonin toxicity. Psychiatry Clin Neurosci. 2003;57:241-242.<a href=\"http://www.ncbi.nlm.nih.gov/pubmed/12667176\"> [Abstract]</a>"},

   {
    "id":16,
    "key_article":false,
    "ref_article":true,
    "html":"Sclar DA, Robison LM, Castillo LV, et al. Concomitant use of triptan, and SSRI or SNRI after the US Food and Drug Administration alert on serotonin syndrome. Headache. 2012;52:198-203.<a href=\"http://www.ncbi.nlm.nih.gov/pubmed/22289074\"> [Abstract]</a>"},

   {
    "id":17,
    "key_article":false,
    "ref_article":true,
    "html":"Evans RW, Tepper SJ, Shapiro RE, et al. The FDA alert on serotonin syndrome with use of triptans combined with selective serotonin reuptake inhibitors or selective serotonin-norepinephrine reuptake inhibitors: American Headache Society position paper. Headache. 2010;50:1089-1099.<a href=\"http://www.ncbi.nlm.nih.gov/pubmed/20618823\"> [Abstract]</a><a href=\"http://onlinelibrary.wiley.com/doi/10.1111/j.1526-4610.2010.01691.x/full\"> [Full Text]</a>"},

   {
    "id":18,
    "key_article":false,
    "ref_article":true,
    "html":"Isbister GK, Dawson AH, Whyte IM. Comment: serotonin syndrome induced by fluvoxamine and mirtazapine. Ann Pharmacother. 2001;35:1674-1675.<a href=\"http://www.ncbi.nlm.nih.gov/pubmed/11793645\"> [Abstract]</a>"},

   {
    "id":19,
    "key_article":false,
    "ref_article":true,
    "html":"Nisijima K, Yoshino T, Yui K, et al. Potent serotonin (5-HT2A) receptor antagonists completely prevent the development of hyperthermia in an animal model of the 5-HT syndrome. Brain Res. 2001;890:23-31.<a href=\"http://www.ncbi.nlm.nih.gov/pubmed/11164765\"> [Abstract]</a>"},

   {
    "id":20,
    "key_article":false,
    "ref_article":true,
    "html":"Murphy GM Jr, Kremer C, Rodrigues HE, et al. Pharmacogenetics of antidepressant medication intolerance. Am J Psychiatry. 2003;160:1830-1835.<a href=\"http://www.ncbi.nlm.nih.gov/pubmed/14514498\"> [Abstract]</a>"},

   {
    "id":21,
    "key_article":false,
    "ref_article":true,
    "html":"Porcelli S, Drago A, Fabbri C, et al. Pharmacogenetics of antidepressant response. J Psychiatry Neurosci. 2011;36:87-113.<a href=\"http://www.ncbi.nlm.nih.gov/pubmed/21172166\"> [Abstract]</a><a href=\"http://www.ncbi.nlm.nih.gov/pmc/articles/PMC3044192/\"> [Full Text]</a>"},

   {
    "id":22,
    "key_article":false,
    "ref_article":true,
    "html":"Cooper JM, Newby DA, Whyte IM, et al. Serotonin toxicity from antidepressant overdose and its association with the T102C polymorphism of the 5-HT2A receptor. Pharmacogenomics J. 2014;14:390-394.<a href=\"http://www.ncbi.nlm.nih.gov/pubmed/24394202\"> [Abstract]</a>"},

   {
    "id":23,
    "key_article":false,
    "ref_article":true,
    "html":"Isbister GK. Comment: serotonin syndrome, mydriasis, and cyproheptadine. Ann Pharmacother. 2001;35:1672-1673.<a href=\"http://www.ncbi.nlm.nih.gov/pubmed/11793643\"> [Abstract]</a>"},

   {
    "id":24,
    "key_article":false,
    "ref_article":true,
    "html":"Hegerl U, Bottlender R, Gallinat J, et al. The serotonin syndrome scale: first results on validity. Eur Arch Psychiatry Clin Neurosci. 1998;248:96-103.<a href=\"http://www.ncbi.nlm.nih.gov/pubmed/9684919\"> [Abstract]</a>"},

   {
    "id":25,
    "key_article":false,
    "ref_article":true,
    "html":"Neuvonen PJ, Pohjola-Sintonen S, Tacke U, et al. Five fatal cases of serotonin syndrome after moclobemide-citalopram or moclobemide-clomipramine overdoses. Lancet. 1993;342:1419.<a href=\"http://www.ncbi.nlm.nih.gov/pubmed/7901695\"> [Abstract]</a>"},

   {
    "id":26,
    "key_article":false,
    "ref_article":true,
    "html":"Graham PM. Successful treatment of the toxic serotonin syndrome with chlorpromazine. Med J Aust. 1997;166:166-167.<a href=\"http://www.ncbi.nlm.nih.gov/pubmed/9059446\"> [Abstract]</a>"},

   {
    "id":27,
    "key_article":false,
    "ref_article":true,
    "html":"Power BM, Pinder M, Hackett LP, et al. Fatal serotonin syndrome following a combined overdose of moclobemide, clomipramine and fluoxetine. Anaesth Intensive Care. 1995;23:499-502.<a href=\"http://www.ncbi.nlm.nih.gov/pubmed/7485947\"> [Abstract]</a>"},

   {
    "id":28,
    "key_article":false,
    "ref_article":true,
    "html":"Gillman PK. The serotonin syndrome and its treatment. J Psychopharmacol. 1999;13:100-109.<a href=\"http://www.ncbi.nlm.nih.gov/pubmed/10221364\"> [Abstract]</a>"},

   {
    "id":29,
    "key_article":false,
    "ref_article":true,
    "html":"Boddy R, Dowsett RP, Jeganathan D. Sublingual olanzapine for the treatment of serotonin syndrome (abstract). Clin Toxicol. 2006;44:426."},

   {
    "id":30,
    "key_article":false,
    "ref_article":true,
    "html":"Graudins A, Stearman A, Chan B. Treatment of the serotonin syndrome with cyproheptadine. J Emerg Med. 1998;16:615-619.<a href=\"http://www.ncbi.nlm.nih.gov/pubmed/9696181\"> [Abstract]</a>"},

   {
    "id":31,
    "key_article":false,
    "ref_article":true,
    "html":"Chan BS, Graudins A, Whyte IM, et al. Serotonin syndrome resulting from drug interactions. Med J Aust. 1998;169:523-525.<a href=\"http://www.ncbi.nlm.nih.gov/pubmed/9861909\"> [Abstract]</a>"},

   {
    "id":32,
    "key_article":false,
    "ref_article":true,
    "html":"Foong AL, Grindrod KA, Patel T, et al. Demystifying serotonin syndrome (or serotonin toxicity). Can Fam Physician. 2018 Oct;64(10):720-727.<a href=\"http://www.ncbi.nlm.nih.gov/pubmed/30315014\"> [Abstract]</a><a href=\"https://www.ncbi.nlm.nih.gov/pmc/articles/PMC6184959/\"> [Full Text]</a>"}   ]},
 "media":
 [

  {
   "file":"991-2-iline.png",
   "thumb":"",
   "caption":"Hunter Serotonin Toxicity Criteria (HSTC) algorithm",
   "hilight":"false",
   "iline":"true",
   "auth":"false",
   "source":"From the collection of Dr Geoffrey Isbister"}  ]}